Company;Region;Year;Sector;Revenue (Billion );PP&E (Billion );EBIT;RD;Personnel;Sector_Clean;Sector_Final;Year_n;Rev;PPE;RD_;EBIT_;RD_CA;EBIT_CA
3M (US);G7;2005;INDUS;21.17;5.93;4.85;1.27;6.8;INDUS;INDUS;0;21.17;5.93;1.27;4.85;0.05999055266887104;0.22909777987718466
3M (US);G7;2006;INDUS;22.92;6.12;5.7;1.52;7.08;INDUS;INDUS;1;22.92;6.12;1.52;5.7;0.0663176265270506;0.24869109947643978
3M (US);G7;2007;INDUS;24.46;6.32;6.19;1.37;7.36;INDUS;INDUS;2;24.46;6.32;1.37;6.19;0.05600981193785773;0.2530662305805397
3M (US);G7;2008;INDUS;25.27;6.66;5.22;1.4;7.49;INDUS;INDUS;3;25.27;6.66;1.4;5.22;0.055401662049861494;0.20656905421448357
3M (US);G7;2009;INDUS;23.12;6.81;4.81;1.29;7.58;INDUS;INDUS;4;23.12;6.81;1.29;4.81;0.05579584775086505;0.2080449826989619
3M (US);G7;2010;INDUS;26.66;7.16;5.92;1.43;7.66;INDUS;INDUS;5;26.66;7.16;1.43;5.92;0.0536384096024006;0.2220555138784696
3M (US);G7;2011;INDUS;29.61;7.26;6.18;1.57;8.01;INDUS;INDUS;6;29.61;7.26;1.57;6.18;0.0530226274907126;0.20871327254305977
3M (US);G7;2012;INDUS;29.9;7.65;6.48;1.63;8.22;INDUS;INDUS;7;29.9;7.65;1.63;6.48;0.05451505016722408;0.21672240802675588
3M (US);G7;2013;INDUS;30.87;7.97;6.67;1.72;8.31;INDUS;INDUS;8;30.87;7.97;1.72;6.67;0.055717525105280205;0.21606737933268544
3M (US);G7;2014;INDUS;31.82;8.23;7.14;1.77;8.68;INDUS;INDUS;9;31.82;8.23;1.77;7.14;0.05562539283469516;0.22438717787554996
3M (US);G7;2015;INDUS;30.3;8.5;6.6;1.8;9.0;INDUS;INDUS;10;30.3;8.5;1.8;6.6;0.0594059405940594;0.2178217821782178
3M (US);G7;2016;INDUS;30.1;8.7;6.4;1.7;9.1;INDUS;INDUS;11;30.1;8.7;1.7;6.4;0.05647840531561461;0.21262458471760798
3M (US);G7;2017;INDUS;31.7;8.8;7.1;1.9;9.1;INDUS;INDUS;12;31.7;8.8;1.9;7.1;0.05993690851735015;0.22397476340694006
3M (US);G7;2018;INDUS;32.8;9.2;7.2;1.8;9.3;INDUS;INDUS;13;32.8;9.2;1.8;7.2;0.05487804878048781;0.21951219512195125
3M (US);G7;2019;INDUS;32.1;10.1;6.2;1.9;9.6;INDUS;INDUS;14;32.1;10.1;1.9;6.2;0.05919003115264797;0.19314641744548286
3M (US);G7;2020;INDUS;32.2;10.5;7.1;1.9;9.5;INDUS;INDUS;15;32.2;10.5;1.9;7.1;0.05900621118012422;0.22049689440993786
3M (US);G7;2021;INDUS;35.4;10.8;8.2;2.0;9.5;INDUS;INDUS;16;35.4;10.8;2.0;8.2;0.05649717514124294;0.23163841807909605
3M (US);G7;2022;INDUS;34.2;11.1;6.5;1.9;9.2;INDUS;INDUS;17;34.2;11.1;1.9;6.5;0.055555555555555546;0.19005847953216373
3M (US);G7;2023;INDUS;32.7;10.5;5.8;1.8;8.5;INDUS;INDUS;18;32.7;10.5;1.8;5.8;0.055045871559633024;0.17737003058103973
3M (US);G7;2024;INDUS;33.5;10.2;6.1;1.9;8.3;INDUS;INDUS;19;33.5;10.2;1.9;6.1;0.05671641791044776;0.18208955223880596
ABB (EU);G7;2005;INDUS;22.44;4.07;1.74;1.24;10.5;INDUS;INDUS;0;22.44;4.07;1.24;1.74;0.0552584670231729;0.07754010695187165
ABB (EU);G7;2006;INDUS;23.35;4.17;2.56;1.24;10.75;INDUS;INDUS;1;23.35;4.17;1.24;2.56;0.05310492505353319;0.10963597430406852
ABB (EU);G7;2007;INDUS;29.18;4.24;4.02;1.26;11.22;INDUS;INDUS;2;29.18;4.24;1.26;4.02;0.04318026045236464;0.13776559287183002
ABB (EU);G7;2008;INDUS;34.9;4.29;4.6;1.28;11.21;INDUS;INDUS;3;34.9;4.29;1.28;4.6;0.036676217765042984;0.1318051575931232
ABB (EU);G7;2009;INDUS;31.8;4.35;4.13;1.04;11.4;INDUS;INDUS;4;31.8;4.35;1.04;4.13;0.03270440251572327;0.129874213836478
ABB (EU);G7;2010;INDUS;31.59;4.47;3.83;1.08;11.71;INDUS;INDUS;5;31.59;4.47;1.08;3.83;0.03418803418803419;0.1212408990186768
ABB (EU);G7;2011;INDUS;37.99;4.59;4.69;1.37;12.16;INDUS;INDUS;6;37.99;4.59;1.37;4.69;0.03606212161095025;0.12345354040536984
ABB (EU);G7;2012;INDUS;39.34;4.73;4.16;1.42;12.39;INDUS;INDUS;7;39.34;4.73;1.42;4.16;0.03609557702084392;0.10574478901881036
ABB (EU);G7;2013;INDUS;41.85;4.87;4.43;1.45;12.65;INDUS;INDUS;8;41.85;4.87;1.45;4.43;0.03464755077658303;0.10585424133811229
ABB (EU);G7;2014;INDUS;39.83;4.95;3.65;1.49;13.06;INDUS;INDUS;9;39.83;4.95;1.49;3.65;0.03740898819984936;0.09163946773788602
ABB (EU);G7;2015;INDUS;35.5;5.1;3.1;1.5;13.5;INDUS;INDUS;10;35.5;5.1;1.5;3.1;0.04225352112676056;0.08732394366197184
ABB (EU);G7;2016;INDUS;33.8;4.8;3.0;1.3;13.2;INDUS;INDUS;11;33.8;4.8;1.3;3.0;0.038461538461538464;0.08875739644970415
ABB (EU);G7;2017;INDUS;34.3;4.7;3.2;1.4;13.5;INDUS;INDUS;12;34.3;4.7;1.4;3.2;0.04081632653061225;0.09329446064139943
ABB (EU);G7;2018;INDUS;27.7;4.2;2.3;1.2;14.7;INDUS;INDUS;13;27.7;4.2;1.2;2.3;0.04332129963898917;0.08303249097472924
ABB (EU);G7;2019;INDUS;28.0;4.1;1.9;1.2;14.4;INDUS;INDUS;14;28.0;4.1;1.2;1.9;0.04285714285714286;0.06785714285714285
ABB (EU);G7;2020;INDUS;26.1;4.3;1.6;1.1;10.6;INDUS;INDUS;15;26.1;4.3;1.1;1.6;0.0421455938697318;0.06130268199233716
ABB (EU);G7;2021;INDUS;28.9;4.0;5.7;1.2;10.5;INDUS;INDUS;16;28.9;4.0;1.2;5.7;0.04152249134948097;0.19723183391003463
ABB (EU);G7;2022;INDUS;29.4;3.9;3.3;1.2;10.5;INDUS;INDUS;17;29.4;3.9;1.2;3.3;0.04081632653061225;0.11224489795918367
ABB (EU);G7;2023;INDUS;32.2;4.1;4.9;1.3;10.8;INDUS;INDUS;18;32.2;4.1;1.3;4.9;0.040372670807453416;0.15217391304347827
ABB (EU);G7;2024;INDUS;33.5;4.3;5.2;1.4;11.0;INDUS;INDUS;19;33.5;4.3;1.4;5.2;0.0417910447761194;0.15522388059701492
AGCO (US);G7;2005;INDUS;5.45;1.12;0.27;0.12;1.72;INDUS;INDUS;0;5.45;1.12;0.12;0.27;0.02201834862385321;0.04954128440366973
AGCO (US);G7;2006;INDUS;5.44;1.13;0.07;0.13;1.75;INDUS;INDUS;1;5.44;1.13;0.13;0.07;0.02389705882352941;0.01286764705882353
AGCO (US);G7;2007;INDUS;6.83;1.13;0.39;0.15;1.78;INDUS;INDUS;2;6.83;1.13;0.15;0.39;0.021961932650073207;0.05710102489019034
AGCO (US);G7;2008;INDUS;8.43;1.13;0.57;0.19;1.82;INDUS;INDUS;3;8.43;1.13;0.19;0.57;0.022538552787663108;0.06761565836298931
AGCO (US);G7;2009;INDUS;6.62;1.13;0.22;0.19;1.85;INDUS;INDUS;4;6.62;1.13;0.19;0.22;0.028700906344410877;0.03323262839879154
AGCO (US);G7;2010;INDUS;6.9;1.15;0.33;0.3;1.86;INDUS;INDUS;5;6.9;1.15;0.3;0.33;0.043478260869565216;0.04782608695652174
AGCO (US);G7;2011;INDUS;8.77;1.17;0.61;0.31;1.88;INDUS;INDUS;6;8.77;1.17;0.31;0.61;0.03534777651083239;0.06955530216647662
AGCO (US);G7;2012;INDUS;9.96;1.18;0.69;0.31;1.89;INDUS;INDUS;7;9.96;1.18;0.31;0.69;0.03112449799196787;0.06927710843373493
AGCO (US);G7;2013;INDUS;10.79;1.2;0.9;0.31;1.91;INDUS;INDUS;8;10.79;1.2;0.31;0.9;0.028730305838739575;0.08341056533827619
AGCO (US);G7;2014;INDUS;9.72;1.23;0.69;0.31;1.93;INDUS;INDUS;9;9.72;1.23;0.31;0.69;0.03189300411522634;0.07098765432098765
AGCO (US);G7;2015;INDUS;7.46;1.25;0.45;0.32;1.u95;INDUS;INDUS;10;7.46;1.25;0.32;0.45;0.04289544235924933;0.06032171581769437
AGCO (US);G7;2016;INDUS;7.41;1.22;0.42;0.31;1.98;INDUS;INDUS;11;7.41;1.22;0.31;0.42;0.04183535762483131;0.05668016194331983
AGCO (US);G7;2017;INDUS;8.3;1.28;0.55;0.35;2.05;INDUS;INDUS;12;8.3;1.28;0.35;0.55;0.04216867469879518;0.06626506024096386
AGCO (US);G7;2018;INDUS;9.35;1.35;0.65;0.38;2.1;INDUS;INDUS;13;9.35;1.35;0.38;0.65;0.040641711229946524;0.06951871657754011
AGCO (US);G7;2019;INDUS;9.04;1.42;0.62;0.4;2.1;INDUS;INDUS;14;9.04;1.42;0.4;0.62;0.044247787610619475;0.06858407079646019
AGCO (US);G7;2020;INDUS;9.15;1.55;0.75;0.42;2.15;INDUS;INDUS;15;9.15;1.55;0.42;0.75;0.04590163934426229;0.08196721311475409
AGCO (US);G7;2021;INDUS;11.13;1.65;1.15;0.45;2.3;INDUS;INDUS;16;11.13;1.65;0.45;1.15;0.04043126684636118;0.10332434860736746
AGCO (US);G7;2022;INDUS;12.65;1.75;1.35;0.48;2.45;INDUS;INDUS;17;12.65;1.75;0.48;1.35;0.03794466403162055;0.10671936758893281
AGCO (US);G7;2023;INDUS;14.41;1.85;1.65;0.52;2.8;INDUS;INDUS;18;14.41;1.85;0.52;1.65;0.03608605135322693;0.11450381679389313
AGCO (US);G7;2024;INDUS;13.2;1.95;1.25;0.55;2.75;INDUS;INDUS;19;13.2;1.95;0.55;1.25;0.04166666666666667;0.0946969696969697
AMD (US);G7;2005;INDUS;5.85;0.25;0.23;1.14;0.63;TECH;TECH;0;5.85;0.25;1.14;0.23;0.19487179487179487;0.03931623931623932
AMD (US);G7;2006;INDUS;5.63;0.26;-0.02;1.19;0.65;TECH;TECH;1;5.63;0.26;1.19;-0.02;0.2113676731793961;-0.003552397868561279
AMD (US);G7;2007;INDUS;5.86;0.27;-2.31;1.77;0.66;TECH;TECH;2;5.86;0.27;1.77;-2.31;0.30204778156996587;-0.39419795221843
AMD (US);G7;2008;INDUS;5.81;0.28;-1.96;1.85;0.69;TECH;TECH;3;5.81;0.28;1.85;-1.96;0.3184165232358004;-0.3373493975903615
AMD (US);G7;2009;INDUS;5.4;0.29;0.66;0.7;0.72;TECH;TECH;4;5.4;0.29;0.7;0.66;0.12962962962962962;0.12222222222222222
AMD (US);G7;2010;INDUS;6.49;0.31;0.85;1.41;0.75;TECH;TECH;5;6.49;0.31;1.41;0.85;0.21725731895223419;0.13097072419106318
AMD (US);G7;2011;INDUS;6.57;0.33;0.37;1.45;0.77;TECH;TECH;6;6.57;0.33;1.45;0.37;0.2207001522070015;0.0563165905631659
AMD (US);G7;2012;INDUS;5.42;0.35;-1.06;1.35;0.8;TECH;TECH;7;5.42;0.35;1.35;-1.06;0.24907749077490776;-0.1955719557195572
AMD (US);G7;2013;INDUS;5.3;0.37;0.1;1.2;0.83;TECH;TECH;8;5.3;0.37;1.2;0.1;0.22641509433962265;0.01886792452830189
AMD (US);G7;2014;INDUS;5.51;0.39;-0.16;1.07;0.87;TECH;TECH;9;5.51;0.39;1.07;-0.16;0.1941923774954628;-0.029038112522686028
AMD (US);G7;2015;INDUS;4.0;0.4;-0.5;0.9;0.9;TECH;TECH;10;4.0;0.4;0.9;-0.5;0.225;-0.125
AMD (US);G7;2016;INDUS;4.3;0.4;-0.4;1.0;0.9;TECH;TECH;11;4.3;0.4;1.0;-0.4;0.23255813953488372;-0.0930232558139535
AMD (US);G7;2017;INDUS;5.3;0.4;0.2;1.2;0.9;TECH;TECH;12;5.3;0.4;1.2;0.2;0.22641509433962265;0.03773584905660378
AMD (US);G7;2018;INDUS;6.5;0.5;0.5;1.4;1.0;TECH;TECH;13;6.5;0.5;1.4;0.5;0.21538461538461537;0.07692307692307693
AMD (US);G7;2019;INDUS;6.7;0.7;0.6;1.5;1.1;TECH;TECH;14;6.7;0.7;1.5;0.6;0.22388059701492538;0.08955223880597014
AMD (US);G7;2020;INDUS;9.8;0.9;1.4;2.0;1.3;TECH;TECH;15;9.8;0.9;2.0;1.4;0.2040816326530612;0.14285714285714285
AMD (US);G7;2021;INDUS;16.4;1.2;3.6;2.8;1.6;TECH;TECH;16;16.4;1.2;2.8;3.6;0.17073170731707318;0.21951219512195125
AMD (US);G7;2022;INDUS;23.6;1.5;1.3;5.0;2.5;TECH;TECH;17;23.6;1.5;5.0;1.3;0.211864406779661;0.05508474576271186
AMD (US);G7;2023;INDUS;22.7;1.7;0.4;5.9;2.6;TECH;TECH;18;22.7;1.7;5.9;0.4;0.2599118942731278;0.01762114537444934
AMD (US);G7;2024;INDUS;25.5;1.9;1.2;6.5;2.7;TECH;TECH;19;25.5;1.9;6.5;1.2;0.2549019607843137;0.047058823529411764
ASML (EU);G7;2005;TECH;4.65;0.82;0.98;0.43;0.84;TECH;INDUS;0;4.65;0.82;0.43;0.98;0.09247311827956989;0.21075268817204298
ASML (EU);G7;2006;TECH;4.72;0.88;1.05;0.49;0.89;TECH;INDUS;1;4.72;0.88;0.49;1.05;0.1038135593220339;0.22245762711864409
ASML (EU);G7;2007;TECH;5.25;0.95;1.31;0.58;0.95;TECH;INDUS;2;5.25;0.95;0.58;1.31;0.11047619047619046;0.24952380952380954
ASML (EU);G7;2008;TECH;6.15;1.1;1.42;0.65;1.0;TECH;INDUS;3;6.15;1.1;0.65;1.42;0.1056910569105691;0.2308943089430894
ASML (EU);G7;2009;TECH;2.25;0.75;-0.21;0.58;1.07;TECH;INDUS;4;2.25;0.75;0.58;-0.21;0.2577777777777778;-0.09333333333333332
ASML (EU);G7;2010;TECH;5.95;1.12;1.65;0.63;1.12;TECH;INDUS;5;5.95;1.12;0.63;1.65;0.10588235294117647;0.27731092436974786
ASML (EU);G7;2011;TECH;7.85;1.35;1.98;0.71;1.19;TECH;INDUS;6;7.85;1.35;0.71;1.98;0.09044585987261146;0.2522292993630573
ASML (EU);G7;2012;TECH;6.1;1.28;1.41;0.79;1.27;TECH;INDUS;7;6.1;1.28;0.79;1.41;0.1295081967213115;0.23114754098360657
ASML (EU);G7;2013;TECH;7.15;1.42;1.52;0.98;1.37;TECH;INDUS;8;7.15;1.42;0.98;1.52;0.13706293706293704;0.21258741258741257
ASML (EU);G7;2014;TECH;7.82;1.58;1.49;1.15;1.43;TECH;INDUS;9;7.82;1.58;1.15;1.49;0.14705882352941174;0.19053708439897699
ASML (EU);G7;2015;TECH;7.1;1.65;1.58;1.21;1.5;TECH;INDUS;10;7.1;1.65;1.21;1.58;0.1704225352112676;0.22253521126760564
ASML (EU);G7;2016;TECH;7.85;1.85;1.68;1.42;1.6;TECH;INDUS;11;7.85;1.85;1.42;1.68;0.18089171974522292;0.2140127388535032
ASML (EU);G7;2017;TECH;9.85;2.1;2.45;1.55;1.9;TECH;INDUS;12;9.85;2.1;1.55;2.45;0.15736040609137056;0.2487309644670051
ASML (EU);G7;2018;TECH;12.85;2.55;3.15;1.78;2.3;TECH;INDUS;13;12.85;2.55;1.78;3.15;0.13852140077821012;0.245136186770428
ASML (EU);G7;2019;TECH;13.35;2.85;2.92;2.21;2.5;TECH;INDUS;14;13.35;2.85;2.21;2.92;0.1655430711610487;0.21872659176029963
ASML (EU);G7;2020;TECH;16.45;3.2;4.15;2.54;2.8;TECH;INDUS;15;16.45;3.2;2.54;4.15;0.15440729483282675;0.25227963525835867
ASML (EU);G7;2021;TECH;21.65;3.75;6.85;2.91;3.2;TECH;INDUS;16;21.65;3.75;2.91;6.85;0.13441108545034644;0.3163972286374134
ASML (EU);G7;2022;TECH;22.15;4.3;6.88;3.55;3.9;TECH;INDUS;17;22.15;4.3;3.55;6.88;0.16027088036117382;0.3106094808126411
ASML (EU);G7;2023;TECH;30.05;4.95;10.22;4.35;4.2;TECH;INDUS;18;30.05;4.95;4.35;10.22;0.14475873544093176;0.34009983361064894
ASML (EU);G7;2024;TECH;30.65;5.45;9.75;4.72;4.5;TECH;INDUS;19;30.65;5.45;4.72;9.75;0.15399673735725938;0.3181076672104405
ATS Corp (CA);G7;2005;INDUS;1.03;0.19;0.06;0.05;0.48;INDUS;INDUS;0;1.03;0.19;0.05;0.06;0.04854368932038835;0.058252427184466014
ATS Corp (CA);G7;2006;INDUS;1.04;0.19;0.06;0.05;0.48;INDUS;INDUS;1;1.04;0.19;0.05;0.06;0.04807692307692308;0.05769230769230769
ATS Corp (CA);G7;2007;INDUS;1.08;0.2;0.06;0.05;0.49;INDUS;INDUS;2;1.08;0.2;0.05;0.06;0.046296296296296294;0.05555555555555555
ATS Corp (CA);G7;2008;INDUS;1.11;0.2;0.07;0.05;0.49;INDUS;INDUS;3;1.11;0.2;0.05;0.07;0.04504504504504504;0.06306306306306306
ATS Corp (CA);G7;2009;INDUS;1.09;0.2;0.07;0.05;0.5;INDUS;INDUS;4;1.09;0.2;0.05;0.07;0.045871559633027525;0.06422018348623854
ATS Corp (CA);G7;2010;INDUS;1.44;0.2;0.16;0.05;0.51;INDUS;INDUS;5;1.44;0.2;0.05;0.16;0.034722222222222224;0.11111111111111112
ATS Corp (CA);G7;2011;INDUS;1.33;0.2;0.13;0.05;0.52;INDUS;INDUS;6;1.33;0.2;0.05;0.13;0.03759398496240601;0.09774436090225563
ATS Corp (CA);G7;2012;INDUS;1.36;0.21;0.13;0.05;0.54;INDUS;INDUS;7;1.36;0.21;0.05;0.13;0.03676470588235294;0.09558823529411764
ATS Corp (CA);G7;2013;INDUS;1.42;0.21;0.14;0.05;0.56;INDUS;INDUS;8;1.42;0.21;0.05;0.14;0.035211267605633804;0.09859154929577466
ATS Corp (CA);G7;2014;INDUS;1.49;0.22;0.15;0.05;0.56;INDUS;INDUS;9;1.49;0.22;0.05;0.15;0.03355704697986577;0.10067114093959731
ATS Corp (CA);G7;2015;INDUS;1.55;0.23;0.16;0.05;0.57;INDUS;INDUS;10;1.55;0.23;0.05;0.16;0.03225806451612903;0.1032258064516129
ATS Corp (CA);G7;2016;INDUS;1.61;0.24;0.16;0.05;0.58;INDUS;INDUS;11;1.61;0.24;0.05;0.16;0.031055900621118012;0.09937888198757763
ATS Corp (CA);G7;2017;INDUS;1.67;0.25;0.17;0.05;0.59;INDUS;INDUS;12;1.67;0.25;0.05;0.17;0.029940119760479045;0.10179640718562875
ATS Corp (CA);G7;2018;INDUS;1.74;0.26;0.17;0.05;0.61;INDUS;INDUS;13;1.74;0.26;0.05;0.17;0.02873563218390805;0.09770114942528736
ATS Corp (CA);G7;2019;INDUS;1.81;0.27;0.18;0.05;0.62;INDUS;INDUS;14;1.81;0.27;0.05;0.18;0.027624309392265196;0.09944751381215469
ATS Corp (CA);G7;2020;INDUS;1.88;0.28;0.19;0.06;0.64;INDUS;INDUS;15;1.88;0.28;0.06;0.19;0.031914893617021274;0.10106382978723405
ATS Corp (CA);G7;2021;INDUS;1.96;0.29;0.2;0.06;0.65;INDUS;INDUS;16;1.96;0.29;0.06;0.2;0.030612244897959183;0.10204081632653061
ATS Corp (CA);G7;2022;INDUS;2.03;0.3;0.2;0.06;0.67;INDUS;INDUS;17;2.03;0.3;0.06;0.2;0.02955665024630542;0.09852216748768475
ATS Corp (CA);G7;2023;INDUS;2.12;0.32;0.21;0.06;0.68;INDUS;INDUS;18;2.12;0.32;0.06;0.21;0.028301886792452827;0.0990566037735849
ATS Corp (CA);G7;2024;INDUS;2.2;0.33;0.22;0.07;0.7;INDUS;INDUS;19;2.2;0.33;0.07;0.22;0.03181818181818182;0.09999999999999999
AVIC Electromech;China;2005;INDUS;2.3;1.1;0.15;0.2;1.0;INDUS;INDUS;0;2.3;1.1;0.2;0.15;0.08695652173913045;0.06521739130434782
AVIC Electromech;China;2006;INDUS;2.65;1.22;0.19;0.23;1.08;INDUS;INDUS;1;2.65;1.22;0.23;0.19;0.08679245283018869;0.07169811320754717
AVIC Electromech;China;2007;INDUS;3.1;1.38;0.24;0.26;1.17;INDUS;INDUS;2;3.1;1.38;0.26;0.24;0.08387096774193549;0.07741935483870967
AVIC Electromech;China;2008;INDUS;3.5;1.5;0.28;0.29;1.25;INDUS;INDUS;3;3.5;1.5;0.29;0.28;0.08285714285714285;0.08
AVIC Electromech;China;2009;INDUS;3.35;1.6;0.23;0.3;1.3;INDUS;INDUS;4;3.35;1.6;0.3;0.23;0.08955223880597014;0.06865671641791045
AVIC Electromech;China;2010;INDUS;4.0;1.75;0.38;0.33;1.4;INDUS;INDUS;5;4.0;1.75;0.33;0.38;0.0825;0.095
AVIC Electromech;China;2011;INDUS;4.35;1.9;0.44;0.36;1.5;INDUS;INDUS;6;4.35;1.9;0.36;0.44;0.08275862068965517;0.10114942528735633
AVIC Electromech;China;2012;INDUS;4.6;2.02;0.47;0.38;1.58;INDUS;INDUS;7;4.6;2.02;0.38;0.47;0.08260869565217392;0.10217391304347827
AVIC Electromech;China;2013;INDUS;4.9;2.15;0.5;0.4;1.65;INDUS;INDUS;8;4.9;2.15;0.4;0.5;0.08163265306122448;0.1020408163265306
AVIC Electromech;China;2014;INDUS;5.1;2.1;0.5;0.4;1.7;INDUS;INDUS;9;5.1;2.1;0.4;0.5;0.07843137254901962;0.09803921568627452
AVIC Electromech;China;2015;INDUS;3.2;1.2;0.3;0.2;2.8;INDUS;INDUS;10;3.2;1.2;0.2;0.3;0.0625;0.09374999999999999
AVIC Electromech;China;2016;INDUS;3.3;1.3;0.3;0.2;3.0;INDUS;INDUS;11;3.3;1.3;0.2;0.3;0.060606060606060615;0.09090909090909091
AVIC Electromech;China;2017;INDUS;3.3;1.3;0.3;0.2;3.0;INDUS;INDUS;12;3.3;1.3;0.2;0.3;0.060606060606060615;0.09090909090909091
AVIC Electromech;China;2018;INDUS;3.5;1.3;0.3;0.2;3.2;INDUS;INDUS;13;3.5;1.3;0.2;0.3;0.05714285714285715;0.08571428571428572
AVIC Electromech;China;2019;INDUS;3.7;1.4;0.4;0.3;3.2;INDUS;INDUS;14;3.7;1.4;0.3;0.4;0.08108108108108107;0.10810810810810811
AVIC Electromech;China;2020;INDUS;4.1;1.6;0.4;0.3;3.4;INDUS;INDUS;15;4.1;1.6;0.3;0.4;0.07317073170731708;0.09756097560975611
AVIC Electromech;China;2021;INDUS;5.0;1.7;0.5;0.4;3.6;INDUS;INDUS;16;5.0;1.7;0.4;0.5;0.08;0.1
AVIC Electromech;China;2022;INDUS;5.9;2.0;0.6;0.5;3.8;INDUS;INDUS;17;5.9;2.0;0.5;0.6;0.0847457627118644;0.10169491525423728
AVIC Electromech;China;2023;INDUS;6.9;2.3;0.8;0.6;4.0;INDUS;INDUS;18;6.9;2.3;0.6;0.8;0.08695652173913043;0.11594202898550725
AVIC Electromech;China;2024;INDUS;8.1;2.6;0.9;0.7;4.2;INDUS;INDUS;19;8.1;2.6;0.7;0.9;0.08641975308641975;0.11111111111111112
AbbVie (US);G7;2005;PHARMA;14.46;1.5;2.97;2.98;1.84;PHARMA;PHARMA;0;14.46;1.5;2.98;2.97;0.20608575380359612;0.2053941908713693
AbbVie (US);G7;2006;PHARMA;15.86;1.59;3.27;3.13;1.94;PHARMA;PHARMA;1;15.86;1.59;3.13;3.27;0.1973518284993695;0.20617906683480455
AbbVie (US);G7;2007;PHARMA;17.03;1.62;3.61;3.23;2.02;PHARMA;PHARMA;2;17.03;1.62;3.23;3.61;0.18966529653552552;0.21197886083382264
AbbVie (US);G7;2008;PHARMA;17.9;1.71;3.66;3.33;2.1;PHARMA;PHARMA;3;17.9;1.71;3.33;3.66;0.18603351955307265;0.2044692737430168
AbbVie (US);G7;2009;PHARMA;17.55;1.82;3.85;3.39;2.18;PHARMA;PHARMA;4;17.55;1.82;3.39;3.85;0.19316239316239317;0.21937321937321938
AbbVie (US);G7;2010;PHARMA;18.85;1.93;6.52;3.49;2.27;PHARMA;PHARMA;5;18.85;1.93;3.49;6.52;0.18514588859416445;0.34588859416445616
AbbVie (US);G7;2011;PHARMA;17.45;2.04;5.22;3.63;2.41;PHARMA;PHARMA;6;17.45;2.04;3.63;5.22;0.20802292263610314;0.29914040114613183
AbbVie (US);G7;2012;PHARMA;18.98;2.15;5.74;3.81;2.49;PHARMA;PHARMA;7;18.98;2.15;3.81;5.74;0.20073761854583771;0.30242360379346683
AbbVie (US);G7;2013;PHARMA;20.3;2.29;6.27;3.94;2.61;PHARMA;PHARMA;8;20.3;2.29;3.94;6.27;0.1940886699507389;0.3088669950738916
AbbVie (US);G7;2014;PHARMA;21.89;2.42;6.89;4.14;2.69;PHARMA;PHARMA;9;21.89;2.42;4.14;6.89;0.18912745545911372;0.3147555961626313
AbbVie (US);G7;2015;PHARMA;22.8;2.5;7.5;4.3;2.8;PHARMA;PHARMA;10;22.8;2.5;4.3;7.5;0.18859649122807015;0.3289473684210526
AbbVie (US);G7;2016;PHARMA;25.6;2.8;8.4;4.5;3.0;PHARMA;PHARMA;11;25.6;2.8;4.5;8.4;0.17578125;0.328125
AbbVie (US);G7;2017;PHARMA;28.2;3.1;9.1;4.8;3.1;PHARMA;PHARMA;12;28.2;3.1;4.8;9.1;0.1702127659574468;0.32269503546099293
AbbVie (US);G7;2018;PHARMA;32.7;3.5;10.5;5.2;3.2;PHARMA;PHARMA;13;32.7;3.5;5.2;10.5;0.15902140672782875;0.3211009174311926
AbbVie (US);G7;2019;PHARMA;33.2;3.8;11.2;5.5;3.3;PHARMA;PHARMA;14;33.2;3.8;5.5;11.2;0.16566265060240962;0.3373493975903614
AbbVie (US);G7;2020;PHARMA;45.8;4.2;12.5;6.2;4.7;PHARMA;PHARMA;15;45.8;4.2;6.2;12.5;0.13537117903930132;0.27292576419213976
AbbVie (US);G7;2021;PHARMA;56.2;4.8;18.4;7.1;5.0;PHARMA;PHARMA;16;56.2;4.8;7.1;18.4;0.12633451957295372;0.32740213523131667
AbbVie (US);G7;2022;PHARMA;58.1;5.2;19.1;7.5;5.0;PHARMA;PHARMA;17;58.1;5.2;7.5;19.1;0.12908777969018934;0.3287435456110155
AbbVie (US);G7;2023;PHARMA;54.3;5.5;15.8;7.2;4.8;PHARMA;PHARMA;18;54.3;5.5;7.2;15.8;0.13259668508287295;0.29097605893186007
AbbVie (US);G7;2024;PHARMA;54.2;5.8;16.5;7.8;5.0;PHARMA;PHARMA;19;54.2;5.8;7.8;16.5;0.14391143911439114;0.3044280442804428
Adient (US);G7;2005;INDUS;13.58;1.34;0.38;0.44;5.89;INDUS;AUTO;0;13.58;1.34;0.44;0.38;0.03240058910162003;0.027982326951399118
Adient (US);G7;2006;INDUS;14.45;1.37;0.43;0.45;5.94;INDUS;AUTO;1;14.45;1.37;0.45;0.43;0.03114186851211073;0.02975778546712803
Adient (US);G7;2007;INDUS;15.09;1.43;0.44;0.46;6.08;INDUS;AUTO;2;15.09;1.43;0.46;0.44;0.030483764082173626;0.0291583830351226
Adient (US);G7;2008;INDUS;15.33;1.5;0.44;0.47;6.23;INDUS;AUTO;3;15.33;1.5;0.47;0.44;0.03065883887801696;0.028701891715590344
Adient (US);G7;2009;INDUS;15.03;1.55;0.46;0.48;6.32;INDUS;AUTO;4;15.03;1.55;0.48;0.46;0.031936127744510975;0.030605455755156358
Adient (US);G7;2010;INDUS;18.98;1.62;1.44;0.49;6.5;INDUS;AUTO;5;18.98;1.62;0.49;1.44;0.025816649104320338;0.07586933614330874
Adient (US);G7;2011;INDUS;17.57;1.63;1.15;0.5;6.84;INDUS;AUTO;6;17.57;1.63;0.5;1.15;0.028457598178713715;0.06545247581104154
Adient (US);G7;2012;INDUS;17.89;1.68;1.21;0.51;6.95;INDUS;AUTO;7;17.89;1.68;0.51;1.21;0.028507546115148125;0.06763555058692006
Adient (US);G7;2013;INDUS;19.01;1.74;1.27;0.53;7.08;INDUS;AUTO;8;19.01;1.74;0.53;1.27;0.027880063124671225;0.06680694371383482
Adient (US);G7;2014;INDUS;19.45;1.78;1.26;0.54;7.33;INDUS;AUTO;9;19.45;1.78;0.54;1.26;0.02776349614395887;0.06478149100257069
Adient (US);G7;2015;INDUS;20.1;1.85;1.25;0.55;7.5;INDUS;AUTO;10;20.1;1.85;0.55;1.25;0.02736318407960199;0.062189054726368154
Adient (US);G7;2016;INDUS;16.85;1.75;1.15;0.52;7.5;INDUS;AUTO;11;16.85;1.75;0.52;1.15;0.03086053412462908;0.06824925816023737
Adient (US);G7;2017;INDUS;16.2;1.65;0.95;0.48;8.5;INDUS;AUTO;12;16.2;1.65;0.48;0.95;0.02962962962962963;0.05864197530864197
Adient (US);G7;2018;INDUS;17.4;1.72;0.75;0.52;8.6;INDUS;AUTO;13;17.4;1.72;0.52;0.75;0.02988505747126437;0.04310344827586207
Adient (US);G7;2019;INDUS;16.5;1.82;0.65;0.51;8.3;INDUS;AUTO;14;16.5;1.82;0.51;0.65;0.03090909090909091;0.0393939393939394
Adient (US);G7;2020;INDUS;12.7;1.85;0.15;0.42;7.7;INDUS;AUTO;15;12.7;1.85;0.42;0.15;0.03307086614173228;0.011811023622047244
Adient (US);G7;2021;INDUS;13.7;1.75;0.45;0.45;7.5;INDUS;AUTO;16;13.7;1.75;0.45;0.45;0.032846715328467155;0.032846715328467155
Adient (US);G7;2022;INDUS;14.1;1.65;0.35;0.41;7.0;INDUS;AUTO;17;14.1;1.65;0.41;0.35;0.029078014184397163;0.02482269503546099
Adient (US);G7;2023;INDUS;15.4;1.62;0.48;0.42;7.2;INDUS;AUTO;18;15.4;1.62;0.42;0.48;0.02727272727272727;0.031168831168831165
Adient (US);G7;2024;INDUS;15.1;1.65;0.55;0.44;7.1;INDUS;AUTO;19;15.1;1.65;0.44;0.55;0.02913907284768212;0.036423841059602655
Adobe (US);G7;2005;TECH;2.16;0.37;0.2;0.51;0.73;TECH;TECH;0;2.16;0.37;0.51;0.2;0.2361111111111111;0.09259259259259259
Adobe (US);G7;2006;TECH;2.47;0.4;0.23;0.54;0.78;TECH;TECH;1;2.47;0.4;0.54;0.23;0.21862348178137653;0.09311740890688258
Adobe (US);G7;2007;TECH;2.86;0.43;0.27;0.57;0.82;TECH;TECH;2;2.86;0.43;0.57;0.27;0.1993006993006993;0.09440559440559441
Adobe (US);G7;2008;TECH;3.1;0.47;0.29;0.6;0.9;TECH;TECH;3;3.1;0.47;0.6;0.29;0.1935483870967742;0.09354838709677418
Adobe (US);G7;2009;TECH;3.04;0.51;0.31;0.63;0.95;TECH;TECH;4;3.04;0.51;0.63;0.31;0.20723684210526316;0.10197368421052631
Adobe (US);G7;2010;TECH;3.42;0.55;0.79;0.66;1.01;TECH;TECH;5;3.42;0.55;0.66;0.79;0.1929824561403509;0.23099415204678364
Adobe (US);G7;2011;TECH;3.17;0.59;0.63;0.7;1.09;TECH;TECH;6;3.17;0.59;0.7;0.63;0.22082018927444794;0.19873817034700317
Adobe (US);G7;2012;TECH;3.48;0.64;0.7;0.74;1.16;TECH;TECH;7;3.48;0.64;0.74;0.7;0.21264367816091953;0.2011494252873563
Adobe (US);G7;2013;TECH;3.9;0.69;0.77;0.79;1.23;TECH;TECH;8;3.9;0.69;0.79;0.77;0.20256410256410257;0.19743589743589746
Adobe (US);G7;2014;TECH;4.43;0.74;0.85;0.83;1.31;TECH;TECH;9;4.43;0.74;0.83;0.85;0.18735891647855532;0.19187358916478556
Adobe (US);G7;2015;TECH;4.8;0.8;0.9;0.9;1.4;TECH;TECH;10;4.8;0.8;0.9;0.9;0.1875;0.1875
Adobe (US);G7;2016;TECH;5.9;0.9;1.5;1.0;1.6;TECH;TECH;11;5.9;0.9;1.0;1.5;0.1694915254237288;0.2542372881355932
Adobe (US);G7;2017;TECH;7.3;1.1;2.1;1.2;1.8;TECH;TECH;12;7.3;1.1;1.2;2.1;0.1643835616438356;0.28767123287671237
Adobe (US);G7;2018;TECH;9.0;1.2;2.8;1.5;2.1;TECH;TECH;13;9.0;1.2;1.5;2.8;0.16666666666666666;0.3111111111111111
Adobe (US);G7;2019;TECH;11.2;1.4;3.3;1.9;2.3;TECH;TECH;14;11.2;1.4;1.9;3.3;0.16964285714285715;0.29464285714285715
Adobe (US);G7;2020;TECH;12.9;1.6;4.2;2.2;2.3;TECH;TECH;15;12.9;1.6;2.2;4.2;0.17054263565891473;0.32558139534883723
Adobe (US);G7;2021;TECH;15.8;1.8;5.8;2.5;2.6;TECH;TECH;16;15.8;1.8;2.5;5.8;0.1582278481012658;0.36708860759493667
Adobe (US);G7;2022;TECH;17.6;2.0;6.1;3.0;3.0;TECH;TECH;17;17.6;2.0;3.0;6.1;0.17045454545454544;0.34659090909090906
Adobe (US);G7;2023;TECH;19.4;2.2;6.7;3.4;3.0;TECH;TECH;18;19.4;2.2;3.4;6.7;0.1752577319587629;0.3453608247422681
Adobe (US);G7;2024;TECH;21.1;2.3;7.3;3.8;3.1;TECH;TECH;19;21.1;2.3;3.8;7.3;0.1800947867298578;0.3459715639810426
Agilent (US);G7;2005;TECH;5.4;1.6;0.7;0.55;1.9;TECH;PHARMA;0;5.4;1.6;0.55;0.7;0.10185185185185186;0.12962962962962962
Agilent (US);G7;2006;INDUS;5.7;1.65;0.8;0.58;1.95;TECH;PHARMA;1;5.7;1.65;0.58;0.8;0.10175438596491226;0.14035087719298245
Agilent (US);G7;2007;TECH;5.8;1.7;0.85;0.6;2.0;TECH;PHARMA;2;5.8;1.7;0.6;0.85;0.10344827586206896;0.14655172413793102
Agilent (US);G7;2008;TECH;5.4;1.65;0.75;0.58;1.9;TECH;PHARMA;3;5.4;1.65;0.58;0.75;0.1074074074074074;0.13888888888888887
Agilent (US);G7;2009;TECH;4.48;1.5;0.45;0.5;1.7;TECH;PHARMA;4;4.48;1.5;0.5;0.45;0.11160714285714285;0.10044642857142856
Agilent (US);G7;2010;TECH;5.44;1.55;0.8;0.52;1.75;TECH;PHARMA;5;5.44;1.55;0.52;0.8;0.09558823529411764;0.14705882352941177
Agilent (US);G7;2011;TECH;6.6;1.6;1.1;0.55;1.85;TECH;PHARMA;6;6.6;1.6;0.55;1.1;0.08333333333333334;0.16666666666666669
Agilent (US);G7;2012;TECH;6.85;1.65;1.15;0.58;1.9;TECH;PHARMA;7;6.85;1.65;0.58;1.15;0.08467153284671533;0.1678832116788321
Agilent (US);G7;2013;TECH;6.8;1.5;1.1;0.57;1.8;TECH;PHARMA;8;6.8;1.5;0.57;1.1;0.0838235294117647;0.16176470588235295
Agilent (US);G7;2014;TECH;4.0;1.2;0.7;0.4;1.2;TECH;PHARMA;9;4.0;1.2;0.4;0.7;0.1;0.175
Agilent (US);G7;2015;INDUS;4.04;0.75;0.65;0.33;1.2;PHARMA;PHARMA;10;4.04;0.75;0.33;0.65;0.08168316831683169;0.1608910891089109
Agilent (US);G7;2016;INDUS;4.2;0.78;0.72;0.34;1.2;PHARMA;PHARMA;11;4.2;0.78;0.34;0.72;0.08095238095238096;0.1714285714285714
Agilent (US);G7;2017;INDUS;4.47;0.82;0.85;0.36;1.3;PHARMA;PHARMA;12;4.47;0.82;0.36;0.85;0.08053691275167785;0.19015659955257272
Agilent (US);G7;2018;INDUS;4.91;0.85;1.05;0.39;1.4;PHARMA;PHARMA;13;4.91;0.85;0.39;1.05;0.07942973523421588;0.21384928716904278
Agilent (US);G7;2019;INDUS;5.16;0.88;1.12;0.41;1.6;PHARMA;PHARMA;14;5.16;0.88;0.41;1.12;0.07945736434108526;0.2170542635658915
Agilent (US);G7;2020;INDUS;5.34;0.92;1.15;0.42;1.6;PHARMA;PHARMA;15;5.34;0.92;0.42;1.15;0.07865168539325842;0.2153558052434457
Agilent (US);G7;2021;INDUS;6.32;0.98;1.45;0.45;1.7;PHARMA;PHARMA;16;6.32;0.98;0.45;1.45;0.07120253164556962;0.22943037974683542
Agilent (US);G7;2022;INDUS;6.85;1.05;1.65;0.48;1.8;PHARMA;PHARMA;17;6.85;1.05;0.48;1.65;0.07007299270072993;0.24087591240875914
Agilent (US);G7;2023;INDUS;6.83;1.12;1.52;0.52;1.8;PHARMA;PHARMA;18;6.83;1.12;0.52;1.52;0.07613469985358712;0.2225475841874085
Agilent (US);G7;2024;INDUS;7.15;1.15;1.65;0.55;1.85;PHARMA;PHARMA;19;7.15;1.15;0.55;1.65;0.07692307692307693;0.23076923076923075
Air Liquide (EU);G7;2005;INDUS;12.1912;12.6888;1.19424;0.32344;4.06;INDUS;INDUS;0;12.1912;12.6888;0.32344;1.19424;0.026530612244897958;0.09795918367346938
Air Liquide (EU);G7;2006;INDUS;12.92424;13.27592;1.23088;0.32656;4.14;INDUS;INDUS;1;12.92424;13.27592;0.32656;1.23088;0.025267249757045678;0.09523809523809525
Air Liquide (EU);G7;2007;INDUS;14.35437;15.10842;1.43955;0.37017;4.27;INDUS;INDUS;2;14.35437;15.10842;0.37017;1.43955;0.025787965616045846;0.1002865329512894
Air Liquide (EU);G7;2008;INDUS;16.57817;16.51933;1.66223;0.4118800000000001;4.38;INDUS;INDUS;3;16.57817;16.51933;0.4118800000000001;1.66223;0.024844720496894415;0.1002661934338953
Air Liquide (EU);G7;2009;INDUS;15.4037;16.35162;1.6588599999999998;0.39032;4.48;INDUS;INDUS;4;15.4037;16.35162;0.39032;1.6588599999999998;0.025339366515837104;0.10769230769230767
Air Liquide (EU);G7;2010;INDUS;20.64582;16.362840000000002;3.5271600000000003;0.37128;4.65;INDUS;INDUS;5;20.64582;16.362840000000002;0.37128;3.5271600000000003;0.01798330122029544;0.1708413615928067
Air Liquide (EU);G7;2011;INDUS;20.07264;17.539199999999997;2.96496;0.38976;4.75;INDUS;INDUS;6;20.07264;17.539199999999997;0.38976;2.96496;0.019417475728155338;0.14771151178918168
Air Liquide (EU);G7;2012;INDUS;19.05852;16.93662;2.81634;0.36008;4.88;INDUS;INDUS;7;19.05852;16.93662;0.36008;2.81634;0.018893387314439944;0.1477732793522267
Air Liquide (EU);G7;2013;INDUS;21.08864;17.64912;3.08096;0.37184;4.93;INDUS;INDUS;8;21.08864;17.64912;0.37184;3.08096;0.017632241813602016;0.14609571788413098
Air Liquide (EU);G7;2014;INDUS;22.65945;18.30033;3.40224;0.38541;5.08;INDUS;INDUS;9;22.65945;18.30033;0.38541;3.40224;0.017008797653958945;0.1501466275659824
Air Liquide (EU);G7;2015;INDUS;20.202;15.762;3.108;0.333;5.2;INDUS;INDUS;10;20.202;15.762;0.333;3.108;0.016483516483516484;0.15384615384615383
Air Liquide (EU);G7;2016;INDUS;20.0367;17.1585;2.8782;0.3321;6.6;INDUS;INDUS;11;20.0367;17.1585;0.3321;2.8782;0.016574585635359115;0.143646408839779
Air Liquide (EU);G7;2017;INDUS;22.939;18.193;3.503;0.3389999999999999;6.5;INDUS;INDUS;12;22.939;18.193;0.3389999999999999;3.503;0.014778325123152705;0.15270935960591134
Air Liquide (EU);G7;2018;INDUS;24.801;19.8408;4.0154;0.3543;6.6;INDUS;INDUS;13;24.801;19.8408;0.3543;4.0154;0.014285714285714287;0.1619047619047619
Air Liquide (EU);G7;2019;INDUS;24.5061;19.4706;4.2522;0.3357;6.7;INDUS;INDUS;14;24.5061;19.4706;0.3357;4.2522;0.0136986301369863;0.17351598173515984
Air Liquide (EU);G7;2020;INDUS;23.411;20.7844;4.339599999999999;0.3425999999999999;6.4;INDUS;INDUS;15;23.411;20.7844;0.3425999999999999;4.339599999999999;0.01463414634146341;0.18536585365853653
Air Liquide (EU);G7;2021;INDUS;27.5639;23.0685;4.9686;0.4732;6.6;INDUS;INDUS;16;27.5639;23.0685;0.4732;4.9686;0.017167381974248927;0.18025751072961374
Air Liquide (EU);G7;2022;INDUS;31.4847;22.3236;5.054399999999999;0.4212;6.7;INDUS;INDUS;17;31.4847;22.3236;0.4212;5.054399999999999;0.013377926421404682;0.16053511705685616
Air Liquide (EU);G7;2023;INDUS;29.863200000000003;23.5876;5.5182;0.4328000000000001;6.8;INDUS;INDUS;18;29.863200000000003;23.5876;0.4328000000000001;5.5182;0.014492753623188408;0.18478260869565216
Air Liquide (EU);G7;2024;INDUS;31.919;23.9122;4.869000000000001;0.541;6.7;INDUS;INDUS;19;31.919;23.9122;0.541;4.869000000000001;0.01694915254237288;0.15254237288135594
Airbus (EU);G7;2005;INDUS;48.77724;15.599759999999998;1.6172;2.78656;10.45;INDUS;INDUS;0;48.77724;15.599759999999998;2.78656;1.6172;0.05712828360112217;0.033154807447079826
Airbus (EU);G7;2006;INDUS;52.32496;16.11448;1.80864;2.8888;10.84;INDUS;INDUS;1;52.32496;16.11448;2.8888;1.80864;0.055208833413346134;0.03456553048487758
Airbus (EU);G7;2007;INDUS;58.77477;18.5085;2.04279;3.20814;10.96;INDUS;INDUS;2;58.77477;18.5085;3.20814;2.04279;0.054583624912526246;0.03475623979472825
Airbus (EU);G7;2008;INDUS;64.19444;20.78523;2.2065;3.5304;11.37;INDUS;INDUS;3;64.19444;20.78523;3.5304;2.2065;0.05499541704857929;0.034372135655362054
Airbus (EU);G7;2009;INDUS;59.63532;20.29664;2.20252;3.38742;11.7;INDUS;INDUS;4;59.63532;20.29664;3.38742;2.20252;0.056802244039270686;0.03693314633006077
Airbus (EU);G7;2010;INDUS;77.98206;19.89;5.64876;3.35478;11.88;INDUS;INDUS;5;77.98206;19.89;3.35478;5.64876;0.04301989457575242;0.07243666043189934
Airbus (EU);G7;2011;INDUS;75.7944;21.42288;4.74672;3.60528;12.05;INDUS;INDUS;6;75.7944;21.42288;3.60528;4.74672;0.047566574839302114;0.06262626262626263
Airbus (EU);G7;2012;INDUS;73.1091;20.52456;4.501;3.38218;12.41;INDUS;INDUS;7;73.1091;20.52456;3.38218;4.501;0.046262093227792435;0.06156552330694812
Airbus (EU);G7;2013;INDUS;76.00144;21.1816;4.860480000000001;3.54576;12.83;INDUS;INDUS;8;76.00144;21.1816;3.54576;4.860480000000001;0.04665385287436659;0.06395247247946882
Airbus (EU);G7;2014;INDUS;79.27485;21.5298;4.89072;3.65475;13.17;INDUS;INDUS;9;79.27485;21.5298;3.65475;4.89072;0.04610226320201173;0.0616932103939648
Airbus (EU);G7;2015;INDUS;71.26200000000001;18.315;4.551;3.108;13.6;INDUS;INDUS;10;71.26200000000001;18.315;3.108;4.551;0.043613707165109025;0.06386292834890965
Airbus (EU);G7;2016;INDUS;73.9476;19.0404;4.3173;3.321;13.4;INDUS;INDUS;11;73.9476;19.0404;3.321;4.3173;0.04491017964071857;0.05838323353293414
Airbus (EU);G7;2017;INDUS;75.823;20.114;4.746;3.164;12.9;INDUS;INDUS;12;75.823;20.114;3.164;4.746;0.041728763040238454;0.06259314456035768
Airbus (EU);G7;2018;INDUS;75.584;21.8485;5.905;3.7792;13.4;INDUS;INDUS;13;75.584;21.8485;3.7792;5.905;0.049999999999999996;0.078125
Airbus (EU);G7;2019;INDUS;78.8895;21.3729;1.4547;3.8046;13.5;INDUS;INDUS;14;78.8895;21.3729;3.8046;1.4547;0.048226950354609936;0.01843971631205674
Airbus (EU);G7;2020;INDUS;57.3284;20.7844;-0.571;3.1976;13.1;INDUS;INDUS;15;57.3284;20.7844;3.1976;-0.571;0.055776892430278883;-0.009960159362549799
Airbus (EU);G7;2021;INDUS;62.1075;20.7025;6.2699;3.1941;12.6;INDUS;INDUS;16;62.1075;20.7025;3.1941;6.2699;0.05142857142857143;0.10095238095238095
Airbus (EU);G7;2022;INDUS;61.9164;18.7434;5.896799999999999;3.2643;13.4;INDUS;INDUS;17;61.9164;18.7434;3.2643;5.896799999999999;0.052721088435374146;0.09523809523809522
Airbus (EU);G7;2023;INDUS;70.76280000000001;19.9088;4.9772;3.4624000000000006;14.8;INDUS;INDUS;18;70.76280000000001;19.9088;3.4624000000000006;4.9772;0.04892966360856269;0.07033639143730885
Airbus (EU);G7;2024;INDUS;73.79240000000001;20.7744;5.5182;3.787;15.2;INDUS;INDUS;19;73.79240000000001;20.7744;3.787;5.5182;0.05131964809384163;0.07478005865102638
Aisin Corp (JP);G7;2005;INDUS;16.16;6.54;0.52;1.09;7.19;INDUS;AUTO;0;16.16;6.54;1.09;0.52;0.06745049504950495;0.03217821782178218
Aisin Corp (JP);G7;2006;INDUS;17.45;6.77;0.54;1.11;7.43;INDUS;AUTO;1;17.45;6.77;1.11;0.54;0.06361031518624642;0.030945558739255016
Aisin Corp (JP);G7;2007;INDUS;18.15;6.98;0.58;1.11;7.65;INDUS;AUTO;2;18.15;6.98;1.11;0.58;0.06115702479338844;0.031955922865013774
Aisin Corp (JP);G7;2008;INDUS;19.65;7.22;0.64;1.13;7.82;INDUS;AUTO;3;19.65;7.22;1.13;0.64;0.05750636132315522;0.03256997455470738
Aisin Corp (JP);G7;2009;INDUS;19.26;7.42;0.67;1.15;8.11;INDUS;AUTO;4;19.26;7.42;1.15;0.67;0.059709241952232595;0.0347871235721703
Aisin Corp (JP);G7;2010;INDUS;25.29;7.5;1.56;1.17;8.38;INDUS;AUTO;5;25.29;7.5;1.17;1.56;0.046263345195729534;0.06168446026097272
Aisin Corp (JP);G7;2011;INDUS;23.42;7.58;1.25;1.2;8.46;INDUS;AUTO;6;23.42;7.58;1.2;1.25;0.05123825789923142;0.0533731853116994
Aisin Corp (JP);G7;2012;INDUS;24.26;7.7;1.25;1.21;8.77;INDUS;AUTO;7;24.26;7.7;1.21;1.25;0.049876339653751024;0.05152514427040395
Aisin Corp (JP);G7;2013;INDUS;24.77;7.94;1.23;1.22;9.06;INDUS;AUTO;8;24.77;7.94;1.22;1.23;0.04925312878482035;0.04965684295518773
Aisin Corp (JP);G7;2014;INDUS;25.97;8.29;1.25;1.23;9.22;INDUS;AUTO;9;25.97;8.29;1.23;1.25;0.047362341162880246;0.048132460531382364
Aisin Corp (JP);G7;2015;INDUS;27.25;8.5;1.35;1.25;9.5;INDUS;AUTO;10;27.25;8.5;1.25;1.35;0.045871559633027525;0.04954128440366973
Aisin Corp (JP);G7;2016;INDUS;31.5;8.85;1.85;1.42;10.2;INDUS;AUTO;11;31.5;8.85;1.42;1.85;0.04507936507936508;0.05873015873015873
Aisin Corp (JP);G7;2017;INDUS;32.1;9.25;2.15;1.55;11.0;INDUS;AUTO;12;32.1;9.25;1.55;2.15;0.048286604361370715;0.06697819314641744
Aisin Corp (JP);G7;2018;INDUS;35.8;9.65;2.25;1.65;11.5;INDUS;AUTO;13;35.8;9.65;1.65;2.25;0.046089385474860335;0.06284916201117319
Aisin Corp (JP);G7;2019;INDUS;36.45;10.15;1.85;1.75;11.8;INDUS;AUTO;14;36.45;10.15;1.75;1.85;0.04801097393689986;0.050754458161865565
Aisin Corp (JP);G7;2020;INDUS;32.5;10.5;1.25;1.85;12.0;INDUS;AUTO;15;32.5;10.5;1.85;1.25;0.05692307692307692;0.038461538461538464
Aisin Corp (JP);G7;2021;INDUS;35.15;10.85;1.45;1.78;11.8;INDUS;AUTO;16;35.15;10.85;1.78;1.45;0.050640113798008535;0.041251778093883355
Aisin Corp (JP);G7;2022;INDUS;36.8;11.2;1.52;1.82;11.6;INDUS;AUTO;17;36.8;11.2;1.82;1.52;0.04945652173913044;0.04130434782608696
Aisin Corp (JP);G7;2023;INDUS;33.5;11.5;1.45;1.85;11.4;INDUS;AUTO;18;33.5;11.5;1.85;1.45;0.05522388059701493;0.043283582089552235
Aisin Corp (JP);G7;2024;INDUS;35.2;11.85;1.65;1.95;11.6;INDUS;AUTO;19;35.2;11.85;1.95;1.65;0.055397727272727265;0.04687499999999999
Aisino Corp;China;2005;TECH;1.2;0.35;0.12;0.08;0.6;TECH;TECH;0;1.2;0.35;0.08;0.12;0.06666666666666667;0.1
Aisino Corp;China;2006;TECH;1.45;0.42;0.15;0.1;0.68;TECH;TECH;1;1.45;0.42;0.1;0.15;0.06896551724137931;0.10344827586206896
Aisino Corp;China;2007;TECH;1.8;0.5;0.19;0.12;0.75;TECH;TECH;2;1.8;0.5;0.12;0.19;0.06666666666666667;0.10555555555555556
Aisino Corp;China;2008;TECH;2.1;0.6;0.22;0.14;0.83;TECH;TECH;3;2.1;0.6;0.14;0.22;0.06666666666666667;0.10476190476190476
Aisino Corp;China;2009;TECH;2.25;0.68;0.23;0.15;0.9;TECH;TECH;4;2.25;0.68;0.15;0.23;0.06666666666666667;0.10222222222222223
Aisino Corp;China;2010;TECH;2.7;0.78;0.3;0.18;1.0;TECH;TECH;5;2.7;0.78;0.18;0.3;0.06666666666666667;0.1111111111111111
Aisino Corp;China;2011;TECH;3.0;0.85;0.33;0.2;1.05;TECH;TECH;6;3.0;0.85;0.2;0.33;0.06666666666666667;0.11
Aisino Corp;China;2012;TECH;3.2;0.9;0.35;0.21;1.1;TECH;TECH;7;3.2;0.9;0.21;0.35;0.06562499999999999;0.10937499999999999
Aisino Corp;China;2013;TECH;3.4;0.95;0.37;0.22;1.15;TECH;TECH;8;3.4;0.95;0.22;0.37;0.06470588235294118;0.10882352941176471
Aisino Corp;China;2014;TECH;3.5;0.9;0.3;0.2;1.1;TECH;TECH;9;3.5;0.9;0.2;0.3;0.05714285714285715;0.08571428571428572
Aisino Corp;China;2015;INDUS;5.9;0.3;0.5;0.2;1.4;TECH;TECH;10;5.9;0.3;0.2;0.5;0.03389830508474576;0.0847457627118644
Aisino Corp;China;2016;INDUS;6.5;0.3;0.5;0.2;1.5;TECH;TECH;11;6.5;0.3;0.2;0.5;0.03076923076923077;0.07692307692307693
Aisino Corp;China;2017;INDUS;7.4;0.4;0.6;0.3;1.6;TECH;TECH;12;7.4;0.4;0.3;0.6;0.040540540540540536;0.08108108108108107
Aisino Corp;China;2018;INDUS;6.9;0.5;0.5;0.3;1.6;TECH;TECH;13;6.9;0.5;0.3;0.5;0.043478260869565216;0.07246376811594203
Aisino Corp;China;2019;INDUS;6.0;0.5;0.3;0.4;1.4;TECH;TECH;14;6.0;0.5;0.4;0.3;0.06666666666666667;0.049999999999999996
Aisino Corp;China;2020;INDUS;5.5;0.6;0.2;0.3;1.4;TECH;TECH;15;5.5;0.6;0.3;0.2;0.05454545454545454;0.03636363636363637
Aisino Corp;China;2021;INDUS;6.1;0.7;0.3;0.4;1.5;TECH;TECH;16;6.1;0.7;0.4;0.3;0.06557377049180328;0.04918032786885246
Aisino Corp;China;2022;INDUS;5.2;0.8;0.2;0.4;1.2;TECH;TECH;17;5.2;0.8;0.4;0.2;0.07692307692307693;0.038461538461538464
Aisino Corp;China;2023;INDUS;5.1;0.9;0.1;0.3;1.2;TECH;TECH;18;5.1;0.9;0.3;0.1;0.058823529411764705;0.019607843137254905
Aisino Corp;China;2024;INDUS;6.0;1.1;0.2;0.4;1.3;TECH;TECH;19;6.0;1.1;0.4;0.2;0.06666666666666667;0.03333333333333333
AkzoNobel (EU);G7;2005;INDUS;12.32804;3.64492;0.59712;0.4353999999999999;3.86;INDUS;INDUS;0;12.32804;3.64492;0.4353999999999999;0.59712;0.03531786074672048;0.04843592330978809
AkzoNobel (EU);G7;2006;INDUS;12.63536;3.768;0.61544;0.45216;3.97;INDUS;INDUS;1;12.63536;3.768;0.45216;0.61544;0.03578528827037773;0.048707753479125246
AkzoNobel (EU);G7;2007;INDUS;14.35437;4.23639;0.6855;0.50727;4.06;INDUS;INDUS;2;14.35437;4.23639;0.50727;0.6855;0.03533906399235912;0.04775549188156638
AkzoNobel (EU);G7;2008;INDUS;16.4752;4.66307;0.76492;0.54427;4.11;INDUS;INDUS;3;16.4752;4.66307;0.54427;0.76492;0.033035714285714286;0.04642857142857143
AkzoNobel (EU);G7;2009;INDUS;15.30612;4.47474;0.7667;0.5157799999999999;4.22;INDUS;INDUS;4;15.30612;4.47474;0.5157799999999999;0.7667;0.03369763205828779;0.05009107468123862
AkzoNobel (EU);G7;2010;INDUS;19.107660000000003;4.34928;2.00226;0.50388;4.26;INDUS;INDUS;5;19.107660000000003;4.34928;0.50388;2.00226;0.026370575988896597;0.1047883414295628
AkzoNobel (EU);G7;2011;INDUS;18.56928;4.6632;1.6843199999999998;0.52896;4.35;INDUS;INDUS;6;18.56928;4.6632;0.52896;1.6843199999999998;0.02848575712143928;0.09070464767616192
AkzoNobel (EU);G7;2012;INDUS;17.47674;4.39812;1.63322;0.48868;4.44;INDUS;INDUS;7;17.47674;4.39812;0.48868;1.63322;0.027961736571008096;0.09345106696100074
AkzoNobel (EU);G7;2013;INDUS;18.73808;4.59488;1.7928000000000002;0.50464;4.5;INDUS;INDUS;8;18.73808;4.59488;0.50464;1.7928000000000002;0.026931254429482635;0.09567682494684622
AkzoNobel (EU);G7;2014;INDUS;19.1376;4.61163;1.90047;0.51831;4.61;INDUS;INDUS;9;19.1376;4.61163;0.51831;1.90047;0.027083333333333338;0.09930555555555556
AkzoNobel (EU);G7;2015;INDUS;16.539;3.885;1.665;0.444;4.7;INDUS;INDUS;10;16.539;3.885;0.444;1.665;0.026845637583892617;0.10067114093959731
AkzoNobel (EU);G7;2016;INDUS;15.719399999999998;3.6531;1.6605;0.4428;4.6;INDUS;INDUS;11;15.719399999999998;3.6531;0.4428;1.6605;0.028169014084507046;0.10563380281690142
AkzoNobel (EU);G7;2017;INDUS;16.497999999999998;3.616;1.582;0.4519999999999999;4.6;INDUS;INDUS;12;16.497999999999998;3.616;0.4519999999999999;1.582;0.0273972602739726;0.09589041095890413
AkzoNobel (EU);G7;2018;INDUS;10.983300000000002;2.4801;0.9448;0.2362;3.5;INDUS;INDUS;13;10.983300000000002;2.4801;0.2362;0.9448;0.021505376344086016;0.08602150537634407
AkzoNobel (EU);G7;2019;INDUS;10.4067;2.4618;1.119;0.2238;3.4;INDUS;INDUS;14;10.4067;2.4618;0.2238;1.119;0.02150537634408602;0.1075268817204301
AkzoNobel (EU);G7;2020;INDUS;9.707;2.6265999999999994;1.142;0.2284;3.2;INDUS;INDUS;15;9.707;2.6265999999999994;0.2284;1.142;0.02352941176470588;0.1176470588235294
AkzoNobel (EU);G7;2021;INDUS;11.3568;2.6026;1.3013;0.2366;3.3;INDUS;INDUS;16;11.3568;2.6026;0.2366;1.3013;0.020833333333333336;0.11458333333333333
AkzoNobel (EU);G7;2022;INDUS;11.3724;2.4218999999999995;0.8424;0.3158999999999999;3.5;INDUS;INDUS;17;11.3724;2.4218999999999995;0.3158999999999999;0.8424;0.027777777777777766;0.07407407407407407
AkzoNobel (EU);G7;2023;INDUS;11.5774;2.5968;1.082;0.3246;3.5;INDUS;INDUS;18;11.5774;2.5968;0.3246;1.082;0.028037383177570093;0.09345794392523364
AkzoNobel (EU);G7;2024;INDUS;11.7938;2.705;1.2984;0.3246;3.5;INDUS;INDUS;19;11.7938;2.705;0.3246;1.2984;0.027522935779816515;0.11009174311926606
Alibaba;China;2005;TECH;0.45;0.15;0.1;0.05;0.3;TECH;TECH;0;0.45;0.15;0.05;0.1;0.11111111111111112;0.22222222222222224
Alibaba;China;2006;TECH;0.75;0.25;0.2;0.1;0.5;TECH;TECH;1;0.75;0.25;0.1;0.2;0.13333333333333333;0.26666666666666666
Alibaba;China;2007;TECH;1.35;0.45;0.4;0.2;0.85;TECH;TECH;2;1.35;0.45;0.2;0.4;0.14814814814814814;0.2962962962962963
Alibaba;China;2008;TECH;2.1;0.7;0.6;0.35;1.3;TECH;TECH;3;2.1;0.7;0.35;0.6;0.16666666666666666;0.2857142857142857
Alibaba;China;2009;TECH;2.6;0.9;0.75;0.45;1.6;TECH;TECH;4;2.6;0.9;0.45;0.75;0.17307692307692307;0.28846153846153844
Alibaba;China;2010;TECH;4.0;1.4;1.3;0.8;2.3;TECH;TECH;5;4.0;1.4;0.8;1.3;0.2;0.325
Alibaba;China;2011;TECH;7.8;2.5;2.5;1.5;3.5;TECH;TECH;6;7.8;2.5;1.5;2.5;0.19230769230769232;0.32051282051282054
Alibaba;China;2012;TECH;9.2;3.1;3.1;1.8;4.0;TECH;TECH;7;9.2;3.1;1.8;3.1;0.1956521739130435;0.3369565217391305
Alibaba;China;2013;TECH;12.0;3.9;4.5;2.4;4.8;TECH;TECH;8;12.0;3.9;2.4;4.5;0.19999999999999998;0.375
Alibaba;China;2014;TECH;15.0;4.5;5.2;2.8;5.5;TECH;TECH;9;15.0;4.5;2.8;5.2;0.18666666666666665;0.3466666666666667
Alibaba;China;2015;INDUS;20.2;3.9;6.1;2.8;3.5;TECH;TECH;10;20.2;3.9;2.8;6.1;0.1386138613861386;0.30198019801980197
Alibaba;China;2016;INDUS;26.1;5.1;7.5;3.5;3.6;TECH;TECH;11;26.1;5.1;3.5;7.5;0.13409961685823754;0.28735632183908044
Alibaba;China;2017;INDUS;39.2;7.5;11.9;4.2;5.0;TECH;TECH;12;39.2;7.5;4.2;11.9;0.10714285714285714;0.30357142857142855
Alibaba;China;2018;INDUS;61.1;11.2;16.9;5.6;6.6;TECH;TECH;13;61.1;11.2;5.6;16.9;0.09165302782324058;0.276595744680851
Alibaba;China;2019;INDUS;92.8;18.5;19.9;9.2;10.2;TECH;TECH;14;92.8;18.5;9.2;19.9;0.09913793103448275;0.21443965517241378
Alibaba;China;2020;INDUS;127.0;26.3;22.8;10.7;11.8;TECH;TECH;15;127.0;26.3;10.7;22.8;0.084251968503937;0.1795275590551181
Alibaba;China;2021;INDUS;179.9;36.4;22.5;14.4;25.2;TECH;TECH;16;179.9;36.4;14.4;22.5;0.08004446914952751;0.12506948304613674
Alibaba;China;2022;INDUS;224.8;45.3;18.4;14.6;25.5;TECH;TECH;17;224.8;45.3;14.6;18.4;0.06494661921708185;0.08185053380782917
Alibaba;China;2023;INDUS;238.6;48.4;27.6;15.6;23.5;TECH;TECH;18;238.6;48.4;15.6;27.6;0.06538139145012574;0.11567476948868399
Alibaba;China;2024;INDUS;267.0;52.6;33.3;14.8;20.5;TECH;TECH;19;267.0;52.6;14.8;33.3;0.05543071161048689;0.1247191011235955
Allison Transmission (US);G7;2012;INDUS;2.13;0.61;0.52;0.08;0.26;INDUS;AUTO;7;2.13;0.61;0.08;0.52;0.03755868544600939;0.24413145539906106
Allison Transmission (US);G7;2013;INDUS;2.08;0.63;0.51;0.08;0.26;INDUS;AUTO;8;2.08;0.63;0.08;0.51;0.038461538461538464;0.24519230769230768
Allison Transmission (US);G7;2014;INDUS;2.11;0.65;0.56;0.08;0.27;INDUS;AUTO;9;2.11;0.65;0.08;0.56;0.037914691943127965;0.26540284360189575
Allison Transmission (US);G7;2015;INDUS;1.98;0.62;0.49;0.07;0.27;INDUS;AUTO;10;1.98;0.62;0.07;0.49;0.03535353535353536;0.2474747474747475
Allison Transmission (US);G7;2016;INDUS;1.85;0.6;0.48;0.07;0.26;INDUS;AUTO;11;1.85;0.6;0.07;0.48;0.03783783783783784;0.2594594594594594
Allison Transmission (US);G7;2017;INDUS;2.1;0.61;0.61;0.08;0.28;INDUS;AUTO;12;2.1;0.61;0.08;0.61;0.03809523809523809;0.29047619047619044
Allison Transmission (US);G7;2018;INDUS;2.71;0.62;0.87;0.09;0.29;INDUS;AUTO;13;2.71;0.62;0.09;0.87;0.033210332103321034;0.3210332103321033
Allison Transmission (US);G7;2019;INDUS;2.77;0.64;0.9;0.1;0.29;INDUS;AUTO;14;2.77;0.64;0.1;0.9;0.036101083032490974;0.3249097472924188
Allison Transmission (US);G7;2020;INDUS;2.32;0.61;0.68;0.09;0.33;INDUS;AUTO;15;2.32;0.61;0.09;0.68;0.03879310344827586;0.2931034482758621
Allison Transmission (US);G7;2021;INDUS;2.74;0.63;0.84;0.1;0.34;INDUS;AUTO;16;2.74;0.63;0.1;0.84;0.0364963503649635;0.3065693430656934
Allison Transmission (US);G7;2022;INDUS;3.05;0.66;0.95;0.11;0.35;INDUS;AUTO;17;3.05;0.66;0.11;0.95;0.036065573770491806;0.3114754098360656
Allison Transmission (US);G7;2023;INDUS;3.04;0.68;1.01;0.12;0.36;INDUS;AUTO;18;3.04;0.68;0.12;1.01;0.039473684210526314;0.33223684210526316
Allison Transmission (US);G7;2024;INDUS;3.23;0.7;1.06;0.12;0.38;INDUS;AUTO;19;3.23;0.7;0.12;1.06;0.03715170278637771;0.3281733746130031
Alphabet (US);G7;2005;TECH;47.57;17.46;8.39;9.05;3.88;TECH;TECH;0;47.57;17.46;9.05;8.39;0.1902459533319319;0.1763716628126971
Alphabet (US);G7;2006;TECH;51.33;18.34;9.25;9.4;4.08;TECH;TECH;1;51.33;18.34;9.4;9.25;0.183128774595753;0.18020650691603352
Alphabet (US);G7;2007;TECH;53.93;19.44;10.03;9.61;4.26;TECH;TECH;2;53.93;19.44;9.61;10.03;0.1781939551270165;0.18598182829593918
Alphabet (US);G7;2008;TECH;59.25;20.34;11.3;9.78;4.49;TECH;TECH;3;59.25;20.34;9.78;11.3;0.1650632911392405;0.19071729957805908
Alphabet (US);G7;2009;TECH;58.09;21.44;11.89;10.16;4.72;TECH;TECH;4;58.09;21.44;10.16;11.89;0.17490101566534685;0.2046823893957652
Alphabet (US);G7;2010;TECH;61.67;22.28;18.08;10.38;4.94;TECH;TECH;5;61.67;22.28;10.38;18.08;0.16831522620398898;0.29317334198151446
Alphabet (US);G7;2011;TECH;57.1;23.52;14.46;10.69;5.08;TECH;TECH;6;57.1;23.52;10.69;14.46;0.187215411558669;0.2532399299474606
Alphabet (US);G7;2012;TECH;61.68;24.75;15.73;11.04;5.27;TECH;TECH;7;61.68;24.75;11.04;15.73;0.178988326848249;0.25502594033722437
Alphabet (US);G7;2013;TECH;64.73;26.27;16.98;11.4;5.48;TECH;TECH;8;64.73;26.27;11.4;16.98;0.1761161748802719;0.26232040784798394
Alphabet (US);G7;2014;TECH;70.03;27.81;18.37;11.8;5.76;TECH;TECH;9;70.03;27.81;11.8;18.37;0.16849921462230474;0.2623161502213337
Alphabet (US);G7;2015;TECH;75.0;29.0;19.4;12.3;6.1;TECH;TECH;10;75.0;29.0;12.3;19.4;0.164;0.25866666666666666
Alphabet (US);G7;2016;TECH;90.3;34.2;23.7;13.9;7.2;TECH;TECH;11;90.3;34.2;13.9;23.7;0.1539313399778516;0.26245847176079734
Alphabet (US);G7;2017;TECH;110.9;42.3;26.1;16.6;8.0;TECH;TECH;12;110.9;42.3;16.6;26.1;0.1496844003606853;0.23534715960324618
Alphabet (US);G7;2018;TECH;136.8;59.7;26.3;21.4;9.8;TECH;TECH;13;136.8;59.7;21.4;26.3;0.15643274853801167;0.1922514619883041
Alphabet (US);G7;2019;TECH;161.9;71.3;34.2;26.0;11.8;TECH;TECH;14;161.9;71.3;26.0;34.2;0.1605929586164299;0.2112415071031501
Alphabet (US);G7;2020;TECH;182.5;81.5;41.2;27.6;13.5;TECH;TECH;15;182.5;81.5;27.6;41.2;0.15123287671232877;0.22575342465753426
Alphabet (US);G7;2021;TECH;257.6;97.4;78.7;31.5;15.6;TECH;TECH;16;257.6;97.4;31.5;78.7;0.12228260869565216;0.30551242236024845
Alphabet (US);G7;2022;TECH;282.8;103.2;74.8;39.5;19.0;TECH;TECH;17;282.8;103.2;39.5;74.8;0.13967468175388967;0.26449787835926447
Alphabet (US);G7;2023;TECH;307.4;110.5;84.3;45.4;18.2;TECH;TECH;18;307.4;110.5;45.4;84.3;0.147690305790501;0.2742355237475602
Alphabet (US);G7;2024;TECH;328.0;122.1;95.6;48.5;18.0;TECH;TECH;19;328.0;122.1;48.5;95.6;0.14786585365853658;0.2914634146341463
Alstom (EU);G7;2005;INDUS;5.26212;1.1196;0.19904;0.21148;2.29;INDUS;INDUS;0;5.26212;1.1196;0.21148;0.19904;0.04018912529550827;0.037825059101654845
Alstom (EU);G7;2006;INDUS;5.60176;1.16808;0.22608;0.22608;2.36;INDUS;INDUS;1;5.60176;1.16808;0.22608;0.22608;0.04035874439461884;0.04035874439461884
Alstom (EU);G7;2007;INDUS;6.347729999999999;1.30245;0.2742;0.24678;2.42;INDUS;INDUS;2;6.347729999999999;1.30245;0.24678;0.2742;0.0388768898488121;0.04319654427645789
Alstom (EU);G7;2008;INDUS;7.29616;1.42687;0.32362;0.26478;2.46;INDUS;INDUS;3;7.29616;1.42687;0.26478;0.32362;0.036290322580645164;0.04435483870967742
Alstom (EU);G7;2009;INDUS;6.77484;1.3800599999999998;0.32062;0.25092;2.55;INDUS;INDUS;4;6.77484;1.3800599999999998;0.25092;0.32062;0.037037037037037035;0.047325102880658436
Alstom (EU);G7;2010;INDUS;7.98252;1.36578;0.5967;0.25194;2.66;INDUS;INDUS;5;7.98252;1.36578;0.25194;0.5967;0.03156146179401993;0.07475083056478406
Alstom (EU);G7;2011;INDUS;7.753439999999999;1.47552;0.5011199999999999;0.2784;2.7;INDUS;INDUS;6;7.753439999999999;1.47552;0.2784;0.5011199999999999;0.03590664272890485;0.06463195691202872
Alstom (EU);G7;2012;INDUS;7.3945;1.4146;0.4501;0.2572;2.8;INDUS;INDUS;7;7.3945;1.4146;0.2572;0.4501;0.034782608695652174;0.06086956521739131
Alstom (EU);G7;2013;INDUS;7.954720000000001;1.4873600000000002;0.4648;0.2656;2.93;INDUS;INDUS;8;7.954720000000001;1.4873600000000002;0.2656;0.4648;0.0333889816360601;0.05843071786310517
Alstom (EU);G7;2014;INDUS;8.38599;1.52835;0.49173;0.2658;3.04;INDUS;INDUS;9;8.38599;1.52835;0.2658;0.49173;0.03169572107765452;0.05863708399366086
Alstom (EU);G7;2015;INDUS;7.659000000000001;1.332;0.444;0.222;3.1;INDUS;INDUS;10;7.659000000000001;1.332;0.222;0.444;0.02898550724637681;0.05797101449275362
Alstom (EU);G7;2016;INDUS;8.0811;1.4391;0.5535;0.2214;3.3;INDUS;INDUS;11;8.0811;1.4391;0.2214;0.5535;0.027397260273972608;0.06849315068493152
Alstom (EU);G7;2017;INDUS;9.04;1.582;0.4519999999999999;0.2259999999999999;3.3;INDUS;INDUS;12;9.04;1.582;0.2259999999999999;0.4519999999999999;0.02499999999999999;0.049999999999999996
Alstom (EU);G7;2018;INDUS;9.5661;1.6534;0.5905;0.2362;3.5;INDUS;INDUS;13;9.5661;1.6534;0.2362;0.5905;0.024691358024691357;0.06172839506172839
Alstom (EU);G7;2019;INDUS;9.1758;1.6785;0.6714;0.3357;3.6;INDUS;INDUS;14;9.1758;1.6785;0.3357;0.6714;0.036585365853658534;0.07317073170731707
Alstom (EU);G7;2020;INDUS;10.0496;1.8272;0.571;0.3425999999999999;3.9;INDUS;INDUS;15;10.0496;1.8272;0.3425999999999999;0.571;0.03409090909090908;0.056818181818181816
Alstom (EU);G7;2021;INDUS;16.7986;2.4843;0.4732;0.5915;7.1;INDUS;INDUS;16;16.7986;2.4843;0.5915;0.4732;0.035211267605633804;0.028169014084507043
Alstom (EU);G7;2022;INDUS;16.3215;2.4218999999999995;0.3158999999999999;0.6317999999999999;7.4;INDUS;INDUS;17;16.3215;2.4218999999999995;0.6317999999999999;0.3158999999999999;0.038709677419354833;0.019354838709677413
Alstom (EU);G7;2023;INDUS;19.0432;2.705;0.8656000000000001;0.7574;8.0;INDUS;INDUS;18;19.0432;2.705;0.7574;0.8656000000000001;0.03977272727272727;0.04545454545454546
Alstom (EU);G7;2024;INDUS;19.6924;2.9214;1.1902;0.8656000000000001;8.4;INDUS;INDUS;19;19.6924;2.9214;0.8656000000000001;1.1902;0.043956043956043966;0.06043956043956044
Amazon (US);G7;2005;INDUS;64.15;11.59;0.78;8.68;14.81;TECH;TECH;0;64.15;11.59;8.68;0.78;0.13530787217459078;0.01215900233826968
Amazon (US);G7;2006;INDUS;70.42;12.38;0.89;9.03;15.49;TECH;TECH;1;70.42;12.38;9.03;0.89;0.12823061630218688;0.012638454984379438
Amazon (US);G7;2007;INDUS;77.14;13.0;0.98;9.31;16.43;TECH;TECH;2;77.14;13.0;9.31;0.98;0.1206896551724138;0.012704174228675136
Amazon (US);G7;2008;INDUS;82.21;13.87;1.07;9.6;17.39;TECH;TECH;3;82.21;13.87;9.6;1.07;0.11677411507115923;0.01301544824230629
Amazon (US);G7;2009;INDUS;80.6;14.8;1.13;9.77;18.16;TECH;TECH;4;80.6;14.8;9.77;1.13;0.12121588089330025;0.01401985111662531
Amazon (US);G7;2010;INDUS;85.97;15.76;2.15;10.14;18.8;TECH;TECH;5;85.97;15.76;10.14;2.15;0.11794812143771084;0.02500872397347912
Amazon (US);G7;2011;INDUS;79.6;16.87;1.72;10.65;19.59;TECH;TECH;6;79.6;16.87;10.65;1.72;0.13379396984924624;0.021608040201005027
Amazon (US);G7;2012;INDUS;82.32;17.92;1.73;11.06;20.79;TECH;TECH;7;82.32;17.92;11.06;1.73;0.13435374149659865;0.021015549076773568
Amazon (US);G7;2013;INDUS;90.09;18.76;1.96;11.63;21.78;TECH;TECH;8;90.09;18.76;11.63;1.96;0.1290931290931291;0.021756021756021756
Amazon (US);G7;2014;INDUS;97.52;20.06;2.06;12.09;22.15;TECH;TECH;9;97.52;20.06;12.09;2.06;0.12397456931911403;0.021123872026251028
Amazon (US);G7;2015;INDUS;107.0;21.8;2.2;12.5;23.0;TECH;TECH;10;107.0;21.8;12.5;2.2;0.11682242990654206;0.020560747663551402
Amazon (US);G7;2016;INDUS;136.0;29.1;4.2;16.1;34.1;TECH;TECH;11;136.0;29.1;16.1;4.2;0.11838235294117648;0.030882352941176472
Amazon (US);G7;2017;INDUS;177.9;48.8;4.1;22.6;56.6;TECH;TECH;12;177.9;48.8;22.6;4.1;0.12703766160764474;0.023046655424395726
Amazon (US);G7;2018;INDUS;232.9;61.7;12.4;28.8;64.7;TECH;TECH;13;232.9;61.7;28.8;12.4;0.12365822241305281;0.053241734650064404
Amazon (US);G7;2019;INDUS;280.5;97.8;14.5;35.9;79.8;TECH;TECH;14;280.5;97.8;35.9;14.5;0.12798573975044564;0.05169340463458111
Amazon (US);G7;2020;INDUS;386.1;152.8;22.9;40.1;129.8;TECH;TECH;15;386.1;152.8;40.1;22.9;0.10385910385910385;0.0593110593110593
Amazon (US);G7;2021;INDUS;469.8;197.5;24.9;61.1;160.8;TECH;TECH;16;469.8;197.5;61.1;24.9;0.13005534269902086;0.05300127713920817
Amazon (US);G7;2022;INDUS;514.0;225.2;12.2;63.6;154.1;TECH;TECH;17;514.0;225.2;63.6;12.2;0.12373540856031129;0.023735408560311283
Amazon (US);G7;2023;INDUS;574.8;270.0;36.9;52.7;152.5;TECH;TECH;18;574.8;270.0;52.7;36.9;0.09168406402226863;0.06419624217118998
Amazon (US);G7;2024;INDUS;638.0;307.8;60.6;77.5;155.0;TECH;TECH;19;638.0;307.8;77.5;60.6;0.12147335423197492;0.09498432601880878
American Axle (US);G7;2005;INDUS;2.29;0.95;0.17;0.14;1.0;INDUS;AUTO;0;2.29;0.95;0.14;0.17;0.061135371179039305;0.07423580786026202
American Axle (US);G7;2006;INDUS;2.48;0.99;0.18;0.14;1.02;INDUS;AUTO;1;2.48;0.99;0.14;0.18;0.05645161290322581;0.07258064516129031
American Axle (US);G7;2007;INDUS;2.62;1.0;0.19;0.14;1.03;INDUS;AUTO;2;2.62;1.0;0.14;0.19;0.0534351145038168;0.07251908396946564
American Axle (US);G7;2008;INDUS;2.75;1.03;0.21;0.14;1.06;INDUS;AUTO;3;2.75;1.03;0.14;0.21;0.05090909090909091;0.07636363636363636
American Axle (US);G7;2009;INDUS;2.7;1.05;0.22;0.14;1.08;INDUS;AUTO;4;2.7;1.05;0.14;0.22;0.05185185185185185;0.08148148148148147
American Axle (US);G7;2010;INDUS;3.48;1.09;0.51;0.14;1.12;INDUS;AUTO;5;3.48;1.09;0.14;0.51;0.04022988505747127;0.14655172413793105
American Axle (US);G7;2011;INDUS;3.22;1.11;0.41;0.14;1.16;INDUS;AUTO;6;3.22;1.11;0.14;0.41;0.043478260869565216;0.12732919254658384
American Axle (US);G7;2012;INDUS;3.5;1.14;0.44;0.14;1.19;INDUS;AUTO;7;3.5;1.14;0.14;0.44;0.04;0.12571428571428572
American Axle (US);G7;2013;INDUS;3.61;1.19;0.44;0.14;1.22;INDUS;AUTO;8;3.61;1.19;0.14;0.44;0.03878116343490305;0.12188365650969529
American Axle (US);G7;2014;INDUS;3.77;1.22;0.45;0.14;1.26;INDUS;AUTO;9;3.77;1.22;0.14;0.45;0.037135278514588865;0.1193633952254642
American Axle (US);G7;2015;INDUS;3.9;1.25;0.48;0.15;1.3;INDUS;AUTO;10;3.9;1.25;0.15;0.48;0.038461538461538464;0.12307692307692307
American Axle (US);G7;2016;INDUS;3.95;1.32;0.52;0.16;1.35;INDUS;AUTO;11;3.95;1.32;0.16;0.52;0.04050632911392405;0.13164556962025317
American Axle (US);G7;2017;INDUS;6.27;2.15;0.65;0.25;2.5;INDUS;AUTO;12;6.27;2.15;0.25;0.65;0.03987240829346093;0.10366826156299841
American Axle (US);G7;2018;INDUS;7.27;2.35;0.72;0.28;2.65;INDUS;AUTO;13;7.27;2.35;0.28;0.72;0.038514442916093544;0.09903713892709766
American Axle (US);G7;2019;INDUS;6.71;2.25;0.45;0.25;2.45;INDUS;AUTO;14;6.71;2.25;0.25;0.45;0.037257824143070044;0.06706408345752608
American Axle (US);G7;2020;INDUS;4.71;2.15;0.12;0.22;2.15;INDUS;AUTO;15;4.71;2.15;0.22;0.12;0.046709129511677286;0.025477707006369425
American Axle (US);G7;2021;INDUS;5.16;2.05;0.28;0.23;2.05;INDUS;AUTO;16;5.16;2.05;0.23;0.28;0.044573643410852716;0.054263565891472874
American Axle (US);G7;2022;INDUS;5.8;1.95;0.32;0.24;2.15;INDUS;AUTO;17;5.8;1.95;0.24;0.32;0.041379310344827586;0.055172413793103454
American Axle (US);G7;2023;INDUS;6.08;1.85;0.35;0.25;2.1;INDUS;AUTO;18;6.08;1.85;0.25;0.35;0.04111842105263158;0.05756578947368421
American Axle (US);G7;2024;INDUS;6.15;1.92;0.42;0.26;2.15;INDUS;AUTO;19;6.15;1.92;0.26;0.42;0.04227642276422764;0.06829268292682926
Amgen (US);G7;2005;PHARMA;13.94;3.37;3.77;3.0;1.31;PHARMA;PHARMA;0;13.94;3.37;3.0;3.77;0.2152080344332855;0.2704447632711621
Amgen (US);G7;2006;PHARMA;14.41;3.43;3.77;3.06;1.37;PHARMA;PHARMA;1;14.41;3.43;3.06;3.77;0.21235253296322;0.26162387231089523
Amgen (US);G7;2007;PHARMA;15.63;3.52;4.3;3.17;1.42;PHARMA;PHARMA;2;15.63;3.52;3.17;4.3;0.20281509916826615;0.2751119641714651
Amgen (US);G7;2008;PHARMA;17.02;3.67;4.71;3.23;1.48;PHARMA;PHARMA;3;17.02;3.67;3.23;4.71;0.18977673325499414;0.27673325499412454
Amgen (US);G7;2009;PHARMA;16.69;3.86;4.96;3.38;1.5;PHARMA;PHARMA;4;16.69;3.86;3.38;4.96;0.20251647693229477;0.29718394248052726
Amgen (US);G7;2010;PHARMA;19.4;3.94;9.06;3.48;1.57;PHARMA;PHARMA;5;19.4;3.94;3.48;9.06;0.17938144329896907;0.4670103092783506
Amgen (US);G7;2011;PHARMA;17.96;4.11;7.25;3.62;1.61;PHARMA;PHARMA;6;17.96;4.11;3.62;7.25;0.20155902004454343;0.4036748329621381
Amgen (US);G7;2012;PHARMA;18.86;4.29;7.46;3.75;1.67;PHARMA;PHARMA;7;18.86;4.29;3.75;7.46;0.1988335100742312;0.39554612937433725
Amgen (US);G7;2013;PHARMA;20.71;4.45;8.07;3.85;1.69;PHARMA;PHARMA;8;20.71;4.45;3.85;8.07;0.1859005311443747;0.3896668276195075
Amgen (US);G7;2014;PHARMA;21.26;4.66;8.11;3.95;1.72;PHARMA;PHARMA;9;21.26;4.66;3.95;8.11;0.18579492003762935;0.3814675446848541
Amgen (US);G7;2015;PHARMA;21.66;4.85;8.45;4.05;1.8;PHARMA;PHARMA;10;21.66;4.85;4.05;8.45;0.18698060941828254;0.3901200369344413
Amgen (US);G7;2016;PHARMA;22.99;4.95;9.15;3.85;1.9;PHARMA;PHARMA;11;22.99;4.95;3.85;9.15;0.1674641148325359;0.39799913005654636
Amgen (US);G7;2017;PHARMA;22.85;5.15;9.52;3.55;2.0;PHARMA;PHARMA;12;22.85;5.15;3.55;9.52;0.15536105032822756;0.41663019693654263
Amgen (US);G7;2018;PHARMA;23.75;5.05;10.15;3.72;2.1;PHARMA;PHARMA;13;23.75;5.05;3.72;10.15;0.15663157894736843;0.4273684210526316
Amgen (US);G7;2019;PHARMA;23.36;4.92;10.45;4.12;2.3;PHARMA;PHARMA;14;23.36;4.92;4.12;10.45;0.17636986301369864;0.4473458904109589
Amgen (US);G7;2020;PHARMA;25.42;5.15;9.12;4.25;2.4;PHARMA;PHARMA;15;25.42;5.15;4.25;9.12;0.16719118804091265;0.3587726199842643
Amgen (US);G7;2021;PHARMA;25.98;5.35;9.45;4.82;2.4;PHARMA;PHARMA;16;25.98;5.35;4.82;9.45;0.1855273287143957;0.36374133949191684
Amgen (US);G7;2022;PHARMA;26.32;5.52;9.58;4.45;2.5;PHARMA;PHARMA;17;26.32;5.52;4.45;9.58;0.16907294832826747;0.3639817629179331
Amgen (US);G7;2023;PHARMA;28.19;5.85;9.15;4.85;2.7;PHARMA;PHARMA;18;28.19;5.85;4.85;9.15;0.1720468251152891;0.32458318552678256
Amgen (US);G7;2024;PHARMA;29.45;6.15;9.85;5.15;2.8;PHARMA;PHARMA;19;29.45;6.15;5.15;9.85;0.17487266553480477;0.33446519524617996
Amlogic;China;2005;TECH;0.3;0.08;0.02;0.05;0.15;TECH;TECH;0;0.3;0.08;0.05;0.02;0.16666666666666669;0.06666666666666667
Amlogic;China;2006;TECH;0.4;0.1;0.03;0.07;0.2;TECH;TECH;1;0.4;0.1;0.07;0.03;0.17500000000000002;0.075
Amlogic;China;2007;TECH;0.55;0.14;0.05;0.1;0.27;TECH;TECH;2;0.55;0.14;0.1;0.05;0.18181818181818182;0.09090909090909091
Amlogic;China;2008;TECH;0.7;0.18;0.07;0.13;0.33;TECH;TECH;3;0.7;0.18;0.13;0.07;0.18571428571428572;0.10000000000000002
Amlogic;China;2009;TECH;0.75;0.2;0.07;0.14;0.36;TECH;TECH;4;0.75;0.2;0.14;0.07;0.18666666666666668;0.09333333333333334
Amlogic;China;2010;TECH;0.95;0.25;0.11;0.18;0.42;TECH;TECH;5;0.95;0.25;0.18;0.11;0.18947368421052632;0.11578947368421053
Amlogic;China;2011;TECH;1.1;0.29;0.13;0.21;0.47;TECH;TECH;6;1.1;0.29;0.21;0.13;0.1909090909090909;0.11818181818181818
Amlogic;China;2012;TECH;1.25;0.33;0.15;0.24;0.52;TECH;TECH;7;1.25;0.33;0.24;0.15;0.192;0.12
Amlogic;China;2013;TECH;1.5;0.38;0.18;0.28;0.58;TECH;TECH;8;1.5;0.38;0.28;0.18;0.18666666666666668;0.12
Amlogic;China;2014;TECH;1.8;0.4;0.2;0.3;0.65;TECH;TECH;9;1.8;0.4;0.3;0.2;0.16666666666666666;0.11111111111111112
Amlogic;China;2017;INDUS;0.4;0.0;0.1;0.1;0.1;INDUS;TECH;12;0.4;0.0;0.1;0.1;0.25;0.25
Amlogic;China;2018;INDUS;0.5;0.0;0.1;0.1;0.1;INDUS;TECH;13;0.5;0.0;0.1;0.1;0.2;0.2
Amlogic;China;2019;INDUS;0.6;0.1;0.0;0.1;0.2;INDUS;TECH;14;0.6;0.1;0.1;0.0;0.16666666666666669;0.0
Amlogic;China;2020;INDUS;0.7;0.1;0.0;0.1;0.2;INDUS;TECH;15;0.7;0.1;0.1;0.0;0.14285714285714288;0.0
Amlogic;China;2021;INDUS;1.2;0.1;0.2;0.2;0.3;INDUS;TECH;16;1.2;0.1;0.2;0.2;0.16666666666666669;0.16666666666666669
Amlogic;China;2022;INDUS;1.5;0.2;0.2;0.3;0.4;INDUS;TECH;17;1.5;0.2;0.3;0.2;0.19999999999999998;0.13333333333333333
Amlogic;China;2023;INDUS;1.5;0.2;0.1;0.3;0.4;INDUS;TECH;18;1.5;0.2;0.3;0.1;0.19999999999999998;0.06666666666666667
Amlogic;China;2024;INDUS;1.7;0.3;0.2;0.4;0.4;INDUS;TECH;19;1.7;0.3;0.4;0.2;0.23529411764705885;0.11764705882352942
AmorePacific (KR);G7;2005;INDUS;2.24;1.36;0.2;0.1;0.46;INDUS;INDUS;0;2.24;1.36;0.1;0.2;0.044642857142857144;0.08928571428571429
AmorePacific (KR);G7;2006;INDUS;2.37;1.39;0.21;0.1;0.48;INDUS;INDUS;1;2.37;1.39;0.1;0.21;0.04219409282700422;0.08860759493670885
AmorePacific (KR);G7;2007;INDUS;2.52;1.42;0.22;0.1;0.49;INDUS;INDUS;2;2.52;1.42;0.1;0.22;0.03968253968253969;0.0873015873015873
AmorePacific (KR);G7;2008;INDUS;2.57;1.45;0.23;0.1;0.5;INDUS;INDUS;3;2.57;1.45;0.1;0.23;0.03891050583657588;0.08949416342412453
AmorePacific (KR);G7;2009;INDUS;2.52;1.47;0.24;0.1;0.52;INDUS;INDUS;4;2.52;1.47;0.1;0.24;0.03968253968253969;0.09523809523809523
AmorePacific (KR);G7;2010;INDUS;3.5;1.51;0.7;0.1;0.53;INDUS;INDUS;5;3.5;1.51;0.1;0.7;0.028571428571428574;0.19999999999999998
AmorePacific (KR);G7;2011;INDUS;3.24;1.57;0.56;0.1;0.55;INDUS;INDUS;6;3.24;1.57;0.1;0.56;0.030864197530864196;0.17283950617283952
AmorePacific (KR);G7;2012;INDUS;3.52;1.64;0.58;0.1;0.56;INDUS;INDUS;7;3.52;1.64;0.1;0.58;0.02840909090909091;0.16477272727272727
AmorePacific (KR);G7;2013;INDUS;3.64;1.71;0.62;0.1;0.58;INDUS;INDUS;8;3.64;1.71;0.1;0.62;0.027472527472527472;0.17032967032967034
AmorePacific (KR);G7;2014;INDUS;3.83;1.76;0.64;0.1;0.6;INDUS;INDUS;9;3.83;1.76;0.1;0.64;0.026109660574412535;0.1671018276762402
AmorePacific (KR);G7;2015;INDUS;4.1;1.8;0.7;0.1;0.6;INDUS;INDUS;10;4.1;1.8;0.1;0.7;0.02439024390243903;0.17073170731707318
AmorePacific (KR);G7;2016;INDUS;4.8;2.0;0.8;0.1;0.6;INDUS;INDUS;11;4.8;2.0;0.1;0.8;0.020833333333333336;0.16666666666666669
AmorePacific (KR);G7;2017;INDUS;4.3;2.2;0.5;0.1;0.6;INDUS;INDUS;12;4.3;2.2;0.1;0.5;0.023255813953488375;0.11627906976744186
AmorePacific (KR);G7;2018;INDUS;4.4;2.5;0.4;0.1;0.7;INDUS;INDUS;13;4.4;2.5;0.1;0.4;0.022727272727272728;0.09090909090909091
AmorePacific (KR);G7;2019;INDUS;4.6;2.8;0.3;0.1;0.7;INDUS;INDUS;14;4.6;2.8;0.1;0.3;0.02173913043478261;0.06521739130434782
AmorePacific (KR);G7;2020;INDUS;3.8;2.7;0.1;0.1;0.6;INDUS;INDUS;15;3.8;2.7;0.1;0.1;0.026315789473684213;0.026315789473684213
AmorePacific (KR);G7;2021;INDUS;4.1;2.6;0.3;0.1;0.6;INDUS;INDUS;16;4.1;2.6;0.1;0.3;0.02439024390243903;0.07317073170731708
AmorePacific (KR);G7;2022;INDUS;3.5;2.5;0.2;0.1;0.6;INDUS;INDUS;17;3.5;2.5;0.1;0.2;0.028571428571428574;0.05714285714285715
AmorePacific (KR);G7;2023;INDUS;3.2;2.4;0.1;0.1;0.5;INDUS;INDUS;18;3.2;2.4;0.1;0.1;0.03125;0.03125
AmorePacific (KR);G7;2024;INDUS;3.4;2.5;0.2;0.1;0.6;INDUS;INDUS;19;3.4;2.5;0.1;0.2;0.029411764705882356;0.05882352941176471
Analog Devices (US);G7;2005;TECH;2.02;0.37;0.48;0.45;0.55;TECH;TECH;0;2.02;0.37;0.45;0.48;0.22277227722772278;0.2376237623762376
Analog Devices (US);G7;2006;TECH;2.18;0.39;0.54;0.47;0.57;TECH;TECH;1;2.18;0.39;0.47;0.54;0.21559633027522934;0.2477064220183486
Analog Devices (US);G7;2007;TECH;2.35;0.41;0.58;0.48;0.6;TECH;TECH;2;2.35;0.41;0.48;0.58;0.20425531914893616;0.24680851063829784
Analog Devices (US);G7;2008;TECH;2.51;0.43;0.61;0.49;0.63;TECH;TECH;3;2.51;0.43;0.49;0.61;0.19521912350597612;0.24302788844621515
Analog Devices (US);G7;2009;TECH;2.46;0.45;0.64;0.51;0.67;TECH;TECH;4;2.46;0.45;0.51;0.64;0.20731707317073172;0.2601626016260163
Analog Devices (US);G7;2010;TECH;2.7;0.47;1.02;0.53;0.7;TECH;TECH;5;2.7;0.47;0.53;1.02;0.1962962962962963;0.37777777777777777
Analog Devices (US);G7;2011;TECH;2.5;0.5;0.82;0.55;0.73;TECH;TECH;6;2.5;0.5;0.55;0.82;0.22000000000000003;0.32799999999999996
Analog Devices (US);G7;2012;TECH;2.71;0.53;0.88;0.58;0.78;TECH;TECH;7;2.71;0.53;0.58;0.88;0.2140221402214022;0.3247232472324723
Analog Devices (US);G7;2013;TECH;2.93;0.57;0.97;0.6;0.8;TECH;TECH;8;2.93;0.57;0.6;0.97;0.20477815699658702;0.3310580204778157
Analog Devices (US);G7;2014;TECH;3.18;0.61;1.04;0.62;0.85;TECH;TECH;9;3.18;0.61;0.62;1.04;0.19496855345911948;0.3270440251572327
Analog Devices (US);G7;2015;TECH;3.42;0.65;1.15;0.65;0.9;TECH;TECH;10;3.42;0.65;0.65;1.15;0.19005847953216376;0.3362573099415204
Analog Devices (US);G7;2016;TECH;3.41;0.68;1.05;0.68;0.9;TECH;TECH;11;3.41;0.68;0.68;1.05;0.1994134897360704;0.30791788856304986
Analog Devices (US);G7;2017;TECH;5.12;1.15;1.45;0.92;1.5;TECH;TECH;12;5.12;1.15;0.92;1.45;0.1796875;0.283203125
Analog Devices (US);G7;2018;TECH;6.2;1.25;1.95;1.15;1.6;TECH;TECH;13;6.2;1.25;1.15;1.95;0.1854838709677419;0.31451612903225806
Analog Devices (US);G7;2019;TECH;5.99;1.35;1.75;1.12;1.6;TECH;TECH;14;5.99;1.35;1.12;1.75;0.18697829716193656;0.2921535893155259
Analog Devices (US);G7;2020;TECH;5.6;1.45;1.52;1.18;1.5;TECH;TECH;15;5.6;1.45;1.18;1.52;0.21071428571428572;0.27142857142857146
Analog Devices (US);G7;2021;TECH;7.32;1.85;2.15;1.35;2.5;TECH;TECH;16;7.32;1.85;1.35;2.15;0.18442622950819673;0.2937158469945355
Analog Devices (US);G7;2022;TECH;12.01;2.25;3.85;1.85;2.5;TECH;TECH;17;12.01;2.25;1.85;3.85;0.1540383014154871;0.3205661948376353
Analog Devices (US);G7;2023;TECH;12.31;2.45;4.15;1.75;2.6;TECH;TECH;18;12.31;2.45;1.75;4.15;0.1421608448415922;0.3371242891957758
Analog Devices (US);G7;2024;TECH;12.52;2.65;4.45;1.85;2.7;TECH;TECH;19;12.52;2.65;1.85;4.45;0.1477635782747604;0.3554313099041534
Anhui Heli;China;2005;INDUS;0.6;0.3;0.04;0.03;0.35;INDUS;INDUS;0;0.6;0.3;0.03;0.04;0.05;0.06666666666666667
Anhui Heli;China;2006;INDUS;0.75;0.36;0.06;0.04;0.42;INDUS;INDUS;1;0.75;0.36;0.04;0.06;0.05333333333333334;0.08
Anhui Heli;China;2007;INDUS;0.95;0.44;0.08;0.05;0.5;INDUS;INDUS;2;0.95;0.44;0.05;0.08;0.052631578947368425;0.08421052631578949
Anhui Heli;China;2008;INDUS;1.1;0.5;0.1;0.06;0.57;INDUS;INDUS;3;1.1;0.5;0.06;0.1;0.054545454545454536;0.09090909090909091
Anhui Heli;China;2009;INDUS;1.05;0.53;0.08;0.06;0.55;INDUS;INDUS;4;1.05;0.53;0.06;0.08;0.05714285714285714;0.07619047619047618
Anhui Heli;China;2010;INDUS;1.35;0.62;0.13;0.08;0.65;INDUS;INDUS;5;1.35;0.62;0.08;0.13;0.059259259259259255;0.0962962962962963
Anhui Heli;China;2011;INDUS;1.6;0.72;0.15;0.09;0.73;INDUS;INDUS;6;1.6;0.72;0.09;0.15;0.056249999999999994;0.09374999999999999
Anhui Heli;China;2012;INDUS;1.75;0.79;0.16;0.1;0.78;INDUS;INDUS;7;1.75;0.79;0.1;0.16;0.05714285714285715;0.09142857142857143
Anhui Heli;China;2013;INDUS;1.95;0.88;0.18;0.11;0.85;INDUS;INDUS;8;1.95;0.88;0.11;0.18;0.05641025641025641;0.09230769230769231
Anhui Heli;China;2014;INDUS;2.2;1.0;0.15;0.1;0.9;INDUS;INDUS;9;2.2;1.0;0.1;0.15;0.045454545454545456;0.06818181818181818
Anhui Heli;China;2015;INDUS;1.5;0.5;0.1;0.1;0.8;INDUS;INDUS;10;1.5;0.5;0.1;0.1;0.06666666666666667;0.06666666666666667
Anhui Heli;China;2016;INDUS;1.6;0.5;0.1;0.1;0.8;INDUS;INDUS;11;1.6;0.5;0.1;0.1;0.0625;0.0625
Anhui Heli;China;2017;INDUS;2.1;0.6;0.2;0.1;0.8;INDUS;INDUS;12;2.1;0.6;0.1;0.2;0.047619047619047616;0.09523809523809523
Anhui Heli;China;2018;INDUS;2.4;0.7;0.2;0.1;0.8;INDUS;INDUS;13;2.4;0.7;0.1;0.2;0.04166666666666667;0.08333333333333334
Anhui Heli;China;2019;INDUS;2.5;0.8;0.2;0.1;0.9;INDUS;INDUS;14;2.5;0.8;0.1;0.2;0.04;0.08
Anhui Heli;China;2020;INDUS;3.2;1.0;0.2;0.1;0.9;INDUS;INDUS;15;3.2;1.0;0.1;0.2;0.03125;0.0625
Anhui Heli;China;2021;INDUS;3.9;1.1;0.3;0.2;1.0;INDUS;INDUS;16;3.9;1.1;0.2;0.3;0.05128205128205129;0.07692307692307693
Anhui Heli;China;2022;INDUS;4.1;1.3;0.3;0.2;0.9;INDUS;INDUS;17;4.1;1.3;0.2;0.3;0.04878048780487806;0.07317073170731708
Anhui Heli;China;2023;INDUS;4.8;1.6;0.5;0.2;1.0;INDUS;INDUS;18;4.8;1.6;0.2;0.5;0.04166666666666667;0.10416666666666667
Anhui Heli;China;2024;INDUS;5.4;1.8;0.6;0.3;1.0;INDUS;INDUS;19;5.4;1.8;0.3;0.6;0.05555555555555555;0.1111111111111111
Apple (US);G7;2005;TECH;13.93;0.5;1.7;0.53;14.0;TECH;TECH;0;13.93;0.5;0.53;1.7;0.03804737975592247;0.12203876525484565
Apple (US);G7;2006;TECH;19.32;0.8;2.3;0.71;17.0;TECH;TECH;1;19.32;0.8;0.71;2.3;0.03674948240165631;0.11904761904761904
Apple (US);G7;2007;TECH;24.58;1.2;3.5;0.78;21.0;TECH;TECH;2;24.58;1.2;0.78;3.5;0.03173311635475997;0.14239218877135884
Apple (US);G7;2008;TECH;32.48;2.0;6.1;1.11;32.0;TECH;TECH;3;32.48;2.0;1.11;6.1;0.03417487684729065;0.18780788177339902
Apple (US);G7;2009;TECH;42.91;2.9;8.3;1.33;34.0;TECH;TECH;4;42.91;2.9;1.33;8.3;0.030995106035889074;0.19342810533675137
Apple (US);G7;2010;TECH;65.23;4.8;18.4;1.78;46.0;TECH;TECH;5;65.23;4.8;1.78;18.4;0.027288057642189174;0.28207879809903413
Apple (US);G7;2011;TECH;108.25;7.7;33.8;2.43;60.0;TECH;TECH;6;108.25;7.7;2.43;33.8;0.022448036951501157;0.31224018475750576
Apple (US);G7;2012;TECH;156.51;15.5;55.2;3.38;72.0;TECH;TECH;7;156.51;15.5;3.38;55.2;0.02159606414925564;0.3526931186505655
Apple (US);G7;2013;TECH;170.91;20.6;49.0;4.54;80.0;TECH;TECH;8;170.91;20.6;4.54;49.0;0.026563688491018665;0.2867006026563689
Apple (US);G7;2014;TECH;182.79;20.6;52.5;6.04;92.0;TECH;TECH;9;182.79;20.6;6.04;52.5;0.03304338311723836;0.28721483669785003
Apple (US);G7;2015;TECH;233.72;22.5;71.2;8.1;110.0;TECH;TECH;10;233.72;22.5;8.1;71.2;0.03465685435563923;0.3046380284100633
Apple (US);G7;2016;TECH;215.64;27.0;60.0;10.05;116.0;TECH;TECH;11;215.64;27.0;10.05;60.0;0.04660545353366723;0.2782415136338342
Apple (US);G7;2017;TECH;229.23;33.8;61.3;11.58;123.0;TECH;TECH;12;229.23;33.8;11.58;61.3;0.05051694804344981;0.26741700475504954
Apple (US);G7;2018;TECH;265.59;37.4;70.9;14.24;132.0;TECH;TECH;13;265.59;37.4;14.24;70.9;0.05361647652396552;0.26695282201890136
Apple (US);G7;2019;TECH;260.17;37.4;63.9;16.22;137.0;TECH;TECH;14;260.17;37.4;16.22;63.9;0.06234385209670599;0.24560864050428563
Apple (US);G7;2020;TECH;274.52;36.8;66.3;18.75;147.0;TECH;TECH;15;274.52;36.8;18.75;66.3;0.06830103453300307;0.2415124581086988
Apple (US);G7;2021;TECH;365.82;39.4;108.9;21.91;154.0;TECH;TECH;16;365.82;39.4;21.91;108.9;0.05989284347493303;0.29768738723962607
Apple (US);G7;2022;TECH;394.33;42.1;119.4;26.25;164.0;TECH;TECH;17;394.33;42.1;26.25;119.4;0.06656861004742222;0.30279207770141764
Apple (US);G7;2023;TECH;383.29;43.7;114.3;29.91;161.0;TECH;TECH;18;383.29;43.7;29.91;114.3;0.07803490829398106;0.29820762347047924
Apple (US);G7;2024;TECH;391.04;45.0;123.2;31.37;164.0;TECH;TECH;19;391.04;45.0;31.37;123.2;0.08022197217675942;0.3150572831423895
Applied Materials;G7;2005;TECH;4.88;0.42;0.4;0.9;0.87;TECH;TECH;0;4.88;0.42;0.9;0.4;0.18442622950819673;0.0819672131147541
Applied Materials;G7;2006;TECH;5.36;0.44;0.46;0.95;0.93;TECH;TECH;1;5.36;0.44;0.95;0.46;0.17723880597014924;0.08582089552238806
Applied Materials;G7;2007;TECH;5.93;0.47;0.53;0.99;0.98;TECH;TECH;2;5.93;0.47;0.99;0.53;0.16694772344013492;0.08937605396290052
Applied Materials;G7;2008;TECH;6.33;0.5;0.56;1.03;1.04;TECH;TECH;3;6.33;0.5;1.03;0.56;0.1627172195892575;0.08846761453396525
Applied Materials;G7;2009;TECH;6.21;0.54;0.59;1.1;1.11;TECH;TECH;4;6.21;0.54;1.1;0.59;0.17713365539452497;0.09500805152979065
Applied Materials;G7;2010;TECH;7.31;0.58;1.45;1.16;1.16;TECH;TECH;5;7.31;0.58;1.16;1.45;0.15868673050615595;0.19835841313269495
Applied Materials;G7;2011;TECH;6.77;0.62;1.16;1.23;1.22;TECH;TECH;6;6.77;0.62;1.23;1.16;0.18168389955686853;0.17134416543574593
Applied Materials;G7;2012;TECH;7.43;0.65;1.25;1.29;1.29;TECH;TECH;7;7.43;0.65;1.29;1.25;0.1736204576043069;0.16823687752355318
Applied Materials;G7;2013;TECH;8.21;0.69;1.4;1.36;1.35;TECH;TECH;8;8.21;0.69;1.36;1.4;0.16565164433617538;0.17052375152253346
Applied Materials;G7;2014;TECH;8.97;0.76;1.6;1.43;1.41;TECH;TECH;9;8.97;0.76;1.43;1.6;0.15942028985507245;0.17837235228539577
Applied Materials;G7;2015;TECH;9.7;0.8;1.7;1.5;1.5;TECH;TECH;10;9.7;0.8;1.5;1.7;0.15463917525773196;0.1752577319587629
Applied Materials;G7;2016;TECH;10.8;0.8;2.1;1.7;1.6;TECH;TECH;11;10.8;0.8;1.7;2.1;0.15740740740740738;0.19444444444444445
Applied Materials;G7;2017;TECH;14.5;0.9;3.9;1.8;1.8;TECH;TECH;12;14.5;0.9;1.8;3.9;0.12413793103448276;0.2689655172413793
Applied Materials;G7;2018;TECH;17.3;1.1;4.6;2.0;2.1;TECH;TECH;13;17.3;1.1;2.0;4.6;0.11560693641618497;0.2658959537572254
Applied Materials;G7;2019;TECH;14.6;1.2;3.3;2.1;2.2;TECH;TECH;14;14.6;1.2;2.1;3.3;0.14383561643835618;0.22602739726027396
Applied Materials;G7;2020;TECH;17.2;1.4;4.4;2.2;2.4;TECH;TECH;15;17.2;1.4;2.2;4.4;0.12790697674418605;0.2558139534883721
Applied Materials;G7;2021;TECH;23.1;1.6;6.9;2.5;2.7;TECH;TECH;16;23.1;1.6;2.5;6.9;0.10822510822510822;0.2987012987012987
Applied Materials;G7;2022;TECH;25.8;1.9;7.8;2.8;3.3;TECH;TECH;17;25.8;1.9;2.8;7.8;0.10852713178294572;0.3023255813953488
Applied Materials;G7;2023;TECH;26.5;2.1;7.7;3.0;3.4;TECH;TECH;18;26.5;2.1;3.0;7.7;0.11320754716981132;0.29056603773584905
Applied Materials;G7;2024;TECH;27.2;2.3;8.1;3.2;3.5;TECH;TECH;19;27.2;2.3;3.2;8.1;0.11764705882352942;0.2977941176470588
Aptiv (US);G7;2011;INDUS;14.25;2.15;1.12;1.05;11.69;INDUS;AUTO;6;14.25;2.15;1.05;1.12;0.0736842105263158;0.07859649122807018
Aptiv (US);G7;2012;INDUS;15.51;2.28;1.24;1.15;11.97;INDUS;AUTO;7;15.51;2.28;1.15;1.24;0.07414571244358478;0.07994842037395229
Aptiv (US);G7;2013;INDUS;16.45;2.41;1.38;1.25;12.15;INDUS;AUTO;8;16.45;2.41;1.25;1.38;0.07598784194528875;0.08389057750759878
Aptiv (US);G7;2014;INDUS;17.01;2.55;1.45;1.35;12.53;INDUS;AUTO;9;17.01;2.55;1.35;1.45;0.07936507936507936;0.08524397413286301
Aptiv (US);G7;2015;INDUS;15.21;2.42;1.32;1.35;12.9;INDUS;AUTO;10;15.21;2.42;1.35;1.32;0.08875739644970414;0.08678500986193294
Aptiv (US);G7;2016;INDUS;16.66;2.6;1.41;1.4;14.5;INDUS;AUTO;11;16.66;2.6;1.4;1.41;0.08403361344537814;0.08463385354141656
Aptiv (US);G7;2017;INDUS;12.88;2.8;1.25;1.4;14.7;INDUS;AUTO;12;12.88;2.8;1.4;1.25;0.10869565217391303;0.09704968944099378
Aptiv (US);G7;2018;INDUS;14.43;3.17;1.33;1.45;16.2;INDUS;AUTO;13;14.43;3.17;1.45;1.33;0.10048510048510048;0.09216909216909218
Aptiv (US);G7;2019;INDUS;14.4;3.45;1.28;1.5;16.0;INDUS;AUTO;14;14.4;3.45;1.5;1.28;0.10416666666666666;0.08888888888888889
Aptiv (US);G7;2020;INDUS;13.1;3.32;0.85;1.4;15.1;INDUS;AUTO;15;13.1;3.32;1.4;0.85;0.10687022900763359;0.0648854961832061
Aptiv (US);G7;2021;INDUS;15.62;3.55;1.05;1.55;15.5;INDUS;AUTO;16;15.62;3.55;1.55;1.05;0.09923175416133163;0.06722151088348272
Aptiv (US);G7;2022;INDUS;17.54;3.85;1.18;1.7;16.0;INDUS;AUTO;17;17.54;3.85;1.7;1.18;0.09692132269099202;0.06727480045610035
Aptiv (US);G7;2023;INDUS;20.05;4.12;1.55;1.85;15.4;INDUS;AUTO;18;20.05;4.12;1.85;1.55;0.09226932668329177;0.0773067331670823
Aptiv (US);G7;2024;INDUS;19.71;4.3;1.84;1.95;15.2;INDUS;AUTO;19;19.71;4.3;1.95;1.84;0.0989345509893455;0.09335362760020294
Arista Networks;US;2005;TECH;0.01;0.0;-0.007;0.007;;TECH;TECH;0;0.01;0.0;0.007;-0.007;0.7;-0.7
Arista Networks;US;2006;TECH;0.02;0.0;-0.007;0.008;;TECH;TECH;1;0.02;0.0;0.008;-0.007;0.4;-0.35
Arista Networks;US;2007;TECH;0.03;0.0;-0.008;0.01;;TECH;TECH;2;0.03;0.0;0.01;-0.008;0.33333333333333337;-0.26666666666666666
Arista Networks;US;2008;TECH;0.04;0.0;-0.008;0.011;;TECH;TECH;3;0.04;0.0;0.011;-0.008;0.27499999999999997;-0.2
Arista Networks;US;2009;TECH;0.06;0.0;-0.008;0.013;;TECH;TECH;4;0.06;0.0;0.013;-0.008;0.21666666666666667;-0.13333333333333333
Arista Networks;US;2010;TECH;0.09;0.0;-0.009;0.014;;TECH;TECH;5;0.09;0.0;0.014;-0.009;0.15555555555555556;-0.09999999999999999
Arista Networks;US;2011;TECH;0.14;0.0;-0.009;0.016;;TECH;TECH;6;0.14;0.0;0.016;-0.009;0.11428571428571428;-0.06428571428571428
Arista Networks;US;2012;TECH;0.22;0.0;-0.009;0.017;;TECH;TECH;7;0.22;0.0;0.017;-0.009;0.07727272727272728;-0.04090909090909091
Arista Networks;US;2013;TECH;0.36;0.0;0.025;0.035;;TECH;TECH;8;0.36;0.0;0.035;0.025;0.09722222222222224;0.06944444444444445
Arista Networks;US;2014;TECH;0.584;0.072;0.149;0.055;;TECH;TECH;9;0.584;0.072;0.055;0.149;0.09417808219178082;0.2551369863013699
Arista Networks;US;2015;TECH;0.838;0.079;0.243;0.074;;TECH;TECH;10;0.838;0.079;0.074;0.243;0.0883054892601432;0.28997613365155134
Arista Networks;US;2016;TECH;1.129;0.092;0.273;0.099;;TECH;TECH;11;1.129;0.092;0.099;0.273;0.08768821966341896;0.241806908768822
Arista Networks;US;2017;TECH;1.646;0.122;0.394;0.118;;TECH;TECH;12;1.646;0.122;0.118;0.394;0.07168894289185905;0.23936816524908872
Arista Networks;US;2018;TECH;2.151;0.146;0.463;0.149;;TECH;TECH;13;2.151;0.146;0.149;0.463;0.0692701069270107;0.21524872152487218
Arista Networks;US;2019;TECH;2.411;0.184;0.487;0.185;;TECH;TECH;14;2.411;0.184;0.185;0.487;0.0767316466196599;0.20199087515553713
Arista Networks;US;2020;TECH;2.318;0.242;0.296;0.206;;TECH;TECH;15;2.318;0.242;0.206;0.296;0.08886971527178601;0.12769628990509058
Arista Networks;US;2021;TECH;2.948;0.35;0.369;0.274;;TECH;TECH;16;2.948;0.35;0.274;0.369;0.09294436906377206;0.1251696065128901
Arista Networks;US;2022;TECH;4.381;0.48;0.42;0.369;;TECH;TECH;17;4.381;0.48;0.369;0.42;0.0842273453549418;0.09586852316822643
Arista Networks;US;2023;TECH;5.86;0.587;0.728;0.518;;TECH;TECH;18;5.86;0.587;0.518;0.728;0.08839590443686006;0.12423208191126278
Arista Networks;US;2024;TECH;7.003;0.7;0.855;0.55;;TECH;TECH;19;7.003;0.7;0.55;0.855;0.07853776952734542;0.12209053262887333
Arkema (EU);G7;2005;INDUS;6.966399999999999;3.28416;0.32344;0.23636;1.66;INDUS;INDUS;0;6.966399999999999;3.28416;0.23636;0.32344;0.03392857142857143;0.04642857142857144
Arkema (EU);G7;2006;INDUS;7.209440000000001;3.3912000000000004;0.32656;0.23864;1.73;INDUS;INDUS;1;7.209440000000001;3.3912000000000004;0.23864;0.32656;0.033101045296167246;0.045296167247386755
Arkema (EU);G7;2007;INDUS;8.18487;3.79767;0.37017;0.26049;1.75;INDUS;INDUS;2;8.18487;3.79767;0.26049;0.37017;0.031825795644891124;0.04522613065326633
Arkema (EU);G7;2008;INDUS;9.17904;4.07467;0.4265899999999999;0.27949;1.78;INDUS;INDUS;3;9.17904;4.07467;0.27949;0.4265899999999999;0.030448717948717948;0.04647435897435896
Arkema (EU);G7;2009;INDUS;8.531279999999999;3.95896;0.4321399999999999;0.26486;1.81;INDUS;INDUS;4;8.531279999999999;3.95896;0.26486;0.4321399999999999;0.03104575163398693;0.050653594771241824
Arkema (EU);G7;2010;INDUS;10.62126;3.85866;0.98124;0.25194;1.83;INDUS;INDUS;5;10.62126;3.85866;0.25194;0.98124;0.023720349563046195;0.09238451935081149
Arkema (EU);G7;2011;INDUS;10.32864;4.1064;0.8212799999999999;0.26448;1.83;INDUS;INDUS;6;10.32864;4.1064;0.26448;0.8212799999999999;0.025606469002695417;0.07951482479784365
Arkema (EU);G7;2012;INDUS;9.56784;3.88372;0.7716;0.2572;1.84;INDUS;INDUS;7;9.56784;3.88372;0.2572;0.7716;0.026881720430107524;0.08064516129032258
Arkema (EU);G7;2013;INDUS;10.43808;4.0504;0.8233600000000001;0.2656;1.86;INDUS;INDUS;8;10.43808;4.0504;0.2656;0.8233600000000001;0.025445292620865142;0.07888040712468194
Arkema (EU);G7;2014;INDUS;10.7649;4.17306;0.87714;0.2658;1.88;INDUS;INDUS;9;10.7649;4.17306;0.2658;0.87714;0.024691358024691353;0.08148148148148147
Arkema (EU);G7;2015;INDUS;9.435;3.5520000000000005;0.777;0.222;1.9;INDUS;INDUS;10;9.435;3.5520000000000005;0.222;0.777;0.023529411764705882;0.08235294117647059
Arkema (EU);G7;2016;INDUS;9.1881;3.6531;0.8856;0.2214;2.0;INDUS;INDUS;11;9.1881;3.6531;0.2214;0.8856;0.024096385542168676;0.0963855421686747
Arkema (EU);G7;2017;INDUS;10.396;3.842;1.243;0.2259999999999999;2.0;INDUS;INDUS;12;10.396;3.842;0.2259999999999999;1.243;0.021739130434782598;0.11956521739130435
Arkema (EU);G7;2018;INDUS;11.4557;4.1335;1.181;0.2362;2.1;INDUS;INDUS;13;11.4557;4.1335;0.2362;1.181;0.020618556701030927;0.10309278350515465
Arkema (EU);G7;2019;INDUS;10.7424;4.2522;1.0071;0.3357;2.1;INDUS;INDUS;14;10.7424;4.2522;0.3357;1.0071;0.03125;0.09375000000000001
Arkema (EU);G7;2020;INDUS;10.0496;4.682199999999999;0.6851999999999999;0.3425999999999999;2.1;INDUS;INDUS;15;10.0496;4.682199999999999;0.3425999999999999;0.6851999999999999;0.03409090909090908;0.06818181818181818
Arkema (EU);G7;2021;INDUS;13.1313;5.0869;1.6562;0.3549;2.1;INDUS;INDUS;16;13.1313;5.0869;0.3549;1.6562;0.02702702702702703;0.12612612612612611
Arkema (EU);G7;2022;INDUS;13.1625;4.7385;1.5795;0.3158999999999999;2.2;INDUS;INDUS;17;13.1625;4.7385;0.3158999999999999;1.5795;0.023999999999999994;0.12
Arkema (EU);G7;2023;INDUS;11.361;4.760800000000001;0.9738;0.3246;2.1;INDUS;INDUS;18;11.361;4.760800000000001;0.3246;0.9738;0.02857142857142857;0.08571428571428572
Arkema (EU);G7;2024;INDUS;11.6856;4.6526000000000005;1.1902;0.3246;2.1;INDUS;INDUS;19;11.6856;4.6526000000000005;0.3246;1.1902;0.027777777777777776;0.10185185185185183
Asahi Kasei (JP);G7;2005;INDUS;12.5;6.8;0.65;0.4;2.8;INDUS;INDUS;0;12.5;6.8;0.4;0.65;0.032;0.052000000000000005
Asahi Kasei (JP);G7;2006;INDUS;13.2;7.1;0.72;0.43;2.9;INDUS;INDUS;1;13.2;7.1;0.43;0.72;0.03257575757575758;0.05454545454545455
Asahi Kasei (JP);G7;2007;INDUS;14.0;7.5;0.8;0.46;3.0;INDUS;INDUS;2;14.0;7.5;0.46;0.8;0.032857142857142856;0.05714285714285715
Asahi Kasei (JP);G7;2008;INDUS;14.5;7.8;0.85;0.48;3.1;INDUS;INDUS;3;14.5;7.8;0.48;0.85;0.03310344827586207;0.05862068965517241
Asahi Kasei (JP);G7;2009;INDUS;12.8;7.2;0.5;0.42;2.85;INDUS;INDUS;4;12.8;7.2;0.42;0.5;0.032812499999999994;0.0390625
Asahi Kasei (JP);G7;2010;INDUS;15.1;8.0;0.9;0.5;3.05;INDUS;INDUS;5;15.1;8.0;0.5;0.9;0.033112582781456956;0.05960264900662252
Asahi Kasei (JP);G7;2011;INDUS;16.2;8.5;1.0;0.53;3.15;INDUS;INDUS;6;16.2;8.5;0.53;1.0;0.03271604938271605;0.0617283950617284
Asahi Kasei (JP);G7;2012;INDUS;15.8;8.4;0.95;0.52;3.1;INDUS;INDUS;7;15.8;8.4;0.52;0.95;0.03291139240506329;0.06012658227848101
Asahi Kasei (JP);G7;2013;INDUS;16.5;8.8;1.05;0.55;3.15;INDUS;INDUS;8;16.5;8.8;0.55;1.05;0.03333333333333333;0.06363636363636364
Asahi Kasei (JP);G7;2014;INDUS;17.5;9.2;1.1;0.55;3.1;INDUS;INDUS;9;17.5;9.2;0.55;1.1;0.03142857142857143;0.06285714285714286
Asahi Kasei (JP);G7;2015;INDUS;16.15;5.85;1.35;0.65;3.25;INDUS;INDUS;10;16.15;5.85;0.65;1.35;0.04024767801857586;0.08359133126934985
Asahi Kasei (JP);G7;2016;INDUS;16.45;6.15;1.45;0.68;3.35;INDUS;INDUS;11;16.45;6.15;0.68;1.45;0.04133738601823709;0.08814589665653495
Asahi Kasei (JP);G7;2017;INDUS;17.15;6.45;1.55;0.72;3.45;INDUS;INDUS;12;17.15;6.45;0.72;1.55;0.04198250728862974;0.0903790087463557
Asahi Kasei (JP);G7;2018;INDUS;17.85;6.85;1.65;0.75;3.55;INDUS;INDUS;13;17.85;6.85;0.75;1.65;0.04201680672268907;0.09243697478991596
Asahi Kasei (JP);G7;2019;INDUS;18.15;7.15;1.75;0.78;3.65;INDUS;INDUS;14;18.15;7.15;0.78;1.75;0.042975206611570255;0.09641873278236915
Asahi Kasei (JP);G7;2020;INDUS;17.52;7.45;1.45;0.75;3.45;INDUS;INDUS;15;17.52;7.45;0.75;1.45;0.04280821917808219;0.08276255707762557
Asahi Kasei (JP);G7;2021;INDUS;19.15;7.85;1.85;0.82;3.65;INDUS;INDUS;16;19.15;7.85;0.82;1.85;0.042819843342036555;0.09660574412532638
Asahi Kasei (JP);G7;2022;INDUS;21.45;8.45;1.52;0.88;3.85;INDUS;INDUS;17;21.45;8.45;0.88;1.52;0.041025641025641026;0.07086247086247087
Asahi Kasei (JP);G7;2023;INDUS;19.85;8.85;1.15;0.85;3.72;INDUS;INDUS;18;19.85;8.85;0.85;1.15;0.04282115869017632;0.057934508816120896
Asahi Kasei (JP);G7;2024;INDUS;20.85;9.25;1.65;0.92;3.95;INDUS;INDUS;19;20.85;9.25;0.92;1.65;0.044124700239808155;0.07913669064748201
Astellas (JP);G7;2005;PHARMA;8.54;3.07;0.95;1.18;1.18;PHARMA;PHARMA;0;8.54;3.07;1.18;0.95;0.13817330210772835;0.11124121779859486
Astellas (JP);G7;2006;PHARMA;8.93;3.15;0.96;1.18;1.22;PHARMA;PHARMA;1;8.93;3.15;1.18;0.96;0.13213885778275475;0.10750279955207166
Astellas (JP);G7;2007;PHARMA;9.47;3.27;0.99;1.21;1.26;PHARMA;PHARMA;2;9.47;3.27;1.21;0.99;0.12777191129883841;0.10454065469904962
Astellas (JP);G7;2008;PHARMA;10.04;3.37;1.01;1.25;1.28;PHARMA;PHARMA;3;10.04;3.37;1.25;1.01;0.12450199203187252;0.100597609561753
Astellas (JP);G7;2009;PHARMA;9.84;3.44;1.06;1.28;1.31;PHARMA;PHARMA;4;9.84;3.44;1.28;1.06;0.13008130081300814;0.10772357723577236
Astellas (JP);G7;2010;PHARMA;10.83;3.51;2.03;1.32;1.37;PHARMA;PHARMA;5;10.83;3.51;1.32;2.03;0.12188365650969529;0.18744228993536471
Astellas (JP);G7;2011;PHARMA;10.03;3.64;1.62;1.35;1.4;PHARMA;PHARMA;6;10.03;3.64;1.35;1.62;0.1345962113659023;0.16151545363908276
Astellas (JP);G7;2012;PHARMA;10.41;3.77;1.64;1.4;1.42;PHARMA;PHARMA;7;10.41;3.77;1.4;1.64;0.1344860710854947;0.15754082612872236
Astellas (JP);G7;2013;PHARMA;11.01;3.94;1.71;1.42;1.49;PHARMA;PHARMA;8;11.01;3.94;1.42;1.71;0.12897366030881016;0.1553133514986376
Astellas (JP);G7;2014;PHARMA;11.12;4.06;1.66;1.45;1.54;PHARMA;PHARMA;9;11.12;4.06;1.45;1.66;0.1303956834532374;0.14928057553956836
Astellas (JP);G7;2015;PHARMA;11.45;2.15;2.25;1.85;1.7;PHARMA;PHARMA;10;11.45;2.15;1.85;2.25;0.16157205240174674;0.19650655021834063
Astellas (JP);G7;2016;PHARMA;11.15;2.05;2.15;1.82;1.72;PHARMA;PHARMA;11;11.15;2.05;1.82;2.15;0.16322869955156952;0.1928251121076233
Astellas (JP);G7;2017;PHARMA;11.85;2.25;2.45;1.88;1.75;PHARMA;PHARMA;12;11.85;2.25;1.88;2.45;0.15864978902953586;0.2067510548523207
Astellas (JP);G7;2018;PHARMA;12.15;2.35;2.55;1.92;1.7;PHARMA;PHARMA;13;12.15;2.35;1.92;2.55;0.1580246913580247;0.20987654320987653
Astellas (JP);G7;2019;PHARMA;11.85;2.45;2.25;1.95;1.65;PHARMA;PHARMA;14;11.85;2.45;1.95;2.25;0.16455696202531644;0.189873417721519
Astellas (JP);G7;2020;PHARMA;11.52;2.55;2.15;2.05;1.58;PHARMA;PHARMA;15;11.52;2.55;2.05;2.15;0.17795138888888887;0.18663194444444445
Astellas (JP);G7;2021;PHARMA;12.45;2.65;2.52;2.15;1.52;PHARMA;PHARMA;16;12.45;2.65;2.15;2.52;0.17269076305220885;0.20240963855421687
Astellas (JP);G7;2022;PHARMA;13.12;2.85;2.85;2.25;1.48;PHARMA;PHARMA;17;13.12;2.85;2.25;2.85;0.1714939024390244;0.2172256097560976
Astellas (JP);G7;2023;PHARMA;12.85;2.92;2.45;2.32;1.45;PHARMA;PHARMA;18;12.85;2.92;2.32;2.45;0.18054474708171206;0.1906614785992218
Astellas (JP);G7;2024;PHARMA;13.52;3.15;2.92;2.45;1.52;PHARMA;PHARMA;19;13.52;3.15;2.45;2.92;0.1812130177514793;0.21597633136094674
AstraZeneca (EU);G7;2005;PHARMA;14.94;4.14;1.29;4.51;4.44;PHARMA;PHARMA;0;14.94;4.14;4.51;1.29;0.30187416331994643;0.08634538152610442
AstraZeneca (EU);G7;2006;PHARMA;15.87;4.28;1.39;4.67;4.57;PHARMA;PHARMA;1;15.87;4.28;4.67;1.39;0.2942659105229994;0.08758664146187775
AstraZeneca (EU);G7;2007;PHARMA;16.87;4.45;1.44;4.81;4.65;PHARMA;PHARMA;2;16.87;4.45;4.81;1.44;0.2851215174866627;0.0853586247777119
AstraZeneca (EU);G7;2008;PHARMA;18.47;4.6;1.57;4.96;4.81;PHARMA;PHARMA;3;18.47;4.6;4.96;1.57;0.26854358419057933;0.08500270709258258
AstraZeneca (EU);G7;2009;PHARMA;18.11;4.76;1.65;5.07;5.03;PHARMA;PHARMA;4;18.11;4.76;5.07;1.65;0.27995582551076753;0.09110988404196577
AstraZeneca (EU);G7;2010;PHARMA;20.47;5.02;3.64;5.25;5.2;PHARMA;PHARMA;5;20.47;5.02;5.25;3.64;0.2564728871519297;0.17782120175867125
AstraZeneca (EU);G7;2011;PHARMA;18.95;5.26;2.91;5.4;5.32;PHARMA;PHARMA;6;18.95;5.26;5.4;2.91;0.2849604221635884;0.15356200527704486
AstraZeneca (EU);G7;2012;PHARMA;20.22;5.48;3.23;5.54;5.49;PHARMA;PHARMA;7;20.22;5.48;5.54;3.23;0.2739861523244313;0.15974282888229477
AstraZeneca (EU);G7;2013;PHARMA;21.62;5.68;3.61;5.62;5.64;PHARMA;PHARMA;8;21.62;5.68;5.62;3.61;0.25994449583718776;0.16697502312673448
AstraZeneca (EU);G7;2014;PHARMA;22.91;5.91;3.79;5.78;5.82;PHARMA;PHARMA;9;22.91;5.91;5.78;3.79;0.25229157573112176;0.16542994325621999
AstraZeneca (EU);G7;2015;PHARMA;24.7;6.2;4.1;5.9;5.9;PHARMA;PHARMA;10;24.7;6.2;5.9;4.1;0.23886639676113364;0.16599190283400808
AstraZeneca (EU);G7;2016;PHARMA;23.0;6.5;4.9;5.9;6.0;PHARMA;PHARMA;11;23.0;6.5;5.9;4.9;0.2565217391304348;0.21304347826086958
AstraZeneca (EU);G7;2017;PHARMA;22.5;6.8;3.5;5.4;6.1;PHARMA;PHARMA;12;22.5;6.8;5.4;3.5;0.24000000000000002;0.15555555555555556
AstraZeneca (EU);G7;2018;PHARMA;22.1;7.1;3.3;5.9;6.5;PHARMA;PHARMA;13;22.1;7.1;5.9;3.3;0.2669683257918552;0.14932126696832576
AstraZeneca (EU);G7;2019;PHARMA;24.4;7.8;2.9;6.1;7.1;PHARMA;PHARMA;14;24.4;7.8;6.1;2.9;0.25;0.11885245901639345
AstraZeneca (EU);G7;2020;PHARMA;26.6;8.2;5.1;6.0;7.6;PHARMA;PHARMA;15;26.6;8.2;6.0;5.1;0.22556390977443608;0.19172932330827067
AstraZeneca (EU);G7;2021;PHARMA;37.4;8.8;1.0;9.7;8.3;PHARMA;PHARMA;16;37.4;8.8;9.7;1.0;0.25935828877005346;0.026737967914438502
AstraZeneca (EU);G7;2022;PHARMA;44.4;9.5;3.8;9.8;8.4;PHARMA;PHARMA;17;44.4;9.5;9.8;3.8;0.22072072072072074;0.08558558558558559
AstraZeneca (EU);G7;2023;PHARMA;45.8;10.2;8.2;10.9;9.0;PHARMA;PHARMA;18;45.8;10.2;10.9;8.2;0.23799126637554588;0.17903930131004367
AstraZeneca (EU);G7;2024;PHARMA;48.5;11.1;9.5;11.5;9.2;PHARMA;PHARMA;19;48.5;11.1;11.5;9.5;0.23711340206185566;0.1958762886597938
Atlas Copco (EU);G7;2005;INDUS;7.41;2.31;0.99;0.36;3.52;INDUS;INDUS;0;7.41;2.31;0.36;0.99;0.048582995951417005;0.13360323886639675
Atlas Copco (EU);G7;2006;INDUS;7.93;2.41;1.03;0.36;3.57;INDUS;INDUS;1;7.93;2.41;0.36;1.03;0.045397225725094574;0.12988650693568726
Atlas Copco (EU);G7;2007;INDUS;8.14;2.5;1.04;0.37;3.71;INDUS;INDUS;2;8.14;2.5;0.37;1.04;0.04545454545454545;0.12776412776412777
Atlas Copco (EU);G7;2008;INDUS;8.46;2.6;1.08;0.37;3.8;INDUS;INDUS;3;8.46;2.6;0.37;1.08;0.04373522458628841;0.1276595744680851
Atlas Copco (EU);G7;2009;INDUS;8.29;2.7;1.14;0.38;3.87;INDUS;INDUS;4;8.29;2.7;0.38;1.14;0.04583835946924005;0.13751507840772015
Atlas Copco (EU);G7;2010;INDUS;10.15;2.79;2.3;0.38;3.9;INDUS;INDUS;5;10.15;2.79;0.38;2.3;0.0374384236453202;0.22660098522167485
Atlas Copco (EU);G7;2011;INDUS;9.4;2.84;1.84;0.39;3.96;INDUS;INDUS;6;9.4;2.84;0.39;1.84;0.04148936170212766;0.19574468085106383
Atlas Copco (EU);G7;2012;INDUS;9.97;2.9;2.01;0.39;4.03;INDUS;INDUS;7;9.97;2.9;0.39;2.01;0.0391173520561685;0.20160481444332995
Atlas Copco (EU);G7;2013;INDUS;10.41;3.04;2.02;0.39;4.16;INDUS;INDUS;8;10.41;3.04;0.39;2.02;0.037463976945244955;0.19404418828049952
Atlas Copco (EU);G7;2014;INDUS;10.65;3.08;2.07;0.39;4.3;INDUS;INDUS;9;10.65;3.08;0.39;2.07;0.036619718309859155;0.19436619718309858
Atlas Copco (EU);G7;2015;INDUS;10.2;0.9;2.04;0.36;4.3;INDUS;INDUS;10;10.2;0.9;0.36;2.04;0.03529411764705882;0.2
Atlas Copco (EU);G7;2016;INDUS;10.1;0.9;2.0;0.36;4.41;INDUS;INDUS;11;10.1;0.9;0.36;2.0;0.03564356435643564;0.19801980198019803
Atlas Copco (EU);G7;2017;INDUS;10.8;0.97;2.16;0.39;4.52;INDUS;INDUS;12;10.8;0.97;0.39;2.16;0.03611111111111111;0.2
Atlas Copco (EU);G7;2018;INDUS;11.83;1.07;2.38;0.42;4.65;INDUS;INDUS;13;11.83;1.07;0.42;2.38;0.03550295857988166;0.20118343195266272
Atlas Copco (EU);G7;2019;INDUS;11.9;1.08;2.4;0.42;4.78;INDUS;INDUS;14;11.9;1.08;0.42;2.4;0.03529411764705882;0.20168067226890754
Atlas Copco (EU);G7;2020;INDUS;12.2;1.13;2.46;0.44;4.9;INDUS;INDUS;15;12.2;1.13;0.44;2.46;0.036065573770491806;0.2016393442622951
Atlas Copco (EU);G7;2021;INDUS;14.0;1.28;2.82;0.5;5.05;INDUS;INDUS;16;14.0;1.28;0.5;2.82;0.03571428571428571;0.20142857142857143
Atlas Copco (EU);G7;2022;INDUS;14.0;1.25;2.9;0.5;5.25;INDUS;INDUS;17;14.0;1.25;0.5;2.9;0.03571428571428571;0.20714285714285713
Atlas Copco (EU);G7;2023;INDUS;14.2;1.22;3.0;0.51;5.45;INDUS;INDUS;18;14.2;1.22;0.51;3.0;0.03591549295774648;0.21126760563380284
Atlas Copco (EU);G7;2024;INDUS;14.6;1.24;3.1;0.52;5.65;INDUS;INDUS;19;14.6;1.24;0.52;3.1;0.03561643835616438;0.2123287671232877
Atlassian;G7;2005;TECH;0.19;0.05;0.04;0.11;0.09;TECH;TECH;0;0.19;0.05;0.11;0.04;0.5789473684210527;0.21052631578947367
Atlassian;G7;2006;TECH;0.2;0.05;0.04;0.11;0.09;TECH;TECH;1;0.2;0.05;0.11;0.04;0.5499999999999999;0.19999999999999998
Atlassian;G7;2007;TECH;0.22;0.05;0.04;0.11;0.1;TECH;TECH;2;0.22;0.05;0.11;0.04;0.5;0.18181818181818182
Atlassian;G7;2008;TECH;0.23;0.05;0.04;0.11;0.11;TECH;TECH;3;0.23;0.05;0.11;0.04;0.47826086956521735;0.17391304347826086
Atlassian;G7;2009;TECH;0.23;0.05;0.04;0.11;0.11;TECH;TECH;4;0.23;0.05;0.11;0.04;0.47826086956521735;0.17391304347826086
Atlassian;G7;2010;TECH;0.26;0.05;0.09;0.11;0.11;TECH;TECH;5;0.26;0.05;0.11;0.09;0.4230769230769231;0.34615384615384615
Atlassian;G7;2011;TECH;0.24;0.05;0.07;0.11;0.12;TECH;TECH;6;0.24;0.05;0.11;0.07;0.45833333333333337;0.2916666666666667
Atlassian;G7;2012;TECH;0.25;0.05;0.07;0.11;0.13;TECH;TECH;7;0.25;0.05;0.11;0.07;0.44;0.28
Atlassian;G7;2013;TECH;0.27;0.05;0.08;0.11;0.13;TECH;TECH;8;0.27;0.05;0.11;0.08;0.4074074074074074;0.2962962962962963
Atlassian;G7;2014;TECH;0.29;0.05;0.08;0.11;0.14;TECH;TECH;9;0.29;0.05;0.11;0.08;0.37931034482758624;0.2758620689655173
Atlassian;G7;2015;TECH;0.6;0.04;0.08;0.12;0.25;TECH;TECH;10;0.6;0.04;0.12;0.08;0.2;0.13333333333333333
Atlassian;G7;2016;TECH;0.76;0.08;0.12;0.13;0.28;TECH;TECH;11;0.76;0.08;0.13;0.12;0.17105263157894737;0.15789473684210525
Atlassian;G7;2017;TECH;0.94;0.06;0.18;0.19;0.3;TECH;TECH;12;0.94;0.06;0.19;0.18;0.2021276595744681;0.19148936170212766
Atlassian;G7;2018;TECH;1.19;0.08;0.14;0.25;0.33;TECH;TECH;13;1.19;0.08;0.25;0.14;0.21008403361344538;0.11764705882352942
Atlassian;G7;2019;TECH;1.48;0.11;0.22;0.34;0.37;TECH;TECH;14;1.48;0.11;0.34;0.22;0.22972972972972974;0.14864864864864866
Atlassian;G7;2020;TECH;1.8;0.2;0.35;0.32;0.4;TECH;TECH;15;1.8;0.2;0.32;0.35;0.17777777777777778;0.19444444444444442
Atlassian;G7;2021;TECH;2.33;0.24;0.27;0.53;0.44;TECH;TECH;16;2.33;0.24;0.53;0.27;0.2274678111587983;0.11587982832618027
Atlassian;G7;2022;TECH;2.85;0.23;0.4;0.6;0.49;TECH;TECH;17;2.85;0.23;0.6;0.4;0.21052631578947367;0.14035087719298245
Atlassian;G7;2023;TECH;3.58;0.32;0.43;0.89;0.54;TECH;TECH;18;3.58;0.32;0.89;0.43;0.24860335195530725;0.12011173184357542
Atlassian;G7;2024;TECH;4.41;0.29;0.65;0.89;0.59;TECH;TECH;19;4.41;0.29;0.89;0.65;0.2018140589569161;0.1473922902494331
Autodesk (US);G7;2005;INDUS;1.05;0.1;0.07;0.45;0.46;TECH;TECH;0;1.05;0.1;0.45;0.07;0.42857142857142855;0.06666666666666667
Autodesk (US);G7;2006;INDUS;1.17;0.11;0.08;0.48;0.49;TECH;TECH;1;1.17;0.11;0.48;0.08;0.41025641025641024;0.06837606837606838
Autodesk (US);G7;2007;INDUS;1.33;0.12;0.09;0.51;0.53;TECH;TECH;2;1.33;0.12;0.51;0.09;0.38345864661654133;0.06766917293233082
Autodesk (US);G7;2008;INDUS;1.5;0.13;0.1;0.54;0.57;TECH;TECH;3;1.5;0.13;0.54;0.1;0.36000000000000004;0.06666666666666667
Autodesk (US);G7;2009;INDUS;1.47;0.14;0.11;0.58;0.6;TECH;TECH;4;1.47;0.14;0.58;0.11;0.3945578231292517;0.07482993197278912
Autodesk (US);G7;2010;INDUS;1.71;0.15;0.25;0.6;0.65;TECH;TECH;5;1.71;0.15;0.6;0.25;0.3508771929824561;0.14619883040935672
Autodesk (US);G7;2011;INDUS;1.58;0.16;0.2;0.64;0.7;TECH;TECH;6;1.58;0.16;0.64;0.2;0.4050632911392405;0.12658227848101267
Autodesk (US);G7;2012;INDUS;1.81;0.17;0.22;0.67;0.75;TECH;TECH;7;1.81;0.17;0.67;0.22;0.3701657458563536;0.12154696132596685
Autodesk (US);G7;2013;INDUS;2.0;0.18;0.26;0.71;0.78;TECH;TECH;8;2.0;0.18;0.71;0.26;0.355;0.13
Autodesk (US);G7;2014;INDUS;2.24;0.19;0.28;0.75;0.83;TECH;TECH;9;2.24;0.19;0.75;0.28;0.33482142857142855;0.125
Autodesk (US);G7;2015;INDUS;2.5;0.2;0.3;0.8;0.9;TECH;TECH;10;2.5;0.2;0.8;0.3;0.32;0.12
Autodesk (US);G7;2016;INDUS;2.4;0.2;-0.4;0.8;0.9;TECH;TECH;11;2.4;0.2;0.8;-0.4;0.33333333333333337;-0.16666666666666669
Autodesk (US);G7;2017;INDUS;2.0;0.3;-0.5;0.8;0.9;TECH;TECH;12;2.0;0.3;0.8;-0.5;0.4;-0.25
Autodesk (US);G7;2018;INDUS;2.1;0.3;-0.1;0.8;1.0;TECH;TECH;13;2.1;0.3;0.8;-0.1;0.38095238095238093;-0.047619047619047616
Autodesk (US);G7;2019;INDUS;2.6;0.4;0.0;0.9;1.0;TECH;TECH;14;2.6;0.4;0.9;0.0;0.34615384615384615;0.0
Autodesk (US);G7;2020;INDUS;3.3;0.5;0.3;1.1;1.1;TECH;TECH;15;3.3;0.5;1.1;0.3;0.33333333333333337;0.09090909090909091
Autodesk (US);G7;2021;INDUS;3.8;0.6;0.6;1.2;1.2;TECH;TECH;16;3.8;0.6;1.2;0.6;0.3157894736842105;0.15789473684210525
Autodesk (US);G7;2022;INDUS;4.4;0.6;0.9;1.5;1.3;TECH;TECH;17;4.4;0.6;1.5;0.9;0.3409090909090909;0.20454545454545453
Autodesk (US);G7;2023;INDUS;5.0;0.7;1.0;1.7;1.4;TECH;TECH;18;5.0;0.7;1.7;1.0;0.33999999999999997;0.2
Autodesk (US);G7;2024;INDUS;5.5;0.8;1.2;1.8;1.4;TECH;TECH;19;5.5;0.8;1.8;1.2;0.32727272727272727;0.21818181818181817
Autoliv (US);G7;2005;INDUS;6.2;1.15;0.58;0.31;5.04;INDUS;AUTO;0;6.2;1.15;0.31;0.58;0.049999999999999996;0.09354838709677418
Autoliv (US);G7;2006;INDUS;6.18;1.18;0.52;0.32;5.19;INDUS;AUTO;1;6.18;1.18;0.32;0.52;0.05177993527508091;0.08414239482200649
Autoliv (US);G7;2007;INDUS;6.76;1.25;0.64;0.35;5.31;INDUS;AUTO;2;6.76;1.25;0.35;0.64;0.051775147928994084;0.09467455621301776
Autoliv (US);G7;2008;INDUS;6.47;1.19;0.41;0.33;5.47;INDUS;AUTO;3;6.47;1.19;0.33;0.41;0.05100463678516229;0.0633693972179289
Autoliv (US);G7;2009;INDUS;5.12;0.98;0.22;0.26;5.61;INDUS;AUTO;4;5.12;0.98;0.26;0.22;0.05078125;0.04296875
Autoliv (US);G7;2010;INDUS;7.17;1.31;0.85;0.38;5.67;INDUS;AUTO;5;7.17;1.31;0.38;0.85;0.05299860529986053;0.11854951185495119
Autoliv (US);G7;2011;INDUS;8.2;1.45;0.94;0.42;5.81;INDUS;AUTO;6;8.2;1.45;0.42;0.94;0.051219512195121955;0.11463414634146342
Autoliv (US);G7;2012;INDUS;8.3;1.48;0.88;0.44;5.84;INDUS;AUTO;7;8.3;1.48;0.44;0.88;0.05301204819277108;0.10602409638554217
Autoliv (US);G7;2013;INDUS;8.8;1.52;0.92;0.47;5.95;INDUS;AUTO;8;8.8;1.52;0.47;0.92;0.0534090909090909;0.10454545454545454
Autoliv (US);G7;2014;INDUS;9.2;1.61;0.95;0.5;6.17;INDUS;AUTO;9;9.2;1.61;0.5;0.95;0.05434782608695653;0.10326086956521739
Autoliv (US);G7;2015;INDUS;9.17;1.58;0.91;0.51;6.4;INDUS;AUTO;10;9.17;1.58;0.51;0.91;0.05561613958560523;0.09923664122137404
Autoliv (US);G7;2016;INDUS;10.1;1.72;1.02;0.58;7.0;INDUS;AUTO;11;10.1;1.72;0.58;1.02;0.05742574257425742;0.100990099009901
Autoliv (US);G7;2017;INDUS;10.38;1.85;1.05;0.61;7.2;INDUS;AUTO;12;10.38;1.85;0.61;1.05;0.05876685934489402;0.10115606936416184
Autoliv (US);G7;2018;INDUS;8.67;1.42;0.68;0.52;6.6;INDUS;AUTO;13;8.67;1.42;0.52;0.68;0.059976931949250294;0.07843137254901962
Autoliv (US);G7;2019;INDUS;8.55;1.45;0.65;0.51;6.5;INDUS;AUTO;14;8.55;1.45;0.51;0.65;0.05964912280701754;0.07602339181286549
Autoliv (US);G7;2020;INDUS;7.44;1.38;0.42;0.45;6.8;INDUS;AUTO;15;7.44;1.38;0.45;0.42;0.06048387096774193;0.0564516129032258
Autoliv (US);G7;2021;INDUS;8.23;1.46;0.58;0.49;6.1;INDUS;AUTO;16;8.23;1.46;0.49;0.58;0.059538274605103275;0.07047387606318346
Autoliv (US);G7;2022;INDUS;8.85;1.52;0.62;0.53;6.9;INDUS;AUTO;17;8.85;1.52;0.53;0.62;0.05988700564971752;0.07005649717514124
Autoliv (US);G7;2023;INDUS;10.53;1.68;0.89;0.62;7.05;INDUS;AUTO;18;10.53;1.68;0.62;0.89;0.05887939221272555;0.0845204178537512
Autoliv (US);G7;2024;INDUS;10.39;1.75;0.95;0.64;7.2;INDUS;AUTO;19;10.39;1.75;0.64;0.95;0.06159769008662175;0.09143407122232915
Avary Holding;China;2005;TECH;1.42;0.46;0.11;0.1;1.73;TECH;TECH;0;1.42;0.46;0.1;0.11;0.07042253521126761;0.07746478873239437
Avary Holding;China;2006;TECH;1.56;0.5;0.12;0.11;1.87;TECH;TECH;1;1.56;0.5;0.11;0.12;0.07051282051282051;0.07692307692307691
Avary Holding;China;2007;TECH;1.76;0.55;0.13;0.12;2.01;TECH;TECH;2;1.76;0.55;0.12;0.13;0.06818181818181818;0.07386363636363637
Avary Holding;China;2008;TECH;1.98;0.6;0.14;0.13;2.15;TECH;TECH;3;1.98;0.6;0.13;0.14;0.06565656565656566;0.07070707070707072
Avary Holding;China;2009;TECH;1.94;0.66;0.15;0.14;2.29;TECH;TECH;4;1.94;0.66;0.14;0.15;0.07216494845360825;0.07731958762886598
Avary Holding;China;2010;TECH;2.26;0.72;0.29;0.15;2.49;TECH;TECH;5;2.26;0.72;0.15;0.29;0.06637168141592921;0.12831858407079647
Avary Holding;China;2011;TECH;2.09;0.78;0.23;0.16;2.67;TECH;TECH;6;2.09;0.78;0.16;0.23;0.07655502392344499;0.11004784688995217
Avary Holding;China;2012;TECH;2.32;0.85;0.25;0.17;2.85;TECH;TECH;7;2.32;0.85;0.17;0.25;0.07327586206896552;0.10775862068965518
Avary Holding;China;2013;TECH;2.57;0.92;0.26;0.18;3.08;TECH;TECH;8;2.57;0.92;0.18;0.26;0.07003891050583658;0.10116731517509729
Avary Holding;China;2014;TECH;2.9;1.01;0.28;0.19;3.27;TECH;TECH;9;2.9;1.01;0.19;0.28;0.06551724137931035;0.09655172413793105
Avary Holding;China;2015;INDUS;4.4;1.5;0.5;0.2;5.5;INDUS;TECH;10;4.4;1.5;0.2;0.5;0.045454545454545456;0.11363636363636363
Avary Holding;China;2016;INDUS;4.4;1.6;0.6;0.2;5.8;INDUS;TECH;11;4.4;1.6;0.2;0.6;0.045454545454545456;0.13636363636363635
Avary Holding;China;2017;INDUS;5.9;1.9;0.7;0.3;6.2;INDUS;TECH;12;5.9;1.9;0.3;0.7;0.05084745762711864;0.11864406779661016
Avary Holding;China;2018;INDUS;6.3;2.2;0.8;0.3;6.5;INDUS;TECH;13;6.3;2.2;0.3;0.8;0.047619047619047616;0.126984126984127
Avary Holding;China;2019;INDUS;6.6;2.5;0.9;0.4;6.8;INDUS;TECH;14;6.6;2.5;0.4;0.9;0.060606060606060615;0.13636363636363638
Avary Holding;China;2020;INDUS;7.4;3.1;0.9;0.4;7.2;INDUS;TECH;15;7.4;3.1;0.4;0.9;0.05405405405405406;0.12162162162162161
Avary Holding;China;2021;INDUS;8.4;3.7;1.1;0.5;7.8;INDUS;TECH;16;8.4;3.7;0.5;1.1;0.05952380952380952;0.13095238095238096
Avary Holding;China;2022;INDUS;9.5;4.3;1.4;0.6;8.2;INDUS;TECH;17;9.5;4.3;0.6;1.4;0.06315789473684211;0.14736842105263157
Avary Holding;China;2023;INDUS;8.8;4.9;1.1;0.6;7.5;INDUS;TECH;18;8.8;4.9;0.6;1.1;0.06818181818181818;0.125
Avary Holding;China;2024;INDUS;10.1;5.4;1.3;0.7;7.9;INDUS;TECH;19;10.1;5.4;0.7;1.3;0.0693069306930693;0.12871287128712872
Avic Joy;China;2005;INDUS;0.58;0.25;0.02;0.05;0.35;INDUS;INDUS;0;0.58;0.25;0.05;0.02;0.08620689655172414;0.03448275862068966
Avic Joy;China;2006;INDUS;0.66;0.27;0.02;0.05;0.38;INDUS;INDUS;1;0.66;0.27;0.05;0.02;0.07575757575757576;0.030303030303030304
Avic Joy;China;2007;INDUS;0.74;0.29;0.02;0.05;0.41;INDUS;INDUS;2;0.74;0.29;0.05;0.02;0.06756756756756757;0.02702702702702703
Avic Joy;China;2008;INDUS;0.82;0.31;0.02;0.05;0.44;INDUS;INDUS;3;0.82;0.31;0.05;0.02;0.06097560975609757;0.024390243902439025
Avic Joy;China;2009;INDUS;0.8;0.34;0.02;0.05;0.48;INDUS;INDUS;4;0.8;0.34;0.05;0.02;0.0625;0.024999999999999998
Avic Joy;China;2010;INDUS;0.97;0.37;0.04;0.05;0.53;INDUS;INDUS;5;0.97;0.37;0.05;0.04;0.051546391752577324;0.041237113402061855
Avic Joy;China;2011;INDUS;0.9;0.4;0.03;0.05;0.57;INDUS;INDUS;6;0.9;0.4;0.05;0.03;0.05555555555555556;0.03333333333333333
Avic Joy;China;2012;INDUS;1.02;0.44;0.03;0.05;0.62;INDUS;INDUS;7;1.02;0.44;0.05;0.03;0.049019607843137254;0.029411764705882353
Avic Joy;China;2013;INDUS;1.17;0.49;0.03;0.05;0.68;INDUS;INDUS;8;1.17;0.49;0.05;0.03;0.04273504273504274;0.02564102564102564
Avic Joy;China;2014;INDUS;1.33;0.54;0.04;0.05;0.73;INDUS;INDUS;9;1.33;0.54;0.05;0.04;0.03759398496240601;0.03007518796992481
Avic Joy;China;2015;INDUS;1.7;0.6;0.1;0.0;0.8;INDUS;INDUS;10;1.7;0.6;0.0;0.1;0.0;0.05882352941176471
Avic Joy;China;2016;INDUS;1.8;0.6;0.1;0.0;0.9;INDUS;INDUS;11;1.8;0.6;0.0;0.1;0.0;0.05555555555555556
Avic Joy;China;2017;INDUS;2.1;0.7;0.2;0.1;1.0;INDUS;INDUS;12;2.1;0.7;0.1;0.2;0.047619047619047616;0.09523809523809523
Avic Joy;China;2018;INDUS;2.2;0.8;0.2;0.1;1.2;INDUS;INDUS;13;2.2;0.8;0.1;0.2;0.045454545454545456;0.09090909090909091
Avic Joy;China;2019;INDUS;2.2;0.8;0.1;0.1;1.1;INDUS;INDUS;14;2.2;0.8;0.1;0.1;0.045454545454545456;0.045454545454545456
Avic Joy;China;2020;INDUS;2.3;1.0;0.1;0.1;1.1;INDUS;INDUS;15;2.3;1.0;0.1;0.1;0.04347826086956522;0.04347826086956522
Avic Joy;China;2021;INDUS;2.8;1.1;0.2;0.1;1.2;INDUS;INDUS;16;2.8;1.1;0.1;0.2;0.03571428571428572;0.07142857142857144
Avic Joy;China;2022;INDUS;2.9;1.3;0.2;0.1;1.2;INDUS;INDUS;17;2.9;1.3;0.1;0.2;0.034482758620689655;0.06896551724137931
Avic Joy;China;2023;INDUS;3.4;1.6;0.3;0.2;1.3;INDUS;INDUS;18;3.4;1.6;0.2;0.3;0.05882352941176471;0.08823529411764706
Avic Joy;China;2024;INDUS;3.9;1.8;0.4;0.2;1.4;INDUS;INDUS;19;3.9;1.8;0.2;0.4;0.05128205128205129;0.10256410256410257
Avicopter;China;2005;INDUS;0.99;0.52;0.04;0.08;0.75;INDUS;INDUS;0;0.99;0.52;0.08;0.04;0.08080808080808081;0.04040404040404041
Avicopter;China;2006;INDUS;1.12;0.56;0.04;0.08;0.8;INDUS;INDUS;1;1.12;0.56;0.08;0.04;0.07142857142857142;0.03571428571428571
Avicopter;China;2007;INDUS;1.3;0.61;0.05;0.08;0.87;INDUS;INDUS;2;1.3;0.61;0.08;0.05;0.061538461538461535;0.038461538461538464
Avicopter;China;2008;INDUS;1.47;0.67;0.06;0.08;0.95;INDUS;INDUS;3;1.47;0.67;0.08;0.06;0.054421768707483;0.04081632653061224
Avicopter;China;2009;INDUS;1.44;0.74;0.06;0.09;1.03;INDUS;INDUS;4;1.44;0.74;0.09;0.06;0.0625;0.041666666666666664
Avicopter;China;2010;INDUS;1.94;0.8;0.16;0.1;1.12;INDUS;INDUS;5;1.94;0.8;0.1;0.16;0.051546391752577324;0.08247422680412371
Avicopter;China;2011;INDUS;1.8;0.87;0.13;0.11;1.21;INDUS;INDUS;6;1.8;0.87;0.11;0.13;0.06111111111111111;0.07222222222222223
Avicopter;China;2012;INDUS;2.01;0.95;0.14;0.12;1.3;INDUS;INDUS;7;2.01;0.95;0.12;0.14;0.05970149253731344;0.06965174129353235
Avicopter;China;2013;INDUS;2.26;1.04;0.16;0.13;1.39;INDUS;INDUS;8;2.26;1.04;0.13;0.16;0.057522123893805316;0.07079646017699116
Avicopter;China;2014;INDUS;2.57;1.12;0.18;0.14;1.5;INDUS;INDUS;9;2.57;1.12;0.14;0.18;0.05447470817120623;0.07003891050583658
Avicopter;China;2015;INDUS;3.3;1.1;0.2;0.1;1.1;INDUS;INDUS;10;3.3;1.1;0.1;0.2;0.030303030303030307;0.060606060606060615
Avicopter;China;2016;INDUS;3.4;1.1;0.2;0.2;1.2;INDUS;INDUS;11;3.4;1.1;0.2;0.2;0.05882352941176471;0.05882352941176471
Avicopter;China;2017;INDUS;3.0;1.2;0.2;0.2;1.0;INDUS;INDUS;12;3.0;1.2;0.2;0.2;0.06666666666666667;0.06666666666666667
Avicopter;China;2018;INDUS;3.1;1.3;0.2;0.2;1.1;INDUS;INDUS;13;3.1;1.3;0.2;0.2;0.06451612903225806;0.06451612903225806
Avicopter;China;2019;INDUS;3.7;1.3;0.2;0.3;1.2;INDUS;INDUS;14;3.7;1.3;0.3;0.2;0.08108108108108107;0.05405405405405406
Avicopter;China;2020;INDUS;4.6;1.5;0.3;0.3;1.4;INDUS;INDUS;15;4.6;1.5;0.3;0.3;0.06521739130434782;0.06521739130434782
Avicopter;China;2021;INDUS;5.5;1.6;0.4;0.4;1.5;INDUS;INDUS;16;5.5;1.6;0.4;0.4;0.07272727272727274;0.07272727272727274
Avicopter;China;2022;INDUS;5.0;1.9;0.1;0.4;1.4;INDUS;INDUS;17;5.0;1.9;0.4;0.1;0.08;0.02
Avicopter;China;2023;INDUS;6.2;2.2;0.2;0.4;1.4;INDUS;INDUS;18;6.2;2.2;0.4;0.2;0.06451612903225806;0.03225806451612903
Avicopter;China;2024;INDUS;7.1;2.4;0.4;0.5;1.6;INDUS;INDUS;19;7.1;2.4;0.5;0.4;0.07042253521126761;0.05633802816901409
BAE Systems (EU);G7;2005;INDUS;15.78;2.35;1.0;1.38;6.38;INDUS;INDUS;0;15.78;2.35;1.38;1.0;0.08745247148288973;0.06337135614702155
BAE Systems (EU);G7;2006;INDUS;16.58;2.39;1.01;1.43;6.47;INDUS;INDUS;1;16.58;2.39;1.43;1.01;0.08624849215922799;0.06091676718938481
BAE Systems (EU);G7;2007;INDUS;17.5;2.47;1.11;1.48;6.57;INDUS;INDUS;2;17.5;2.47;1.48;1.11;0.08457142857142858;0.06342857142857143
BAE Systems (EU);G7;2008;INDUS;18.34;2.59;1.21;1.52;6.72;INDUS;INDUS;3;18.34;2.59;1.52;1.21;0.08287895310796074;0.06597600872410032
BAE Systems (EU);G7;2009;INDUS;17.98;2.64;1.27;1.54;7.02;INDUS;INDUS;4;17.98;2.64;1.54;1.27;0.08565072302558398;0.07063403781979978
BAE Systems (EU);G7;2010;INDUS;22.28;2.75;2.33;1.59;7.22;INDUS;INDUS;5;22.28;2.75;1.59;2.33;0.07136445242369839;0.10457809694793536
BAE Systems (EU);G7;2011;INDUS;20.63;2.84;1.86;1.63;7.33;INDUS;INDUS;6;20.63;2.84;1.63;1.86;0.07901114881240912;0.09015996122152206
BAE Systems (EU);G7;2012;INDUS;21.31;2.93;1.92;1.66;7.44;INDUS;INDUS;7;21.31;2.93;1.66;1.92;0.07789770061004224;0.09009854528390428
BAE Systems (EU);G7;2013;INDUS;22.65;3.05;1.98;1.72;7.67;INDUS;INDUS;8;22.65;3.05;1.72;1.98;0.07593818984547462;0.08741721854304636
BAE Systems (EU);G7;2014;INDUS;24.6;3.11;2.12;1.75;8.12;INDUS;INDUS;9;24.6;3.11;1.75;2.12;0.07113821138211382;0.08617886178861789
BAE Systems (EU);G7;2015;INDUS;26.1;3.2;2.2;1.8;8.3;INDUS;INDUS;10;26.1;3.2;1.8;2.2;0.06896551724137931;0.0842911877394636
BAE Systems (EU);G7;2016;INDUS;25.5;3.1;2.3;1.9;8.3;INDUS;INDUS;11;25.5;3.1;1.9;2.3;0.07450980392156863;0.09019607843137255
BAE Systems (EU);G7;2017;INDUS;24.8;3.0;2.1;2.0;8.3;INDUS;INDUS;12;24.8;3.0;2.0;2.1;0.08064516129032258;0.08467741935483872
BAE Systems (EU);G7;2018;INDUS;23.5;2.9;2.1;2.1;8.6;INDUS;INDUS;13;23.5;2.9;2.1;2.1;0.08936170212765958;0.08936170212765958
BAE Systems (EU);G7;2019;INDUS;24.2;3.2;2.4;2.2;8.8;INDUS;INDUS;14;24.2;3.2;2.2;2.4;0.09090909090909093;0.09917355371900827
BAE Systems (EU);G7;2020;INDUS;25.1;3.5;2.4;2.4;8.9;INDUS;INDUS;15;25.1;3.5;2.4;2.4;0.09561752988047807;0.09561752988047807
BAE Systems (EU);G7;2021;INDUS;26.4;3.8;2.7;2.6;9.0;INDUS;INDUS;16;26.4;3.8;2.6;2.7;0.0984848484848485;0.10227272727272728
BAE Systems (EU);G7;2022;INDUS;27.8;4.1;2.9;2.8;9.3;INDUS;INDUS;17;27.8;4.1;2.8;2.9;0.10071942446043164;0.10431654676258992
BAE Systems (EU);G7;2023;INDUS;30.5;4.5;3.3;3.0;9.8;INDUS;INDUS;18;30.5;4.5;3.0;3.3;0.09836065573770492;0.10819672131147541
BAE Systems (EU);G7;2024;INDUS;33.2;4.9;3.8;3.2;10.2;INDUS;INDUS;19;33.2;4.9;3.2;3.8;0.09638554216867469;0.11445783132530118
BAIC Motor;China;2005;AUTO;4.9;2.55;0.15;0.15;1.34;INDUS;AUTO;0;4.9;2.55;0.15;0.15;0.03061224489795918;0.03061224489795918
BAIC Motor;China;2006;AUTO;5.61;2.85;0.17;0.16;1.46;INDUS;AUTO;1;5.61;2.85;0.16;0.17;0.0285204991087344;0.030303030303030304
BAIC Motor;China;2007;AUTO;6.28;3.05;0.19;0.17;1.6;INDUS;AUTO;2;6.28;3.05;0.17;0.19;0.027070063694267517;0.030254777070063694
BAIC Motor;China;2008;AUTO;7.09;3.36;0.23;0.18;1.72;INDUS;AUTO;3;7.09;3.36;0.18;0.23;0.02538787023977433;0.03244005641748943
BAIC Motor;China;2009;AUTO;6.95;3.63;0.24;0.2;1.89;INDUS;AUTO;4;6.95;3.63;0.2;0.24;0.02877697841726619;0.034532374100719423
BAIC Motor;China;2010;AUTO;8.35;3.97;0.62;0.21;2.04;INDUS;AUTO;5;8.35;3.97;0.21;0.62;0.025149700598802397;0.07425149700598803
BAIC Motor;China;2011;AUTO;7.73;4.23;0.5;0.23;2.2;INDUS;AUTO;6;7.73;4.23;0.23;0.5;0.029754204398447608;0.0646830530401035
BAIC Motor;China;2012;AUTO;8.56;4.71;0.55;0.24;2.39;INDUS;AUTO;7;8.56;4.71;0.24;0.55;0.02803738317757009;0.06425233644859814
BAIC Motor;China;2013;AUTO;9.85;5.19;0.66;0.26;2.59;INDUS;AUTO;8;9.85;5.19;0.26;0.66;0.02639593908629442;0.06700507614213198
BAIC Motor;China;2014;AUTO;11.13;5.64;0.72;0.28;2.75;INDUS;AUTO;9;11.13;5.64;0.28;0.72;0.025157232704402517;0.06469002695417789
BAIC Motor;China;2015;INDUS;22.2;6.7;2.2;0.7;3.8;INDUS;AUTO;10;22.2;6.7;0.7;2.2;0.03153153153153153;0.09909909909909911
BAIC Motor;China;2016;INDUS;30.0;7.3;3.1;0.7;4.1;INDUS;AUTO;11;30.0;7.3;0.7;3.1;0.02333333333333333;0.10333333333333333
BAIC Motor;China;2017;INDUS;33.2;8.0;3.8;0.8;4.5;INDUS;AUTO;12;33.2;8.0;0.8;3.8;0.024096385542168672;0.11445783132530118
BAIC Motor;China;2018;INDUS;37.1;8.6;3.6;0.9;4.6;INDUS;AUTO;13;37.1;8.6;0.9;3.6;0.02425876010781671;0.09703504043126684
BAIC Motor;China;2019;INDUS;43.0;9.5;4.0;0.9;4.8;INDUS;AUTO;14;43.0;9.5;0.9;4.0;0.020930232558139535;0.09302325581395349
BAIC Motor;China;2020;INDUS;44.1;10.3;2.6;1.0;4.5;INDUS;AUTO;15;44.1;10.3;1.0;2.6;0.022675736961451247;0.05895691609977324
BAIC Motor;China;2021;INDUS;44.1;11.2;2.8;1.1;4.3;INDUS;AUTO;16;44.1;11.2;1.1;2.8;0.024943310657596373;0.06349206349206349
BAIC Motor;China;2022;INDUS;50.2;12.8;3.6;1.3;4.2;INDUS;AUTO;17;50.2;12.8;1.3;3.6;0.02589641434262948;0.07171314741035856
BAIC Motor;China;2023;INDUS;54.3;14.3;4.3;1.4;4.4;INDUS;AUTO;18;54.3;14.3;1.4;4.3;0.02578268876611418;0.07918968692449356
BAIC Motor;China;2024;INDUS;58.1;15.7;4.8;1.6;4.6;INDUS;AUTO;19;58.1;15.7;1.6;4.8;0.027538726333907058;0.08261617900172116
BASF (EU);G7;2005;INDUS;58.10724;22.80252;2.88608;2.01528;8.43;INDUS;INDUS;0;58.10724;22.80252;2.01528;2.88608;0.034682080924855495;0.0496681652751017
BASF (EU);G7;2006;INDUS;60.627120000000005;23.62536;3.11488;2.11008;8.64;INDUS;INDUS;1;60.627120000000005;23.62536;2.11008;3.11488;0.034804226227470474;0.0513776672881707
BASF (EU);G7;2007;INDUS;69.45486;26.55627;3.49605;2.39925;8.85;INDUS;INDUS;2;69.45486;26.55627;2.39925;3.49605;0.034544018949861824;0.05033557046979866
BASF (EU);G7;2008;INDUS;78.15423000000001;29.53768;3.91286;2.63309;9.29;INDUS;INDUS;3;78.15423000000001;29.53768;2.63309;3.91286;0.03369094673442499;0.050065876152832665
BASF (EU);G7;2009;INDUS;72.61346;28.74428;3.9032;2.53708;9.55;INDUS;INDUS;4;72.61346;28.74428;2.53708;3.9032;0.03493952774044922;0.05375311960069111
BASF (EU);G7;2010;INDUS;84.98334000000001;28.389660000000003;8.30076;2.49288;9.74;INDUS;INDUS;5;84.98334000000001;28.389660000000003;2.49288;8.30076;0.029333749414885313;0.09767514432828833
BASF (EU);G7;2011;INDUS;82.60128;30.66576;6.973919999999999;2.7144;10.13;INDUS;INDUS;6;82.60128;30.66576;2.7144;6.973919999999999;0.03286147623862487;0.08442871587462081
BASF (EU);G7;2012;INDUS;80.38786;29.29508;6.957260000000001;2.55914;10.36;INDUS;INDUS;7;80.38786;29.29508;2.55914;6.957260000000001;0.03183490641497361;0.08654615261558152
BASF (EU);G7;2013;INDUS;82.82736;31.71264;7.184480000000001;2.69584;10.45;INDUS;INDUS;8;82.82736;31.71264;2.69584;7.184480000000001;0.03254769921436588;0.08674042007375342
BASF (EU);G7;2014;INDUS;89.06957999999999;33.07881;7.93413;2.76432;10.82;INDUS;INDUS;9;89.06957999999999;33.07881;2.76432;7.93413;0.031035511787526116;0.0890778871978514
BASF (EU);G7;2015;INDUS;78.14400000000002;28.638;7.215000000000001;2.3310000000000004;11.2;INDUS;INDUS;10;78.14400000000002;28.638;2.3310000000000004;7.215000000000001;0.029829545454545452;0.09232954545454544
BASF (EU);G7;2016;INDUS;63.6525;28.8927;6.8634;2.3247;11.4;INDUS;INDUS;11;63.6525;28.8927;2.3247;6.8634;0.03652173913043478;0.10782608695652174
BASF (EU);G7;2017;INDUS;72.88499999999999;29.832;9.265999999999998;2.486;11.5;INDUS;INDUS;12;72.88499999999999;29.832;2.486;9.265999999999998;0.03410852713178295;0.12713178294573643
BASF (EU);G7;2018;INDUS;74.04870000000001;31.650800000000004;7.086;2.7163;12.2;INDUS;INDUS;13;74.04870000000001;31.650800000000004;2.7163;7.086;0.036682615629984046;0.0956937799043062
BASF (EU);G7;2019;INDUS;66.3567;30.4368;4.587899999999999;2.6856;11.8;INDUS;INDUS;14;66.3567;30.4368;2.6856;4.587899999999999;0.04047217537942664;0.06913996627318716
BASF (EU);G7;2020;INDUS;67.4922;31.405;3.6544;2.6265999999999994;11.0;INDUS;INDUS;15;67.4922;31.405;2.6265999999999994;3.6544;0.03891708967851099;0.05414551607445008
BASF (EU);G7;2021;INDUS;92.9838;33.2423;9.2274;2.9575;11.1;INDUS;INDUS;16;92.9838;33.2423;2.9575;9.2274;0.031806615776081425;0.09923664122137403
BASF (EU);G7;2022;INDUS;91.9269;29.9052;6.8445;2.7378;11.1;INDUS;INDUS;17;91.9269;29.9052;2.7378;6.8445;0.029782359679266894;0.07445589919816724
BASF (EU);G7;2023;INDUS;74.5498;30.1878;4.1116;2.5968;11.2;INDUS;INDUS;18;74.5498;30.1878;2.5968;4.1116;0.03483309143686502;0.055152394775036286
BASF (EU);G7;2024;INDUS;74.5498;30.404200000000003;6.2756;2.705;11.1;INDUS;INDUS;19;74.5498;30.404200000000003;2.705;6.2756;0.036284470246734396;0.0841799709724238
BMW (EU);G7;2005;INDUS;58.21;18.42;4.15;3.62;9.82;INDUS;AUTO;0;58.21;18.42;3.62;4.15;0.06218862738361106;0.07129359216629445
BMW (EU);G7;2006;INDUS;61.12;19.15;5.21;3.95;9.99;INDUS;AUTO;1;61.12;19.15;3.95;5.21;0.06462696335078534;0.08524214659685864
BMW (EU);G7;2007;INDUS;76.24;21.4;5.78;4.52;10.15;INDUS;AUTO;2;76.24;21.4;4.52;5.78;0.059286463798530954;0.07581322140608605
BMW (EU);G7;2008;INDUS;76.51;20.85;1.21;4.58;10.27;INDUS;AUTO;3;76.51;20.85;4.58;1.21;0.05986145601882106;0.015814926153443994
BMW (EU);G7;2009;INDUS;69.15;18.25;3.24;3.55;10.5;INDUS;AUTO;4;69.15;18.25;3.55;3.24;0.051337671728127254;0.04685466377440347
BMW (EU);G7;2010;INDUS;79.68;19.5;6.88;4.05;10.68;INDUS;AUTO;5;79.68;19.5;4.05;6.88;0.05082831325301204;0.08634538152610441
BMW (EU);G7;2011;INDUS;96.85;21.2;11.12;4.38;10.9;INDUS;AUTO;6;96.85;21.2;4.38;11.12;0.045224574083634485;0.11481672689726381
BMW (EU);G7;2012;INDUS;100.52;22.85;10.55;4.82;11.38;INDUS;AUTO;7;100.52;22.85;4.82;10.55;0.047950656585754085;0.10495423796259452
BMW (EU);G7;2013;INDUS;100.35;23.5;10.82;5.54;11.62;INDUS;AUTO;8;100.35;23.5;5.54;10.82;0.05520677628300947;0.10782262082710514
BMW (EU);G7;2014;INDUS;102.72;24.8;11.45;5.75;11.95;INDUS;AUTO;9;102.72;24.8;5.75;11.45;0.05597741433021807;0.11146806853582554
BMW (EU);G7;2015;INDUS;102.35;25.6;10.45;5.95;12.2;INDUS;AUTO;10;102.35;25.6;5.95;10.45;0.05813385442110406;0.10210063507572056
BMW (EU);G7;2016;INDUS;106.65;27.2;10.55;6.1;12.5;INDUS;AUTO;11;106.65;27.2;6.1;10.55;0.05719643694327238;0.09892170651664323
BMW (EU);G7;2017;INDUS;113.15;28.9;11.1;6.85;13.0;INDUS;AUTO;12;113.15;28.9;6.85;11.1;0.060539107379584615;0.09809986743261156
BMW (EU);G7;2018;INDUS;115.75;31.5;10.85;7.55;13.5;INDUS;AUTO;13;115.75;31.5;7.55;10.85;0.0652267818574514;0.0937365010799136
BMW (EU);G7;2019;INDUS;115.82;37.2;9.95;7.1;13.4;INDUS;AUTO;14;115.82;37.2;7.1;9.95;0.06130202037644621;0.08590916940079434
BMW (EU);G7;2020;INDUS;112.55;35.1;7.55;5.85;12.1;INDUS;AUTO;15;112.55;35.1;5.85;7.55;0.0519768991559307;0.0670812972012439
BMW (EU);G7;2021;INDUS;132.85;37.8;16.65;7.85;11.9;INDUS;AUTO;16;132.85;37.8;7.85;16.65;0.059089198343996986;0.1253293187805796
BMW (EU);G7;2022;INDUS;150.12;41.5;14.74;7.42;14.9;INDUS;AUTO;17;150.12;41.5;7.42;14.74;0.04942712496669331;0.09818811617372768
BMW (EU);G7;2023;INDUS;168.95;45.2;18.45;8.45;15.5;INDUS;AUTO;18;168.95;45.2;8.45;18.45;0.050014797277300974;0.10920390648120747
BMW (EU);G7;2024;INDUS;153.85;47.1;13.25;9.08;15.7;INDUS;AUTO;19;153.85;47.1;9.08;13.25;0.05901852453688658;0.08612284692882678
BOE Technology;CN;2005;TECH;0.77;0.2;-0.18;0.05;;TECH;TECH;0;0.77;0.2;0.05;-0.18;0.06493506493506494;-0.23376623376623376
BOE Technology;CN;2006;TECH;0.56;0.25;-0.21;0.06;;TECH;TECH;1;0.56;0.25;0.06;-0.21;0.10714285714285712;-0.37499999999999994
BOE Technology;CN;2007;TECH;0.74;0.3;0.09;0.07;;TECH;TECH;2;0.74;0.3;0.07;0.09;0.0945945945945946;0.12162162162162161
BOE Technology;CN;2008;TECH;0.82;0.35;-0.1;0.08;;TECH;TECH;3;0.82;0.35;0.08;-0.1;0.0975609756097561;-0.12195121951219513
BOE Technology;CN;2009;TECH;0.56;0.4;0.085;0.09;;TECH;TECH;4;0.56;0.4;0.09;0.085;0.1607142857142857;0.15178571428571427
BOE Technology;CN;2010;TECH;0.77;0.5;0.095;0.1;;TECH;TECH;5;0.77;0.5;0.1;0.095;0.12987012987012989;0.12337662337662338
BOE Technology;CN;2011;TECH;0.85;0.6;0.12;0.12;;TECH;TECH;6;0.85;0.6;0.12;0.12;0.1411764705882353;0.1411764705882353
BOE Technology;CN;2012;TECH;0.98;0.7;0.15;0.14;;TECH;TECH;7;0.98;0.7;0.14;0.15;0.14285714285714288;0.15306122448979592
BOE Technology;CN;2013;TECH;1.2;0.9;0.22;0.16;;TECH;TECH;8;1.2;0.9;0.16;0.22;0.13333333333333333;0.18333333333333335
BOE Technology;CN;2014;TECH;1.45;1.1;0.28;0.18;;TECH;TECH;9;1.45;1.1;0.18;0.28;0.12413793103448276;0.1931034482758621
BOE Technology;CN;2015;TECH;1.8;1.4;0.35;0.2;;TECH;TECH;10;1.8;1.4;0.2;0.35;0.11111111111111112;0.19444444444444442
BOE Technology;CN;2016;TECH;2.15;1.8;0.42;0.23;;TECH;TECH;11;2.15;1.8;0.23;0.42;0.10697674418604652;0.19534883720930232
BOE Technology;CN;2017;TECH;2.85;2.2;0.62;0.28;;TECH;TECH;12;2.85;2.2;0.28;0.62;0.09824561403508772;0.2175438596491228
BOE Technology;CN;2018;TECH;3.2;2.6;0.55;0.32;;TECH;TECH;13;3.2;2.6;0.32;0.55;0.09999999999999999;0.171875
BOE Technology;CN;2019;TECH;3.8;3.0;0.35;0.38;;TECH;TECH;14;3.8;3.0;0.38;0.35;0.1;0.09210526315789473
BOE Technology;CN;2020;TECH;4.1;3.4;0.42;0.42;;TECH;TECH;15;4.1;3.4;0.42;0.42;0.10243902439024391;0.10243902439024391
BOE Technology;CN;2021;TECH;5.5;3.8;0.85;0.52;;TECH;TECH;16;5.5;3.8;0.52;0.85;0.09454545454545454;0.15454545454545454
BOE Technology;CN;2022;TECH;5.5;4.2;0.48;0.55;;TECH;TECH;17;5.5;4.2;0.55;0.48;0.1;0.08727272727272727
BOE Technology;CN;2023;TECH;5.8;4.5;0.5;0.58;;TECH;TECH;18;5.8;4.5;0.58;0.5;0.09999999999999999;0.08620689655172414
BOE Technology;CN;2024;TECH;6.1;4.8;0.68;0.62;;TECH;TECH;19;6.1;4.8;0.62;0.68;0.10163934426229508;0.11147540983606559
BYD Company;CN;2005;AUTO;0.78;0.35;0.08;0.04;;AUTO;AUTO;0;0.78;0.35;0.04;0.08;0.05128205128205128;0.10256410256410256
BYD Company;CN;2006;AUTO;1.62;0.48;0.17;0.09;;AUTO;AUTO;1;1.62;0.48;0.09;0.17;0.05555555555555555;0.10493827160493827
BYD Company;CN;2007;AUTO;2.79;0.62;0.3;0.16;;AUTO;AUTO;2;2.79;0.62;0.16;0.3;0.05734767025089606;0.1075268817204301
BYD Company;CN;2008;AUTO;3.86;0.78;0.28;0.22;;AUTO;AUTO;3;3.86;0.78;0.22;0.28;0.05699481865284974;0.07253886010362695
BYD Company;CN;2009;AUTO;5.78;1.05;0.72;0.38;;AUTO;AUTO;4;5.78;1.05;0.38;0.72;0.0657439446366782;0.1245674740484429
BYD Company;CN;2010;AUTO;7.15;1.3;0.55;0.51;;AUTO;AUTO;5;7.15;1.3;0.51;0.55;0.07132867132867132;0.07692307692307693
BYD Company;CN;2011;AUTO;7.55;1.5;0.28;0.63;;AUTO;AUTO;6;7.55;1.5;0.63;0.28;0.08344370860927153;0.03708609271523179
BYD Company;CN;2012;AUTO;7.43;1.65;0.18;0.68;;AUTO;AUTO;7;7.43;1.65;0.68;0.18;0.09152086137281293;0.024226110363391656
BYD Company;CN;2013;AUTO;8.54;1.85;0.4;0.79;;AUTO;AUTO;8;8.54;1.85;0.79;0.4;0.09250585480093679;0.04683840749414521
BYD Company;CN;2014;AUTO;9.47;2.05;0.51;0.85;;AUTO;AUTO;9;9.47;2.05;0.85;0.51;0.08975712777191129;0.05385427666314677
BYD Company;CN;2015;AUTO;12.85;2.4;0.76;1.0;;AUTO;AUTO;10;12.85;2.4;1.0;0.76;0.07782101167315175;0.059143968871595336
BYD Company;CN;2016;AUTO;15.6;2.85;0.9;1.15;;AUTO;AUTO;11;15.6;2.85;1.15;0.9;0.07371794871794872;0.057692307692307696
BYD Company;CN;2017;AUTO;15.68;3.1;0.86;1.2;;AUTO;AUTO;12;15.68;3.1;1.2;0.86;0.07653061224489796;0.0548469387755102
BYD Company;CN;2018;AUTO;19.62;3.45;0.75;1.65;;AUTO;AUTO;13;19.62;3.45;1.65;0.75;0.08409785932721711;0.0382262996941896
BYD Company;CN;2019;AUTO;18.51;3.75;0.63;1.42;;AUTO;AUTO;14;18.51;3.75;1.42;0.63;0.07671528903295514;0.03403565640194489
BYD Company;CN;2020;AUTO;22.7;4.15;0.97;1.42;;AUTO;AUTO;15;22.7;4.15;1.42;0.97;0.06255506607929515;0.042731277533039645
BYD Company;CN;2021;AUTO;33.5;4.7;0.94;1.79;;AUTO;AUTO;16;33.5;4.7;1.79;0.94;0.05343283582089552;0.028059701492537312
BYD Company;CN;2022;AUTO;63.03;5.8;2.85;2.86;;AUTO;AUTO;17;63.03;5.8;2.86;2.85;0.04537521815008726;0.04521656354117087
BYD Company;CN;2023;AUTO;85.11;7.2;5.99;4.5;;AUTO;AUTO;18;85.11;7.2;4.5;5.99;0.05287275290800141;0.07037950887087299
BYD Company;CN;2024;AUTO;107.19;8.5;6.99;5.5;;AUTO;AUTO;19;107.19;8.5;5.5;6.99;0.05131075660042914;0.06521130702490904
BYD Electronic;China;2005;TECH;2.51;1.01;0.08;0.11;3.0;TECH;TECH;0;2.51;1.01;0.11;0.08;0.043824701195219126;0.03187250996015937
BYD Electronic;China;2006;TECH;2.74;1.07;0.09;0.12;3.15;TECH;TECH;1;2.74;1.07;0.12;0.09;0.0437956204379562;0.03284671532846715
BYD Electronic;China;2007;TECH;2.9;1.13;0.09;0.13;3.31;TECH;TECH;2;2.9;1.13;0.13;0.09;0.04482758620689656;0.03103448275862069
BYD Electronic;China;2008;TECH;3.14;1.18;0.1;0.14;3.52;TECH;TECH;3;3.14;1.18;0.14;0.1;0.0445859872611465;0.03184713375796178
BYD Electronic;China;2009;TECH;3.08;1.25;0.11;0.15;3.68;TECH;TECH;4;3.08;1.25;0.15;0.11;0.0487012987012987;0.03571428571428571
BYD Electronic;China;2010;TECH;3.51;1.31;0.21;0.16;3.9;TECH;TECH;5;3.51;1.31;0.16;0.21;0.045584045584045586;0.05982905982905983
BYD Electronic;China;2011;TECH;3.25;1.39;0.17;0.17;4.13;TECH;TECH;6;3.25;1.39;0.17;0.17;0.05230769230769231;0.05230769230769231
BYD Electronic;China;2012;TECH;3.54;1.48;0.18;0.17;4.39;TECH;TECH;7;3.54;1.48;0.17;0.18;0.0480225988700565;0.05084745762711864
BYD Electronic;China;2013;TECH;3.8;1.6;0.2;0.18;4.59;TECH;TECH;8;3.8;1.6;0.18;0.2;0.04736842105263158;0.052631578947368425
BYD Electronic;China;2014;TECH;4.1;1.7;0.22;0.19;4.91;TECH;TECH;9;4.1;1.7;0.19;0.22;0.04634146341463415;0.05365853658536586
BYD Electronic;China;2015;INDUS;8.7;1.6;0.3;0.3;5.1;INDUS;TECH;10;8.7;1.6;0.3;0.3;0.034482758620689655;0.034482758620689655
BYD Electronic;China;2016;INDUS;9.5;1.9;0.4;0.3;5.8;INDUS;TECH;11;9.5;1.9;0.3;0.4;0.031578947368421054;0.042105263157894736
BYD Electronic;China;2017;INDUS;9.6;2.2;0.5;0.4;6.2;INDUS;TECH;12;9.6;2.2;0.4;0.5;0.04166666666666667;0.052083333333333336
BYD Electronic;China;2018;INDUS;10.0;2.5;0.5;0.5;6.4;INDUS;TECH;13;10.0;2.5;0.5;0.5;0.05;0.05
BYD Electronic;China;2019;INDUS;13.1;3.1;0.6;0.5;6.8;INDUS;TECH;14;13.1;3.1;0.5;0.6;0.03816793893129771;0.04580152671755725
BYD Electronic;China;2020;INDUS;18.2;3.9;1.4;0.7;7.5;INDUS;TECH;15;18.2;3.9;0.7;1.4;0.038461538461538464;0.07692307692307693
BYD Electronic;China;2021;INDUS;22.3;4.5;0.7;0.9;8.2;INDUS;TECH;16;22.3;4.5;0.9;0.7;0.04035874439461883;0.03139013452914798
BYD Electronic;China;2022;INDUS;28.2;5.6;0.9;1.1;8.8;INDUS;TECH;17;28.2;5.6;1.1;0.9;0.03900709219858156;0.03191489361702128
BYD Electronic;China;2023;INDUS;35.7;6.7;1.1;1.3;9.2;INDUS;TECH;18;35.7;6.7;1.3;1.1;0.03641456582633053;0.03081232492997199
BYD Electronic;China;2024;INDUS;40.4;8.0;1.5;1.6;9.8;INDUS;TECH;19;40.4;8.0;1.6;1.5;0.039603960396039604;0.03712871287128713
Baidu;CN;2005;TECH;0.082;0.021;0.023;0.018;;TECH;TECH;0;0.082;0.021;0.018;0.023;0.2195121951219512;0.28048780487804875
Baidu;CN;2006;TECH;0.174;0.042;0.057;0.036;;TECH;TECH;1;0.174;0.042;0.036;0.057;0.20689655172413793;0.32758620689655177
Baidu;CN;2007;TECH;0.382;0.092;0.137;0.074;;TECH;TECH;2;0.382;0.092;0.074;0.137;0.19371727748691098;0.3586387434554974
Baidu;CN;2008;TECH;0.829;0.213;0.299;0.153;;TECH;TECH;3;0.829;0.213;0.153;0.299;0.1845597104945718;0.3606755126658625
Baidu;CN;2009;TECH;1.127;0.284;0.435;0.215;;TECH;TECH;4;1.127;0.284;0.215;0.435;0.19077196095829635;0.385980479148181
Baidu;CN;2010;TECH;1.978;0.525;0.912;0.38;;TECH;TECH;5;1.978;0.525;0.38;0.912;0.19211324570273003;0.4610717896865521
Baidu;CN;2011;TECH;3.58;0.963;1.684;0.568;;TECH;TECH;6;3.58;0.963;0.568;1.684;0.15865921787709494;0.4703910614525139
Baidu;CN;2012;TECH;5.439;1.415;2.561;0.756;;TECH;TECH;7;5.439;1.415;0.756;2.561;0.138996138996139;0.47085861371575655
Baidu;CN;2013;TECH;7.687;2.048;3.422;0.988;;TECH;TECH;8;7.687;2.048;0.988;3.422;0.12852868479250681;0.4451671653440874
Baidu;CN;2014;TECH;11.963;3.22;4.268;1.585;;TECH;TECH;9;11.963;3.22;1.585;4.268;0.13249184987043383;0.35676669731672656
Baidu;CN;2015;TECH;19.526;5.185;4.494;2.519;;TECH;TECH;10;19.526;5.185;2.519;4.494;0.12900747720987402;0.2301546655741063
Baidu;CN;2016;TECH;25.4;6.625;3.9;2.567;;TECH;TECH;11;25.4;6.625;2.567;3.9;0.10106299212598427;0.15354330708661418
Baidu;CN;2017;TECH;32.575;7.75;5.4;3.237;;TECH;TECH;12;32.575;7.75;3.237;5.4;0.09937068303914044;0.16577129700690713
Baidu;CN;2018;TECH;25.575;8.85;5.85;3.942;;TECH;TECH;13;25.575;8.85;3.942;5.85;0.15413489736070382;0.2287390029325513
Baidu;CN;2019;TECH;26.85;10.3;3.625;4.575;;TECH;TECH;14;26.85;10.3;4.575;3.625;0.17039106145251395;0.13500931098696461
Baidu;CN;2020;TECH;26.775;11.4;5.625;4.875;;TECH;TECH;15;26.775;11.4;4.875;5.625;0.18207282913165268;0.21008403361344538
Baidu;CN;2021;TECH;30.741;12.864;3.259;5.457;;TECH;TECH;16;30.741;12.864;5.457;3.259;0.17751537035229822;0.10601476855014476
Baidu;CN;2022;TECH;30.146;13.756;5.024;5.683;;TECH;TECH;17;30.146;13.756;5.683;5.024;0.18851588933855237;0.16665560936774365
Baidu;CN;2023;TECH;32.829;14.585;5.976;5.902;;TECH;TECH;18;32.829;14.585;5.902;5.976;0.17978007249687777;0.18203417709951566
Baidu;CN;2024;TECH;32.927;15.146;6.122;5.976;;TECH;TECH;19;32.927;15.146;5.976;6.122;0.18149239226166974;0.18592644334436784
Baxter (US);G7;2005;PHARMA;8.06;3.08;1.34;1.0;3.64;PHARMA;PHARMA;0;8.06;3.08;1.0;1.34;0.12406947890818858;0.1662531017369727
Baxter (US);G7;2006;PHARMA;8.64;3.21;1.37;1.03;3.74;PHARMA;PHARMA;1;8.64;3.21;1.03;1.37;0.11921296296296297;0.15856481481481483
Baxter (US);G7;2007;PHARMA;8.93;3.28;1.45;1.07;3.88;PHARMA;PHARMA;2;8.93;3.28;1.07;1.45;0.11982082866741323;0.1623740201567749
Baxter (US);G7;2008;PHARMA;9.33;3.37;1.57;1.08;3.95;PHARMA;PHARMA;3;9.33;3.37;1.08;1.57;0.11575562700964631;0.1682743837084673
Baxter (US);G7;2009;PHARMA;9.15;3.49;1.65;1.11;4.1;PHARMA;PHARMA;4;9.15;3.49;1.11;1.65;0.12131147540983607;0.180327868852459
Baxter (US);G7;2010;PHARMA;9.85;3.58;2.59;1.14;4.25;PHARMA;PHARMA;5;9.85;3.58;1.14;2.59;0.11573604060913704;0.2629441624365482
Baxter (US);G7;2011;PHARMA;9.12;3.68;2.07;1.16;4.35;PHARMA;PHARMA;6;9.12;3.68;1.16;2.07;0.12719298245614036;0.22697368421052633
Baxter (US);G7;2012;PHARMA;9.34;3.74;2.05;1.2;4.58;PHARMA;PHARMA;7;9.34;3.74;1.2;2.05;0.1284796573875803;0.21948608137044967
Baxter (US);G7;2013;PHARMA;9.65;3.84;2.15;1.25;4.7;PHARMA;PHARMA;8;9.65;3.84;1.25;2.15;0.12953367875647667;0.22279792746113988
Baxter (US);G7;2014;PHARMA;9.79;4.05;2.13;1.28;4.79;PHARMA;PHARMA;9;9.79;4.05;1.28;2.13;0.13074565883554648;0.21756894790602657
Baxter (US);G7;2015;INDUS;9.97;3.45;1.15;0.62;5.0;PHARMA;PHARMA;10;9.97;3.45;0.62;1.15;0.06218655967903711;0.11534603811434302
Baxter (US);G7;2016;INDUS;10.16;3.55;1.25;0.61;4.8;PHARMA;PHARMA;11;10.16;3.55;0.61;1.25;0.060039370078740155;0.12303149606299213
Baxter (US);G7;2017;INDUS;10.56;3.65;1.42;0.58;4.8;PHARMA;PHARMA;12;10.56;3.65;0.58;1.42;0.05492424242424242;0.13446969696969696
Baxter (US);G7;2018;INDUS;11.12;3.85;1.65;0.62;5.0;PHARMA;PHARMA;13;11.12;3.85;0.62;1.65;0.05575539568345324;0.14838129496402877
Baxter (US);G7;2019;INDUS;11.36;4.05;1.55;0.65;5.0;PHARMA;PHARMA;14;11.36;4.05;0.65;1.55;0.05721830985915494;0.136443661971831
Baxter (US);G7;2020;INDUS;11.67;4.15;1.45;0.68;5.2;PHARMA;PHARMA;15;11.67;4.15;0.68;1.45;0.05826906598114825;0.12425021422450729
Baxter (US);G7;2021;INDUS;12.78;4.55;1.75;0.72;6.0;PHARMA;PHARMA;16;12.78;4.55;0.72;1.75;0.056338028169014086;0.13693270735524257
Baxter (US);G7;2022;INDUS;15.11;5.15;1.15;0.75;6.0;PHARMA;PHARMA;17;15.11;5.15;0.75;1.15;0.04963600264725348;0.07610853739245532
Baxter (US);G7;2023;INDUS;14.81;5.35;1.45;0.72;6.0;PHARMA;PHARMA;18;14.81;5.35;0.72;1.45;0.048615800135043886;0.09790681971640783
Baxter (US);G7;2024;INDUS;15.45;5.85;1.85;0.82;6.2;PHARMA;PHARMA;19;15.45;5.85;0.82;1.85;0.05307443365695793;0.1197411003236246
Bayer (EU);G7;2005;INDUS;38.16592;9.2678;3.24684;3.9808;7.47;PHARMA;PHARMA;0;38.16592;9.2678;3.9808;3.24684;0.10430247718383312;0.08507170795306389
Bayer (EU);G7;2006;INDUS;40.3176;9.84704;3.3409600000000004;4.2327200000000005;7.77;PHARMA;PHARMA;1;40.3176;9.84704;4.2327200000000005;3.3409600000000004;0.10498442367601248;0.08286604361370718
Bayer (EU);G7;2007;INDUS;49.05438;11.3793;4.263809999999999;4.78479;8.24;PHARMA;PHARMA;2;49.05438;11.3793;4.78479;4.263809999999999;0.09754052543320291;0.08692006707657908
Bayer (EU);G7;2008;INDUS;56.42756;12.87125;5.1485;5.28089;8.74;PHARMA;PHARMA;3;56.42756;12.87125;5.28089;5.1485;0.09358706986444214;0.09124087591240876
Bayer (EU);G7;2009;INDUS;52.42834;12.8945;5.12992;5.11598;9.07;PHARMA;PHARMA;4;52.42834;12.8945;5.11598;5.12992;0.09758043073650625;0.09784631746875831
Bayer (EU);G7;2010;INDUS;53.5041;12.91524;9.5472;5.06532;9.57;PHARMA;PHARMA;5;53.5041;12.91524;5.06532;9.5472;0.09467162329615861;0.17843866171003717
Bayer (EU);G7;2011;INDUS;52.00512;14.30976;8.017919999999998;5.4984;9.95;PHARMA;PHARMA;6;52.00512;14.30976;5.4984;8.017919999999998;0.10572805139186296;0.15417558886509633
Bayer (EU);G7;2012;INDUS;51.49144;14.146;8.268979999999999;5.221159999999999;10.41;PHARMA;PHARMA;7;51.49144;14.146;5.221159999999999;8.268979999999999;0.10139860139860139;0.1605894105894106
Bayer (EU);G7;2013;INDUS;56.280640000000005;15.232160000000002;9.0304;5.5377600000000005;10.81;PHARMA;PHARMA;8;56.280640000000005;15.232160000000002;5.5377600000000005;9.0304;0.09839546956111374;0.1604530438886267
Bayer (EU);G7;2014;INDUS;60.53594999999999;16.06761;9.26313;5.80773;11.17;PHARMA;PHARMA;9;60.53594999999999;16.06761;5.80773;9.26313;0.0959385290889133;0.1530186608122942
Bayer (EU);G7;2015;INDUS;55.611;13.875000000000002;8.325000000000001;4.995;11.6;PHARMA;PHARMA;10;55.611;13.875000000000002;4.995;8.325000000000001;0.08982035928143713;0.14970059880239522
Bayer (EU);G7;2016;INDUS;51.8076;14.1696;7.859699999999999;5.092199999999999;11.5;PHARMA;PHARMA;11;51.8076;14.1696;5.092199999999999;7.859699999999999;0.09829059829059827;0.1517094017094017
Bayer (EU);G7;2017;INDUS;39.55;14.916;7.683999999999999;5.424;10.1;PHARMA;PHARMA;12;39.55;14.916;5.424;7.683999999999999;0.13714285714285715;0.19428571428571428
Bayer (EU);G7;2018;INDUS;46.7676;15.9435;5.314500000000001;6.1412;11.7;PHARMA;PHARMA;13;46.7676;15.9435;6.1412;5.314500000000001;0.13131313131313133;0.11363636363636365
Bayer (EU);G7;2019;INDUS;48.6765;15.4422;4.587899999999999;6.0426;10.4;PHARMA;PHARMA;14;48.6765;15.4422;6.0426;4.587899999999999;0.12413793103448277;0.09425287356321839
Bayer (EU);G7;2020;INDUS;47.2788;16.216399999999997;2.8549999999999995;5.824199999999999;10.0;PHARMA;PHARMA;15;47.2788;16.216399999999997;5.824199999999999;2.8549999999999995;0.12318840579710144;0.06038647342995169
Bayer (EU);G7;2021;INDUS;52.170300000000005;17.1535;4.0222;6.3882;10.0;PHARMA;PHARMA;16;52.170300000000005;17.1535;6.3882;4.0222;0.12244897959183673;0.07709750566893422
Bayer (EU);G7;2022;INDUS;53.3871;15.5844;5.054399999999999;6.5286;10.1;PHARMA;PHARMA;17;53.3871;15.5844;6.5286;5.054399999999999;0.1222879684418146;0.09467455621301775
Bayer (EU);G7;2023;INDUS;51.50320000000001;15.7972;3.787;6.383800000000001;9.8;PHARMA;PHARMA;18;51.50320000000001;15.7972;6.383800000000001;3.787;0.12394957983193278;0.07352941176470587
Bayer (EU);G7;2024;INDUS;52.477;16.0136;5.6264;6.2756;9.8;PHARMA;PHARMA;19;52.477;16.0136;6.2756;5.6264;0.11958762886597939;0.10721649484536083
Becton Dickinson (US);G7;2005;PHARMA;7.15;2.81;0.72;0.68;2.9;PHARMA;PHARMA;0;7.15;2.81;0.68;0.72;0.0951048951048951;0.10069930069930069
Becton Dickinson (US);G7;2006;PHARMA;7.71;2.95;0.81;0.71;3.03;PHARMA;PHARMA;1;7.71;2.95;0.71;0.81;0.0920881971465629;0.10505836575875487
Becton Dickinson (US);G7;2007;PHARMA;8.11;3.09;0.83;0.72;3.17;PHARMA;PHARMA;2;8.11;3.09;0.72;0.83;0.08877928483353885;0.10234278668310728
Becton Dickinson (US);G7;2008;PHARMA;8.51;3.29;0.87;0.75;3.31;PHARMA;PHARMA;3;8.51;3.29;0.75;0.87;0.08813160987074031;0.10223266745005875
Becton Dickinson (US);G7;2009;PHARMA;8.34;3.46;0.92;0.76;3.4;PHARMA;PHARMA;4;8.34;3.46;0.76;0.92;0.09112709832134293;0.11031175059952039
Becton Dickinson (US);G7;2010;PHARMA;9.73;3.67;2.2;0.78;3.56;PHARMA;PHARMA;5;9.73;3.67;0.78;2.2;0.08016443987667009;0.2261048304213772
Becton Dickinson (US);G7;2011;PHARMA;9.01;3.86;1.76;0.81;3.69;PHARMA;PHARMA;6;9.01;3.86;0.81;1.76;0.08990011098779135;0.195338512763596
Becton Dickinson (US);G7;2012;PHARMA;9.48;4.08;1.81;0.84;3.93;PHARMA;PHARMA;7;9.48;4.08;0.84;1.81;0.08860759493670885;0.1909282700421941
Becton Dickinson (US);G7;2013;PHARMA;10.19;4.26;1.97;0.85;4.07;PHARMA;PHARMA;8;10.19;4.26;0.85;1.97;0.08341511285574092;0.19332679097154074
Becton Dickinson (US);G7;2014;PHARMA;11.37;4.51;2.22;0.88;4.31;PHARMA;PHARMA;9;11.37;4.51;0.88;2.22;0.07739665787159192;0.1952506596306069
Becton Dickinson (US);G7;2015;INDUS;10.28;3.85;1.25;0.65;4.95;PHARMA;PHARMA;10;10.28;3.85;0.65;1.25;0.06322957198443581;0.12159533073929962
Becton Dickinson (US);G7;2016;INDUS;12.48;4.15;1.52;0.82;5.1;PHARMA;PHARMA;11;12.48;4.15;0.82;1.52;0.0657051282051282;0.12179487179487179
Becton Dickinson (US);G7;2017;INDUS;12.09;4.35;1.45;0.78;5.6;PHARMA;PHARMA;12;12.09;4.35;0.78;1.45;0.06451612903225806;0.11993382961124896
Becton Dickinson (US);G7;2018;INDUS;15.98;5.15;2.15;1.05;7.6;PHARMA;PHARMA;13;15.98;5.15;1.05;2.15;0.06570713391739674;0.13454317897371715
Becton Dickinson (US);G7;2019;INDUS;17.29;5.45;2.45;1.15;7.0;PHARMA;PHARMA;14;17.29;5.45;1.15;2.45;0.06651243493348756;0.1417004048582996
Becton Dickinson (US);G7;2020;INDUS;17.12;5.85;2.15;1.1;7.2;PHARMA;PHARMA;15;17.12;5.85;1.1;2.15;0.06425233644859814;0.1255841121495327
Becton Dickinson (US);G7;2021;INDUS;20.25;6.45;2.85;1.35;7.5;PHARMA;PHARMA;16;20.25;6.45;1.35;2.85;0.06666666666666667;0.14074074074074075
Becton Dickinson (US);G7;2022;INDUS;18.87;6.15;2.25;1.25;7.7;PHARMA;PHARMA;17;18.87;6.15;1.25;2.25;0.06624271330153683;0.11923688394276628
Becton Dickinson (US);G7;2023;INDUS;19.37;6.45;2.45;1.25;7.3;PHARMA;PHARMA;18;19.37;6.45;1.25;2.45;0.06453278265358801;0.12648425400103253
Becton Dickinson (US);G7;2024;INDUS;20.15;6.85;2.85;1.35;7.85;PHARMA;PHARMA;19;20.15;6.85;1.35;2.85;0.06699751861042184;0.141439205955335
BioNTech;EU;2010;PHARMA;0.0134;0.007;-0.015;0.012;;PHARMA;PHARMA;5;0.0134;0.007;0.012;-0.015;0.8955223880597015;-1.1194029850746268
BioNTech;EU;2011;PHARMA;0.0482;0.015;-0.01;0.025;;PHARMA;PHARMA;6;0.0482;0.015;0.025;-0.01;0.5186721991701245;-0.2074688796680498
BioNTech;EU;2012;PHARMA;0.1154;0.022;0.012;0.045;;PHARMA;PHARMA;7;0.1154;0.022;0.045;0.012;0.389948006932409;0.10398613518197573
BioNTech;EU;2013;PHARMA;0.1049;0.02;0.005;0.052;;PHARMA;PHARMA;8;0.1049;0.02;0.052;0.005;0.49571020019065776;0.04766444232602479
BioNTech;EU;2014;PHARMA;0.0683;0.045;-0.035;0.065;;PHARMA;PHARMA;9;0.0683;0.045;0.065;-0.035;0.951683748169839;-0.5124450951683749
BioNTech;EU;2015;PHARMA;0.0694;0.048;-0.057;0.082;;PHARMA;PHARMA;10;0.0694;0.048;0.082;-0.057;1.181556195965418;-0.8213256484149856
BioNTech;EU;2016;PHARMA;0.1213;0.065;-0.076;0.117;;PHARMA;PHARMA;11;0.1213;0.065;0.117;-0.076;0.9645507007419621;-0.6265457543281121
BioNTech;EU;2017;PHARMA;0.1528;0.062;-0.098;0.141;;PHARMA;PHARMA;12;0.1528;0.062;0.141;-0.098;0.9227748691099477;-0.6413612565445027
BioNTech;EU;2018;PHARMA;0.1599;0.11;-0.081;0.222;;PHARMA;PHARMA;13;0.1599;0.11;0.222;-0.081;1.3883677298311445;-0.5065666041275798
BioNTech;EU;2019;PHARMA;0.1086;0.185;-0.179;0.309;;PHARMA;PHARMA;14;0.1086;0.185;0.309;-0.179;2.845303867403315;-1.6482504604051564
BioNTech;EU;2020;PHARMA;0.482;0.421;-0.304;0.645;;PHARMA;PHARMA;15;0.482;0.421;0.645;-0.304;1.3381742738589213;-0.6307053941908713
BioNTech;EU;2021;PHARMA;18.976;1.15;15.235;1.54;;PHARMA;PHARMA;16;18.976;1.15;1.54;15.235;0.08115514333895447;0.802856239460371
BioNTech;EU;2022;PHARMA;17.311;1.482;13.565;1.539;;PHARMA;PHARMA;17;17.311;1.482;1.539;13.565;0.08890300964704523;0.7836057997804864
BioNTech;EU;2023;PHARMA;3.819;1.624;1.102;1.956;;PHARMA;PHARMA;18;3.819;1.624;1.956;1.102;0.5121759622937941;0.2885572139303483
BioNTech;EU;2024;PHARMA;2.75;1.71;-1.31;2.1;;PHARMA;PHARMA;19;2.75;1.71;2.1;-1.31;0.7636363636363637;-0.4763636363636364
Biogen (US);G7;2005;PHARMA;7.38;1.64;1.9;1.46;0.55;PHARMA;PHARMA;0;7.38;1.64;1.46;1.9;0.1978319783197832;0.25745257452574527
Biogen (US);G7;2006;PHARMA;7.81;1.7;2.02;1.52;0.57;PHARMA;PHARMA;1;7.81;1.7;1.52;2.02;0.1946222791293214;0.2586427656850192
Biogen (US);G7;2007;PHARMA;8.37;1.75;2.11;1.58;0.58;PHARMA;PHARMA;2;8.37;1.75;1.58;2.11;0.1887694145758662;0.2520908004778973
Biogen (US);G7;2008;PHARMA;8.83;1.84;2.3;1.65;0.6;PHARMA;PHARMA;3;8.83;1.84;1.65;2.3;0.18686296715741788;0.26047565118912797
Biogen (US);G7;2009;PHARMA;8.66;1.9;2.42;1.7;0.62;PHARMA;PHARMA;4;8.66;1.9;1.7;2.42;0.19630484988452654;0.279445727482679
Biogen (US);G7;2010;PHARMA;9.36;1.95;4.5;1.73;0.65;PHARMA;PHARMA;5;9.36;1.95;1.73;4.5;0.18482905982905984;0.4807692307692308
Biogen (US);G7;2011;PHARMA;8.67;2.0;3.6;1.78;0.67;PHARMA;PHARMA;6;8.67;2.0;1.78;3.6;0.2053056516724337;0.4152249134948097
Biogen (US);G7;2012;PHARMA;9.1;2.11;3.63;1.86;0.69;PHARMA;PHARMA;7;9.1;2.11;1.86;3.63;0.20439560439560442;0.3989010989010989
Biogen (US);G7;2013;PHARMA;9.5;2.23;3.62;1.92;0.71;PHARMA;PHARMA;8;9.5;2.23;1.92;3.62;0.20210526315789473;0.38105263157894737
Biogen (US);G7;2014;PHARMA;9.95;2.35;3.7;1.95;0.73;PHARMA;PHARMA;9;9.95;2.35;1.95;3.7;0.19597989949748745;0.3718592964824121
Biogen (US);G7;2015;PHARMA;10.76;2.45;4.15;2.01;0.77;PHARMA;PHARMA;10;10.76;2.45;2.01;4.15;0.18680297397769516;0.3856877323420075
Biogen (US);G7;2016;PHARMA;11.45;2.55;4.85;2.25;0.74;PHARMA;PHARMA;11;11.45;2.55;2.25;4.85;0.19650655021834063;0.42358078602620086
Biogen (US);G7;2017;PHARMA;12.27;2.75;5.45;2.25;0.73;PHARMA;PHARMA;12;12.27;2.75;2.25;5.45;0.18337408312958436;0.44417277913610437
Biogen (US);G7;2018;PHARMA;13.45;2.95;6.15;2.6;0.71;PHARMA;PHARMA;13;13.45;2.95;2.6;6.15;0.19330855018587362;0.4572490706319703
Biogen (US);G7;2019;PHARMA;14.38;3.15;7.15;2.3;0.75;PHARMA;PHARMA;14;14.38;3.15;2.3;7.15;0.15994436717663418;0.4972183588317107
Biogen (US);G7;2020;PHARMA;13.44;3.45;5.15;4.0;0.91;PHARMA;PHARMA;15;13.44;3.45;4.0;5.15;0.2976190476190476;0.38318452380952384
Biogen (US);G7;2021;PHARMA;10.98;3.15;2.45;2.5;0.96;PHARMA;PHARMA;16;10.98;3.15;2.5;2.45;0.22768670309653916;0.22313296903460839
Biogen (US);G7;2022;PHARMA;10.17;2.85;2.15;2.2;0.87;PHARMA;PHARMA;17;10.17;2.85;2.2;2.15;0.21632251720747298;0.21140609636184857
Biogen (US);G7;2023;PHARMA;9.84;2.65;1.85;2.42;0.75;PHARMA;PHARMA;18;9.84;2.65;2.42;1.85;0.2459349593495935;0.18800813008130082
Biogen (US);G7;2024;PHARMA;9.52;2.45;1.65;2.35;0.72;PHARMA;PHARMA;19;9.52;2.45;2.35;1.65;0.24684873949579833;0.17331932773109243
Bobcat (KR);G7;2005;INDUS;2.04;0.61;0.09;0.1;0.32;INDUS;INDUS;0;2.04;0.61;0.1;0.09;0.049019607843137254;0.044117647058823525
Bobcat (KR);G7;2006;INDUS;2.15;0.63;0.1;0.1;0.32;INDUS;INDUS;1;2.15;0.63;0.1;0.1;0.04651162790697675;0.04651162790697675
Bobcat (KR);G7;2007;INDUS;2.22;0.64;0.11;0.1;0.33;INDUS;INDUS;2;2.22;0.64;0.1;0.11;0.04504504504504504;0.04954954954954954
Bobcat (KR);G7;2008;INDUS;2.28;0.65;0.11;0.1;0.34;INDUS;INDUS;3;2.28;0.65;0.1;0.11;0.04385964912280702;0.048245614035087724
Bobcat (KR);G7;2009;INDUS;2.24;0.66;0.12;0.1;0.35;INDUS;INDUS;4;2.24;0.66;0.1;0.12;0.044642857142857144;0.05357142857142856
Bobcat (KR);G7;2010;INDUS;3.1;0.69;0.31;0.1;0.36;INDUS;INDUS;5;3.1;0.69;0.1;0.31;0.03225806451612903;0.09999999999999999
Bobcat (KR);G7;2011;INDUS;2.87;0.72;0.25;0.1;0.37;INDUS;INDUS;6;2.87;0.72;0.1;0.25;0.03484320557491289;0.08710801393728222
Bobcat (KR);G7;2012;INDUS;3.05;0.74;0.26;0.1;0.37;INDUS;INDUS;7;3.05;0.74;0.1;0.26;0.03278688524590164;0.08524590163934427
Bobcat (KR);G7;2013;INDUS;3.24;0.76;0.27;0.1;0.38;INDUS;INDUS;8;3.24;0.76;0.1;0.27;0.030864197530864196;0.08333333333333333
Bobcat (KR);G7;2014;INDUS;3.36;0.78;0.28;0.1;0.39;INDUS;INDUS;9;3.36;0.78;0.1;0.28;0.029761904761904764;0.08333333333333334
Bobcat (KR);G7;2015;INDUS;3.5;0.8;0.3;0.1;0.4;INDUS;INDUS;10;3.5;0.8;0.1;0.3;0.028571428571428574;0.08571428571428572
Bobcat (KR);G7;2016;INDUS;3.4;0.8;0.3;0.1;0.4;INDUS;INDUS;11;3.4;0.8;0.1;0.3;0.029411764705882356;0.08823529411764706
Bobcat (KR);G7;2017;INDUS;3.1;0.9;0.3;0.1;0.4;INDUS;INDUS;12;3.1;0.9;0.1;0.3;0.03225806451612903;0.0967741935483871
Bobcat (KR);G7;2018;INDUS;3.6;1.0;0.4;0.1;0.5;INDUS;INDUS;13;3.6;1.0;0.1;0.4;0.02777777777777778;0.11111111111111112
Bobcat (KR);G7;2019;INDUS;3.9;1.1;0.4;0.1;0.5;INDUS;INDUS;14;3.9;1.1;0.1;0.4;0.025641025641025644;0.10256410256410257
Bobcat (KR);G7;2020;INDUS;3.8;1.2;0.3;0.1;0.5;INDUS;INDUS;15;3.8;1.2;0.1;0.3;0.026315789473684213;0.07894736842105263
Bobcat (KR);G7;2021;INDUS;5.0;1.4;0.5;0.2;0.6;INDUS;INDUS;16;5.0;1.4;0.2;0.5;0.04;0.1
Bobcat (KR);G7;2022;INDUS;6.7;1.6;0.8;0.2;0.7;INDUS;INDUS;17;6.7;1.6;0.2;0.8;0.029850746268656716;0.11940298507462686
Bobcat (KR);G7;2023;INDUS;7.5;1.8;1.1;0.2;0.8;INDUS;INDUS;18;7.5;1.8;0.2;1.1;0.02666666666666667;0.14666666666666667
Bobcat (KR);G7;2024;INDUS;7.2;1.9;0.9;0.2;0.8;INDUS;INDUS;19;7.2;1.9;0.2;0.9;0.02777777777777778;0.125
Boeing (US);G7;2005;INDUS;66.88;10.06;1.8;2.85;13.55;INDUS;INDUS;0;66.88;10.06;2.85;1.8;0.04261363636363637;0.026913875598086126
Boeing (US);G7;2006;INDUS;71.83;10.32;1.85;2.85;14.09;INDUS;INDUS;1;71.83;10.32;2.85;1.85;0.03967701517471808;0.025755255464290687
Boeing (US);G7;2007;INDUS;75.05;10.51;1.97;2.89;14.28;INDUS;INDUS;2;75.05;10.51;2.89;1.97;0.038507661558960696;0.0262491672218521
Boeing (US);G7;2008;INDUS;76.87;10.71;1.94;2.96;14.58;INDUS;INDUS;3;76.87;10.71;2.96;1.94;0.03850656953297775;0.025237413815532714
Boeing (US);G7;2009;INDUS;75.36;10.87;2.04;3.02;14.64;INDUS;INDUS;4;75.36;10.87;3.02;2.04;0.040074309978768576;0.027070063694267517
Boeing (US);G7;2010;INDUS;89.0;11.13;5.38;3.0;14.91;INDUS;INDUS;5;89.0;11.13;3.0;5.38;0.033707865168539325;0.06044943820224719
Boeing (US);G7;2011;INDUS;82.41;11.45;4.3;3.07;15.03;INDUS;INDUS;6;82.41;11.45;3.07;4.3;0.037252760587307365;0.052178133721635725
Boeing (US);G7;2012;INDUS;85.29;11.56;4.43;3.13;15.33;INDUS;INDUS;7;85.29;11.56;3.13;4.43;0.03669832336733497;0.051940438503927766
Boeing (US);G7;2013;INDUS;90.44;12.07;4.92;3.19;15.5;INDUS;INDUS;8;90.44;12.07;3.19;4.92;0.03527200353825741;0.054400707651481646
Boeing (US);G7;2014;INDUS;95.41;12.34;5.3;3.25;15.77;INDUS;INDUS;9;95.41;12.34;3.25;5.3;0.034063515354784614;0.055549732732417985
Boeing (US);G7;2015;INDUS;96.1;12.5;5.1;3.3;16.1;INDUS;INDUS;10;96.1;12.5;3.3;5.1;0.03433922996878252;0.053069719042663895
Boeing (US);G7;2016;INDUS;94.6;12.8;4.9;4.6;15.1;INDUS;INDUS;11;94.6;12.8;4.6;4.9;0.048625792811839326;0.051797040169133196
Boeing (US);G7;2017;INDUS;93.4;13.2;10.3;3.2;14.1;INDUS;INDUS;12;93.4;13.2;3.2;10.3;0.034261241970021415;0.11027837259100642
Boeing (US);G7;2018;INDUS;101.1;13.8;12.0;3.3;15.3;INDUS;INDUS;13;101.1;13.8;3.3;12.0;0.032640949554896145;0.11869436201780416
Boeing (US);G7;2019;INDUS;76.6;14.5;-2.0;3.2;16.1;INDUS;INDUS;14;76.6;14.5;3.2;-2.0;0.04177545691906006;-0.026109660574412535
Boeing (US);G7;2020;INDUS;58.2;15.2;-12.8;2.5;14.1;INDUS;INDUS;15;58.2;15.2;2.5;-12.8;0.0429553264604811;-0.21993127147766323
Boeing (US);G7;2021;INDUS;62.3;14.8;-2.9;2.1;14.2;INDUS;INDUS;16;62.3;14.8;2.1;-2.9;0.03370786516853933;-0.04654895666131621
Boeing (US);G7;2022;INDUS;66.6;14.2;-3.5;2.2;15.6;INDUS;INDUS;17;66.6;14.2;2.2;-3.5;0.03303303303303304;-0.052552552552552555
Boeing (US);G7;2023;INDUS;77.8;14.0;1.8;3.4;17.1;INDUS;INDUS;18;77.8;14.0;3.4;1.8;0.043701799485861184;0.023136246786632394
Boeing (US);G7;2024;INDUS;82.5;14.5;2.5;3.6;17.5;INDUS;INDUS;19;82.5;14.5;3.6;2.5;0.04363636363636364;0.030303030303030304
BorgWarner (US);G7;2005;INDUS;6.18;1.51;0.43;0.27;2.43;INDUS;AUTO;0;6.18;1.51;0.27;0.43;0.043689320388349516;0.06957928802588997
BorgWarner (US);G7;2006;INDUS;6.35;1.57;0.46;0.28;2.51;INDUS;AUTO;1;6.35;1.57;0.28;0.46;0.044094488188976384;0.07244094488188978
BorgWarner (US);G7;2007;INDUS;6.46;1.62;0.47;0.29;2.55;INDUS;AUTO;2;6.46;1.62;0.29;0.47;0.04489164086687306;0.07275541795665634
BorgWarner (US);G7;2008;INDUS;6.92;1.65;0.49;0.3;2.57;INDUS;AUTO;3;6.92;1.65;0.3;0.49;0.04335260115606936;0.0708092485549133
BorgWarner (US);G7;2009;INDUS;6.78;1.67;0.52;0.31;2.63;INDUS;AUTO;4;6.78;1.67;0.31;0.52;0.045722713864306784;0.07669616519174041
BorgWarner (US);G7;2010;INDUS;8.13;1.73;1.06;0.31;2.69;INDUS;AUTO;5;8.13;1.73;0.31;1.06;0.038130381303813035;0.1303813038130381
BorgWarner (US);G7;2011;INDUS;7.53;1.77;0.85;0.32;2.79;INDUS;AUTO;6;7.53;1.77;0.32;0.85;0.04249667994687915;0.11288180610889774
BorgWarner (US);G7;2012;INDUS;7.7;1.83;0.85;0.32;2.84;INDUS;AUTO;7;7.7;1.83;0.32;0.85;0.04155844155844156;0.11038961038961038
BorgWarner (US);G7;2013;INDUS;7.62;1.87;0.85;0.33;2.9;INDUS;AUTO;8;7.62;1.87;0.33;0.85;0.04330708661417323;0.11154855643044619
BorgWarner (US);G7;2014;INDUS;7.89;1.9;0.91;0.34;2.94;INDUS;AUTO;9;7.89;1.9;0.34;0.91;0.043092522179974654;0.11533586818757922
BorgWarner (US);G7;2015;INDUS;8.02;1.95;0.92;0.35;3.0;INDUS;AUTO;10;8.02;1.95;0.35;0.92;0.043640897755610975;0.114713216957606
BorgWarner (US);G7;2016;INDUS;9.07;2.15;1.05;0.42;3.8;INDUS;AUTO;11;9.07;2.15;0.42;1.05;0.04630650496141124;0.11576626240352812
BorgWarner (US);G7;2017;INDUS;9.8;2.35;1.18;0.48;4.1;INDUS;AUTO;12;9.8;2.35;0.48;1.18;0.04897959183673469;0.12040816326530611
BorgWarner (US);G7;2018;INDUS;10.53;2.52;1.25;0.55;4.5;INDUS;AUTO;13;10.53;2.52;0.55;1.25;0.05223171889838557;0.11870845204178539
BorgWarner (US);G7;2019;INDUS;10.17;2.65;1.12;0.58;4.3;INDUS;AUTO;14;10.17;2.65;0.58;1.12;0.05703048180924287;0.11012782694198625
BorgWarner (US);G7;2020;INDUS;10.16;2.85;0.85;0.65;4.8;INDUS;AUTO;15;10.16;2.85;0.65;0.85;0.0639763779527559;0.08366141732283464
BorgWarner (US);G7;2021;INDUS;14.84;3.05;1.35;0.82;5.2;INDUS;AUTO;16;14.84;3.05;0.82;1.35;0.05525606469002695;0.09097035040431267
BorgWarner (US);G7;2022;INDUS;15.8;3.25;1.42;0.88;5.5;INDUS;AUTO;17;15.8;3.25;0.88;1.42;0.05569620253164557;0.08987341772151898
BorgWarner (US);G7;2023;INDUS;14.2;2.95;1.31;0.78;3.95;INDUS;AUTO;18;14.2;2.95;0.78;1.31;0.054929577464788736;0.09225352112676057
BorgWarner (US);G7;2024;INDUS;14.45;3.15;1.45;0.82;4.1;INDUS;AUTO;19;14.45;3.15;0.82;1.45;0.05674740484429066;0.10034602076124567
Boston Scientific (US);G7;2005;TECH;4.91;1.33;0.32;0.68;1.92;PHARMA;PHARMA;0;4.91;1.33;0.68;0.32;0.1384928716904277;0.06517311608961303
Boston Scientific (US);G7;2006;TECH;5.01;1.37;0.33;0.71;1.95;PHARMA;PHARMA;1;5.01;1.37;0.71;0.33;0.14171656686626746;0.0658682634730539
Boston Scientific (US);G7;2007;TECH;5.26;1.4;0.36;0.73;2.0;PHARMA;PHARMA;2;5.26;1.4;0.73;0.36;0.13878326996197718;0.06844106463878327
Boston Scientific (US);G7;2008;TECH;5.61;1.44;0.4;0.74;2.05;PHARMA;PHARMA;3;5.61;1.44;0.74;0.4;0.1319073083778966;0.07130124777183601
Boston Scientific (US);G7;2009;TECH;5.5;1.48;0.42;0.77;2.09;PHARMA;PHARMA;4;5.5;1.48;0.77;0.42;0.14;0.07636363636363636
Boston Scientific (US);G7;2010;TECH;6.37;1.55;1.06;0.78;2.18;PHARMA;PHARMA;5;6.37;1.55;0.78;1.06;0.12244897959183673;0.1664050235478807
Boston Scientific (US);G7;2011;TECH;5.9;1.61;0.85;0.79;2.24;PHARMA;PHARMA;6;5.9;1.61;0.79;0.85;0.13389830508474576;0.14406779661016947
Boston Scientific (US);G7;2012;TECH;6.24;1.68;0.9;0.8;2.31;PHARMA;PHARMA;7;6.24;1.68;0.8;0.9;0.12820512820512822;0.14423076923076922
Boston Scientific (US);G7;2013;TECH;6.62;1.75;0.94;0.81;2.37;PHARMA;PHARMA;8;6.62;1.75;0.81;0.94;0.12235649546827795;0.14199395770392748
Boston Scientific (US);G7;2014;TECH;7.04;1.81;1.04;0.83;2.43;PHARMA;PHARMA;9;7.04;1.81;0.83;1.04;0.11789772727272727;0.14772727272727273
Boston Scientific (US);G7;2015;TECH;7.48;1.85;1.15;0.85;2.5;PHARMA;PHARMA;10;7.48;1.85;0.85;1.15;0.11363636363636363;0.15374331550802137
Boston Scientific (US);G7;2016;TECH;8.39;1.95;1.35;0.92;2.7;PHARMA;PHARMA;11;8.39;1.95;0.92;1.35;0.10965435041716329;0.1609058402860548
Boston Scientific (US);G7;2017;TECH;9.05;2.15;1.55;1.05;2.9;PHARMA;PHARMA;12;9.05;2.15;1.05;1.55;0.11602209944751381;0.17127071823204418
Boston Scientific (US);G7;2018;TECH;9.82;2.35;1.85;1.15;3.2;PHARMA;PHARMA;13;9.82;2.35;1.15;1.85;0.11710794297352341;0.18839103869653767
Boston Scientific (US);G7;2019;TECH;10.74;2.55;2.15;1.18;3.6;PHARMA;PHARMA;14;10.74;2.55;1.18;2.15;0.10986964618249534;0.20018621973929235
Boston Scientific (US);G7;2020;TECH;9.91;2.85;1.25;1.15;3.8;PHARMA;PHARMA;15;9.91;2.85;1.15;1.25;0.1160443995963673;0.12613521695257315
Boston Scientific (US);G7;2021;TECH;11.89;3.25;2.15;1.25;4.1;PHARMA;PHARMA;16;11.89;3.25;1.25;2.15;0.10513036164844407;0.18082422203532378
Boston Scientific (US);G7;2022;TECH;12.68;3.45;2.45;1.35;4.5;PHARMA;PHARMA;17;12.68;3.45;1.35;2.45;0.10646687697160884;0.19321766561514198
Boston Scientific (US);G7;2023;TECH;14.24;3.85;2.85;1.45;4.8;PHARMA;PHARMA;18;14.24;3.85;1.45;2.85;0.10182584269662921;0.20014044943820225
Boston Scientific (US);G7;2024;TECH;15.52;4.15;3.25;1.55;5.1;PHARMA;PHARMA;19;15.52;4.15;1.55;3.25;0.09987113402061856;0.20940721649484537
Brembo (EU);G7;2005;INDUS;1.866;0.75884;0.21148;0.13684;0.7;INDUS;INDUS;0;1.866;0.75884;0.13684;0.21148;0.07333333333333332;0.11333333333333333
Brembo (EU);G7;2006;INDUS;1.92168;0.77872;0.22608;0.13816;0.71;INDUS;INDUS;1;1.92168;0.77872;0.13816;0.22608;0.0718954248366013;0.11764705882352941
Brembo (EU);G7;2007;INDUS;2.13876;0.89115;0.24678;0.15081;0.73;INDUS;INDUS;2;2.13876;0.89115;0.15081;0.24678;0.07051282051282051;0.11538461538461539
Brembo (EU);G7;2008;INDUS;2.38302;0.95615;0.26478;0.16181;0.74;INDUS;INDUS;3;2.38302;0.95615;0.16181;0.26478;0.06790123456790123;0.1111111111111111
Brembo (EU);G7;2009;INDUS;2.21646;0.92004;0.26486;0.15334;0.76;INDUS;INDUS;4;2.21646;0.92004;0.15334;0.26486;0.06918238993710692;0.11949685534591194
Brembo (EU);G7;2010;INDUS;2.93046;0.87516;0.50388;0.14586;0.76;INDUS;INDUS;5;2.93046;0.87516;0.14586;0.50388;0.049773755656108594;0.17194570135746606
Brembo (EU);G7;2011;INDUS;2.8536;0.91872;0.4175999999999999;0.1531199999999999;0.77;INDUS;INDUS;6;2.8536;0.91872;0.1531199999999999;0.4175999999999999;0.05365853658536581;0.1463414634146341
Brembo (EU);G7;2012;INDUS;2.62344;0.87448;0.39866;0.14146;0.79;INDUS;INDUS;7;2.62344;0.87448;0.14146;0.39866;0.05392156862745098;0.1519607843137255
Brembo (EU);G7;2013;INDUS;2.7888;0.9296;0.41168;0.14608;0.81;INDUS;INDUS;8;2.7888;0.9296;0.14608;0.41168;0.052380952380952375;0.1476190476190476
Brembo (EU);G7;2014;INDUS;2.89722;0.95688;0.4119899999999999;0.14619;0.81;INDUS;INDUS;9;2.89722;0.95688;0.14619;0.4119899999999999;0.05045871559633027;0.1422018348623853
Brembo (EU);G7;2015;INDUS;2.5308;0.8325;0.3552;0.1221;0.82;INDUS;INDUS;10;2.5308;0.8325;0.1221;0.3552;0.04824561403508772;0.14035087719298245
Brembo (EU);G7;2016;INDUS;2.77857;0.90774;0.42066;0.1328399999999999;0.9;INDUS;INDUS;11;2.77857;0.90774;0.1328399999999999;0.42066;0.04780876494023901;0.15139442231075695
Brembo (EU);G7;2017;INDUS;3.0736;0.9944;0.4745999999999999;0.1582;0.98;INDUS;INDUS;12;3.0736;0.9944;0.1582;0.4745999999999999;0.05147058823529412;0.15441176470588233
Brembo (EU);G7;2018;INDUS;3.3658500000000005;1.12195;0.5314500000000001;0.17715;1.05;INDUS;INDUS;13;3.3658500000000005;1.12195;0.17715;0.5314500000000001;0.05263157894736841;0.15789473684210528
Brembo (EU);G7;2019;INDUS;3.15558;1.17495;0.42522;0.16785;1.08;INDUS;INDUS;14;3.15558;1.17495;0.16785;0.42522;0.05319148936170213;0.1347517730496454
Brembo (EU);G7;2020;INDUS;2.64944;1.27904;0.2398199999999999;0.15988;1.1;INDUS;INDUS;15;2.64944;1.27904;0.15988;0.2398199999999999;0.0603448275862069;0.09051724137931032
Brembo (EU);G7;2021;INDUS;3.72645;1.47875;0.41405;0.21294;1.22;INDUS;INDUS;16;3.72645;1.47875;0.21294;0.41405;0.05714285714285714;0.1111111111111111
Brembo (EU);G7;2022;INDUS;4.05405;1.45314;0.50544;0.2316599999999999;1.3;INDUS;INDUS;17;4.05405;1.45314;0.2316599999999999;0.50544;0.05714285714285711;0.12467532467532468
Brembo (EU);G7;2023;INDUS;4.4903;1.5689;0.5951000000000001;0.2705;1.35;INDUS;INDUS;18;4.4903;1.5689;0.2705;0.5951000000000001;0.060240963855421686;0.13253012048192772
Brembo (EU);G7;2024;INDUS;4.5985000000000005;1.64464;0.67084;0.30296;1.4;INDUS;INDUS;19;4.5985000000000005;1.64464;0.30296;0.67084;0.06588235294117646;0.14588235294117646
Bridgestone (JP);G7;2005;INDUS;19.06;8.52;1.15;0.62;11.17;INDUS;AUTO;0;19.06;8.52;0.62;1.15;0.03252885624344176;0.06033578174186779
Bridgestone (JP);G7;2006;INDUS;19.68;8.76;1.21;0.64;11.27;INDUS;AUTO;1;19.68;8.76;0.64;1.21;0.032520325203252036;0.061483739837398375
Bridgestone (JP);G7;2007;INDUS;21.01;9.17;1.25;0.65;11.58;INDUS;AUTO;2;21.01;9.17;0.65;1.25;0.03093764873869586;0.05949547834364588
Bridgestone (JP);G7;2008;INDUS;22.21;9.42;1.37;0.67;11.55;INDUS;AUTO;3;22.21;9.42;0.67;1.37;0.03016659162539397;0.06168392615938766
Bridgestone (JP);G7;2009;INDUS;21.77;9.66;1.44;0.68;11.79;INDUS;AUTO;4;21.77;9.66;0.68;1.44;0.031235645383555354;0.06614607257694075
Bridgestone (JP);G7;2010;INDUS;29.17;9.85;4.69;0.7;12.24;INDUS;AUTO;5;29.17;9.85;0.7;4.69;0.023997257456290708;0.16078162495714776
Bridgestone (JP);G7;2011;INDUS;27.01;10.26;3.75;0.71;12.56;INDUS;AUTO;6;27.01;10.26;0.71;3.75;0.026286560533135873;0.1388374676045909
Bridgestone (JP);G7;2012;INDUS;27.71;10.59;3.77;0.74;12.91;INDUS;AUTO;7;27.71;10.59;0.74;3.77;0.0267051605918441;0.13605196679898954
Bridgestone (JP);G7;2013;INDUS;29.0;11.15;4.11;0.76;13.44;INDUS;AUTO;8;29.0;11.15;0.76;4.11;0.02620689655172414;0.1417241379310345
Bridgestone (JP);G7;2014;INDUS;29.95;11.71;4.26;0.78;13.81;INDUS;AUTO;9;29.95;11.71;0.78;4.26;0.02604340567612688;0.14223706176961604
Bridgestone (JP);G7;2015;INDUS;31.5;12.2;4.3;0.8;14.4;INDUS;AUTO;10;31.5;12.2;0.8;4.3;0.025396825396825397;0.1365079365079365
Bridgestone (JP);G7;2016;INDUS;29.4;11.8;3.9;0.8;14.4;INDUS;AUTO;11;29.4;11.8;0.8;3.9;0.0272108843537415;0.1326530612244898
Bridgestone (JP);G7;2017;INDUS;32.5;12.1;3.8;0.9;14.3;INDUS;AUTO;12;32.5;12.1;0.9;3.8;0.027692307692307693;0.11692307692307692
Bridgestone (JP);G7;2018;INDUS;32.1;12.5;3.6;0.9;14.3;INDUS;AUTO;13;32.1;12.5;0.9;3.6;0.028037383177570093;0.11214953271028037
Bridgestone (JP);G7;2019;INDUS;31.8;13.2;3.1;0.9;14.4;INDUS;AUTO;14;31.8;13.2;0.9;3.1;0.02830188679245283;0.09748427672955975
Bridgestone (JP);G7;2020;INDUS;26.8;13.5;2.0;0.8;13.8;INDUS;AUTO;15;26.8;13.5;0.8;2.0;0.029850746268656716;0.07462686567164178
Bridgestone (JP);G7;2021;INDUS;28.5;12.8;3.4;0.8;13.5;INDUS;AUTO;16;28.5;12.8;0.8;3.4;0.028070175438596492;0.11929824561403508
Bridgestone (JP);G7;2022;INDUS;30.1;13.1;3.6;0.8;13.0;INDUS;AUTO;17;30.1;13.1;0.8;3.6;0.026578073089700997;0.11960132890365448
Bridgestone (JP);G7;2023;INDUS;29.5;13.4;3.5;0.9;12.6;INDUS;AUTO;18;29.5;13.4;0.9;3.5;0.030508474576271188;0.11864406779661017
Bridgestone (JP);G7;2024;INDUS;31.2;13.8;3.8;0.9;12.8;INDUS;AUTO;19;31.2;13.8;0.9;3.8;0.028846153846153848;0.12179487179487179
Bristol-Myers Squibb (US);G7;2005;PHARMA;11.21;2.32;1.4;2.99;1.8;PHARMA;PHARMA;0;11.21;2.32;2.99;1.4;0.26672613737734163;0.12488849241748437
Bristol-Myers Squibb (US);G7;2006;PHARMA;11.83;2.42;1.55;3.08;1.86;PHARMA;PHARMA;1;11.83;2.42;3.08;1.55;0.2603550295857988;0.13102282333051565
Bristol-Myers Squibb (US);G7;2007;PHARMA;12.53;2.56;1.57;3.2;1.92;PHARMA;PHARMA;2;12.53;2.56;3.2;1.57;0.2553870710295292;0.12529928172386273
Bristol-Myers Squibb (US);G7;2008;PHARMA;12.83;2.67;1.68;3.31;1.98;PHARMA;PHARMA;3;12.83;2.67;3.31;1.68;0.2579890880748246;0.1309431021044427
Bristol-Myers Squibb (US);G7;2009;PHARMA;12.58;2.75;1.77;3.4;2.04;PHARMA;PHARMA;4;12.58;2.75;3.4;1.77;0.2702702702702703;0.14069952305246422
Bristol-Myers Squibb (US);G7;2010;PHARMA;14.26;2.87;3.09;3.46;2.13;PHARMA;PHARMA;5;14.26;2.87;3.46;3.09;0.2426367461430575;0.2166900420757363
Bristol-Myers Squibb (US);G7;2011;PHARMA;13.2;2.99;2.47;3.52;2.17;PHARMA;PHARMA;6;13.2;2.99;3.52;2.47;0.26666666666666666;0.18712121212121213
Bristol-Myers Squibb (US);G7;2012;PHARMA;13.59;3.05;2.46;3.63;2.24;PHARMA;PHARMA;7;13.59;3.05;3.63;2.46;0.2671081677704194;0.18101545253863136
Bristol-Myers Squibb (US);G7;2013;PHARMA;14.56;3.15;2.54;3.73;2.31;PHARMA;PHARMA;8;14.56;3.15;3.73;2.54;0.25618131868131866;0.17445054945054944
Bristol-Myers Squibb (US);G7;2014;PHARMA;15.53;3.24;2.85;3.82;2.43;PHARMA;PHARMA;9;15.53;3.24;3.82;2.85;0.24597553122987767;0.1835157759175789
Bristol-Myers Squibb (US);G7;2015;PHARMA;16.56;3.42;3.15;3.95;2.5;PHARMA;PHARMA;10;16.56;3.42;3.95;3.15;0.2385265700483092;0.19021739130434784
Bristol-Myers Squibb (US);G7;2016;PHARMA;19.42;3.65;4.45;4.95;2.5;PHARMA;PHARMA;11;19.42;3.65;4.95;4.45;0.2548918640576725;0.22914521112255407
Bristol-Myers Squibb (US);G7;2017;PHARMA;20.85;3.85;4.85;4.82;2.4;PHARMA;PHARMA;12;20.85;3.85;4.82;4.85;0.23117505995203838;0.23261390887290165
Bristol-Myers Squibb (US);G7;2018;PHARMA;22.56;4.15;5.15;5.15;2.3;PHARMA;PHARMA;13;22.56;4.15;5.15;5.15;0.22828014184397166;0.22828014184397166
Bristol-Myers Squibb (US);G7;2019;PHARMA;26.15;4.45;6.12;6.15;3.0;PHARMA;PHARMA;14;26.15;4.45;6.15;6.12;0.23518164435946465;0.23403441682600384
Bristol-Myers Squibb (US);G7;2020;PHARMA;42.52;8.15;11.25;9.2;3.0;PHARMA;PHARMA;15;42.52;8.15;9.2;11.25;0.2163687676387582;0.2645813734713076
Bristol-Myers Squibb (US);G7;2021;PHARMA;46.41;8.85;12.45;9.52;3.2;PHARMA;PHARMA;16;46.41;8.85;9.52;12.45;0.20512820512820512;0.2682611506140918
Bristol-Myers Squibb (US);G7;2022;PHARMA;46.16;9.12;11.85;9.5;3.4;PHARMA;PHARMA;17;46.16;9.12;9.5;11.85;0.20580589254766032;0.2567157712305026
Bristol-Myers Squibb (US);G7;2023;PHARMA;45.01;9.45;10.85;9.28;3.4;PHARMA;PHARMA;18;45.01;9.45;9.28;10.85;0.20617640524327926;0.2410575427682737
Bristol-Myers Squibb (US);G7;2024;PHARMA;46.85;9.85;12.15;9.85;3.5;PHARMA;PHARMA;19;46.85;9.85;9.85;12.15;0.2102454642475987;0.25933831376734257
Broadcom (US);G7;2005;TECH;3.45;0.37;0.59;0.64;0.43;TECH;TECH;0;3.45;0.37;0.64;0.59;0.1855072463768116;0.17101449275362318
Broadcom (US);G7;2006;TECH;3.81;0.4;0.63;0.68;0.46;TECH;TECH;1;3.81;0.4;0.68;0.63;0.1784776902887139;0.16535433070866143
Broadcom (US);G7;2007;TECH;4.36;0.43;0.71;0.72;0.49;TECH;TECH;2;4.36;0.43;0.72;0.71;0.16513761467889906;0.16284403669724767
Broadcom (US);G7;2008;TECH;4.71;0.47;0.78;0.76;0.52;TECH;TECH;3;4.71;0.47;0.76;0.78;0.1613588110403397;0.1656050955414013
Broadcom (US);G7;2009;TECH;4.62;0.51;0.82;0.81;0.56;TECH;TECH;4;4.62;0.51;0.81;0.82;0.17532467532467533;0.17748917748917747
Broadcom (US);G7;2010;TECH;4.9;0.55;1.45;0.85;0.58;TECH;TECH;5;4.9;0.55;0.85;1.45;0.173469387755102;0.29591836734693877
Broadcom (US);G7;2011;TECH;4.54;0.59;1.16;0.9;0.61;TECH;TECH;6;4.54;0.59;0.9;1.16;0.19823788546255508;0.2555066079295154
Broadcom (US);G7;2012;TECH;4.95;0.65;1.21;0.95;0.65;TECH;TECH;7;4.95;0.65;0.95;1.21;0.1919191919191919;0.24444444444444444
Broadcom (US);G7;2013;TECH;5.69;0.68;1.46;1.0;0.7;TECH;TECH;8;5.69;0.68;1.0;1.46;0.17574692442882248;0.2565905096660808
Broadcom (US);G7;2014;TECH;6.45;0.73;1.66;1.05;0.75;TECH;TECH;9;6.45;0.73;1.05;1.66;0.16279069767441862;0.2573643410852713
Broadcom (US);G7;2015;TECH;6.8;0.8;1.8;1.1;0.8;TECH;TECH;10;6.8;0.8;1.1;1.8;0.16176470588235295;0.2647058823529412
Broadcom (US);G7;2016;TECH;13.2;1.5;0.1;2.7;1.5;TECH;TECH;11;13.2;1.5;2.7;0.1;0.20454545454545456;0.007575757575757577
Broadcom (US);G7;2017;TECH;17.6;1.8;2.8;3.3;1.6;TECH;TECH;12;17.6;1.8;3.3;2.8;0.18749999999999997;0.15909090909090906
Broadcom (US);G7;2018;TECH;20.8;1.9;5.2;3.8;1.5;TECH;TECH;13;20.8;1.9;3.8;5.2;0.18269230769230768;0.25
Broadcom (US);G7;2019;TECH;22.6;2.1;4.4;4.7;1.9;TECH;TECH;14;22.6;2.1;4.7;4.4;0.2079646017699115;0.19469026548672566
Broadcom (US);G7;2020;TECH;23.9;2.3;4.1;5.0;2.0;TECH;TECH;15;23.9;2.3;5.0;4.1;0.2092050209205021;0.17154811715481172
Broadcom (US);G7;2021;TECH;27.5;2.5;8.3;4.9;2.0;TECH;TECH;16;27.5;2.5;4.9;8.3;0.1781818181818182;0.3018181818181818
Broadcom (US);G7;2022;TECH;33.2;2.8;14.2;4.9;2.0;TECH;TECH;17;33.2;2.8;4.9;14.2;0.14759036144578314;0.4277108433734939
Broadcom (US);G7;2023;TECH;35.8;3.1;16.5;5.3;2.0;TECH;TECH;18;35.8;3.1;5.3;16.5;0.14804469273743018;0.4608938547486034
Broadcom (US);G7;2024;TECH;51.2;4.5;22.5;7.2;2.8;TECH;TECH;19;51.2;4.5;7.2;22.5;0.140625;0.439453125
CATL;CN;2015;INDUS;1.48;0.74;0.28;0.11;;INDUS;INDUS;10;1.48;0.74;0.11;0.28;0.07432432432432433;0.1891891891891892
CATL;CN;2020;INDUS;12.58;6.29;2.52;0.9;;INDUS;INDUS;15;12.58;6.29;0.9;2.52;0.07154213036565978;0.20031796502384738
CATL;CN;2024;INDUS;97.56;48.78;17.56;7.32;;INDUS;INDUS;19;97.56;48.78;7.32;17.56;0.07503075030750307;0.17999179991799916
CGI Inc (CA);G7;2005;TECH;3.81;0.43;0.27;0.11;3.47;TECH;INDUS;0;3.81;0.43;0.11;0.27;0.028871391076115485;0.07086614173228346
CGI Inc (CA);G7;2006;TECH;4.36;0.47;0.3;0.11;3.72;TECH;INDUS;1;4.36;0.47;0.11;0.3;0.025229357798165136;0.06880733944954127
CGI Inc (CA);G7;2007;TECH;4.82;0.51;0.32;0.12;3.99;TECH;INDUS;2;4.82;0.51;0.12;0.32;0.024896265560165973;0.06639004149377593
CGI Inc (CA);G7;2008;TECH;5.52;0.55;0.37;0.13;4.26;TECH;INDUS;3;5.52;0.55;0.13;0.37;0.023550724637681163;0.06702898550724638
CGI Inc (CA);G7;2009;TECH;5.41;0.6;0.39;0.14;4.51;TECH;INDUS;4;5.41;0.6;0.14;0.39;0.025878003696857672;0.07208872458410351
CGI Inc (CA);G7;2010;TECH;5.81;0.65;0.79;0.15;4.79;TECH;INDUS;5;5.81;0.65;0.15;0.79;0.025817555938037865;0.1359724612736661
CGI Inc (CA);G7;2011;TECH;5.38;0.7;0.63;0.16;5.04;TECH;INDUS;6;5.38;0.7;0.16;0.63;0.029739776951672865;0.1171003717472119
CGI Inc (CA);G7;2012;TECH;6.1;0.74;0.69;0.17;5.42;TECH;INDUS;7;6.1;0.74;0.17;0.69;0.027868852459016397;0.11311475409836065
CGI Inc (CA);G7;2013;TECH;7.07;0.78;0.8;0.18;5.86;TECH;INDUS;8;7.07;0.78;0.18;0.8;0.025459688826025458;0.11315417256011316
CGI Inc (CA);G7;2014;TECH;7.76;0.83;0.84;0.19;6.34;TECH;INDUS;9;7.76;0.83;0.19;0.84;0.024484536082474227;0.10824742268041238
CGI Inc (CA);G7;2015;INDUS;10.28;1.15;1.45;0.15;6.5;INDUS;INDUS;10;10.28;1.15;0.15;1.45;0.014591439688715954;0.14105058365758755
CGI Inc (CA);G7;2016;INDUS;10.68;1.18;1.52;0.16;6.8;INDUS;INDUS;11;10.68;1.18;0.16;1.52;0.0149812734082397;0.14232209737827717
CGI Inc (CA);G7;2017;INDUS;10.85;1.22;1.58;0.17;7.25;INDUS;INDUS;12;10.85;1.22;0.17;1.58;0.01566820276497696;0.14562211981566822
CGI Inc (CA);G7;2018;INDUS;11.52;1.25;1.65;0.18;7.75;INDUS;INDUS;13;11.52;1.25;0.18;1.65;0.015625;0.14322916666666666
CGI Inc (CA);G7;2019;INDUS;12.11;1.35;1.72;0.21;7.8;INDUS;INDUS;14;12.11;1.35;0.21;1.72;0.017341040462427747;0.14203137902559868
CGI Inc (CA);G7;2020;INDUS;12.16;1.42;1.65;0.22;7.6;INDUS;INDUS;15;12.16;1.42;0.22;1.65;0.018092105263157895;0.1356907894736842
CGI Inc (CA);G7;2021;INDUS;12.13;1.45;1.78;0.24;8.0;INDUS;INDUS;16;12.13;1.45;0.24;1.78;0.01978565539983512;0.14674361088211046
CGI Inc (CA);G7;2022;INDUS;12.85;1.52;1.85;0.26;9.0;INDUS;INDUS;17;12.85;1.52;0.26;1.85;0.020233463035019456;0.14396887159533076
CGI Inc (CA);G7;2023;INDUS;14.3;1.65;2.05;0.28;9.15;INDUS;INDUS;18;14.3;1.65;0.28;2.05;0.019580419580419582;0.14335664335664333
CGI Inc (CA);G7;2024;INDUS;15.15;1.75;2.15;0.32;9.5;INDUS;INDUS;19;15.15;1.75;0.32;2.15;0.021122112211221122;0.1419141914191419
CHINT Electrics;CN;2005;INDUS;0.15;0.1;0.012;0.005;;INDUS;INDUS;0;0.15;0.1;0.005;0.012;0.03333333333333333;0.08
CHINT Electrics;CN;2006;INDUS;0.22;0.15;0.018;0.008;;INDUS;INDUS;1;0.22;0.15;0.008;0.018;0.03636363636363636;0.08181818181818182
CHINT Electrics;CN;2007;INDUS;0.32;0.22;0.026;0.011;;INDUS;INDUS;2;0.32;0.22;0.011;0.026;0.034374999999999996;0.08124999999999999
CHINT Electrics;CN;2008;INDUS;0.45;0.3;0.036;0.016;;INDUS;INDUS;3;0.45;0.3;0.016;0.036;0.035555555555555556;0.07999999999999999
CHINT Electrics;CN;2009;INDUS;0.52;0.35;0.042;0.018;;INDUS;INDUS;4;0.52;0.35;0.018;0.042;0.03461538461538461;0.08076923076923077
CHINT Electrics;CN;2010;INDUS;0.68;0.46;0.054;0.024;;INDUS;INDUS;5;0.68;0.46;0.024;0.054;0.03529411764705882;0.07941176470588235
CHINT Electrics;CN;2011;INDUS;0.86;0.58;0.069;0.03;;INDUS;INDUS;6;0.86;0.58;0.03;0.069;0.03488372093023256;0.08023255813953489
CHINT Electrics;CN;2012;INDUS;1.05;0.71;0.084;0.037;;INDUS;INDUS;7;1.05;0.71;0.037;0.084;0.035238095238095235;0.08
CHINT Electrics;CN;2013;INDUS;1.3;0.88;0.104;0.046;;INDUS;INDUS;8;1.3;0.88;0.046;0.104;0.03538461538461538;0.07999999999999999
CHINT Electrics;CN;2014;INDUS;1.52;1.03;0.122;0.053;;INDUS;INDUS;9;1.52;1.03;0.053;0.122;0.034868421052631576;0.08026315789473684
CHINT Electrics;CN;2015;INDUS;1.78;1.2;0.142;0.062;;INDUS;INDUS;10;1.78;1.2;0.062;0.142;0.0348314606741573;0.0797752808988764
CHINT Electrics;CN;2016;INDUS;2.1;1.42;0.168;0.074;;INDUS;INDUS;11;2.1;1.42;0.074;0.168;0.035238095238095235;0.08
CHINT Electrics;CN;2017;INDUS;2.45;1.65;0.196;0.086;;INDUS;INDUS;12;2.45;1.65;0.086;0.196;0.03510204081632653;0.08
CHINT Electrics;CN;2018;INDUS;2.8;1.89;0.224;0.098;;INDUS;INDUS;13;2.8;1.89;0.098;0.224;0.035;0.08
CHINT Electrics;CN;2019;INDUS;3.15;2.13;0.252;0.11;;INDUS;INDUS;14;3.15;2.13;0.11;0.252;0.03492063492063492;0.08
CHINT Electrics;CN;2020;INDUS;3.5;2.36;0.28;0.123;;INDUS;INDUS;15;3.5;2.36;0.123;0.28;0.03514285714285714;0.08
CHINT Electrics;CN;2021;INDUS;4.1;2.77;0.328;0.144;;INDUS;INDUS;16;4.1;2.77;0.144;0.328;0.0351219512195122;0.08000000000000002
CHINT Electrics;CN;2022;INDUS;5.5;3.71;0.44;0.193;;INDUS;INDUS;17;5.5;3.71;0.193;0.44;0.03509090909090909;0.08
CHINT Electrics;CN;2023;INDUS;6.8;4.59;0.544;0.238;;INDUS;INDUS;18;6.8;4.59;0.238;0.544;0.034999999999999996;0.08
CHINT Electrics;CN;2024;INDUS;7.9;5.33;0.632;0.277;;INDUS;INDUS;19;7.9;5.33;0.277;0.632;0.035063291139240504;0.08
CIMC;CN;2005;INDUS;1.85;0.8;0.12;0.03;;INDUS;INDUS;0;1.85;0.8;0.03;0.12;0.016216216216216214;0.06486486486486485
CIMC;CN;2006;INDUS;2.4;1.0;0.16;0.04;;INDUS;INDUS;1;2.4;1.0;0.04;0.16;0.016666666666666666;0.06666666666666667
CIMC;CN;2007;INDUS;3.12;1.3;0.22;0.05;;INDUS;INDUS;2;3.12;1.3;0.05;0.22;0.016025641025641028;0.07051282051282051
CIMC;CN;2008;INDUS;3.85;1.6;0.28;0.06;;INDUS;INDUS;3;3.85;1.6;0.06;0.28;0.015584415584415583;0.07272727272727274
CIMC;CN;2009;INDUS;2.95;1.2;0.2;0.05;;INDUS;INDUS;4;2.95;1.2;0.05;0.2;0.01694915254237288;0.06779661016949153
CIMC;CN;2010;INDUS;4.5;1.9;0.32;0.08;;INDUS;INDUS;5;4.5;1.9;0.08;0.32;0.017777777777777778;0.07111111111111111
CIMC;CN;2011;INDUS;5.8;2.4;0.41;0.1;;INDUS;INDUS;6;5.8;2.4;0.1;0.41;0.017241379310344827;0.0706896551724138
CIMC;CN;2012;INDUS;6.2;2.6;0.44;0.11;;INDUS;INDUS;7;6.2;2.6;0.11;0.44;0.017741935483870968;0.07096774193548387
CIMC;CN;2013;INDUS;5.9;2.5;0.42;0.1;;INDUS;INDUS;8;5.9;2.5;0.1;0.42;0.01694915254237288;0.07118644067796609
CIMC;CN;2014;INDUS;4.8;2.0;0.34;0.08;;INDUS;INDUS;9;4.8;2.0;0.08;0.34;0.016666666666666666;0.07083333333333335
CIMC;CN;2015;INDUS;5.5;2.3;0.39;0.09;;INDUS;INDUS;10;5.5;2.3;0.09;0.39;0.01636363636363636;0.07090909090909091
CIMC;CN;2016;INDUS;7.1;3.0;0.5;0.12;;INDUS;INDUS;11;7.1;3.0;0.12;0.5;0.016901408450704227;0.07042253521126761
CIMC;CN;2017;INDUS;10.5;4.4;0.74;0.18;;INDUS;INDUS;12;10.5;4.4;0.18;0.74;0.017142857142857144;0.07047619047619047
CIMC;CN;2018;INDUS;12.8;5.4;0.9;0.22;;INDUS;INDUS;13;12.8;5.4;0.22;0.9;0.017187499999999998;0.0703125
CIMC;CN;2019;INDUS;11.2;4.7;0.79;0.19;;INDUS;INDUS;14;11.2;4.7;0.19;0.79;0.016964285714285716;0.0705357142857143
CIMC;CN;2020;INDUS;13.5;5.7;0.95;0.23;;INDUS;INDUS;15;13.5;5.7;0.23;0.95;0.017037037037037038;0.07037037037037036
CIMC;CN;2021;INDUS;22.8;9.6;1.6;0.39;;INDUS;INDUS;16;22.8;9.6;0.39;1.6;0.017105263157894738;0.07017543859649122
CIMC;CN;2022;INDUS;19.5;8.2;1.37;0.33;;INDUS;INDUS;17;19.5;8.2;0.33;1.37;0.016923076923076923;0.07025641025641026
CIMC;CN;2023;INDUS;17.8;7.5;1.25;0.3;;INDUS;INDUS;18;17.8;7.5;0.3;1.25;0.016853932584269662;0.07022471910112359
CIMC;CN;2024;INDUS;22.0;9.3;1.54;0.37;;INDUS;INDUS;19;22.0;9.3;0.37;1.54;0.01681818181818182;0.07
CJ CheilJedang (KR);G7;2005;INDUS;7.9;2.4;0.24;0.1;0.5;INDUS;INDUS;0;7.9;2.4;0.1;0.24;0.012658227848101266;0.030379746835443037
CJ CheilJedang (KR);G7;2006;INDUS;8.03;2.47;0.24;0.1;0.51;INDUS;INDUS;1;8.03;2.47;0.1;0.24;0.012453300124533002;0.029887920298879204
CJ CheilJedang (KR);G7;2007;INDUS;8.41;2.55;0.26;0.1;0.52;INDUS;INDUS;2;8.41;2.55;0.1;0.26;0.011890606420927468;0.030915576694411414
CJ CheilJedang (KR);G7;2008;INDUS;8.6;2.58;0.28;0.1;0.53;INDUS;INDUS;3;8.6;2.58;0.1;0.28;0.011627906976744188;0.03255813953488373
CJ CheilJedang (KR);G7;2009;INDUS;8.43;2.69;0.3;0.1;0.54;INDUS;INDUS;4;8.43;2.69;0.1;0.3;0.011862396204033216;0.03558718861209964
CJ CheilJedang (KR);G7;2010;INDUS;11.01;2.75;0.83;0.1;0.55;INDUS;INDUS;5;11.01;2.75;0.1;0.83;0.009082652134423252;0.07538601271571299
CJ CheilJedang (KR);G7;2011;INDUS;10.19;2.83;0.66;0.1;0.56;INDUS;INDUS;6;10.19;2.83;0.1;0.66;0.009813542688910697;0.0647693817468106
CJ CheilJedang (KR);G7;2012;INDUS;10.58;2.92;0.67;0.1;0.57;INDUS;INDUS;7;10.58;2.92;0.1;0.67;0.00945179584120983;0.06332703213610587
CJ CheilJedang (KR);G7;2013;INDUS;10.82;3.03;0.7;0.1;0.58;INDUS;INDUS;8;10.82;3.03;0.1;0.7;0.009242144177449169;0.06469500924214418
CJ CheilJedang (KR);G7;2014;INDUS;10.95;3.15;0.69;0.1;0.58;INDUS;INDUS;9;10.95;3.15;0.1;0.69;0.009132420091324202;0.06301369863013699
CJ CheilJedang (KR);G7;2015;INDUS;11.5;3.2;0.7;0.1;0.6;INDUS;INDUS;10;11.5;3.2;0.1;0.7;0.008695652173913044;0.0608695652173913
CJ CheilJedang (KR);G7;2016;INDUS;12.8;3.5;0.8;0.1;0.6;INDUS;INDUS;11;12.8;3.5;0.1;0.8;0.0078125;0.0625
CJ CheilJedang (KR);G7;2017;INDUS;14.2;3.8;0.7;0.1;0.7;INDUS;INDUS;12;14.2;3.8;0.1;0.7;0.007042253521126762;0.04929577464788732
CJ CheilJedang (KR);G7;2018;INDUS;16.5;4.2;0.8;0.1;0.8;INDUS;INDUS;13;16.5;4.2;0.1;0.8;0.006060606060606061;0.048484848484848485
CJ CheilJedang (KR);G7;2019;INDUS;19.2;5.1;0.8;0.2;0.8;INDUS;INDUS;14;19.2;5.1;0.2;0.8;0.010416666666666668;0.04166666666666667
CJ CheilJedang (KR);G7;2020;INDUS;21.4;5.8;1.2;0.2;0.9;INDUS;INDUS;15;21.4;5.8;0.2;1.2;0.009345794392523366;0.056074766355140186
CJ CheilJedang (KR);G7;2021;INDUS;23.5;6.1;1.4;0.2;0.9;INDUS;INDUS;16;23.5;6.1;0.2;1.4;0.00851063829787234;0.05957446808510638
CJ CheilJedang (KR);G7;2022;INDUS;25.8;6.5;1.5;0.2;1.0;INDUS;INDUS;17;25.8;6.5;0.2;1.5;0.007751937984496124;0.05813953488372093
CJ CheilJedang (KR);G7;2023;INDUS;24.2;6.8;1.2;0.2;1.0;INDUS;INDUS;18;24.2;6.8;0.2;1.2;0.008264462809917356;0.049586776859504134
CJ CheilJedang (KR);G7;2024;INDUS;25.5;7.2;1.4;0.2;1.0;INDUS;INDUS;19;25.5;7.2;0.2;1.4;0.00784313725490196;0.054901960784313725
CNGR Advanced;CN;2020;INDUS;1.86;0.37;0.12;0.07;;INDUS;INDUS;15;1.86;0.37;0.07;0.12;0.03763440860215054;0.06451612903225806
CNGR Advanced;CN;2024;INDUS;11.76;2.35;0.5;0.42;;INDUS;INDUS;19;11.76;2.35;0.42;0.5;0.03571428571428571;0.04251700680272109
Cambricon;CN;2020;TECH;0.44;0.03;-0.03;0.22;;TECH;TECH;15;0.44;0.03;0.22;-0.03;0.5;-0.06818181818181818
Cambricon;CN;2024;TECH;0.28;0.04;-0.11;0.14;;TECH;TECH;19;0.28;0.04;0.14;-0.11;0.5;-0.39285714285714285
Canon (JP);G7;2005;INDUS;17.69;3.22;1.19;1.65;11.23;TECH;TECH;0;17.69;3.22;1.65;1.19;0.09327303561334085;0.06726964386659129
Canon (JP);G7;2006;INDUS;19.06;3.43;1.28;1.71;11.71;TECH;TECH;1;19.06;3.43;1.71;1.28;0.08971668415529906;0.06715634837355719
Canon (JP);G7;2007;INDUS;20.73;3.68;1.38;1.72;12.37;TECH;TECH;2;20.73;3.68;1.72;1.38;0.08297153883260974;0.06657018813314038
Canon (JP);G7;2008;INDUS;22.34;3.84;1.45;1.82;13.32;TECH;TECH;3;22.34;3.84;1.82;1.45;0.08146821844225605;0.06490599820948971
Canon (JP);G7;2009;INDUS;21.9;4.01;1.53;1.9;14.2;TECH;TECH;4;21.9;4.01;1.9;1.53;0.0867579908675799;0.06986301369863014
Canon (JP);G7;2010;INDUS;24.4;4.26;2.44;1.97;15.03;TECH;TECH;5;24.4;4.26;1.97;2.44;0.0807377049180328;0.1
Canon (JP);G7;2011;INDUS;22.59;4.51;1.95;2.07;15.75;TECH;TECH;6;22.59;4.51;2.07;1.95;0.09163346613545816;0.08632138114209827
Canon (JP);G7;2012;INDUS;24.49;4.83;2.16;2.16;16.31;TECH;TECH;7;24.49;4.83;2.16;2.16;0.08819926500612496;0.08819926500612496
Canon (JP);G7;2013;INDUS;27.48;5.06;2.38;2.25;17.17;TECH;TECH;8;27.48;5.06;2.25;2.38;0.08187772925764192;0.086608442503639
Canon (JP);G7;2014;INDUS;28.3;5.44;2.5;2.38;18.16;TECH;TECH;9;28.3;5.44;2.38;2.5;0.08409893992932861;0.08833922261484099
Canon (JP);G7;2015;INDUS;31.5;5.8;2.9;2.5;19.0;TECH;TECH;10;31.5;5.8;2.5;2.9;0.07936507936507936;0.09206349206349206
Canon (JP);G7;2016;INDUS;28.5;5.6;1.9;2.5;19.7;TECH;TECH;11;28.5;5.6;2.5;1.9;0.08771929824561403;0.06666666666666667
Canon (JP);G7;2017;INDUS;34.8;6.2;2.8;2.9;19.8;TECH;TECH;12;34.8;6.2;2.9;2.8;0.08333333333333334;0.08045977011494253
Canon (JP);G7;2018;INDUS;34.1;6.5;2.9;2.8;19.5;TECH;TECH;13;34.1;6.5;2.8;2.9;0.08211143695014662;0.08504398826979472
Canon (JP);G7;2019;INDUS;31.2;6.8;1.5;2.6;18.7;TECH;TECH;14;31.2;6.8;2.6;1.5;0.08333333333333334;0.04807692307692308
Canon (JP);G7;2020;INDUS;28.2;6.5;1.0;2.5;18.1;TECH;TECH;15;28.2;6.5;2.5;1.0;0.08865248226950355;0.03546099290780142
Canon (JP);G7;2021;INDUS;30.5;6.1;2.4;2.5;18.4;TECH;TECH;16;30.5;6.1;2.5;2.4;0.08196721311475409;0.07868852459016393
Canon (JP);G7;2022;INDUS;28.4;5.9;2.6;2.3;18.0;TECH;TECH;17;28.4;5.9;2.3;2.6;0.08098591549295775;0.09154929577464789
Canon (JP);G7;2023;INDUS;27.5;6.2;2.5;2.3;17.5;TECH;TECH;18;27.5;6.2;2.3;2.5;0.08363636363636363;0.09090909090909091
Canon (JP);G7;2024;INDUS;28.8;6.5;2.8;2.4;17.2;TECH;TECH;19;28.8;6.5;2.4;2.8;0.08333333333333333;0.09722222222222221
Capgemini (EU);G7;2005;INDUS;10.05152;0.5598;0.58468;0.1244;12.97;INDUS;INDUS;0;10.05152;0.5598;0.1244;0.58468;0.012376237623762375;0.058168316831683164
Capgemini (EU);G7;2006;INDUS;10.43736;0.57776;0.60288;0.1256;13.41;INDUS;INDUS;1;10.43736;0.57776;0.1256;0.60288;0.012033694344163657;0.057761732851985555
Capgemini (EU);G7;2007;INDUS;12.13335;0.64437;0.72663;0.1371;13.62;INDUS;INDUS;2;12.13335;0.64437;0.1371;0.72663;0.011299435028248588;0.059887005649717516
Capgemini (EU);G7;2008;INDUS;13.41552;0.69137;0.8384699999999999;0.1471;14.44;INDUS;INDUS;3;13.41552;0.69137;0.1471;0.8384699999999999;0.010964912280701754;0.06249999999999999
Capgemini (EU);G7;2009;INDUS;12.46236;0.6830599999999999;0.8363999999999999;0.1394;14.83;INDUS;INDUS;4;12.46236;0.6830599999999999;0.1394;0.8363999999999999;0.011185682326621923;0.06711409395973153
Capgemini (EU);G7;2010;INDUS;15.07662;0.6762600000000001;1.7105400000000002;0.1326;15.71;INDUS;INDUS;5;15.07662;0.6762600000000001;0.1326;1.7105400000000002;0.008795074758135443;0.11345646437994723
Capgemini (EU);G7;2011;INDUS;14.657759999999998;0.7238399999999999;1.43376;0.1392;16.21;INDUS;INDUS;6;14.657759999999998;0.7238399999999999;0.1392;1.43376;0.009496676163342831;0.09781576448243116
Capgemini (EU);G7;2012;INDUS;14.23602;0.7073;1.4146;0.1286;16.53;INDUS;INDUS;7;14.23602;0.7073;0.1286;1.4146;0.009033423667570008;0.0993676603432701
Capgemini (EU);G7;2013;INDUS;15.803200000000002;0.7436800000000001;1.58032;0.1328;17.24;INDUS;INDUS;8;15.803200000000002;0.7436800000000001;0.1328;1.58032;0.008403361344537815;0.09999999999999998
Capgemini (EU);G7;2014;INDUS;16.93146;0.77082;1.64796;0.1329;17.65;INDUS;INDUS;9;16.93146;0.77082;0.1329;1.64796;0.007849293563579277;0.09733124018838304
Capgemini (EU);G7;2015;INDUS;14.541;0.666;1.4430000000000005;0.111;18.0;INDUS;INDUS;10;14.541;0.666;0.111;1.4430000000000005;0.007633587786259542;0.09923664122137407
Capgemini (EU);G7;2016;INDUS;15.2766;0.7748999999999999;1.6605;0.1107;19.3;INDUS;INDUS;11;15.2766;0.7748999999999999;0.1107;1.6605;0.007246376811594203;0.10869565217391305
Capgemini (EU);G7;2017;INDUS;16.046;0.7909999999999999;1.921;0.1129999999999999;20.1;INDUS;INDUS;12;16.046;0.7909999999999999;0.1129999999999999;1.921;0.007042253521126755;0.11971830985915494
Capgemini (EU);G7;2018;INDUS;17.9512;0.8267;2.2439;0.1181;21.1;INDUS;INDUS;13;17.9512;0.8267;0.1181;2.2439;0.006578947368421052;0.125
Capgemini (EU);G7;2019;INDUS;17.5683;0.8952;2.238;0.1119;21.9;INDUS;INDUS;14;17.5683;0.8952;0.1119;2.238;0.006369426751592356;0.12738853503184713
Capgemini (EU);G7;2020;INDUS;19.8708;1.0278;1.9414;0.1142;27.0;INDUS;INDUS;15;19.8708;1.0278;0.1142;1.9414;0.005747126436781609;0.09770114942528736
Capgemini (EU);G7;2021;INDUS;24.0149;1.3013;3.0758;0.2366;32.5;INDUS;INDUS;16;24.0149;1.3013;0.2366;3.0758;0.009852216748768473;0.12807881773399016
Capgemini (EU);G7;2022;INDUS;22.2183;1.2635999999999998;2.9483999999999995;0.2106;36.0;INDUS;INDUS;17;22.2183;1.2635999999999998;0.2106;2.9483999999999995;0.009478672985781991;0.13270142180094785
Capgemini (EU);G7;2023;INDUS;24.345;1.4066;3.2460000000000004;0.2164;34.0;INDUS;INDUS;18;24.345;1.4066;0.2164;3.2460000000000004;0.008888888888888889;0.13333333333333336
Capgemini (EU);G7;2024;INDUS;24.994200000000003;1.5148;3.4624000000000006;0.2164;33.5;INDUS;INDUS;19;24.994200000000003;1.5148;0.2164;3.4624000000000006;0.008658008658008658;0.13852813852813853
Caterpillar (US);G7;2005;INDUS;36.52;12.62;2.14;1.85;9.32;INDUS;INDUS;0;36.52;12.62;1.85;2.14;0.05065717415115005;0.05859802847754655
Caterpillar (US);G7;2006;INDUS;37.57;12.95;2.28;1.89;9.55;INDUS;INDUS;1;37.57;12.95;1.89;2.28;0.05030609528879425;0.06068671812616449
Caterpillar (US);G7;2007;INDUS;37.86;13.1;2.29;1.89;9.63;INDUS;INDUS;2;37.86;13.1;1.89;2.29;0.04992076069730586;0.06048600105652404
Caterpillar (US);G7;2008;INDUS;38.52;13.12;2.37;1.91;9.83;INDUS;INDUS;3;38.52;13.12;1.91;2.37;0.04958463136033229;0.061526479750778816
Caterpillar (US);G7;2009;INDUS;37.76;13.28;2.49;1.94;9.98;INDUS;INDUS;4;37.76;13.28;1.94;2.49;0.0513771186440678;0.0659427966101695
Caterpillar (US);G7;2010;INDUS;44.55;13.65;4.9;1.96;10.1;INDUS;INDUS;5;44.55;13.65;1.96;4.9;0.04399551066217733;0.10998877665544333
Caterpillar (US);G7;2011;INDUS;41.25;13.88;3.92;2.02;10.09;INDUS;INDUS;6;41.25;13.88;2.02;3.92;0.04896969696969697;0.09503030303030303
Caterpillar (US);G7;2012;INDUS;44.11;14.16;4.03;2.06;10.23;INDUS;INDUS;7;44.11;14.16;2.06;4.03;0.04670142824756291;0.09136250283382454
Caterpillar (US);G7;2013;INDUS;46.21;14.39;4.19;2.1;10.3;INDUS;INDUS;8;46.21;14.39;2.1;4.19;0.04544470893745942;0.09067301449902619
Caterpillar (US);G7;2014;INDUS;47.2;14.77;4.39;2.09;10.4;INDUS;INDUS;9;47.2;14.77;2.09;4.39;0.04427966101694915;0.09300847457627118
Caterpillar (US);G7;2015;INDUS;47.0;15.2;4.5;2.1;10.5;INDUS;INDUS;10;47.0;15.2;2.1;4.5;0.04468085106382979;0.09574468085106383
Caterpillar (US);G7;2016;INDUS;38.5;14.1;0.5;1.9;9.5;INDUS;INDUS;11;38.5;14.1;1.9;0.5;0.049350649350649346;0.012987012987012988
Caterpillar (US);G7;2017;INDUS;45.5;13.8;4.5;2.0;9.8;INDUS;INDUS;12;45.5;13.8;2.0;4.5;0.04395604395604396;0.0989010989010989
Caterpillar (US);G7;2018;INDUS;54.7;14.2;8.3;2.1;10.4;INDUS;INDUS;13;54.7;14.2;2.1;8.3;0.038391224862888484;0.15173674588665448
Caterpillar (US);G7;2019;INDUS;53.8;14.5;8.3;2.0;10.2;INDUS;INDUS;14;53.8;14.5;2.0;8.3;0.03717472118959108;0.154275092936803
Caterpillar (US);G7;2020;INDUS;41.7;14.8;4.5;1.9;9.7;INDUS;INDUS;15;41.7;14.8;1.9;4.5;0.04556354916067146;0.1079136690647482
Caterpillar (US);G7;2021;INDUS;51.0;15.2;6.8;2.0;10.7;INDUS;INDUS;16;51.0;15.2;2.0;6.8;0.0392156862745098;0.13333333333333333
Caterpillar (US);G7;2022;INDUS;59.4;15.5;8.7;2.2;10.9;INDUS;INDUS;17;59.4;15.5;2.2;8.7;0.03703703703703704;0.14646464646464646
Caterpillar (US);G7;2023;INDUS;67.1;15.8;13.0;2.3;11.3;INDUS;INDUS;18;67.1;15.8;2.3;13.0;0.03427719821162444;0.19374068554396426
Caterpillar (US);G7;2024;INDUS;64.8;16.2;12.5;2.4;11.1;INDUS;INDUS;19;64.8;16.2;2.4;12.5;0.037037037037037035;0.19290123456790123
Celltrion (KR);G7;2005;PHARMA;0.34;0.33;0.08;0.1;0.09;PHARMA;PHARMA;0;0.34;0.33;0.1;0.08;0.29411764705882354;0.23529411764705882
Celltrion (KR);G7;2006;PHARMA;0.36;0.34;0.09;0.1;0.1;PHARMA;PHARMA;1;0.36;0.34;0.1;0.09;0.2777777777777778;0.25
Celltrion (KR);G7;2007;PHARMA;0.37;0.36;0.09;0.1;0.1;PHARMA;PHARMA;2;0.37;0.36;0.1;0.09;0.2702702702702703;0.24324324324324323
Celltrion (KR);G7;2008;PHARMA;0.39;0.38;0.1;0.1;0.1;PHARMA;PHARMA;3;0.39;0.38;0.1;0.1;0.25641025641025644;0.25641025641025644
Celltrion (KR);G7;2009;PHARMA;0.38;0.39;0.1;0.1;0.1;PHARMA;PHARMA;4;0.38;0.39;0.1;0.1;0.2631578947368421;0.2631578947368421
Celltrion (KR);G7;2010;PHARMA;0.42;0.41;0.2;0.1;0.1;PHARMA;PHARMA;5;0.42;0.41;0.1;0.2;0.2380952380952381;0.4761904761904762
Celltrion (KR);G7;2011;PHARMA;0.39;0.43;0.16;0.1;0.1;PHARMA;PHARMA;6;0.39;0.43;0.1;0.16;0.25641025641025644;0.41025641025641024
Celltrion (KR);G7;2012;PHARMA;0.42;0.45;0.17;0.1;0.1;PHARMA;PHARMA;7;0.42;0.45;0.1;0.17;0.2380952380952381;0.4047619047619048
Celltrion (KR);G7;2013;PHARMA;0.45;0.46;0.19;0.1;0.1;PHARMA;PHARMA;8;0.45;0.46;0.1;0.19;0.22222222222222224;0.4222222222222222
Celltrion (KR);G7;2014;PHARMA;0.48;0.48;0.19;0.1;0.1;PHARMA;PHARMA;9;0.48;0.48;0.1;0.19;0.20833333333333334;0.39583333333333337
Celltrion (KR);G7;2015;PHARMA;0.5;0.5;0.2;0.1;0.1;PHARMA;PHARMA;10;0.5;0.5;0.1;0.2;0.2;0.4
Celltrion (KR);G7;2016;PHARMA;0.6;0.6;0.2;0.1;0.1;PHARMA;PHARMA;11;0.6;0.6;0.1;0.2;0.16666666666666669;0.33333333333333337
Celltrion (KR);G7;2017;PHARMA;0.8;0.7;0.5;0.2;0.1;PHARMA;PHARMA;12;0.8;0.7;0.2;0.5;0.25;0.625
Celltrion (KR);G7;2018;PHARMA;0.9;0.8;0.3;0.2;0.2;PHARMA;PHARMA;13;0.9;0.8;0.2;0.3;0.22222222222222224;0.3333333333333333
Celltrion (KR);G7;2019;PHARMA;1.0;0.9;0.3;0.3;0.2;PHARMA;PHARMA;14;1.0;0.9;0.3;0.3;0.3;0.3
Celltrion (KR);G7;2020;PHARMA;1.6;1.1;0.6;0.3;0.2;PHARMA;PHARMA;15;1.6;1.1;0.3;0.6;0.18749999999999997;0.37499999999999994
Celltrion (KR);G7;2021;PHARMA;1.6;1.2;0.6;0.4;0.2;PHARMA;PHARMA;16;1.6;1.2;0.4;0.6;0.25;0.37499999999999994
Celltrion (KR);G7;2022;PHARMA;1.8;1.4;0.5;0.3;0.2;PHARMA;PHARMA;17;1.8;1.4;0.3;0.5;0.16666666666666666;0.2777777777777778
Celltrion (KR);G7;2023;PHARMA;1.7;1.5;0.5;0.3;0.2;PHARMA;PHARMA;18;1.7;1.5;0.3;0.5;0.17647058823529413;0.29411764705882354
Celltrion (KR);G7;2024;PHARMA;2.5;2.1;0.7;0.5;0.3;PHARMA;PHARMA;19;2.5;2.1;0.5;0.7;0.2;0.27999999999999997
Changan Automobile;CN;2005;AUTO;0.99;0.6;0.059;0.03;;AUTO;AUTO;0;0.99;0.6;0.03;0.059;0.030303030303030304;0.05959595959595959
Changan Automobile;CN;2006;AUTO;1.18;0.72;0.071;0.035;;AUTO;AUTO;1;1.18;0.72;0.035;0.071;0.029661016949152547;0.060169491525423724
Changan Automobile;CN;2007;AUTO;1.27;0.78;0.076;0.038;;AUTO;AUTO;2;1.27;0.78;0.038;0.076;0.029921259842519685;0.05984251968503937
Changan Automobile;CN;2008;AUTO;1.37;0.84;0.082;0.041;;AUTO;AUTO;3;1.37;0.84;0.041;0.082;0.029927007299270073;0.059854014598540145
Changan Automobile;CN;2009;AUTO;2.12;1.3;0.127;0.064;;AUTO;AUTO;4;2.12;1.3;0.064;0.127;0.03018867924528302;0.05990566037735849
Changan Automobile;CN;2010;AUTO;2.86;1.75;0.172;0.086;;AUTO;AUTO;5;2.86;1.75;0.086;0.172;0.03006993006993007;0.06013986013986014
Changan Automobile;CN;2011;AUTO;3.1;1.9;0.186;0.093;;AUTO;AUTO;6;3.1;1.9;0.093;0.186;0.03;0.06
Changan Automobile;CN;2012;AUTO;3.59;2.2;0.215;0.108;;AUTO;AUTO;7;3.59;2.2;0.108;0.215;0.03008356545961003;0.059888579387186634
Changan Automobile;CN;2013;AUTO;4.7;2.88;0.282;0.141;;AUTO;AUTO;8;4.7;2.88;0.141;0.282;0.029999999999999995;0.05999999999999999
Changan Automobile;CN;2014;AUTO;6.46;3.96;0.388;0.194;;AUTO;AUTO;9;6.46;3.96;0.194;0.388;0.030030959752321982;0.060061919504643964
Changan Automobile;CN;2015;AUTO;8.14;4.99;0.488;0.244;;AUTO;AUTO;10;8.14;4.99;0.244;0.488;0.029975429975429974;0.05995085995085995
Changan Automobile;CN;2016;AUTO;9.59;5.88;0.575;0.288;;AUTO;AUTO;11;9.59;5.88;0.288;0.575;0.030031282586027108;0.05995828988529718
Changan Automobile;CN;2017;AUTO;9.76;5.98;0.586;0.293;;AUTO;AUTO;12;9.76;5.98;0.293;0.586;0.030020491803278686;0.06004098360655737
Changan Automobile;CN;2018;AUTO;8.1;4.96;0.486;0.243;;AUTO;AUTO;13;8.1;4.96;0.243;0.486;0.03;0.06
Changan Automobile;CN;2019;AUTO;8.62;5.28;0.517;0.259;;AUTO;AUTO;14;8.62;5.28;0.259;0.517;0.030046403712296988;0.05997679814385151
Changan Automobile;CN;2020;AUTO;10.33;6.33;0.62;0.31;;AUTO;AUTO;15;10.33;6.33;0.31;0.62;0.030009680542110357;0.060019361084220714
Changan Automobile;CN;2021;AUTO;12.83;7.86;0.77;0.385;;AUTO;AUTO;16;12.83;7.86;0.385;0.77;0.030007794232268122;0.060015588464536244
Changan Automobile;CN;2022;AUTO;14.81;9.08;0.889;0.444;;AUTO;AUTO;17;14.81;9.08;0.444;0.889;0.0299797434166104;0.0600270087778528
Changan Automobile;CN;2023;AUTO;18.47;11.32;1.108;0.554;;AUTO;AUTO;18;18.47;11.32;0.554;1.108;0.02999458581483487;0.05998917162966974
Changan Automobile;CN;2024;AUTO;19.54;11.98;1.172;0.586;;AUTO;AUTO;19;19.54;11.98;0.586;1.172;0.02998976458546571;0.05997952917093142
Chaozhou Three-Circle;China;2005;TECH;0.83;0.33;0.13;0.09;0.48;TECH;INDUS;0;0.83;0.33;0.09;0.13;0.10843373493975904;0.1566265060240964
Chaozhou Three-Circle;China;2006;TECH;0.91;0.35;0.14;0.09;0.5;TECH;INDUS;1;0.91;0.35;0.09;0.14;0.0989010989010989;0.15384615384615385
Chaozhou Three-Circle;China;2007;TECH;0.98;0.37;0.16;0.09;0.52;TECH;INDUS;2;0.98;0.37;0.09;0.16;0.09183673469387756;0.163265306122449
Chaozhou Three-Circle;China;2008;TECH;1.05;0.4;0.18;0.09;0.55;TECH;INDUS;3;1.05;0.4;0.09;0.18;0.0857142857142857;0.1714285714285714
Chaozhou Three-Circle;China;2009;TECH;1.03;0.42;0.19;0.09;0.59;TECH;INDUS;4;1.03;0.42;0.09;0.19;0.08737864077669902;0.18446601941747573
Chaozhou Three-Circle;China;2010;TECH;1.14;0.45;0.38;0.09;0.63;TECH;INDUS;5;1.14;0.45;0.09;0.38;0.07894736842105264;0.33333333333333337
Chaozhou Three-Circle;China;2011;TECH;1.06;0.48;0.3;0.09;0.66;TECH;INDUS;6;1.06;0.48;0.09;0.3;0.08490566037735849;0.2830188679245283
Chaozhou Three-Circle;China;2012;TECH;1.1;0.51;0.31;0.09;0.69;TECH;INDUS;7;1.1;0.51;0.09;0.31;0.0818181818181818;0.2818181818181818
Chaozhou Three-Circle;China;2013;TECH;1.19;0.54;0.33;0.09;0.73;TECH;INDUS;8;1.19;0.54;0.09;0.33;0.07563025210084033;0.2773109243697479
Chaozhou Three-Circle;China;2014;TECH;1.33;0.57;0.36;0.09;0.76;TECH;INDUS;9;1.33;0.57;0.09;0.36;0.06766917293233082;0.2706766917293233
Chaozhou Three-Circle;China;2015;INDUS;0.6;0.3;0.2;0.0;0.4;INDUS;INDUS;10;0.6;0.3;0.0;0.2;0.0;0.33333333333333337
Chaozhou Three-Circle;China;2016;INDUS;0.8;0.3;0.3;0.0;0.5;INDUS;INDUS;11;0.8;0.3;0.0;0.3;0.0;0.37499999999999994
Chaozhou Three-Circle;China;2017;INDUS;0.8;0.4;0.3;0.0;0.5;INDUS;INDUS;12;0.8;0.4;0.0;0.3;0.0;0.37499999999999994
Chaozhou Three-Circle;China;2018;INDUS;0.9;0.5;0.4;0.1;0.6;INDUS;INDUS;13;0.9;0.5;0.1;0.4;0.11111111111111112;0.4444444444444445
Chaozhou Three-Circle;China;2019;INDUS;0.7;0.7;0.2;0.1;0.5;INDUS;INDUS;14;0.7;0.7;0.1;0.2;0.14285714285714288;0.28571428571428575
Chaozhou Three-Circle;China;2020;INDUS;1.0;0.9;0.3;0.1;0.6;INDUS;INDUS;15;1.0;0.9;0.1;0.3;0.1;0.3
Chaozhou Three-Circle;China;2021;INDUS;1.6;1.3;0.5;0.1;0.8;INDUS;INDUS;16;1.6;1.3;0.1;0.5;0.0625;0.3125
Chaozhou Three-Circle;China;2022;INDUS;1.4;1.8;0.4;0.2;0.8;INDUS;INDUS;17;1.4;1.8;0.2;0.4;0.14285714285714288;0.28571428571428575
Chaozhou Three-Circle;China;2023;INDUS;1.6;2.2;0.5;0.2;0.8;INDUS;INDUS;18;1.6;2.2;0.2;0.5;0.125;0.3125
Chaozhou Three-Circle;China;2024;INDUS;1.8;2.7;0.6;0.2;0.9;INDUS;INDUS;19;1.8;2.7;0.2;0.6;0.11111111111111112;0.3333333333333333
China Great Wall;CN;2015;INDUS;5.19;1.04;0.26;0.16;;INDUS;INDUS;10;5.19;1.04;0.16;0.26;0.030828516377649325;0.05009633911368015
China Great Wall;CN;2020;INDUS;12.5;2.5;0.63;0.38;;INDUS;INDUS;15;12.5;2.5;0.38;0.63;0.0304;0.0504
China Great Wall;CN;2024;INDUS;17.07;3.41;0.85;0.51;;INDUS;INDUS;19;17.07;3.41;0.51;0.85;0.029876977152899824;0.0497949619214997
China Resources Beer;China;2005;INDUS;1.52;0.97;0.04;0.05;2.45;INDUS;INDUS;0;1.52;0.97;0.05;0.04;0.03289473684210526;0.02631578947368421
China Resources Beer;China;2006;INDUS;1.69;1.06;0.04;0.05;2.67;INDUS;INDUS;1;1.69;1.06;0.05;0.04;0.02958579881656805;0.02366863905325444
China Resources Beer;China;2007;INDUS;1.96;1.13;0.05;0.05;2.86;INDUS;INDUS;2;1.96;1.13;0.05;0.05;0.025510204081632654;0.025510204081632654
China Resources Beer;China;2008;INDUS;2.21;1.21;0.06;0.05;3.09;INDUS;INDUS;3;2.21;1.21;0.05;0.06;0.022624434389140274;0.027149321266968326
China Resources Beer;China;2009;INDUS;2.17;1.32;0.06;0.05;3.28;INDUS;INDUS;4;2.17;1.32;0.05;0.06;0.02304147465437788;0.027649769585253454
China Resources Beer;China;2010;INDUS;3.06;1.44;0.22;0.05;3.52;INDUS;INDUS;5;3.06;1.44;0.05;0.22;0.016339869281045753;0.0718954248366013
China Resources Beer;China;2011;INDUS;2.83;1.54;0.18;0.05;3.76;INDUS;INDUS;6;2.83;1.54;0.05;0.18;0.0176678445229682;0.0636042402826855
China Resources Beer;China;2012;INDUS;3.18;1.67;0.21;0.05;4.06;INDUS;INDUS;7;3.18;1.67;0.05;0.21;0.015723270440251572;0.0660377358490566
China Resources Beer;China;2013;INDUS;3.59;1.81;0.24;0.05;4.34;INDUS;INDUS;8;3.59;1.81;0.05;0.24;0.01392757660167131;0.06685236768802229
China Resources Beer;China;2014;INDUS;4.05;1.95;0.27;0.05;4.67;INDUS;INDUS;9;4.05;1.95;0.05;0.27;0.01234567901234568;0.06666666666666668
China Resources Beer;China;2015;INDUS;7.5;4.0;0.3;0.0;5.8;INDUS;INDUS;10;7.5;4.0;0.0;0.3;0.0;0.04
China Resources Beer;China;2016;INDUS;7.4;4.1;0.3;0.0;5.5;INDUS;INDUS;11;7.4;4.1;0.0;0.3;0.0;0.040540540540540536
China Resources Beer;China;2017;INDUS;7.4;4.0;0.5;0.0;5.2;INDUS;INDUS;12;7.4;4.0;0.0;0.5;0.0;0.06756756756756756
China Resources Beer;China;2018;INDUS;7.8;4.1;0.4;0.1;4.5;INDUS;INDUS;13;7.8;4.1;0.1;0.4;0.012820512820512822;0.05128205128205129
China Resources Beer;China;2019;INDUS;7.7;4.3;0.5;0.1;3.8;INDUS;INDUS;14;7.7;4.3;0.1;0.5;0.012987012987012988;0.06493506493506493
China Resources Beer;China;2020;INDUS;7.8;4.5;0.7;0.1;3.2;INDUS;INDUS;15;7.8;4.5;0.1;0.7;0.012820512820512822;0.08974358974358974
China Resources Beer;China;2021;INDUS;8.4;4.8;1.5;0.1;2.8;INDUS;INDUS;16;8.4;4.8;0.1;1.5;0.011904761904761904;0.17857142857142858
China Resources Beer;China;2022;INDUS;9.3;5.2;1.4;0.1;2.5;INDUS;INDUS;17;9.3;5.2;0.1;1.4;0.01075268817204301;0.15053763440860213
China Resources Beer;China;2023;INDUS;10.7;5.6;1.9;0.1;2.6;INDUS;INDUS;18;10.7;5.6;0.1;1.9;0.009345794392523366;0.17757009345794392
China Resources Beer;China;2024;INDUS;11.8;6.0;2.1;0.2;2.8;INDUS;INDUS;19;11.8;6.0;0.2;2.1;0.01694915254237288;0.17796610169491525
Chinasoft International;China;2005;TECH;0.83;0.15;0.04;0.07;1.72;TECH;INDUS;0;0.83;0.15;0.07;0.04;0.08433734939759037;0.04819277108433735
Chinasoft International;China;2006;TECH;0.91;0.16;0.05;0.08;1.86;TECH;INDUS;1;0.91;0.16;0.08;0.05;0.0879120879120879;0.054945054945054944
Chinasoft International;China;2007;TECH;1.02;0.17;0.05;0.08;1.95;TECH;INDUS;2;1.02;0.17;0.08;0.05;0.0784313725490196;0.049019607843137254
Chinasoft International;China;2008;TECH;1.14;0.18;0.06;0.08;2.08;TECH;INDUS;3;1.14;0.18;0.08;0.06;0.07017543859649124;0.052631578947368425
Chinasoft International;China;2009;TECH;1.12;0.19;0.06;0.08;2.21;TECH;INDUS;4;1.12;0.19;0.08;0.06;0.07142857142857142;0.05357142857142856
Chinasoft International;China;2010;TECH;1.29;0.2;0.11;0.09;2.37;TECH;INDUS;5;1.29;0.2;0.09;0.11;0.06976744186046512;0.08527131782945736
Chinasoft International;China;2011;TECH;1.19;0.22;0.09;0.09;2.53;TECH;INDUS;6;1.19;0.22;0.09;0.09;0.07563025210084033;0.07563025210084033
Chinasoft International;China;2012;TECH;1.33;0.24;0.1;0.09;2.68;TECH;INDUS;7;1.33;0.24;0.09;0.1;0.06766917293233082;0.07518796992481203
Chinasoft International;China;2013;TECH;1.46;0.26;0.11;0.09;2.82;TECH;INDUS;8;1.46;0.26;0.09;0.11;0.06164383561643835;0.07534246575342465
Chinasoft International;China;2014;TECH;1.6;0.28;0.13;0.09;2.99;TECH;INDUS;9;1.6;0.28;0.09;0.13;0.056249999999999994;0.08125
Chinasoft International;China;2015;INDUS;1.4;0.0;0.1;0.1;3.2;INDUS;INDUS;10;1.4;0.0;0.1;0.1;0.07142857142857144;0.07142857142857144
Chinasoft International;China;2016;INDUS;1.7;0.0;0.1;0.1;3.8;INDUS;INDUS;11;1.7;0.0;0.1;0.1;0.05882352941176471;0.05882352941176471
Chinasoft International;China;2017;INDUS;2.3;0.1;0.2;0.1;4.5;INDUS;INDUS;12;2.3;0.1;0.1;0.2;0.04347826086956522;0.08695652173913045
Chinasoft International;China;2018;INDUS;2.6;0.1;0.2;0.1;5.8;INDUS;INDUS;13;2.6;0.1;0.1;0.2;0.038461538461538464;0.07692307692307693
Chinasoft International;China;2019;INDUS;3.0;0.1;0.2;0.2;6.1;INDUS;INDUS;14;3.0;0.1;0.2;0.2;0.06666666666666667;0.06666666666666667
Chinasoft International;China;2020;INDUS;3.5;0.1;0.2;0.2;7.5;INDUS;INDUS;15;3.5;0.1;0.2;0.2;0.05714285714285715;0.05714285714285715
Chinasoft International;China;2021;INDUS;4.6;0.2;0.3;0.2;9.1;INDUS;INDUS;16;4.6;0.2;0.2;0.3;0.04347826086956522;0.06521739130434782
Chinasoft International;China;2022;INDUS;5.3;0.2;0.3;0.3;8.5;INDUS;INDUS;17;5.3;0.2;0.3;0.3;0.05660377358490566;0.05660377358490566
Chinasoft International;China;2023;INDUS;4.7;0.2;0.3;0.2;8.1;INDUS;INDUS;18;4.7;0.2;0.2;0.3;0.0425531914893617;0.06382978723404255
Chinasoft International;China;2024;INDUS;4.8;0.2;0.2;0.3;7.8;INDUS;INDUS;19;4.8;0.2;0.3;0.2;0.0625;0.04166666666666667
Cisco (US);G7;2005;TECH;29.39;2.17;4.44;4.48;4.57;TECH;TECH;0;29.39;2.17;4.48;4.44;0.15243280027220144;0.15107179312691393
Cisco (US);G7;2006;TECH;31.38;2.32;4.58;4.59;4.75;TECH;TECH;1;31.38;2.32;4.59;4.58;0.1462715105162524;0.14595283620140218
Cisco (US);G7;2007;TECH;34.28;2.46;4.92;4.78;4.94;TECH;TECH;2;34.28;2.46;4.78;4.92;0.13943990665110853;0.14352392065344224
Cisco (US);G7;2008;TECH;37.57;2.6;5.23;4.95;5.17;TECH;TECH;3;37.57;2.6;4.95;5.23;0.13175405908969923;0.1392068139472984
Cisco (US);G7;2009;TECH;36.83;2.71;5.51;5.12;5.41;TECH;TECH;4;36.83;2.71;5.12;5.51;0.13901710562041814;0.14960629921259844
Cisco (US);G7;2010;TECH;40.92;2.82;10.32;5.31;5.7;TECH;TECH;5;40.92;2.82;5.31;10.32;0.12976539589442815;0.25219941348973607
Cisco (US);G7;2011;TECH;37.89;2.97;8.26;5.44;6.02;TECH;TECH;6;37.89;2.97;5.44;8.26;0.14357350224333598;0.21799947215624174
Cisco (US);G7;2012;TECH;40.78;3.1;9.07;5.66;6.3;TECH;TECH;7;40.78;3.1;5.66;9.07;0.13879352623835214;0.22241294752329574
Cisco (US);G7;2013;TECH;43.12;3.23;9.98;5.8;6.59;TECH;TECH;8;43.12;3.23;5.8;9.98;0.1345083487940631;0.2314471243042672
Cisco (US);G7;2014;TECH;46.45;3.34;10.39;5.94;6.87;TECH;TECH;9;46.45;3.34;5.94;10.39;0.1278794402583423;0.22368137782561895
Cisco (US);G7;2015;TECH;49.2;3.5;10.7;6.2;7.2;TECH;TECH;10;49.2;3.5;6.2;10.7;0.12601626016260162;0.21747967479674793
Cisco (US);G7;2016;TECH;49.2;3.4;12.4;6.3;7.4;TECH;TECH;11;49.2;3.4;6.3;12.4;0.12804878048780488;0.25203252032520324
Cisco (US);G7;2017;TECH;48.0;3.6;12.0;6.1;7.3;TECH;TECH;12;48.0;3.6;6.1;12.0;0.12708333333333333;0.25
Cisco (US);G7;2018;TECH;49.3;3.2;12.7;6.3;7.4;TECH;TECH;13;49.3;3.2;6.3;12.7;0.12778904665314403;0.25760649087221094
Cisco (US);G7;2019;TECH;51.9;3.0;14.2;6.3;7.6;TECH;TECH;14;51.9;3.0;6.3;14.2;0.12138728323699421;0.27360308285163776
Cisco (US);G7;2020;TECH;49.3;2.8;13.6;6.3;7.8;TECH;TECH;15;49.3;2.8;6.3;13.6;0.12778904665314403;0.27586206896551724
Cisco (US);G7;2021;TECH;49.8;2.5;12.8;6.5;8.0;TECH;TECH;16;49.8;2.5;6.5;12.8;0.13052208835341367;0.25702811244979923
Cisco (US);G7;2022;TECH;51.6;2.3;14.0;6.8;8.3;TECH;TECH;17;51.6;2.3;6.8;14.0;0.1317829457364341;0.2713178294573643
Cisco (US);G7;2023;TECH;57.0;2.1;15.0;7.5;8.5;TECH;TECH;18;57.0;2.1;7.5;15.0;0.13157894736842105;0.2631578947368421
Cisco (US);G7;2024;TECH;53.8;2.2;14.2;7.6;8.4;TECH;TECH;19;53.8;2.2;7.6;14.2;0.1412639405204461;0.26394052044609667
Cognex (US);G7;2005;TECH;0.39;0.06;0.04;0.1;0.15;TECH;TECH;0;0.39;0.06;0.1;0.04;0.25641025641025644;0.10256410256410256
Cognex (US);G7;2006;TECH;0.41;0.06;0.04;0.1;0.15;TECH;TECH;1;0.41;0.06;0.1;0.04;0.24390243902439027;0.0975609756097561
Cognex (US);G7;2007;TECH;0.44;0.06;0.05;0.1;0.15;TECH;TECH;2;0.44;0.06;0.1;0.05;0.2272727272727273;0.11363636363636365
Cognex (US);G7;2008;TECH;0.47;0.06;0.06;0.1;0.16;TECH;TECH;3;0.47;0.06;0.1;0.06;0.21276595744680854;0.1276595744680851
Cognex (US);G7;2009;TECH;0.46;0.06;0.06;0.1;0.17;TECH;TECH;4;0.46;0.06;0.1;0.06;0.21739130434782608;0.13043478260869565
Cognex (US);G7;2010;TECH;0.52;0.06;0.15;0.1;0.18;TECH;TECH;5;0.52;0.06;0.1;0.15;0.19230769230769232;0.28846153846153844
Cognex (US);G7;2011;TECH;0.48;0.06;0.12;0.1;0.19;TECH;TECH;6;0.48;0.06;0.1;0.12;0.20833333333333334;0.25
Cognex (US);G7;2012;TECH;0.52;0.06;0.13;0.1;0.2;TECH;TECH;7;0.52;0.06;0.1;0.13;0.19230769230769232;0.25
Cognex (US);G7;2013;TECH;0.55;0.06;0.14;0.1;0.21;TECH;TECH;8;0.55;0.06;0.1;0.14;0.18181818181818182;0.2545454545454546
Cognex (US);G7;2014;TECH;0.59;0.06;0.15;0.1;0.22;TECH;TECH;9;0.59;0.06;0.1;0.15;0.16949152542372883;0.2542372881355932
Cognex (US);G7;2015;TECH;0.64;0.06;0.16;0.1;0.23;TECH;TECH;10;0.64;0.06;0.1;0.16;0.15625;0.25
Cognex (US);G7;2016;TECH;0.68;0.07;0.17;0.1;0.24;TECH;TECH;11;0.68;0.07;0.1;0.17;0.14705882352941177;0.25
Cognex (US);G7;2017;TECH;0.71;0.07;0.18;0.11;0.24;TECH;TECH;12;0.71;0.07;0.11;0.18;0.15492957746478875;0.2535211267605634
Cognex (US);G7;2018;TECH;0.75;0.08;0.19;0.11;0.25;TECH;TECH;13;0.75;0.08;0.11;0.19;0.14666666666666667;0.25333333333333335
Cognex (US);G7;2019;TECH;0.78;0.08;0.2;0.12;0.26;TECH;TECH;14;0.78;0.08;0.12;0.2;0.15384615384615383;0.25641025641025644
Cognex (US);G7;2020;TECH;0.82;0.08;0.2;0.12;0.27;TECH;TECH;15;0.82;0.08;0.12;0.2;0.14634146341463414;0.24390243902439027
Cognex (US);G7;2021;TECH;0.86;0.09;0.21;0.13;0.27;TECH;TECH;16;0.86;0.09;0.13;0.21;0.15116279069767444;0.2441860465116279
Cognex (US);G7;2022;TECH;0.91;0.09;0.23;0.14;0.28;TECH;TECH;17;0.91;0.09;0.14;0.23;0.15384615384615385;0.25274725274725274
Cognex (US);G7;2023;TECH;0.95;0.1;0.24;0.14;0.29;TECH;TECH;18;0.95;0.1;0.14;0.24;0.1473684210526316;0.25263157894736843
Cognex (US);G7;2024;TECH;1.0;0.1;0.25;0.15;0.3;TECH;TECH;19;1.0;0.1;0.15;0.25;0.15;0.25
Colgate-Palmolive (US);G7;2005;INDUS;10.64;2.56;1.31;0.24;3.14;INDUS;INDUS;0;10.64;2.56;0.24;1.31;0.022556390977443608;0.1231203007518797
Colgate-Palmolive (US);G7;2006;INDUS;10.89;2.62;1.38;0.24;3.26;INDUS;INDUS;1;10.89;2.62;0.24;1.38;0.022038567493112945;0.12672176308539942
Colgate-Palmolive (US);G7;2007;INDUS;11.6;2.67;1.52;0.24;3.34;INDUS;INDUS;2;11.6;2.67;0.24;1.52;0.020689655172413793;0.1310344827586207
Colgate-Palmolive (US);G7;2008;INDUS;11.92;2.81;1.51;0.24;3.35;INDUS;INDUS;3;11.92;2.81;0.24;1.51;0.020134228187919462;0.1266778523489933
Colgate-Palmolive (US);G7;2009;INDUS;11.69;2.85;1.59;0.25;3.4;INDUS;INDUS;4;11.69;2.85;0.25;1.59;0.0213857998289136;0.13601368691189053
Colgate-Palmolive (US);G7;2010;INDUS;15.36;2.9;4.51;0.25;3.47;INDUS;INDUS;5;15.36;2.9;0.25;4.51;0.016276041666666668;0.2936197916666667
Colgate-Palmolive (US);G7;2011;INDUS;14.22;3.0;3.61;0.26;3.56;INDUS;INDUS;6;14.22;3.0;0.26;3.61;0.01828410689170183;0.2538677918424754
Colgate-Palmolive (US);G7;2012;INDUS;14.63;3.05;3.85;0.27;3.64;INDUS;INDUS;7;14.63;3.05;0.27;3.85;0.01845522898154477;0.2631578947368421
Colgate-Palmolive (US);G7;2013;INDUS;15.01;3.06;3.79;0.27;3.68;INDUS;INDUS;8;15.01;3.06;0.27;3.79;0.01798800799467022;0.2524983344437042
Colgate-Palmolive (US);G7;2014;INDUS;15.7;3.08;3.86;0.27;3.77;INDUS;INDUS;9;15.7;3.08;0.27;3.86;0.017197452229299366;0.24585987261146497
Colgate-Palmolive (US);G7;2015;INDUS;16.03;3.15;3.85;0.28;3.8;INDUS;INDUS;10;16.03;3.15;0.28;3.85;0.017467248908296942;0.24017467248908295
Colgate-Palmolive (US);G7;2016;INDUS;15.19;3.25;3.75;0.29;3.7;INDUS;INDUS;11;15.19;3.25;0.29;3.75;0.019091507570770244;0.2468729427254773
Colgate-Palmolive (US);G7;2017;INDUS;15.45;3.35;3.95;0.31;3.6;INDUS;INDUS;12;15.45;3.35;0.31;3.95;0.020064724919093852;0.255663430420712
Colgate-Palmolive (US);G7;2018;INDUS;15.54;3.45;4.15;0.32;3.5;INDUS;INDUS;13;15.54;3.45;0.32;4.15;0.020592020592020595;0.2670527670527671
Colgate-Palmolive (US);G7;2019;INDUS;15.69;3.65;4.25;0.35;3.4;INDUS;INDUS;14;15.69;3.65;0.35;4.25;0.022307202039515615;0.2708731676226896
Colgate-Palmolive (US);G7;2020;INDUS;16.47;3.85;4.15;0.38;3.4;INDUS;INDUS;15;16.47;3.85;0.38;4.15;0.023072252580449305;0.25197328476017006
Colgate-Palmolive (US);G7;2021;INDUS;17.42;4.15;4.45;0.42;3.4;INDUS;INDUS;16;17.42;4.15;0.42;4.45;0.024110218140068883;0.2554535017221584
Colgate-Palmolive (US);G7;2022;INDUS;17.97;4.45;4.52;0.45;3.4;INDUS;INDUS;17;17.97;4.45;0.45;4.52;0.025041736227045076;0.25153032832498606
Colgate-Palmolive (US);G7;2023;INDUS;19.46;4.85;4.25;0.48;3.4;INDUS;INDUS;18;19.46;4.85;0.48;4.25;0.024665981500513873;0.2183967112024666
Colgate-Palmolive (US);G7;2024;INDUS;20.15;5.15;4.85;0.52;3.5;INDUS;INDUS;19;20.15;5.15;0.52;4.85;0.02580645161290323;0.24069478908188585
Constellation Software (CA);G7;2005;TECH;1.02;0.08;0.11;0.05;0.79;TECH;INDUS;0;1.02;0.08;0.05;0.11;0.049019607843137254;0.10784313725490197
Constellation Software (CA);G7;2006;TECH;1.15;0.09;0.13;0.05;0.86;TECH;INDUS;1;1.15;0.09;0.05;0.13;0.04347826086956522;0.11304347826086958
Constellation Software (CA);G7;2007;TECH;1.27;0.1;0.14;0.05;0.91;TECH;INDUS;2;1.27;0.1;0.05;0.14;0.03937007874015748;0.11023622047244096
Constellation Software (CA);G7;2008;TECH;1.42;0.11;0.16;0.05;0.98;TECH;INDUS;3;1.42;0.11;0.05;0.16;0.035211267605633804;0.11267605633802817
Constellation Software (CA);G7;2009;TECH;1.39;0.12;0.17;0.05;1.06;TECH;INDUS;4;1.39;0.12;0.05;0.17;0.03597122302158274;0.12230215827338131
Constellation Software (CA);G7;2010;TECH;1.6;0.13;0.38;0.05;1.11;TECH;INDUS;5;1.6;0.13;0.05;0.38;0.03125;0.2375
Constellation Software (CA);G7;2011;TECH;1.48;0.14;0.3;0.05;1.19;TECH;INDUS;6;1.48;0.14;0.05;0.3;0.033783783783783786;0.2027027027027027
Constellation Software (CA);G7;2012;TECH;1.66;0.15;0.32;0.05;1.26;TECH;INDUS;7;1.66;0.15;0.05;0.32;0.030120481927710847;0.1927710843373494
Constellation Software (CA);G7;2013;TECH;1.88;0.16;0.36;0.05;1.34;TECH;INDUS;8;1.88;0.16;0.05;0.36;0.026595744680851068;0.19148936170212766
Constellation Software (CA);G7;2014;TECH;2.03;0.18;0.38;0.05;1.43;TECH;INDUS;9;2.03;0.18;0.05;0.38;0.024630541871921187;0.187192118226601
Constellation Software (CA);G7;2015;INDUS;1.85;0.15;0.45;0.12;0.85;INDUS;INDUS;10;1.85;0.15;0.12;0.45;0.06486486486486485;0.24324324324324323
Constellation Software (CA);G7;2016;INDUS;2.15;0.18;0.52;0.15;1.05;INDUS;INDUS;11;2.15;0.18;0.15;0.52;0.06976744186046512;0.2418604651162791
Constellation Software (CA);G7;2017;INDUS;2.48;0.22;0.62;0.18;1.25;INDUS;INDUS;12;2.48;0.22;0.18;0.62;0.07258064516129031;0.25
Constellation Software (CA);G7;2018;INDUS;3.05;0.25;0.75;0.22;1.5;INDUS;INDUS;13;3.05;0.25;0.22;0.75;0.07213114754098361;0.24590163934426232
Constellation Software (CA);G7;2019;INDUS;3.48;0.28;0.85;0.25;1.8;INDUS;INDUS;14;3.48;0.28;0.25;0.85;0.07183908045977011;0.2442528735632184
Constellation Software (CA);G7;2020;INDUS;3.95;0.32;0.92;0.28;2.1;INDUS;INDUS;15;3.95;0.32;0.28;0.92;0.07088607594936709;0.23291139240506328
Constellation Software (CA);G7;2021;INDUS;5.12;0.45;1.25;0.35;2.5;INDUS;INDUS;16;5.12;0.45;0.35;1.25;0.068359375;0.244140625
Constellation Software (CA);G7;2022;INDUS;6.65;0.65;1.65;0.45;3.2;INDUS;INDUS;17;6.65;0.65;0.45;1.65;0.06766917293233082;0.24812030075187969
Constellation Software (CA);G7;2023;INDUS;8.42;0.85;1.85;0.55;4.5;INDUS;INDUS;18;8.42;0.85;0.55;1.85;0.0653206650831354;0.21971496437054633
Constellation Software (CA);G7;2024;INDUS;9.15;0.95;2.15;0.65;5.15;INDUS;INDUS;19;9.15;0.95;0.65;2.15;0.07103825136612021;0.2349726775956284
Continental (EU);G7;2005;INDUS;29.358400000000003;9.8276;2.04016;2.33872;15.35;INDUS;INDUS;0;29.358400000000003;9.8276;2.33872;2.04016;0.07966101694915254;0.06949152542372881
Continental (EU);G7;2006;INDUS;29.90536;10.27408;1.99704;2.39896;15.54;INDUS;INDUS;1;29.90536;10.27408;2.39896;1.99704;0.08021839563208737;0.06677866442671146
Continental (EU);G7;2007;INDUS;35.12502;11.55753;2.24844;2.68716;16.06;INDUS;INDUS;2;35.12502;11.55753;2.68716;2.24844;0.07650273224043716;0.06401249024199844
Continental (EU);G7;2008;INDUS;38.61375;13.077190000000002;2.47128;2.95671;16.59;INDUS;INDUS;3;38.61375;13.077190000000002;2.95671;2.47128;0.07657142857142857;0.064
Continental (EU);G7;2009;INDUS;35.88155999999999;12.8945;2.46738;2.87164;17.43;INDUS;INDUS;4;35.88155999999999;12.8945;2.87164;2.46738;0.08003108003108005;0.06876456876456878
Continental (EU);G7;2010;INDUS;47.8023;12.7296;5.29074;2.79786;17.98;INDUS;INDUS;5;47.8023;12.7296;2.79786;5.29074;0.058529819694868236;0.11067961165048544
Continental (EU);G7;2011;INDUS;46.46496;13.947839999999998;4.44048;3.03456;18.59;INDUS;INDUS;6;46.46496;13.947839999999998;3.03456;4.44048;0.06530856800479329;0.09556620730976634
Continental (EU);G7;2012;INDUS;43.37678;13.130060000000002;4.3081000000000005;2.90636;19.33;INDUS;INDUS;7;43.37678;13.130060000000002;2.90636;4.3081000000000005;0.06700266824785057;0.09931811443818561
Continental (EU);G7;2013;INDUS;46.42688;13.93072;4.47536;3.06768;19.9;INDUS;INDUS;8;46.42688;13.93072;3.06768;4.47536;0.06607551487414189;0.096395881006865
Continental (EU);G7;2014;INDUS;49.37235;14.3532;4.997039999999999;3.13644;20.41;INDUS;INDUS;9;49.37235;14.3532;3.13644;4.997039999999999;0.06352624495289368;0.10121130551816958
Continental (EU);G7;2015;INDUS;43.51200000000001;12.432;4.551;2.664;20.8;INDUS;INDUS;10;43.51200000000001;12.432;2.664;4.551;0.06122448979591836;0.10459183673469387
Continental (EU);G7;2016;INDUS;44.8335;13.0626;4.5387;3.0996;22.0;INDUS;INDUS;11;44.8335;13.0626;3.0996;4.5387;0.06913580246913581;0.10123456790123457
Continental (EU);G7;2017;INDUS;49.72;14.124999999999998;5.198;3.503;23.5;INDUS;INDUS;12;49.72;14.124999999999998;3.503;5.198;0.07045454545454546;0.10454545454545455
Continental (EU);G7;2018;INDUS;52.4364;15.4711;4.724;3.7792;24.3;INDUS;INDUS;13;52.4364;15.4711;3.7792;4.724;0.07207207207207207;0.0900900900900901
Continental (EU);G7;2019;INDUS;49.7955;16.5612;-0.2238;3.8046;24.1;INDUS;INDUS;14;49.7955;16.5612;3.8046;-0.2238;0.07640449438202249;-0.0044943820224719105
Continental (EU);G7;2020;INDUS;43.0534;16.216399999999997;-0.7993999999999999;3.6544;23.6;INDUS;INDUS;15;43.0534;16.216399999999997;3.6544;-0.7993999999999999;0.08488063660477453;-0.018567639257294426
Continental (EU);G7;2021;INDUS;39.9854;14.3143;2.1294;3.0758;19.1;INDUS;INDUS;16;39.9854;14.3143;3.0758;2.1294;0.07692307692307693;0.05325443786982249
Continental (EU);G7;2022;INDUS;41.4882;13.1625;0.7370999999999999;3.0537;19.9;INDUS;INDUS;17;41.4882;13.1625;3.0537;0.7370999999999999;0.07360406091370558;0.017766497461928932
Continental (EU);G7;2023;INDUS;44.7948;13.849600000000002;2.0558;3.3542000000000005;20.3;INDUS;INDUS;18;44.7948;13.849600000000002;3.3542000000000005;2.0558;0.07487922705314011;0.04589371980676329
Continental (EU);G7;2024;INDUS;45.98500000000001;14.2824;2.3804000000000003;3.5706;20.5;INDUS;INDUS;19;45.98500000000001;14.2824;3.5706;2.3804000000000003;0.0776470588235294;0.05176470588235294
Coway (KR);G7;2005;INDUS;1.4;0.38;0.17;0.0;0.39;INDUS;INDUS;0;1.4;0.38;0.0;0.17;0.0;0.12142857142857144
Coway (KR);G7;2006;INDUS;1.41;0.39;0.17;0.0;0.39;INDUS;INDUS;1;1.41;0.39;0.0;0.17;0.0;0.12056737588652484
Coway (KR);G7;2007;INDUS;1.43;0.4;0.17;0.0;0.4;INDUS;INDUS;2;1.43;0.4;0.0;0.17;0.0;0.1188811188811189
Coway (KR);G7;2008;INDUS;1.49;0.41;0.17;0.0;0.42;INDUS;INDUS;3;1.49;0.41;0.0;0.17;0.0;0.11409395973154364
Coway (KR);G7;2009;INDUS;1.46;0.43;0.18;0.0;0.43;INDUS;INDUS;4;1.46;0.43;0.0;0.18;0.0;0.1232876712328767
Coway (KR);G7;2010;INDUS;1.91;0.44;0.45;0.0;0.44;INDUS;INDUS;5;1.91;0.44;0.0;0.45;0.0;0.23560209424083772
Coway (KR);G7;2011;INDUS;1.77;0.44;0.36;0.0;0.45;INDUS;INDUS;6;1.77;0.44;0.0;0.36;0.0;0.20338983050847456
Coway (KR);G7;2012;INDUS;1.85;0.46;0.38;0.0;0.46;INDUS;INDUS;7;1.85;0.46;0.0;0.38;0.0;0.2054054054054054
Coway (KR);G7;2013;INDUS;1.91;0.48;0.38;0.0;0.47;INDUS;INDUS;8;1.91;0.48;0.0;0.38;0.0;0.19895287958115185
Coway (KR);G7;2014;INDUS;2.03;0.49;0.4;0.0;0.48;INDUS;INDUS;9;2.03;0.49;0.0;0.4;0.0;0.1970443349753695
Coway (KR);G7;2015;INDUS;2.1;0.5;0.4;0.0;0.5;INDUS;INDUS;10;2.1;0.5;0.0;0.4;0.0;0.19047619047619047
Coway (KR);G7;2016;INDUS;2.2;0.6;0.3;0.0;0.5;INDUS;INDUS;11;2.2;0.6;0.0;0.3;0.0;0.13636363636363635
Coway (KR);G7;2017;INDUS;2.3;0.6;0.4;0.0;0.5;INDUS;INDUS;12;2.3;0.6;0.0;0.4;0.0;0.1739130434782609
Coway (KR);G7;2018;INDUS;2.5;0.7;0.5;0.0;0.6;INDUS;INDUS;13;2.5;0.7;0.0;0.5;0.0;0.2
Coway (KR);G7;2019;INDUS;2.8;0.8;0.4;0.0;0.6;INDUS;INDUS;14;2.8;0.8;0.0;0.4;0.0;0.14285714285714288
Coway (KR);G7;2020;INDUS;3.0;0.9;0.6;0.0;0.6;INDUS;INDUS;15;3.0;0.9;0.0;0.6;0.0;0.19999999999999998
Coway (KR);G7;2021;INDUS;3.3;1.0;0.6;0.1;0.7;INDUS;INDUS;16;3.3;1.0;0.1;0.6;0.030303030303030307;0.18181818181818182
Coway (KR);G7;2022;INDUS;3.5;1.1;0.6;0.1;0.7;INDUS;INDUS;17;3.5;1.1;0.1;0.6;0.028571428571428574;0.17142857142857143
Coway (KR);G7;2023;INDUS;3.7;1.2;0.6;0.1;0.7;INDUS;INDUS;18;3.7;1.2;0.1;0.6;0.02702702702702703;0.16216216216216214
Coway (KR);G7;2024;INDUS;3.9;1.3;0.7;0.1;0.7;INDUS;INDUS;19;3.9;1.3;0.1;0.7;0.025641025641025644;0.1794871794871795
Croda International (EU);G7;2005;INDUS;1.15692;0.57224;0.1244;0.07464;0.4;INDUS;INDUS;0;1.15692;0.57224;0.07464;0.1244;0.06451612903225806;0.10752688172043011
Croda International (EU);G7;2006;INDUS;1.1932;0.59032;0.1256;0.07536;0.41;INDUS;INDUS;1;1.1932;0.59032;0.07536;0.1256;0.0631578947368421;0.10526315789473684
Croda International (EU);G7;2007;INDUS;1.35729;0.65808;0.1371;0.08226;0.41;INDUS;INDUS;2;1.35729;0.65808;0.08226;0.1371;0.0606060606060606;0.10101010101010101
Croda International (EU);G7;2008;INDUS;1.45629;0.7355;0.1471;0.08826;0.42;INDUS;INDUS;3;1.45629;0.7355;0.08826;0.1471;0.06060606060606061;0.10101010101010101
Croda International (EU);G7;2009;INDUS;1.35218;0.72488;0.15334;0.0836399999999999;0.43;INDUS;INDUS;4;1.35218;0.72488;0.0836399999999999;0.15334;0.06185567010309271;0.11340206185567012
Croda International (EU);G7;2010;INDUS;1.81662;0.7027800000000001;0.4641;0.07956;0.44;INDUS;INDUS;5;1.81662;0.7027800000000001;0.07956;0.4641;0.04379562043795621;0.25547445255474455
Croda International (EU);G7;2011;INDUS;1.76784;0.75168;0.38976;0.08352;0.46;INDUS;INDUS;6;1.76784;0.75168;0.08352;0.38976;0.047244094488188976;0.2204724409448819
Croda International (EU);G7;2012;INDUS;1.74896;0.7201600000000001;0.39866;0.0771599999999999;0.46;INDUS;INDUS;7;1.74896;0.7201600000000001;0.0771599999999999;0.39866;0.04411764705882347;0.22794117647058823
Croda International (EU);G7;2013;INDUS;1.89904;0.75696;0.41168;0.07968;0.47;INDUS;INDUS;8;1.89904;0.75696;0.07968;0.41168;0.04195804195804196;0.21678321678321677
Croda International (EU);G7;2014;INDUS;1.90047;0.7575299999999999;0.3987;0.0797399999999999;0.49;INDUS;INDUS;9;1.90047;0.7575299999999999;0.0797399999999999;0.3987;0.0419580419580419;0.2097902097902098
Croda International (EU);G7;2015;INDUS;1.6428;0.6549;0.333;0.0666;0.49;INDUS;INDUS;10;1.6428;0.6549;0.0666;0.333;0.04054054054054054;0.20270270270270271
Croda International (EU);G7;2016;INDUS;1.69371;0.6752699999999999;0.34317;0.0664199999999999;0.5;INDUS;INDUS;11;1.69371;0.6752699999999999;0.0664199999999999;0.34317;0.03921568627450974;0.2026143790849673
Croda International (EU);G7;2017;INDUS;1.808;0.7232;0.3616;0.0677999999999999;0.51;INDUS;INDUS;12;1.808;0.7232;0.0677999999999999;0.3616;0.03749999999999994;0.19999999999999998
Croda International (EU);G7;2018;INDUS;1.96046;0.77946;0.38973;0.08267;0.52;INDUS;INDUS;13;1.96046;0.77946;0.08267;0.38973;0.04216867469879518;0.19879518072289157
Croda International (EU);G7;2019;INDUS;1.93587;0.77211;0.39165;0.07833;0.53;INDUS;INDUS;14;1.93587;0.77211;0.07833;0.39165;0.04046242774566474;0.2023121387283237
Croda International (EU);G7;2020;INDUS;2.0556;0.8222399999999999;0.4111199999999999;0.07994;0.55;INDUS;INDUS;15;2.0556;0.8222399999999999;0.07994;0.4111199999999999;0.03888888888888888;0.19999999999999993
Croda International (EU);G7;2021;INDUS;2.21221;0.8872500000000001;0.43771;0.08281;0.56;INDUS;INDUS;16;2.21221;0.8872500000000001;0.08281;0.43771;0.03743315508021391;0.19786096256684493
Croda International (EU);G7;2022;INDUS;2.04282;0.82134;0.41067;0.08424;0.57;INDUS;INDUS;17;2.04282;0.82134;0.08424;0.41067;0.041237113402061855;0.20103092783505155
Croda International (EU);G7;2023;INDUS;2.18564;0.8764200000000001;0.4328000000000001;0.08656;0.59;INDUS;INDUS;18;2.18564;0.8764200000000001;0.08656;0.4328000000000001;0.039603960396039604;0.19801980198019808
Croda International (EU);G7;2024;INDUS;2.2722;0.90888;0.45444;0.08656;0.6;INDUS;INDUS;19;2.2722;0.90888;0.08656;0.45444;0.03809523809523809;0.19999999999999998
CrowdStrike (US);G7;2005;TECH;0.35;0.08;-0.02;0.11;0.5;TECH;TECH;0;0.35;0.08;0.11;-0.02;0.31428571428571433;-0.05714285714285715
CrowdStrike (US);G7;2006;TECH;0.38;0.08;-0.02;0.11;0.52;TECH;TECH;1;0.38;0.08;0.11;-0.02;0.2894736842105263;-0.05263157894736842
CrowdStrike (US);G7;2007;TECH;0.41;0.08;-0.02;0.11;0.55;TECH;TECH;2;0.41;0.08;0.11;-0.02;0.2682926829268293;-0.04878048780487805
CrowdStrike (US);G7;2008;TECH;0.44;0.08;-0.02;0.12;0.57;TECH;TECH;3;0.44;0.08;0.12;-0.02;0.2727272727272727;-0.045454545454545456
CrowdStrike (US);G7;2009;TECH;0.43;0.08;-0.02;0.12;0.6;TECH;TECH;4;0.43;0.08;0.12;-0.02;0.27906976744186046;-0.046511627906976744
CrowdStrike (US);G7;2010;TECH;0.48;0.08;-0.04;0.12;0.64;TECH;TECH;5;0.48;0.08;0.12;-0.04;0.25;-0.08333333333333334
CrowdStrike (US);G7;2011;TECH;0.44;0.08;-0.03;0.12;0.67;TECH;TECH;6;0.44;0.08;0.12;-0.03;0.2727272727272727;-0.06818181818181818
CrowdStrike (US);G7;2012;TECH;0.47;0.08;-0.03;0.13;0.7;TECH;TECH;7;0.47;0.08;0.13;-0.03;0.2765957446808511;-0.06382978723404255
CrowdStrike (US);G7;2013;TECH;0.5;0.09;-0.03;0.14;0.73;TECH;TECH;8;0.5;0.09;0.14;-0.03;0.28;-0.06
CrowdStrike (US);G7;2014;TECH;0.56;0.09;-0.04;0.14;0.76;TECH;TECH;9;0.56;0.09;0.14;-0.04;0.25;-0.07142857142857142
CrowdStrike (US);G7;2015;TECH;0.49;0.04;0.07;0.11;0.15;TECH;TECH;10;0.49;0.04;0.11;0.07;0.22448979591836735;0.14285714285714288
CrowdStrike (US);G7;2016;TECH;0.66;0.04;0.12;0.17;0.17;TECH;TECH;11;0.66;0.04;0.17;0.12;0.25757575757575757;0.1818181818181818
CrowdStrike (US);G7;2017;TECH;0.93;0.07;0.13;0.17;0.18;TECH;TECH;12;0.93;0.07;0.17;0.13;0.1827956989247312;0.13978494623655913
CrowdStrike (US);G7;2018;TECH;1.24;0.08;0.25;0.24;0.2;TECH;TECH;13;1.24;0.08;0.24;0.25;0.1935483870967742;0.20161290322580647
CrowdStrike (US);G7;2019;TECH;1.66;0.18;0.32;0.29;0.22;TECH;TECH;14;1.66;0.18;0.29;0.32;0.1746987951807229;0.1927710843373494
CrowdStrike (US);G7;2020;TECH;2.26;0.15;0.4;0.47;0.24;TECH;TECH;15;2.26;0.15;0.47;0.4;0.20796460176991152;0.1769911504424779
CrowdStrike (US);G7;2021;TECH;3.06;0.36;0.42;0.54;0.27;TECH;TECH;16;3.06;0.36;0.54;0.42;0.17647058823529413;0.1372549019607843
CrowdStrike (US);G7;2022;TECH;4.11;0.49;0.82;0.93;0.29;TECH;TECH;17;4.11;0.49;0.93;0.82;0.22627737226277372;0.1995133819951338
CrowdStrike (US);G7;2023;TECH;5.51;0.43;1.0;1.03;0.32;TECH;TECH;18;5.51;0.43;1.03;1.0;0.1869328493647913;0.18148820326678766
CrowdStrike (US);G7;2024;TECH;7.49;0.87;1.15;1.34;0.35;TECH;TECH;19;7.49;0.87;1.34;1.15;0.17890520694259013;0.1535380507343124
Cummins (US);G7;2005;INDUS;13.61;4.4;0.83;0.65;47.62;INDUS;INDUS;0;13.61;4.4;0.65;0.83;0.04775900073475386;0.060984570168993384
Cummins (US);G7;2006;INDUS;13.88;4.42;0.86;0.66;48.55;INDUS;INDUS;1;13.88;4.42;0.66;0.86;0.04755043227665706;0.06195965417867435
Cummins (US);G7;2007;INDUS;14.0;4.44;0.86;0.66;49.53;INDUS;INDUS;2;14.0;4.44;0.66;0.86;0.047142857142857146;0.06142857142857143
Cummins (US);G7;2008;INDUS;14.35;4.5;0.85;0.67;49.21;INDUS;INDUS;3;14.35;4.5;0.67;0.85;0.046689895470383276;0.059233449477351915
Cummins (US);G7;2009;INDUS;14.07;4.61;0.89;0.67;49.26;INDUS;INDUS;4;14.07;4.61;0.67;0.89;0.04761904761904762;0.06325515280739161
Cummins (US);G7;2010;INDUS;18.0;4.69;2.34;0.68;49.46;INDUS;INDUS;5;18.0;4.69;0.68;2.34;0.03777777777777778;0.13
Cummins (US);G7;2011;INDUS;16.67;4.73;1.87;0.69;51.07;INDUS;INDUS;6;16.67;4.73;0.69;1.87;0.04139172165566886;0.11217756448710257
Cummins (US);G7;2012;INDUS;17.75;4.84;1.97;0.69;52.43;INDUS;INDUS;7;17.75;4.84;0.69;1.97;0.038873239436619716;0.11098591549295775
Cummins (US);G7;2013;INDUS;18.58;4.94;2.02;0.7;52.66;INDUS;INDUS;8;18.58;4.94;0.7;2.02;0.03767491926803014;0.10871905274488698
Cummins (US);G7;2014;INDUS;19.03;5.04;2.16;0.7;53.44;INDUS;INDUS;9;19.03;5.04;0.7;2.16;0.03678402522333158;0.11350499211770888
Cummins (US);G7;2015;INDUS;19.11;3.85;2.15;0.72;5.5;INDUS;INDUS;10;19.11;3.85;0.72;2.15;0.03767660910518053;0.11250654107796965
Cummins (US);G7;2016;INDUS;17.51;3.75;1.85;0.7;5.5;INDUS;INDUS;11;17.51;3.75;0.7;1.85;0.039977155910908044;0.105653912050257
Cummins (US);G7;2017;INDUS;20.41;3.95;2.45;0.75;5.8;INDUS;INDUS;12;20.41;3.95;0.75;2.45;0.03674669279764821;0.1200391964723175
Cummins (US);G7;2018;INDUS;23.77;4.15;3.05;0.91;6.2;INDUS;INDUS;13;23.77;4.15;0.91;3.05;0.0382835506941523;0.12831299957930165
Cummins (US);G7;2019;INDUS;23.57;4.35;2.85;1.01;6.1;INDUS;INDUS;14;23.57;4.35;1.01;2.85;0.04285108188375053;0.12091641917691981
Cummins (US);G7;2020;INDUS;19.81;4.45;1.85;0.95;5.8;INDUS;INDUS;15;19.81;4.45;0.95;1.85;0.047955577990913684;0.09338717819283192
Cummins (US);G7;2021;INDUS;24.02;4.85;2.85;1.1;5.9;INDUS;INDUS;16;24.02;4.85;1.1;2.85;0.045795170691090764;0.1186511240632806
Cummins (US);G7;2022;INDUS;28.07;5.15;2.95;1.25;7.3;INDUS;INDUS;17;28.07;5.15;1.25;2.95;0.04453152832205201;0.10509440684004276
Cummins (US);G7;2023;INDUS;34.01;5.45;3.15;1.35;7.5;INDUS;INDUS;18;34.01;5.45;1.35;3.15;0.03969420758600412;0.09261981770067627
Cummins (US);G7;2024;INDUS;36.15;5.85;3.85;1.45;7.8;INDUS;INDUS;19;36.15;5.85;1.45;3.85;0.040110650069156296;0.10650069156293224
Dahua Tech;CN;2005;TECH;0.08;0.02;0.005;0.005;;TECH;TECH;0;0.08;0.02;0.005;0.005;0.0625;0.0625
Dahua Tech;CN;2006;TECH;0.12;0.03;0.008;0.008;;TECH;TECH;1;0.12;0.03;0.008;0.008;0.06666666666666667;0.06666666666666667
Dahua Tech;CN;2007;TECH;0.18;0.05;0.012;0.012;;TECH;TECH;2;0.18;0.05;0.012;0.012;0.06666666666666667;0.06666666666666667
Dahua Tech;CN;2008;TECH;0.25;0.07;0.017;0.017;;TECH;TECH;3;0.25;0.07;0.017;0.017;0.068;0.068
Dahua Tech;CN;2009;TECH;0.38;0.1;0.025;0.025;;TECH;TECH;4;0.38;0.1;0.025;0.025;0.06578947368421052;0.06578947368421052
Dahua Tech;CN;2010;TECH;0.55;0.15;0.038;0.038;;TECH;TECH;5;0.55;0.15;0.038;0.038;0.06909090909090908;0.06909090909090908
Dahua Tech;CN;2011;TECH;0.85;0.22;0.058;0.058;;TECH;TECH;6;0.85;0.22;0.058;0.058;0.06823529411764706;0.06823529411764706
Dahua Tech;CN;2012;TECH;1.2;0.3;0.082;0.082;;TECH;TECH;7;1.2;0.3;0.082;0.082;0.06833333333333334;0.06833333333333334
Dahua Tech;CN;2013;TECH;1.65;0.4;0.112;0.112;;TECH;TECH;8;1.65;0.4;0.112;0.112;0.06787878787878789;0.06787878787878789
Dahua Tech;CN;2014;TECH;2.2;0.52;0.15;0.15;;TECH;TECH;9;2.2;0.52;0.15;0.15;0.06818181818181818;0.06818181818181818
Dahua Tech;CN;2015;TECH;2.85;0.65;0.195;0.195;;TECH;TECH;10;2.85;0.65;0.195;0.195;0.06842105263157895;0.06842105263157895
Dahua Tech;CN;2016;TECH;3.6;0.8;0.248;0.248;;TECH;TECH;11;3.6;0.8;0.248;0.248;0.06888888888888889;0.06888888888888889
Dahua Tech;CN;2017;TECH;4.5;0.98;0.31;0.31;;TECH;TECH;12;4.5;0.98;0.31;0.31;0.06888888888888889;0.06888888888888889
Dahua Tech;CN;2018;TECH;5.5;1.18;0.38;0.38;;TECH;TECH;13;5.5;1.18;0.38;0.38;0.06909090909090909;0.06909090909090909
Dahua Tech;CN;2019;TECH;3.8;0.95;0.3;0.3;;TECH;TECH;14;3.8;0.95;0.3;0.3;0.07894736842105263;0.07894736842105263
Dahua Tech;CN;2020;TECH;4.2;1.05;0.335;0.335;;TECH;TECH;15;4.2;1.05;0.335;0.335;0.07976190476190477;0.07976190476190477
Dahua Tech;CN;2021;TECH;4.8;1.2;0.385;0.385;;TECH;TECH;16;4.8;1.2;0.385;0.385;0.08020833333333334;0.08020833333333334
Dahua Tech;CN;2022;TECH;4.5;1.15;0.365;0.365;;TECH;TECH;17;4.5;1.15;0.365;0.365;0.0811111111111111;0.0811111111111111
Dahua Tech;CN;2023;TECH;4.8;1.22;0.39;0.39;;TECH;TECH;18;4.8;1.22;0.39;0.39;0.08125;0.08125
Dahua Tech;CN;2024;TECH;5.1;1.3;0.415;0.415;;TECH;TECH;19;5.1;1.3;0.415;0.415;0.08137254901960785;0.08137254901960785
Daifuku (JP);G7;2005;INDUS;1.59;0.58;0.07;0.08;0.7;INDUS;INDUS;0;1.59;0.58;0.08;0.07;0.05031446540880503;0.04402515723270441
Daifuku (JP);G7;2006;INDUS;1.64;0.59;0.07;0.08;0.71;INDUS;INDUS;1;1.64;0.59;0.08;0.07;0.04878048780487805;0.042682926829268296
Daifuku (JP);G7;2007;INDUS;1.76;0.61;0.07;0.08;0.73;INDUS;INDUS;2;1.76;0.61;0.08;0.07;0.045454545454545456;0.03977272727272728
Daifuku (JP);G7;2008;INDUS;1.9;0.64;0.08;0.08;0.75;INDUS;INDUS;3;1.9;0.64;0.08;0.08;0.04210526315789474;0.04210526315789474
Daifuku (JP);G7;2009;INDUS;1.86;0.65;0.08;0.08;0.77;INDUS;INDUS;4;1.86;0.65;0.08;0.08;0.04301075268817204;0.04301075268817204
Daifuku (JP);G7;2010;INDUS;2.65;0.67;0.26;0.08;0.79;INDUS;INDUS;5;2.65;0.67;0.08;0.26;0.03018867924528302;0.09811320754716982
Daifuku (JP);G7;2011;INDUS;2.45;0.69;0.21;0.08;0.81;INDUS;INDUS;6;2.45;0.69;0.08;0.21;0.03265306122448979;0.0857142857142857
Daifuku (JP);G7;2012;INDUS;2.6;0.72;0.23;0.08;0.83;INDUS;INDUS;7;2.6;0.72;0.08;0.23;0.030769230769230767;0.08846153846153847
Daifuku (JP);G7;2013;INDUS;2.79;0.74;0.24;0.08;0.85;INDUS;INDUS;8;2.79;0.74;0.08;0.24;0.02867383512544803;0.08602150537634408
Daifuku (JP);G7;2014;INDUS;2.91;0.77;0.24;0.08;0.87;INDUS;INDUS;9;2.91;0.77;0.08;0.24;0.027491408934707903;0.08247422680412371
Daifuku (JP);G7;2015;INDUS;2.45;0.35;0.18;0.05;0.8;INDUS;INDUS;10;2.45;0.35;0.05;0.18;0.02040816326530612;0.07346938775510203
Daifuku (JP);G7;2016;INDUS;2.65;0.38;0.22;0.06;0.8;INDUS;INDUS;11;2.65;0.38;0.06;0.22;0.022641509433962263;0.08301886792452831
Daifuku (JP);G7;2017;INDUS;3.15;0.42;0.35;0.08;0.9;INDUS;INDUS;12;3.15;0.42;0.08;0.35;0.025396825396825397;0.1111111111111111
Daifuku (JP);G7;2018;INDUS;3.85;0.45;0.48;0.09;1.0;INDUS;INDUS;13;3.85;0.45;0.09;0.48;0.023376623376623374;0.12467532467532466
Daifuku (JP);G7;2019;INDUS;4.25;0.48;0.52;0.11;1.1;INDUS;INDUS;14;4.25;0.48;0.11;0.52;0.02588235294117647;0.1223529411764706
Daifuku (JP);G7;2020;INDUS;4.05;0.52;0.42;0.12;1.1;INDUS;INDUS;15;4.05;0.52;0.12;0.42;0.02962962962962963;0.1037037037037037
Daifuku (JP);G7;2021;INDUS;4.52;0.58;0.55;0.14;1.2;INDUS;INDUS;16;4.52;0.58;0.14;0.55;0.030973451327433635;0.12168141592920356
Daifuku (JP);G7;2022;INDUS;5.15;0.65;0.62;0.18;1.3;INDUS;INDUS;17;5.15;0.65;0.18;0.62;0.034951456310679606;0.12038834951456309
Daifuku (JP);G7;2023;INDUS;5.42;0.72;0.68;0.21;1.35;INDUS;INDUS;18;5.42;0.72;0.21;0.68;0.038745387453874534;0.12546125461254615
Daifuku (JP);G7;2024;INDUS;5.65;0.78;0.75;0.25;1.45;INDUS;INDUS;19;5.65;0.78;0.25;0.75;0.04424778761061947;0.1327433628318584
Daikin (JP);G7;2005;INDUS;13.7;3.66;0.79;0.41;5.28;INDUS;INDUS;0;13.7;3.66;0.41;0.79;0.029927007299270073;0.05766423357664234
Daikin (JP);G7;2006;INDUS;13.86;3.73;0.78;0.42;5.28;INDUS;INDUS;1;13.86;3.73;0.42;0.78;0.030303030303030304;0.05627705627705628
Daikin (JP);G7;2007;INDUS;14.0;3.74;0.75;0.43;5.38;INDUS;INDUS;2;14.0;3.74;0.43;0.75;0.030714285714285715;0.05357142857142857
Daikin (JP);G7;2008;INDUS;14.46;3.84;0.81;0.43;5.44;INDUS;INDUS;3;14.46;3.84;0.43;0.81;0.029737206085753802;0.056016597510373446
Daikin (JP);G7;2009;INDUS;14.18;3.9;0.85;0.44;5.54;INDUS;INDUS;4;14.18;3.9;0.44;0.85;0.031029619181946404;0.059943582510578276
Daikin (JP);G7;2010;INDUS;17.31;3.97;2.3;0.45;5.57;INDUS;INDUS;5;17.31;3.97;0.45;2.3;0.025996533795493937;0.13287117273252455
Daikin (JP);G7;2011;INDUS;16.03;3.96;1.84;0.46;5.61;INDUS;INDUS;6;16.03;3.96;0.46;1.84;0.028696194635059263;0.11478477854023705
Daikin (JP);G7;2012;INDUS;16.42;4.02;1.86;0.46;5.71;INDUS;INDUS;7;16.42;4.02;0.46;1.86;0.028014616321559074;0.11327649208282582
Daikin (JP);G7;2013;INDUS;16.96;4.06;1.91;0.48;5.76;INDUS;INDUS;8;16.96;4.06;0.48;1.91;0.028301886792452827;0.11261792452830188
Daikin (JP);G7;2014;INDUS;17.26;4.11;1.89;0.49;5.9;INDUS;INDUS;9;17.26;4.11;0.49;1.89;0.028389339513325604;0.10950173812282733
Daikin (JP);G7;2015;INDUS;17.1;4.2;1.8;0.5;6.0;INDUS;INDUS;10;17.1;4.2;0.5;1.8;0.029239766081871343;0.10526315789473684
Daikin (JP);G7;2016;INDUS;16.8;4.3;1.9;0.5;6.7;INDUS;INDUS;11;16.8;4.3;0.5;1.9;0.02976190476190476;0.11309523809523808
Daikin (JP);G7;2017;INDUS;18.9;4.5;2.2;0.6;7.0;INDUS;INDUS;12;18.9;4.5;0.6;2.2;0.031746031746031744;0.11640211640211642
Daikin (JP);G7;2018;INDUS;20.8;4.8;2.4;0.6;7.6;INDUS;INDUS;13;20.8;4.8;0.6;2.4;0.028846153846153844;0.11538461538461538
Daikin (JP);G7;2019;INDUS;21.5;5.1;2.3;0.7;8.0;INDUS;INDUS;14;21.5;5.1;0.7;2.3;0.03255813953488372;0.10697674418604651
Daikin (JP);G7;2020;INDUS;21.2;5.4;2.1;0.7;8.5;INDUS;INDUS;15;21.2;5.4;0.7;2.1;0.0330188679245283;0.09905660377358491
Daikin (JP);G7;2021;INDUS;24.8;5.8;2.7;0.8;8.9;INDUS;INDUS;16;24.8;5.8;0.8;2.7;0.03225806451612903;0.10887096774193548
Daikin (JP);G7;2022;INDUS;27.5;6.1;2.2;0.8;9.6;INDUS;INDUS;17;27.5;6.1;0.8;2.2;0.02909090909090909;0.08
Daikin (JP);G7;2023;INDUS;31.2;6.5;3.1;0.9;9.8;INDUS;INDUS;18;31.2;6.5;0.9;3.1;0.028846153846153848;0.09935897435897437
Daikin (JP);G7;2024;INDUS;33.1;6.8;3.4;0.9;10.1;INDUS;INDUS;19;33.1;6.8;0.9;3.4;0.027190332326283987;0.10271903323262839
Dana Inc (US);G7;2005;INDUS;4.32;1.02;0.2;0.17;2.02;INDUS;INDUS;0;4.32;1.02;0.17;0.2;0.03935185185185185;0.046296296296296294
Dana Inc (US);G7;2006;INDUS;4.45;1.03;0.21;0.17;2.03;INDUS;INDUS;1;4.45;1.03;0.17;0.21;0.038202247191011236;0.04719101123595505
Dana Inc (US);G7;2007;INDUS;4.65;1.05;0.23;0.17;2.08;INDUS;INDUS;2;4.65;1.05;0.17;0.23;0.03655913978494624;0.04946236559139785
Dana Inc (US);G7;2008;INDUS;5.0;1.08;0.24;0.17;2.14;INDUS;INDUS;3;5.0;1.08;0.17;0.24;0.034;0.048
Dana Inc (US);G7;2009;INDUS;4.9;1.09;0.25;0.18;2.14;INDUS;INDUS;4;4.9;1.09;0.18;0.25;0.03673469387755102;0.0510204081632653
Dana Inc (US);G7;2010;INDUS;5.91;1.11;0.54;0.18;2.15;INDUS;INDUS;5;5.91;1.11;0.18;0.54;0.03045685279187817;0.09137055837563453
Dana Inc (US);G7;2011;INDUS;5.47;1.15;0.43;0.18;2.17;INDUS;INDUS;6;5.47;1.15;0.18;0.43;0.03290676416819013;0.07861060329067641
Dana Inc (US);G7;2012;INDUS;5.49;1.18;0.44;0.18;2.23;INDUS;INDUS;7;5.49;1.18;0.18;0.44;0.032786885245901634;0.08014571948998178
Dana Inc (US);G7;2013;INDUS;5.47;1.19;0.43;0.18;2.26;INDUS;INDUS;8;5.47;1.19;0.18;0.43;0.03290676416819013;0.07861060329067641
Dana Inc (US);G7;2014;INDUS;5.78;1.22;0.44;0.18;2.27;INDUS;INDUS;9;5.78;1.22;0.18;0.44;0.031141868512110725;0.07612456747404844
Dana Inc (US);G7;2015;INDUS;6.06;1.25;0.45;0.18;2.3;INDUS;INDUS;10;6.06;1.25;0.18;0.45;0.029702970297029705;0.07425742574257427
Dana Inc (US);G7;2016;INDUS;5.83;1.28;0.38;0.2;2.5;INDUS;INDUS;11;5.83;1.28;0.2;0.38;0.03430531732418525;0.06518010291595197
Dana Inc (US);G7;2017;INDUS;7.21;1.45;0.62;0.25;3.0;INDUS;INDUS;12;7.21;1.45;0.25;0.62;0.03467406380027739;0.08599167822468794
Dana Inc (US);G7;2018;INDUS;8.14;1.65;0.75;0.32;3.6;INDUS;INDUS;13;8.14;1.65;0.32;0.75;0.03931203931203931;0.09213759213759214
Dana Inc (US);G7;2019;INDUS;8.62;1.85;0.65;0.35;3.6;INDUS;INDUS;14;8.62;1.85;0.35;0.65;0.04060324825986079;0.07540603248259861
Dana Inc (US);G7;2020;INDUS;7.1;1.92;0.15;0.32;3.8;INDUS;INDUS;15;7.1;1.92;0.32;0.15;0.04507042253521127;0.02112676056338028
Dana Inc (US);G7;2021;INDUS;8.94;2.05;0.45;0.38;4.0;INDUS;INDUS;16;8.94;2.05;0.38;0.45;0.042505592841163314;0.05033557046979866
Dana Inc (US);G7;2022;INDUS;10.16;2.15;0.25;0.42;4.2;INDUS;INDUS;17;10.16;2.15;0.42;0.25;0.04133858267716535;0.024606299212598423
Dana Inc (US);G7;2023;INDUS;10.56;2.25;0.48;0.45;4.2;INDUS;INDUS;18;10.56;2.25;0.45;0.48;0.04261363636363636;0.04545454545454545
Dana Inc (US);G7;2024;INDUS;10.65;2.35;0.55;0.48;4.25;INDUS;INDUS;19;10.65;2.35;0.48;0.55;0.04507042253521126;0.051643192488262914
Danaher (US);G7;2005;INDUS;8.53;1.67;1.1;0.77;3.91;PHARMA;PHARMA;0;8.53;1.67;0.77;1.1;0.09026963657678781;0.12895662368112545
Danaher (US);G7;2006;INDUS;9.1;1.76;1.22;0.79;4.16;PHARMA;PHARMA;1;9.1;1.76;0.79;1.22;0.08681318681318682;0.13406593406593406
Danaher (US);G7;2007;INDUS;9.45;1.86;1.23;0.81;4.38;PHARMA;PHARMA;2;9.45;1.86;0.81;1.23;0.08571428571428573;0.13015873015873017
Danaher (US);G7;2008;INDUS;10.1;1.94;1.31;0.84;4.51;PHARMA;PHARMA;3;10.1;1.94;0.84;1.31;0.08316831683168317;0.1297029702970297
Danaher (US);G7;2009;INDUS;9.9;2.03;1.38;0.87;4.74;PHARMA;PHARMA;4;9.9;2.03;0.87;1.38;0.08787878787878788;0.13939393939393938
Danaher (US);G7;2010;INDUS;11.44;2.12;2.49;0.91;4.96;PHARMA;PHARMA;5;11.44;2.12;0.91;2.49;0.07954545454545456;0.21765734265734268
Danaher (US);G7;2011;INDUS;10.59;2.21;1.99;0.96;5.24;PHARMA;PHARMA;6;10.59;2.21;0.96;1.99;0.0906515580736544;0.18791312559017942
Danaher (US);G7;2012;INDUS;11.61;2.3;2.26;0.99;5.44;PHARMA;PHARMA;7;11.61;2.3;0.99;2.26;0.08527131782945736;0.19465977605512488
Danaher (US);G7;2013;INDUS;12.46;2.47;2.37;1.03;5.46;PHARMA;PHARMA;8;12.46;2.47;1.03;2.37;0.0826645264847512;0.19020866773675763
Danaher (US);G7;2014;INDUS;13.37;2.65;2.64;1.07;5.66;PHARMA;PHARMA;9;13.37;2.65;1.07;2.64;0.08002991772625281;0.19745699326851163
Danaher (US);G7;2015;INDUS;14.5;2.8;2.8;1.1;5.9;PHARMA;PHARMA;10;14.5;2.8;1.1;2.8;0.07586206896551725;0.19310344827586207
Danaher (US);G7;2016;INDUS;16.8;3.1;3.2;1.2;6.2;PHARMA;PHARMA;11;16.8;3.1;1.2;3.2;0.07142857142857142;0.19047619047619047
Danaher (US);G7;2017;INDUS;18.3;3.4;3.5;1.3;6.7;PHARMA;PHARMA;12;18.3;3.4;1.3;3.5;0.07103825136612021;0.1912568306010929
Danaher (US);G7;2018;INDUS;19.9;3.8;3.9;1.5;7.1;PHARMA;PHARMA;13;19.9;3.8;1.5;3.9;0.07537688442211056;0.19597989949748745
Danaher (US);G7;2019;INDUS;17.9;4.1;3.4;1.6;6.0;PHARMA;PHARMA;14;17.9;4.1;1.6;3.4;0.08938547486033521;0.1899441340782123
Danaher (US);G7;2020;INDUS;22.2;4.5;4.8;1.8;6.7;PHARMA;PHARMA;15;22.2;4.5;1.8;4.8;0.08108108108108109;0.21621621621621623
Danaher (US);G7;2021;INDUS;29.4;4.8;7.5;2.1;8.0;PHARMA;PHARMA;16;29.4;4.8;2.1;7.5;0.07142857142857144;0.25510204081632654
Danaher (US);G7;2022;INDUS;31.4;5.1;8.2;2.2;8.1;PHARMA;PHARMA;17;31.4;5.1;2.2;8.2;0.07006369426751594;0.2611464968152866
Danaher (US);G7;2023;INDUS;23.9;5.0;5.2;1.8;8.0;PHARMA;PHARMA;18;23.9;5.0;1.8;5.2;0.07531380753138076;0.2175732217573222
Danaher (US);G7;2024;INDUS;23.8;5.2;5.5;1.8;8.1;PHARMA;PHARMA;19;23.8;5.2;1.8;5.5;0.07563025210084033;0.2310924369747899
Dassault Aviation (EU);G7;2005;INDUS;3.22196;0.6842;0.2488;0.39808;0.95;INDUS;INDUS;0;3.22196;0.6842;0.39808;0.2488;0.12355212355212354;0.07722007722007722
Dassault Aviation (EU);G7;2006;INDUS;3.3409600000000004;0.7033600000000001;0.2512;0.41448;0.98;INDUS;INDUS;1;3.3409600000000004;0.7033600000000001;0.41448;0.2512;0.12406015037593984;0.07518796992481201
Dassault Aviation (EU);G7;2007;INDUS;3.79767;0.79518;0.30162;0.46614;1.01;INDUS;INDUS;2;3.79767;0.79518;0.46614;0.30162;0.12274368231046931;0.07942238267148015
Dassault Aviation (EU);G7;2008;INDUS;4.36887;0.86789;0.33833;0.50014;1.02;INDUS;INDUS;3;4.36887;0.86789;0.50014;0.33833;0.11447811447811448;0.07744107744107744
Dassault Aviation (EU);G7;2009;INDUS;4.05654;0.8363999999999999;0.3345599999999999;0.47396;1.05;INDUS;INDUS;4;4.05654;0.8363999999999999;0.47396;0.3345599999999999;0.11683848797250859;0.0824742268041237
Dassault Aviation (EU);G7;2010;INDUS;5.5029;0.80886;0.7160400000000001;0.4641;1.07;INDUS;INDUS;5;5.5029;0.80886;0.4641;0.7160400000000001;0.08433734939759036;0.13012048192771086
Dassault Aviation (EU);G7;2011;INDUS;5.34528;0.8630399999999999;0.59856;0.5150399999999999;1.1;INDUS;INDUS;6;5.34528;0.8630399999999999;0.5150399999999999;0.59856;0.09635416666666666;0.11197916666666667
Dassault Aviation (EU);G7;2012;INDUS;5.15686;0.81018;0.5787;0.48868;1.11;INDUS;INDUS;7;5.15686;0.81018;0.48868;0.5787;0.09476309226932668;0.11221945137157108
Dassault Aviation (EU);G7;2013;INDUS;5.65728;0.8632000000000001;0.62416;0.51792;1.13;INDUS;INDUS;8;5.65728;0.8632000000000001;0.51792;0.62416;0.09154929577464789;0.11032863849765259
Dassault Aviation (EU);G7;2014;INDUS;5.92734;0.89043;0.6246299999999999;0.51831;1.16;INDUS;INDUS;9;5.92734;0.89043;0.51831;0.6246299999999999;0.08744394618834081;0.1053811659192825
Dassault Aviation (EU);G7;2015;INDUS;5.106;0.777;0.555;0.444;1.2;INDUS;INDUS;10;5.106;0.777;0.444;0.555;0.08695652173913043;0.10869565217391305
Dassault Aviation (EU);G7;2016;INDUS;4.3173;0.7748999999999999;0.2214;0.4428;1.2;INDUS;INDUS;11;4.3173;0.7748999999999999;0.4428;0.2214;0.10256410256410256;0.05128205128205128
Dassault Aviation (EU);G7;2017;INDUS;6.101999999999999;0.904;0.565;0.4519999999999999;1.1;INDUS;INDUS;12;6.101999999999999;0.904;0.4519999999999999;0.565;0.07407407407407407;0.09259259259259259
Dassault Aviation (EU);G7;2018;INDUS;6.6136;0.9448;0.8267;0.4724;1.1;INDUS;INDUS;13;6.6136;0.9448;0.4724;0.8267;0.07142857142857142;0.125
Dassault Aviation (EU);G7;2019;INDUS;8.952;1.0071;0.8952;0.6714;1.3;INDUS;INDUS;14;8.952;1.0071;0.6714;0.8952;0.075;0.1
Dassault Aviation (EU);G7;2020;INDUS;6.966199999999999;1.142;0.3425999999999999;0.6851999999999999;1.2;INDUS;INDUS;15;6.966199999999999;1.142;0.6851999999999999;0.3425999999999999;0.09836065573770492;0.04918032786885245
Dassault Aviation (EU);G7;2021;INDUS;10.0555;1.3013;0.7098;0.7098;1.2;INDUS;INDUS;16;10.0555;1.3013;0.7098;0.7098;0.07058823529411765;0.07058823529411765
Dassault Aviation (EU);G7;2022;INDUS;7.6869;1.2635999999999998;0.6317999999999999;0.7370999999999999;1.3;INDUS;INDUS;17;7.6869;1.2635999999999998;0.7370999999999999;0.6317999999999999;0.09589041095890409;0.0821917808219178
Dassault Aviation (EU);G7;2023;INDUS;5.6264;1.2984;0.4328000000000001;0.7574;1.4;INDUS;INDUS;18;5.6264;1.2984;0.7574;0.4328000000000001;0.1346153846153846;0.07692307692307693
Dassault Aviation (EU);G7;2024;INDUS;6.6002;1.4066;0.541;0.8656000000000001;1.5;INDUS;INDUS;19;6.6002;1.4066;0.8656000000000001;0.541;0.1311475409836066;0.0819672131147541
Dassault Syst. (EU);G7;2005;TECH;2.10236;0.4353999999999999;0.27368;0.38564;0.84;TECH;TECH;0;2.10236;0.4353999999999999;0.38564;0.27368;0.1834319526627219;0.1301775147928994
Dassault Syst. (EU);G7;2006;TECH;2.23568;0.46472;0.28888;0.41448;0.87;TECH;TECH;1;2.23568;0.46472;0.41448;0.28888;0.1853932584269663;0.12921348314606743
Dassault Syst. (EU);G7;2007;TECH;2.64603;0.53469;0.34275;0.4798499999999999;0.91;TECH;TECH;2;2.64603;0.53469;0.4798499999999999;0.34275;0.1813471502590673;0.12953367875647667
Dassault Syst. (EU);G7;2008;TECH;3.07439;0.61782;0.38246;0.54427;0.96;TECH;TECH;3;3.07439;0.61782;0.54427;0.38246;0.17703349282296652;0.12440191387559808
Dassault Syst. (EU);G7;2009;TECH;2.8576999999999995;0.6273;0.37638;0.52972;1.02;TECH;TECH;4;2.8576999999999995;0.6273;0.52972;0.37638;0.1853658536585366;0.13170731707317077
Dassault Syst. (EU);G7;2010;TECH;3.1824;0.62322;0.7956;0.5304000000000001;1.06;TECH;TECH;5;3.1824;0.62322;0.5304000000000001;0.7956;0.1666666666666667;0.25
Dassault Syst. (EU);G7;2011;TECH;3.09024;0.696;0.66816;0.5846399999999999;1.11;TECH;TECH;6;3.09024;0.696;0.5846399999999999;0.66816;0.18918918918918917;0.2162162162162162
Dassault Syst. (EU);G7;2012;TECH;3.11212;0.6815800000000001;0.6815800000000001;0.56584;1.19;TECH;TECH;7;3.11212;0.6815800000000001;0.56584;0.6815800000000001;0.18181818181818182;0.21900826446280994
Dassault Syst. (EU);G7;2013;TECH;3.49264;0.7304;0.75696;0.6108800000000001;1.26;TECH;TECH;8;3.49264;0.7304;0.6108800000000001;0.75696;0.1749049429657795;0.21673003802281365
Dassault Syst. (EU);G7;2014;TECH;3.82752;0.7575299999999999;0.85056;0.6379199999999999;1.33;TECH;TECH;9;3.82752;0.7575299999999999;0.6379199999999999;0.85056;0.16666666666666666;0.22222222222222224
Dassault Syst. (EU);G7;2015;TECH;3.4410000000000003;0.666;0.777;0.555;1.4;TECH;TECH;10;3.4410000000000003;0.666;0.555;0.777;0.16129032258064516;0.22580645161290322
Dassault Syst. (EU);G7;2016;TECH;3.7638;0.7748999999999999;0.8856;0.5535;1.5;TECH;TECH;11;3.7638;0.7748999999999999;0.5535;0.8856;0.14705882352941177;0.23529411764705885
Dassault Syst. (EU);G7;2017;TECH;4.068;0.7909999999999999;1.017;0.6779999999999999;1.6;TECH;TECH;12;4.068;0.7909999999999999;0.6779999999999999;1.017;0.16666666666666666;0.25
Dassault Syst. (EU);G7;2018;TECH;4.6059;0.9448;1.181;0.8267;1.7;TECH;TECH;13;4.6059;0.9448;0.8267;1.181;0.1794871794871795;0.2564102564102564
Dassault Syst. (EU);G7;2019;TECH;5.0355;1.2309;1.119;0.8952;1.9;TECH;TECH;14;5.0355;1.2309;0.8952;1.119;0.17777777777777778;0.22222222222222224
Dassault Syst. (EU);G7;2020;TECH;5.709999999999999;1.3703999999999998;1.142;1.0278;2.0;TECH;TECH;15;5.709999999999999;1.3703999999999998;1.0278;1.142;0.18000000000000005;0.2
Dassault Syst. (EU);G7;2021;TECH;6.6248;1.5379;1.5379;1.183;2.1;TECH;TECH;16;6.6248;1.5379;1.183;1.5379;0.1785714285714286;0.23214285714285715
Dassault Syst. (EU);G7;2022;TECH;6.2127;1.4741999999999995;1.4741999999999995;1.1583;2.3;TECH;TECH;17;6.2127;1.4741999999999995;1.1583;1.4741999999999995;0.18644067796610173;0.23728813559322026
Dassault Syst. (EU);G7;2023;TECH;6.924800000000001;1.6230000000000002;1.6230000000000002;1.2984;2.4;TECH;TECH;18;6.924800000000001;1.6230000000000002;1.2984;1.6230000000000002;0.18749999999999997;0.234375
Dassault Syst. (EU);G7;2024;TECH;7.357600000000001;1.7312000000000003;1.8394;1.4066;2.5;TECH;TECH;19;7.357600000000001;1.7312000000000003;1.4066;1.8394;0.19117647058823528;0.24999999999999997
Dawning Info;China;2005;TECH;0.59;0.18;0.03;0.09;0.42;TECH;INDUS;0;0.59;0.18;0.09;0.03;0.15254237288135594;0.05084745762711865
Dawning Info;China;2006;TECH;0.66;0.19;0.03;0.1;0.44;TECH;INDUS;1;0.66;0.19;0.1;0.03;0.15151515151515152;0.04545454545454545
Dawning Info;China;2007;TECH;0.73;0.2;0.03;0.1;0.47;TECH;INDUS;2;0.73;0.2;0.1;0.03;0.13698630136986303;0.0410958904109589
Dawning Info;China;2008;TECH;0.82;0.21;0.04;0.1;0.49;TECH;INDUS;3;0.82;0.21;0.1;0.04;0.12195121951219513;0.04878048780487805
Dawning Info;China;2009;TECH;0.8;0.22;0.04;0.1;0.51;TECH;INDUS;4;0.8;0.22;0.1;0.04;0.125;0.049999999999999996
Dawning Info;China;2010;TECH;0.9;0.23;0.09;0.11;0.54;TECH;INDUS;5;0.9;0.23;0.11;0.09;0.12222222222222222;0.09999999999999999
Dawning Info;China;2011;TECH;0.83;0.24;0.07;0.11;0.56;TECH;INDUS;6;0.83;0.24;0.11;0.07;0.13253012048192772;0.08433734939759037
Dawning Info;China;2012;TECH;0.92;0.26;0.08;0.11;0.6;TECH;INDUS;7;0.92;0.26;0.11;0.08;0.11956521739130434;0.08695652173913043
Dawning Info;China;2013;TECH;1.01;0.27;0.09;0.11;0.64;TECH;INDUS;8;1.01;0.27;0.11;0.09;0.10891089108910891;0.0891089108910891
Dawning Info;China;2014;TECH;1.09;0.28;0.09;0.12;0.68;TECH;INDUS;9;1.09;0.28;0.12;0.09;0.11009174311926605;0.08256880733944953
Dawning Info;China;2015;INDUS;0.6;0.1;0.0;0.1;0.2;INDUS;INDUS;10;0.6;0.1;0.1;0.0;0.16666666666666669;0.0
Dawning Info;China;2016;INDUS;0.8;0.2;0.1;0.1;0.2;INDUS;INDUS;11;0.8;0.2;0.1;0.1;0.125;0.125
Dawning Info;China;2017;INDUS;0.9;0.2;0.1;0.1;0.3;INDUS;INDUS;12;0.9;0.2;0.1;0.1;0.11111111111111112;0.11111111111111112
Dawning Info;China;2018;INDUS;1.5;0.3;0.1;0.2;0.4;INDUS;INDUS;13;1.5;0.3;0.2;0.1;0.13333333333333333;0.06666666666666667
Dawning Info;China;2019;INDUS;2.3;0.4;0.2;0.3;0.4;INDUS;INDUS;14;2.3;0.4;0.3;0.2;0.13043478260869565;0.08695652173913045
Dawning Info;China;2020;INDUS;2.5;0.5;0.3;0.4;0.5;INDUS;INDUS;15;2.5;0.5;0.4;0.3;0.16;0.12
Dawning Info;China;2021;INDUS;2.8;0.6;0.4;0.5;0.6;INDUS;INDUS;16;2.8;0.6;0.5;0.4;0.17857142857142858;0.14285714285714288
Dawning Info;China;2022;INDUS;3.4;0.8;0.5;0.6;0.6;INDUS;INDUS;17;3.4;0.8;0.6;0.5;0.17647058823529413;0.14705882352941177
Dawning Info;China;2023;INDUS;3.9;1.1;0.6;0.7;0.7;INDUS;INDUS;18;3.9;1.1;0.7;0.6;0.1794871794871795;0.15384615384615385
Dawning Info;China;2024;INDUS;4.8;1.3;0.8;0.8;0.8;INDUS;INDUS;19;4.8;1.3;0.8;0.8;0.16666666666666669;0.16666666666666669
Deere & Co;G7;2005;INDUS;16.36;4.25;1.51;1.08;4.27;INDUS;INDUS;0;16.36;4.25;1.08;1.51;0.06601466992665038;0.09229828850855747
Deere & Co;G7;2006;INDUS;16.83;4.38;1.58;1.1;4.38;INDUS;INDUS;1;16.83;4.38;1.1;1.58;0.06535947712418302;0.09387997623291743
Deere & Co;G7;2007;INDUS;18.12;4.54;1.65;1.14;4.47;INDUS;INDUS;2;18.12;4.54;1.14;1.65;0.0629139072847682;0.09105960264900662
Deere & Co;G7;2008;INDUS;18.6;4.76;1.74;1.16;4.59;INDUS;INDUS;3;18.6;4.76;1.16;1.74;0.06236559139784945;0.09354838709677418
Deere & Co;G7;2009;INDUS;18.24;4.87;1.83;1.19;4.75;INDUS;INDUS;4;18.24;4.87;1.19;1.83;0.06524122807017545;0.10032894736842106
Deere & Co;G7;2010;INDUS;25.22;5.07;3.74;1.23;4.93;INDUS;INDUS;5;25.22;5.07;1.23;3.74;0.048770816812053926;0.1482950039651071
Deere & Co;G7;2011;INDUS;23.35;5.18;2.99;1.26;5.07;INDUS;INDUS;6;23.35;5.18;1.26;2.99;0.053961456102783724;0.12805139186295503
Deere & Co;G7;2012;INDUS;24.41;5.29;3.09;1.29;5.19;INDUS;INDUS;7;24.41;5.29;1.29;3.09;0.05284719377304384;0.1265874641540352
Deere & Co;G7;2013;INDUS;26.55;5.48;3.25;1.32;5.38;INDUS;INDUS;8;26.55;5.48;1.32;3.25;0.04971751412429379;0.1224105461393597
Deere & Co;G7;2014;INDUS;27.71;5.68;3.25;1.35;5.5;INDUS;INDUS;9;27.71;5.68;1.35;3.25;0.048718874052688564;0.11728617827499098
Deere & Co;G7;2015;INDUS;28.8;5.8;3.5;1.4;5.7;INDUS;INDUS;10;28.8;5.8;1.4;3.5;0.048611111111111105;0.12152777777777778
Deere & Co;G7;2016;INDUS;26.6;5.6;2.8;1.4;5.6;INDUS;INDUS;11;26.6;5.6;1.4;2.8;0.05263157894736842;0.10526315789473684
Deere & Co;G7;2017;INDUS;29.7;5.7;3.4;1.6;6.0;INDUS;INDUS;12;29.7;5.7;1.6;3.4;0.05387205387205388;0.11447811447811448
Deere & Co;G7;2018;INDUS;37.4;6.1;4.4;1.7;7.4;INDUS;INDUS;13;37.4;6.1;1.7;4.4;0.045454545454545456;0.11764705882352942
Deere & Co;G7;2019;INDUS;39.2;6.4;4.5;1.8;7.3;INDUS;INDUS;14;39.2;6.4;1.8;4.5;0.04591836734693877;0.11479591836734693
Deere & Co;G7;2020;INDUS;35.5;6.8;3.8;1.7;7.0;INDUS;INDUS;15;35.5;6.8;1.7;3.8;0.04788732394366197;0.10704225352112676
Deere & Co;G7;2021;INDUS;44.0;7.2;7.5;1.9;7.5;INDUS;INDUS;16;44.0;7.2;1.9;7.5;0.04318181818181818;0.17045454545454544
Deere & Co;G7;2022;INDUS;52.5;7.8;10.2;2.1;8.2;INDUS;INDUS;17;52.5;7.8;2.1;10.2;0.04;0.19428571428571428
Deere & Co;G7;2023;INDUS;61.2;8.5;13.5;2.3;8.3;INDUS;INDUS;18;61.2;8.5;2.3;13.5;0.03758169934640523;0.22058823529411764
Deere & Co;G7;2024;INDUS;58.5;8.9;11.8;2.4;8.1;INDUS;INDUS;19;58.5;8.9;2.4;11.8;0.041025641025641026;0.20170940170940171
Deere & Co (US);G7;2005;INDUS;17.36;8.25;1.08;1.17;4.59;INDUS;INDUS;0;17.36;8.25;1.17;1.08;0.0673963133640553;0.062211981566820285
Deere & Co (US);G7;2006;INDUS;18.14;8.37;1.16;1.19;4.67;INDUS;INDUS;1;18.14;8.37;1.19;1.16;0.06560088202866593;0.06394707828004409
Deere & Co (US);G7;2007;INDUS;18.97;8.76;1.22;1.22;4.74;INDUS;INDUS;2;18.97;8.76;1.22;1.22;0.06431207169214549;0.06431207169214549
Deere & Co (US);G7;2008;INDUS;19.91;9.03;1.31;1.24;4.88;INDUS;INDUS;3;19.91;9.03;1.24;1.31;0.0622802611752888;0.065796082370668
Deere & Co (US);G7;2009;INDUS;19.52;9.27;1.38;1.26;5.01;INDUS;INDUS;4;19.52;9.27;1.26;1.38;0.06454918032786885;0.0706967213114754
Deere & Co (US);G7;2010;INDUS;27.84;9.51;3.99;1.31;5.11;INDUS;INDUS;5;27.84;9.51;1.31;3.99;0.04705459770114943;0.14331896551724138
Deere & Co (US);G7;2011;INDUS;25.78;9.7;3.19;1.34;5.17;INDUS;INDUS;6;25.78;9.7;1.34;3.19;0.051978277734678044;0.12373933281613653
Deere & Co (US);G7;2012;INDUS;26.16;9.96;3.1;1.35;5.31;INDUS;INDUS;7;26.16;9.96;1.35;3.1;0.051605504587155966;0.11850152905198777
Deere & Co (US);G7;2013;INDUS;27.01;10.14;3.1;1.35;5.34;INDUS;INDUS;8;27.01;10.14;1.35;3.1;0.04998148833765272;0.11477230655312846
Deere & Co (US);G7;2014;INDUS;27.08;10.46;3.14;1.38;5.59;INDUS;INDUS;9;27.08;10.46;1.38;3.14;0.05096011816838995;0.11595273264401773
Deere & Co (US);G7;2015;INDUS;28.8;10.5;3.2;1.4;5.7;INDUS;INDUS;10;28.8;10.5;1.4;3.2;0.048611111111111105;0.11111111111111112
Deere & Co (US);G7;2016;INDUS;26.6;10.2;2.8;1.4;5.6;INDUS;INDUS;11;26.6;10.2;1.4;2.8;0.05263157894736842;0.10526315789473684
Deere & Co (US);G7;2017;INDUS;29.7;10.8;3.5;1.5;6.0;INDUS;INDUS;12;29.7;10.8;1.5;3.5;0.050505050505050504;0.11784511784511785
Deere & Co (US);G7;2018;INDUS;37.3;11.4;5.1;1.6;7.4;INDUS;INDUS;13;37.3;11.4;1.6;5.1;0.04289544235924934;0.13672922252010725
Deere & Co (US);G7;2019;INDUS;39.2;12.1;4.8;1.7;7.4;INDUS;INDUS;14;39.2;12.1;1.7;4.8;0.0433673469387755;0.12244897959183672
Deere & Co (US);G7;2020;INDUS;35.5;12.5;4.2;1.8;7.0;INDUS;INDUS;15;35.5;12.5;1.8;4.2;0.05070422535211268;0.11830985915492959
Deere & Co (US);G7;2021;INDUS;44.0;13.2;7.5;1.9;7.5;INDUS;INDUS;16;44.0;13.2;1.9;7.5;0.04318181818181818;0.17045454545454544
Deere & Co (US);G7;2022;INDUS;52.5;13.8;9.2;2.0;8.2;INDUS;INDUS;17;52.5;13.8;2.0;9.2;0.0380952380952381;0.17523809523809522
Deere & Co (US);G7;2023;INDUS;61.2;14.5;12.1;2.2;8.3;INDUS;INDUS;18;61.2;14.5;2.2;12.1;0.03594771241830066;0.1977124183006536
Deere & Co (US);G7;2024;INDUS;55.4;14.2;10.8;2.1;8.2;INDUS;INDUS;19;55.4;14.2;2.1;10.8;0.03790613718411553;0.19494584837545129
Denka (JP);G7;2005;INDUS;2.2;1.08;0.08;0.1;0.47;INDUS;INDUS;0;2.2;1.08;0.1;0.08;0.045454545454545456;0.03636363636363636
Denka (JP);G7;2006;INDUS;2.3;1.13;0.08;0.1;0.48;INDUS;INDUS;1;2.3;1.13;0.1;0.08;0.04347826086956522;0.034782608695652174
Denka (JP);G7;2007;INDUS;2.46;1.18;0.09;0.1;0.5;INDUS;INDUS;2;2.46;1.18;0.1;0.09;0.04065040650406505;0.036585365853658534
Denka (JP);G7;2008;INDUS;2.62;1.22;0.1;0.1;0.51;INDUS;INDUS;3;2.62;1.22;0.1;0.1;0.03816793893129771;0.03816793893129771
Denka (JP);G7;2009;INDUS;2.57;1.24;0.11;0.1;0.52;INDUS;INDUS;4;2.57;1.24;0.1;0.11;0.03891050583657588;0.042801556420233464
Denka (JP);G7;2010;INDUS;3.06;1.27;0.29;0.1;0.53;INDUS;INDUS;5;3.06;1.27;0.1;0.29;0.032679738562091505;0.09477124183006536
Denka (JP);G7;2011;INDUS;2.83;1.31;0.23;0.1;0.54;INDUS;INDUS;6;2.83;1.31;0.1;0.23;0.0353356890459364;0.0812720848056537
Denka (JP);G7;2012;INDUS;3.01;1.34;0.26;0.1;0.56;INDUS;INDUS;7;3.01;1.34;0.1;0.26;0.03322259136212625;0.08637873754152825
Denka (JP);G7;2013;INDUS;3.18;1.39;0.27;0.1;0.58;INDUS;INDUS;8;3.18;1.39;0.1;0.27;0.031446540880503145;0.08490566037735849
Denka (JP);G7;2014;INDUS;3.28;1.44;0.28;0.1;0.59;INDUS;INDUS;9;3.28;1.44;0.1;0.28;0.030487804878048783;0.08536585365853659
Denka (JP);G7;2015;INDUS;3.4;1.5;0.3;0.1;0.6;INDUS;INDUS;10;3.4;1.5;0.1;0.3;0.029411764705882356;0.08823529411764706
Denka (JP);G7;2016;INDUS;3.2;1.6;0.3;0.1;0.6;INDUS;INDUS;11;3.2;1.6;0.1;0.3;0.03125;0.09374999999999999
Denka (JP);G7;2017;INDUS;3.6;1.7;0.4;0.1;0.6;INDUS;INDUS;12;3.6;1.7;0.1;0.4;0.02777777777777778;0.11111111111111112
Denka (JP);G7;2018;INDUS;3.8;1.8;0.5;0.1;0.6;INDUS;INDUS;13;3.8;1.8;0.1;0.5;0.026315789473684213;0.13157894736842105
Denka (JP);G7;2019;INDUS;3.5;1.9;0.3;0.1;0.6;INDUS;INDUS;14;3.5;1.9;0.1;0.3;0.028571428571428574;0.08571428571428572
Denka (JP);G7;2020;INDUS;3.3;2.0;0.3;0.1;0.6;INDUS;INDUS;15;3.3;2.0;0.1;0.3;0.030303030303030307;0.09090909090909091
Denka (JP);G7;2021;INDUS;3.6;2.1;0.4;0.1;0.6;INDUS;INDUS;16;3.6;2.1;0.1;0.4;0.02777777777777778;0.11111111111111112
Denka (JP);G7;2022;INDUS;3.8;2.2;0.4;0.1;0.6;INDUS;INDUS;17;3.8;2.2;0.1;0.4;0.026315789473684213;0.10526315789473685
Denka (JP);G7;2023;INDUS;3.5;2.1;0.2;0.1;0.6;INDUS;INDUS;18;3.5;2.1;0.1;0.2;0.028571428571428574;0.05714285714285715
Denka (JP);G7;2024;INDUS;3.7;2.2;0.3;0.1;0.6;INDUS;INDUS;19;3.7;2.2;0.1;0.3;0.02702702702702703;0.08108108108108107
Denso (JP);G7;2005;INDUS;29.47;9.19;1.14;2.8;12.48;INDUS;INDUS;0;29.47;9.19;2.8;1.14;0.09501187648456057;0.03868340685442823
Denso (JP);G7;2006;INDUS;29.74;9.5;1.2;2.8;12.79;INDUS;INDUS;1;29.74;9.5;2.8;1.2;0.0941492938802959;0.04034969737726967
Denso (JP);G7;2007;INDUS;30.36;9.76;1.27;2.83;13.13;INDUS;INDUS;2;30.36;9.76;2.83;1.27;0.09321475625823453;0.04183135704874835
Denso (JP);G7;2008;INDUS;30.71;10.11;1.24;2.87;13.19;INDUS;INDUS;3;30.71;10.11;2.87;1.24;0.09345490068381634;0.040377727124715074
Denso (JP);G7;2009;INDUS;30.11;10.23;1.31;2.95;13.66;INDUS;INDUS;4;30.11;10.23;2.95;1.31;0.09797409498505481;0.04350714048488875
Denso (JP);G7;2010;INDUS;36.62;10.43;3.09;2.99;13.81;INDUS;INDUS;5;36.62;10.43;2.99;3.09;0.08164937192790826;0.0843801201529219
Denso (JP);G7;2011;INDUS;33.91;10.8;2.47;3.05;13.92;INDUS;INDUS;6;33.91;10.8;3.05;2.47;0.08994396933058095;0.07283987024476557
Denso (JP);G7;2012;INDUS;35.3;10.9;2.69;3.06;13.99;INDUS;INDUS;7;35.3;10.9;3.06;2.69;0.08668555240793202;0.07620396600566573
Denso (JP);G7;2013;INDUS;36.01;11.01;2.79;3.12;14.42;INDUS;INDUS;8;36.01;11.01;3.12;2.79;0.08664259927797835;0.07747847820049987
Denso (JP);G7;2014;INDUS;36.29;11.3;2.69;3.15;14.88;INDUS;INDUS;9;36.29;11.3;3.15;2.69;0.08680077156241389;0.07412510333425186
Denso (JP);G7;2015;INDUS;37.5;11.5;2.8;3.2;15.1;INDUS;INDUS;10;37.5;11.5;3.2;2.8;0.08533333333333334;0.07466666666666666
Denso (JP);G7;2016;INDUS;39.1;12.1;2.7;3.4;15.5;INDUS;INDUS;11;39.1;12.1;3.4;2.7;0.08695652173913043;0.0690537084398977
Denso (JP);G7;2017;INDUS;45.2;12.8;3.6;4.0;16.9;INDUS;INDUS;12;45.2;12.8;4.0;3.6;0.08849557522123894;0.07964601769911504
Denso (JP);G7;2018;INDUS;48.5;13.5;2.8;4.4;17.2;INDUS;INDUS;13;48.5;13.5;4.4;2.8;0.0907216494845361;0.057731958762886594
Denso (JP);G7;2019;INDUS;46.8;14.2;0.6;4.5;17.1;INDUS;INDUS;14;46.8;14.2;4.5;0.6;0.09615384615384616;0.01282051282051282
Denso (JP);G7;2020;INDUS;42.1;13.8;1.5;4.5;16.8;INDUS;INDUS;15;42.1;13.8;4.5;1.5;0.10688836104513064;0.035629453681710214
Denso (JP);G7;2021;INDUS;47.6;14.5;3.2;4.6;16.8;INDUS;INDUS;16;47.6;14.5;4.6;3.2;0.09663865546218486;0.06722689075630252
Denso (JP);G7;2022;INDUS;52.1;15.2;3.5;4.8;16.5;INDUS;INDUS;17;52.1;15.2;4.8;3.5;0.09213051823416506;0.0671785028790787
Denso (JP);G7;2023;INDUS;54.8;16.1;4.2;5.1;16.4;INDUS;INDUS;18;54.8;16.1;5.1;4.2;0.09306569343065693;0.07664233576642336
Denso (JP);G7;2024;INDUS;56.5;16.8;4.5;5.4;16.6;INDUS;INDUS;19;56.5;16.8;5.4;4.5;0.09557522123893807;0.07964601769911504
Desay Battery;CN;2015;INDUS;4.7;0.16;0.24;0.09;;INDUS;INDUS;10;4.7;0.16;0.09;0.24;0.019148936170212766;0.05106382978723404
Desay Battery;CN;2020;INDUS;4.85;0.16;0.23;0.13;;INDUS;INDUS;15;4.85;0.16;0.13;0.23;0.026804123711340208;0.04742268041237114
Desay Battery;CN;2024;INDUS;5.09;0.17;0.14;0.14;;INDUS;INDUS;19;5.09;0.17;0.14;0.14;0.027504911591355603;0.027504911591355603
Descartes Systems (CA);G7;2005;TECH;0.11;0.01;0.03;0.04;0.08;TECH;TECH;0;0.11;0.01;0.04;0.03;0.36363636363636365;0.2727272727272727
Descartes Systems (CA);G7;2006;TECH;0.12;0.01;0.03;0.04;0.08;TECH;TECH;1;0.12;0.01;0.04;0.03;0.33333333333333337;0.25
Descartes Systems (CA);G7;2007;TECH;0.13;0.01;0.03;0.04;0.08;TECH;TECH;2;0.13;0.01;0.04;0.03;0.3076923076923077;0.23076923076923075
Descartes Systems (CA);G7;2008;TECH;0.14;0.01;0.03;0.04;0.08;TECH;TECH;3;0.14;0.01;0.04;0.03;0.2857142857142857;0.21428571428571425
Descartes Systems (CA);G7;2009;TECH;0.14;0.01;0.03;0.04;0.09;TECH;TECH;4;0.14;0.01;0.04;0.03;0.2857142857142857;0.21428571428571425
Descartes Systems (CA);G7;2010;TECH;0.16;0.01;0.06;0.04;0.09;TECH;TECH;5;0.16;0.01;0.04;0.06;0.25;0.375
Descartes Systems (CA);G7;2011;TECH;0.15;0.01;0.05;0.04;0.1;TECH;TECH;6;0.15;0.01;0.04;0.05;0.26666666666666666;0.33333333333333337
Descartes Systems (CA);G7;2012;TECH;0.17;0.01;0.06;0.04;0.11;TECH;TECH;7;0.17;0.01;0.04;0.06;0.23529411764705882;0.3529411764705882
Descartes Systems (CA);G7;2013;TECH;0.19;0.01;0.07;0.04;0.11;TECH;TECH;8;0.19;0.01;0.04;0.07;0.21052631578947367;0.368421052631579
Descartes Systems (CA);G7;2014;TECH;0.21;0.01;0.08;0.04;0.11;TECH;TECH;9;0.21;0.01;0.04;0.08;0.1904761904761905;0.380952380952381
Descartes Systems (CA);G7;2015;TECH;0.22;0.0;0.08;0.04;0.11;TECH;TECH;10;0.22;0.0;0.04;0.08;0.18181818181818182;0.36363636363636365
Descartes Systems (CA);G7;2016;TECH;0.24;0.0;0.08;0.04;0.12;TECH;TECH;11;0.24;0.0;0.04;0.08;0.16666666666666669;0.33333333333333337
Descartes Systems (CA);G7;2017;TECH;0.27;0.01;0.09;0.05;0.12;TECH;TECH;12;0.27;0.01;0.05;0.09;0.18518518518518517;0.3333333333333333
Descartes Systems (CA);G7;2018;TECH;0.3;0.01;0.1;0.05;0.13;TECH;TECH;13;0.3;0.01;0.05;0.1;0.16666666666666669;0.33333333333333337
Descartes Systems (CA);G7;2019;TECH;0.34;0.01;0.12;0.06;0.14;TECH;TECH;14;0.34;0.01;0.06;0.12;0.1764705882352941;0.3529411764705882
Descartes Systems (CA);G7;2020;TECH;0.38;0.01;0.13;0.07;0.15;TECH;TECH;15;0.38;0.01;0.07;0.13;0.1842105263157895;0.34210526315789475
Descartes Systems (CA);G7;2021;TECH;0.43;0.01;0.15;0.08;0.16;TECH;TECH;16;0.43;0.01;0.08;0.15;0.18604651162790697;0.3488372093023256
Descartes Systems (CA);G7;2022;TECH;0.48;0.01;0.17;0.09;0.17;TECH;TECH;17;0.48;0.01;0.09;0.17;0.1875;0.3541666666666667
Descartes Systems (CA);G7;2023;TECH;0.54;0.01;0.19;0.1;0.19;TECH;TECH;18;0.54;0.01;0.1;0.19;0.18518518518518517;0.35185185185185186
Descartes Systems (CA);G7;2024;TECH;0.6;0.01;0.21;0.11;0.2;TECH;TECH;19;0.6;0.01;0.11;0.21;0.18333333333333335;0.35
Dexcom;G7;2005;TECH;0.67;0.2;0.02;0.13;1.65;TECH;PHARMA;0;0.67;0.2;0.13;0.02;0.19402985074626866;0.029850746268656716
Dexcom;G7;2006;TECH;0.71;0.21;0.02;0.13;1.73;TECH;PHARMA;1;0.71;0.21;0.13;0.02;0.18309859154929578;0.028169014084507043
Dexcom;G7;2007;TECH;0.75;0.22;0.02;0.14;1.81;TECH;PHARMA;2;0.75;0.22;0.14;0.02;0.18666666666666668;0.02666666666666667
Dexcom;G7;2008;TECH;0.79;0.23;0.02;0.15;1.88;TECH;PHARMA;3;0.79;0.23;0.15;0.02;0.18987341772151897;0.02531645569620253
Dexcom;G7;2009;TECH;0.77;0.24;0.02;0.16;1.96;TECH;PHARMA;4;0.77;0.24;0.16;0.02;0.20779220779220778;0.025974025974025972
Dexcom;G7;2010;TECH;0.83;0.25;0.05;0.17;2.04;TECH;PHARMA;5;0.83;0.25;0.17;0.05;0.20481927710843376;0.06024096385542169
Dexcom;G7;2011;TECH;0.77;0.26;0.04;0.17;2.14;TECH;PHARMA;6;0.77;0.26;0.17;0.04;0.2207792207792208;0.051948051948051945
Dexcom;G7;2012;TECH;0.86;0.27;0.05;0.17;2.23;TECH;PHARMA;7;0.86;0.27;0.17;0.05;0.19767441860465118;0.058139534883720936
Dexcom;G7;2013;TECH;0.91;0.28;0.05;0.18;2.28;TECH;PHARMA;8;0.91;0.28;0.18;0.05;0.1978021978021978;0.054945054945054944
Dexcom;G7;2014;TECH;0.94;0.29;0.05;0.19;2.36;TECH;PHARMA;9;0.94;0.29;0.19;0.05;0.2021276595744681;0.053191489361702135
Dexcom;G7;2015;INDUS;0.4;0.15;-0.05;0.12;0.12;PHARMA;PHARMA;10;0.4;0.15;0.12;-0.05;0.3;-0.125
Dexcom;G7;2016;INDUS;0.57;0.21;-0.08;0.18;0.15;PHARMA;PHARMA;11;0.57;0.21;0.18;-0.08;0.31578947368421056;-0.14035087719298248
Dexcom;G7;2017;INDUS;0.72;0.28;-0.12;0.25;0.22;PHARMA;PHARMA;12;0.72;0.28;0.25;-0.12;0.3472222222222222;-0.16666666666666666
Dexcom;US;2018;PHARMA;1.03;0.9;0.2;0.4;;PHARMA;PHARMA;13;1.03;0.9;0.4;0.2;0.3883495145631068;0.1941747572815534
Dexcom;G7;2019;INDUS;1.48;0.45;0.15;0.42;0.45;PHARMA;PHARMA;14;1.48;0.45;0.42;0.15;0.28378378378378377;0.10135135135135134
Dexcom;US;2020;PHARMA;1.93;1.35;0.45;0.7;;PHARMA;PHARMA;15;1.93;1.35;0.7;0.45;0.3626943005181347;0.23316062176165805
Dexcom;US;2021;PHARMA;2.45;1.65;0.6;0.85;;PHARMA;PHARMA;16;2.45;1.65;0.85;0.6;0.346938775510204;0.24489795918367344
Dexcom;G7;2022;INDUS;2.91;1.05;0.52;0.82;0.85;PHARMA;PHARMA;17;2.91;1.05;0.82;0.52;0.28178694158075596;0.17869415807560138
Dexcom;G7;2023;INDUS;3.62;1.25;0.65;1.15;0.95;PHARMA;PHARMA;18;3.62;1.25;1.15;0.65;0.3176795580110497;0.17955801104972377
Dexcom;G7;2024;INDUS;4.25;1.45;0.85;1.35;1.05;PHARMA;PHARMA;19;4.25;1.45;1.35;0.85;0.31764705882352945;0.19999999999999998
Do-Fluoride;CN;2015;INDUS;1.07;0.16;0.01;0.03;;INDUS;INDUS;10;1.07;0.16;0.03;0.01;0.02803738317757009;0.009345794392523364
Do-Fluoride;CN;2020;INDUS;1.21;0.18;0.08;0.08;;INDUS;INDUS;15;1.21;0.18;0.08;0.08;0.06611570247933884;0.06611570247933884
Do-Fluoride;CN;2024;INDUS;2.3;0.34;-0.09;0.14;;INDUS;INDUS;19;2.3;0.34;0.14;-0.09;0.060869565217391314;-0.0391304347826087
Dongfeng Motor;China;2005;AUTO;15.15;5.61;0.62;0.56;71.19;INDUS;INDUS;0;15.15;5.61;0.56;0.62;0.036963696369636964;0.04092409240924092
Dongfeng Motor;China;2006;AUTO;17.44;6.26;0.68;0.6;76.25;INDUS;INDUS;1;17.44;6.26;0.6;0.68;0.03440366972477064;0.0389908256880734
Dongfeng Motor;China;2007;AUTO;20.11;6.91;0.8;0.65;82.33;INDUS;INDUS;2;20.11;6.91;0.65;0.8;0.03232222774738936;0.03978120338140229
Dongfeng Motor;China;2008;AUTO;22.9;7.71;0.9;0.69;89.97;INDUS;INDUS;3;22.9;7.71;0.69;0.9;0.030131004366812226;0.039301310043668124
Dongfeng Motor;China;2009;AUTO;22.45;8.47;0.95;0.74;97.08;INDUS;INDUS;4;22.45;8.47;0.74;0.95;0.03296213808463252;0.042316258351893093
Dongfeng Motor;China;2010;AUTO;27.44;9.29;2.4;0.78;104.14;INDUS;INDUS;5;27.44;9.29;0.78;2.4;0.028425655976676383;0.08746355685131195
Dongfeng Motor;China;2011;AUTO;25.41;10.21;1.92;0.84;113.15;INDUS;INDUS;6;25.41;10.21;0.84;1.92;0.03305785123966942;0.0755608028335301
Dongfeng Motor;China;2012;AUTO;28.6;11.3;2.06;0.89;123.23;INDUS;INDUS;7;28.6;11.3;0.89;2.06;0.031118881118881118;0.07202797202797202
Dongfeng Motor;China;2013;AUTO;33.09;12.52;2.41;0.96;133.43;INDUS;INDUS;8;33.09;12.52;0.96;2.41;0.029011786038077966;0.07283167119975824
Dongfeng Motor;China;2014;AUTO;38.57;13.81;2.79;1.04;147.09;INDUS;INDUS;9;38.57;13.81;1.04;2.79;0.026963961628208452;0.07233601244490537
Dongfeng Motor;China;2015;INDUS;33.5;9.3;3.8;1.1;16.5;INDUS;INDUS;10;33.5;9.3;1.1;3.8;0.032835820895522394;0.11343283582089551
Dongfeng Motor;China;2016;INDUS;31.6;9.0;3.6;1.2;16.2;INDUS;INDUS;11;31.6;9.0;1.2;3.6;0.03797468354430379;0.11392405063291139
Dongfeng Motor;China;2017;INDUS;30.9;8.8;3.8;1.2;16.0;INDUS;INDUS;12;30.9;8.8;1.2;3.8;0.03883495145631068;0.12297734627831715
Dongfeng Motor;China;2018;INDUS;25.5;8.1;3.1;1.2;15.5;INDUS;INDUS;13;25.5;8.1;1.2;3.1;0.047058823529411764;0.12156862745098039
Dongfeng Motor;China;2019;INDUS;24.9;7.9;2.9;1.3;15.0;INDUS;INDUS;14;24.9;7.9;1.3;2.9;0.052208835341365466;0.11646586345381527
Dongfeng Motor;China;2020;INDUS;27.0;8.6;3.2;1.4;14.5;INDUS;INDUS;15;27.0;8.6;1.4;3.2;0.05185185185185185;0.11851851851851852
Dongfeng Motor;China;2021;INDUS;28.3;9.2;3.4;1.6;13.8;INDUS;INDUS;16;28.3;9.2;1.6;3.4;0.05653710247349823;0.12014134275618374
Dongfeng Motor;China;2022;INDUS;24.4;9.2;2.7;1.7;13.2;INDUS;INDUS;17;24.4;9.2;1.7;2.7;0.06967213114754099;0.11065573770491804
Dongfeng Motor;China;2023;INDUS;27.3;10.3;3.2;1.9;13.5;INDUS;INDUS;18;27.3;10.3;1.9;3.2;0.06959706959706959;0.11721611721611722
Dongfeng Motor;China;2024;INDUS;29.8;11.1;3.5;2.0;13.8;INDUS;INDUS;19;29.8;11.1;2.0;3.5;0.06711409395973154;0.1174496644295302
Doosan Ener. (KR);G7;2005;INDUS;8.26;3.51;0.22;0.16;0.62;INDUS;INDUS;0;8.26;3.51;0.16;0.22;0.01937046004842615;0.026634382566585957
Doosan Ener. (KR);G7;2006;INDUS;8.71;3.55;0.23;0.17;0.64;INDUS;INDUS;1;8.71;3.55;0.17;0.23;0.01951779563719862;0.026406429391504015
Doosan Ener. (KR);G7;2007;INDUS;9.05;3.65;0.23;0.18;0.65;INDUS;INDUS;2;9.05;3.65;0.18;0.23;0.019889502762430938;0.025414364640883976
Doosan Ener. (KR);G7;2008;INDUS;9.52;3.78;0.24;0.18;0.67;INDUS;INDUS;3;9.52;3.78;0.18;0.24;0.018907563025210083;0.025210084033613446
Doosan Ener. (KR);G7;2009;INDUS;9.33;3.85;0.25;0.19;0.69;INDUS;INDUS;4;9.33;3.85;0.19;0.25;0.020364415862808145;0.02679528403001072
Doosan Ener. (KR);G7;2010;INDUS;11.62;3.95;0.55;0.2;0.7;INDUS;INDUS;5;11.62;3.95;0.2;0.55;0.017211703958691912;0.04733218588640276
Doosan Ener. (KR);G7;2011;INDUS;10.76;4.08;0.44;0.2;0.72;INDUS;INDUS;6;10.76;4.08;0.2;0.44;0.01858736059479554;0.040892193308550186
Doosan Ener. (KR);G7;2012;INDUS;11.29;4.23;0.48;0.2;0.74;INDUS;INDUS;7;11.29;4.23;0.2;0.48;0.01771479185119575;0.0425155004428698
Doosan Ener. (KR);G7;2013;INDUS;11.78;4.38;0.49;0.2;0.76;INDUS;INDUS;8;11.78;4.38;0.2;0.49;0.01697792869269949;0.041595925297113756
Doosan Ener. (KR);G7;2014;INDUS;12.14;4.59;0.5;0.2;0.79;INDUS;INDUS;9;12.14;4.59;0.2;0.5;0.016474464579901153;0.04118616144975288
Doosan Ener. (KR);G7;2015;INDUS;12.5;4.8;0.5;0.2;0.8;INDUS;INDUS;10;12.5;4.8;0.2;0.5;0.016;0.04
Doosan Ener. (KR);G7;2016;INDUS;11.8;4.7;0.7;0.2;0.8;INDUS;INDUS;11;11.8;4.7;0.2;0.7;0.01694915254237288;0.05932203389830508
Doosan Ener. (KR);G7;2017;INDUS;12.2;4.6;0.8;0.2;0.8;INDUS;INDUS;12;12.2;4.6;0.2;0.8;0.01639344262295082;0.06557377049180328
Doosan Ener. (KR);G7;2018;INDUS;12.8;4.5;0.9;0.2;0.8;INDUS;INDUS;13;12.8;4.5;0.2;0.9;0.015625;0.0703125
Doosan Ener. (KR);G7;2019;INDUS;13.1;4.8;0.9;0.2;0.7;INDUS;INDUS;14;13.1;4.8;0.2;0.9;0.015267175572519085;0.06870229007633588
Doosan Ener. (KR);G7;2020;INDUS;12.5;5.1;0.1;0.2;0.7;INDUS;INDUS;15;12.5;5.1;0.2;0.1;0.016;0.008
Doosan Ener. (KR);G7;2021;INDUS;11.2;4.5;0.8;0.2;0.6;INDUS;INDUS;16;11.2;4.5;0.2;0.8;0.01785714285714286;0.07142857142857144
Doosan Ener. (KR);G7;2022;INDUS;13.5;4.8;1.0;0.2;0.6;INDUS;INDUS;17;13.5;4.8;0.2;1.0;0.014814814814814815;0.07407407407407407
Doosan Ener. (KR);G7;2023;INDUS;14.2;5.1;1.1;0.2;0.6;INDUS;INDUS;18;14.2;5.1;0.2;1.1;0.014084507042253523;0.07746478873239437
Doosan Ener. (KR);G7;2024;INDUS;13.8;5.3;1.0;0.2;0.6;INDUS;INDUS;19;13.8;5.3;0.2;1.0;0.014492753623188406;0.07246376811594203
EVE Energy;CN;2015;INDUS;1.31;0.99;0.22;0.14;;INDUS;INDUS;10;1.31;0.99;0.14;0.22;0.1068702290076336;0.16793893129770993
EVE Energy;CN;2020;INDUS;2.45;3.91;0.71;0.48;;INDUS;INDUS;15;2.45;3.91;0.48;0.71;0.19591836734693877;0.2897959183673469
EVE Energy;CN;2024;INDUS;6.75;7.32;0.94;0.89;;INDUS;INDUS;19;6.75;7.32;0.89;0.94;0.13185185185185186;0.13925925925925925
Eaton (US);G7;2005;INDUS;14.01;2.55;1.35;0.48;7.9;INDUS;INDUS;0;14.01;2.55;0.48;1.35;0.034261241970021415;0.09635974304068523
Eaton (US);G7;2006;INDUS;14.76;2.64;1.47;0.49;8.12;INDUS;INDUS;1;14.76;2.64;0.49;1.47;0.03319783197831978;0.09959349593495935
Eaton (US);G7;2007;INDUS;15.05;2.72;1.55;0.49;8.29;INDUS;INDUS;2;15.05;2.72;0.49;1.55;0.03255813953488372;0.10299003322259136
Eaton (US);G7;2008;INDUS;15.49;2.85;1.56;0.5;8.47;INDUS;INDUS;3;15.49;2.85;0.5;1.56;0.03227888960619755;0.10071013557133635
Eaton (US);G7;2009;INDUS;15.19;2.89;1.64;0.52;8.71;INDUS;INDUS;4;15.19;2.89;0.52;1.64;0.034233048057932855;0.10796576695194206
Eaton (US);G7;2010;INDUS;18.21;2.96;3.06;0.53;8.86;INDUS;INDUS;5;18.21;2.96;0.53;3.06;0.029104887424492038;0.16803953871499175
Eaton (US);G7;2011;INDUS;16.86;3.08;2.45;0.55;9.01;INDUS;INDUS;6;16.86;3.08;0.55;2.45;0.032621589561091346;0.14531435349940688
Eaton (US);G7;2012;INDUS;17.54;3.15;2.57;0.56;9.23;INDUS;INDUS;7;17.54;3.15;0.56;2.57;0.03192702394526797;0.14652223489167618
Eaton (US);G7;2013;INDUS;18.81;3.27;2.66;0.56;9.31;INDUS;INDUS;8;18.81;3.27;0.56;2.66;0.02977139819245083;0.14141414141414144
Eaton (US);G7;2014;INDUS;19.53;3.35;2.67;0.57;9.51;INDUS;INDUS;9;19.53;3.35;0.57;2.67;0.029185867895545312;0.1367127496159754
Eaton (US);G7;2015;INDUS;20.85;3.45;2.85;0.58;9.7;INDUS;INDUS;10;20.85;3.45;0.58;2.85;0.02781774580335731;0.13669064748201437
Eaton (US);G7;2016;INDUS;19.75;3.35;2.65;0.59;9.5;INDUS;INDUS;11;19.75;3.35;0.59;2.65;0.029873417721518986;0.1341772151898734
Eaton (US);G7;2017;INDUS;20.42;3.25;2.95;0.61;9.6;INDUS;INDUS;12;20.42;3.25;0.61;2.95;0.02987267384916748;0.1444662095984329
Eaton (US);G7;2018;INDUS;21.61;3.38;3.25;0.62;9.9;INDUS;INDUS;13;21.61;3.38;0.62;3.25;0.02869042110134197;0.15039333641832486
Eaton (US);G7;2019;INDUS;21.39;3.52;3.15;0.64;10.1;INDUS;INDUS;14;21.39;3.52;0.64;3.15;0.029920523609163162;0.14726507713884993
Eaton (US);G7;2020;INDUS;17.85;3.42;2.15;0.58;9.2;INDUS;INDUS;15;17.85;3.42;0.58;2.15;0.03249299719887955;0.12044817927170867
Eaton (US);G7;2021;INDUS;19.62;3.65;2.85;0.61;8.5;INDUS;INDUS;16;19.62;3.65;0.61;2.85;0.031090723751274207;0.1452599388379205
Eaton (US);G7;2022;INDUS;20.75;3.85;3.12;0.66;9.1;INDUS;INDUS;17;20.75;3.85;0.66;3.12;0.03180722891566265;0.15036144578313254
Eaton (US);G7;2023;INDUS;23.2;4.15;3.85;0.75;9.2;INDUS;INDUS;18;23.2;4.15;0.75;3.85;0.032327586206896554;0.16594827586206898
Eaton (US);G7;2024;INDUS;24.15;4.35;4.15;0.82;9.4;INDUS;INDUS;19;24.15;4.35;0.82;4.15;0.03395445134575569;0.1718426501035197
Ecovacs Robotics;China;2005;TECH;0.38;0.12;0.03;0.05;1.55;TECH;INDUS;0;0.38;0.12;0.05;0.03;0.13157894736842105;0.07894736842105263
Ecovacs Robotics;China;2006;TECH;0.43;0.13;0.03;0.05;1.7;TECH;INDUS;1;0.43;0.13;0.05;0.03;0.11627906976744187;0.06976744186046512
Ecovacs Robotics;China;2007;TECH;0.49;0.14;0.03;0.05;1.83;TECH;INDUS;2;0.49;0.14;0.05;0.03;0.10204081632653061;0.061224489795918366
Ecovacs Robotics;China;2008;TECH;0.56;0.16;0.03;0.05;1.98;TECH;INDUS;3;0.56;0.16;0.05;0.03;0.08928571428571429;0.05357142857142856
Ecovacs Robotics;China;2009;TECH;0.55;0.17;0.03;0.05;2.16;TECH;INDUS;4;0.55;0.17;0.05;0.03;0.09090909090909091;0.054545454545454536
Ecovacs Robotics;China;2010;TECH;0.59;0.19;0.05;0.05;2.31;TECH;INDUS;5;0.59;0.19;0.05;0.05;0.08474576271186442;0.08474576271186442
Ecovacs Robotics;China;2011;TECH;0.55;0.21;0.04;0.05;2.52;TECH;INDUS;6;0.55;0.21;0.05;0.04;0.09090909090909091;0.07272727272727272
Ecovacs Robotics;China;2012;TECH;0.64;0.23;0.05;0.05;2.78;TECH;INDUS;7;0.64;0.23;0.05;0.05;0.078125;0.078125
Ecovacs Robotics;China;2013;TECH;0.7;0.25;0.06;0.05;2.99;TECH;INDUS;8;0.7;0.25;0.05;0.06;0.07142857142857144;0.08571428571428572
Ecovacs Robotics;China;2014;TECH;0.78;0.27;0.07;0.06;3.25;TECH;INDUS;9;0.78;0.27;0.06;0.07;0.07692307692307691;0.08974358974358974
Ecovacs Robotics;China;2015;INDUS;0.7;0.1;0.1;0.0;0.4;INDUS;INDUS;10;0.7;0.1;0.0;0.1;0.0;0.14285714285714288
Ecovacs Robotics;China;2016;INDUS;0.8;0.2;0.1;0.0;0.5;INDUS;INDUS;11;0.8;0.2;0.0;0.1;0.0;0.125
Ecovacs Robotics;China;2017;INDUS;1.1;0.2;0.1;0.0;0.6;INDUS;INDUS;12;1.1;0.2;0.0;0.1;0.0;0.09090909090909091
Ecovacs Robotics;China;2018;INDUS;1.4;0.3;0.2;0.1;0.8;INDUS;INDUS;13;1.4;0.3;0.1;0.2;0.07142857142857144;0.14285714285714288
Ecovacs Robotics;China;2019;INDUS;1.3;0.4;0.0;0.1;0.8;INDUS;INDUS;14;1.3;0.4;0.1;0.0;0.07692307692307693;0.0
Ecovacs Robotics;China;2020;INDUS;1.8;0.5;0.2;0.1;0.9;INDUS;INDUS;15;1.8;0.5;0.1;0.2;0.05555555555555556;0.11111111111111112
Ecovacs Robotics;China;2021;INDUS;3.3;0.6;0.6;0.1;1.1;INDUS;INDUS;16;3.3;0.6;0.1;0.6;0.030303030303030307;0.18181818181818182
Ecovacs Robotics;China;2022;INDUS;4.0;0.8;0.6;0.2;1.4;INDUS;INDUS;17;4.0;0.8;0.2;0.6;0.05;0.15
Ecovacs Robotics;China;2023;INDUS;4.3;1.1;0.2;0.2;1.4;INDUS;INDUS;18;4.3;1.1;0.2;0.2;0.04651162790697675;0.04651162790697675
Ecovacs Robotics;China;2024;INDUS;4.9;1.3;0.4;0.3;1.6;INDUS;INDUS;19;4.9;1.3;0.3;0.4;0.06122448979591836;0.08163265306122448
Edwards Lifesciences (US);G7;2005;TECH;1.39;0.31;0.22;0.27;0.63;PHARMA;PHARMA;0;1.39;0.31;0.27;0.22;0.19424460431654678;0.15827338129496404
Edwards Lifesciences (US);G7;2006;TECH;1.47;0.33;0.24;0.28;0.66;PHARMA;PHARMA;1;1.47;0.33;0.28;0.24;0.1904761904761905;0.16326530612244897
Edwards Lifesciences (US);G7;2007;TECH;1.57;0.35;0.25;0.28;0.69;PHARMA;PHARMA;2;1.57;0.35;0.28;0.25;0.178343949044586;0.1592356687898089
Edwards Lifesciences (US);G7;2008;TECH;1.74;0.37;0.28;0.29;0.73;PHARMA;PHARMA;3;1.74;0.37;0.29;0.28;0.16666666666666666;0.16091954022988508
Edwards Lifesciences (US);G7;2009;TECH;1.71;0.39;0.3;0.3;0.77;PHARMA;PHARMA;4;1.71;0.39;0.3;0.3;0.17543859649122806;0.17543859649122806
Edwards Lifesciences (US);G7;2010;TECH;1.92;0.41;0.53;0.31;0.8;PHARMA;PHARMA;5;1.92;0.41;0.31;0.53;0.16145833333333334;0.2760416666666667
Edwards Lifesciences (US);G7;2011;TECH;1.78;0.43;0.42;0.32;0.82;PHARMA;PHARMA;6;1.78;0.43;0.32;0.42;0.1797752808988764;0.23595505617977527
Edwards Lifesciences (US);G7;2012;TECH;1.95;0.45;0.45;0.34;0.84;PHARMA;PHARMA;7;1.95;0.45;0.34;0.45;0.17435897435897438;0.23076923076923078
Edwards Lifesciences (US);G7;2013;TECH;2.17;0.47;0.52;0.36;0.88;PHARMA;PHARMA;8;2.17;0.47;0.36;0.52;0.16589861751152074;0.23963133640552997
Edwards Lifesciences (US);G7;2014;TECH;2.33;0.49;0.58;0.37;0.93;PHARMA;PHARMA;9;2.33;0.49;0.37;0.58;0.15879828326180256;0.24892703862660942
Edwards Lifesciences (US);G7;2015;TECH;2.49;0.52;0.65;0.38;0.98;PHARMA;PHARMA;10;2.49;0.52;0.38;0.65;0.15261044176706826;0.2610441767068273
Edwards Lifesciences (US);G7;2016;TECH;2.96;0.58;0.85;0.45;1.05;PHARMA;PHARMA;11;2.96;0.58;0.45;0.85;0.15202702702702703;0.28716216216216217
Edwards Lifesciences (US);G7;2017;TECH;3.44;0.65;1.15;0.55;1.18;PHARMA;PHARMA;12;3.44;0.65;0.55;1.15;0.15988372093023256;0.33430232558139533
Edwards Lifesciences (US);G7;2018;TECH;3.72;0.72;1.25;0.62;1.25;PHARMA;PHARMA;13;3.72;0.72;0.62;1.25;0.16666666666666666;0.33602150537634407
Edwards Lifesciences (US);G7;2019;TECH;4.35;0.85;1.45;0.75;1.4;PHARMA;PHARMA;14;4.35;0.85;0.75;1.45;0.1724137931034483;0.33333333333333337
Edwards Lifesciences (US);G7;2020;TECH;4.39;0.95;1.15;0.78;1.45;PHARMA;PHARMA;15;4.39;0.95;0.78;1.15;0.17767653758542143;0.2619589977220957
Edwards Lifesciences (US);G7;2021;TECH;5.23;1.15;1.85;0.91;1.55;PHARMA;PHARMA;16;5.23;1.15;0.91;1.85;0.17399617590822178;0.3537284894837476
Edwards Lifesciences (US);G7;2022;TECH;5.38;1.35;1.95;0.95;1.7;PHARMA;PHARMA;17;5.38;1.35;0.95;1.95;0.1765799256505576;0.362453531598513
Edwards Lifesciences (US);G7;2023;TECH;6.0;1.52;1.85;1.05;1.9;PHARMA;PHARMA;18;6.0;1.52;1.05;1.85;0.17500000000000002;0.30833333333333335
Edwards Lifesciences (US);G7;2024;TECH;6.52;1.85;2.15;1.22;2.05;PHARMA;PHARMA;19;6.52;1.85;1.22;2.15;0.18711656441717792;0.32975460122699385
Eisai (JP);G7;2005;PHARMA;3.2;1.13;0.17;0.89;0.88;PHARMA;PHARMA;0;3.2;1.13;0.89;0.17;0.278125;0.053125
Eisai (JP);G7;2006;PHARMA;3.4;1.17;0.19;0.91;0.89;PHARMA;PHARMA;1;3.4;1.17;0.91;0.19;0.2676470588235294;0.05588235294117647
Eisai (JP);G7;2007;PHARMA;3.6;1.2;0.2;0.93;0.92;PHARMA;PHARMA;2;3.6;1.2;0.93;0.2;0.25833333333333336;0.05555555555555556
Eisai (JP);G7;2008;PHARMA;3.91;1.24;0.21;0.94;0.96;PHARMA;PHARMA;3;3.91;1.24;0.94;0.21;0.2404092071611253;0.053708439897698204
Eisai (JP);G7;2009;PHARMA;3.83;1.31;0.22;0.96;1.0;PHARMA;PHARMA;4;3.83;1.31;0.96;0.22;0.2506527415143603;0.057441253263707574
Eisai (JP);G7;2010;PHARMA;4.5;1.4;0.62;1.0;1.03;PHARMA;PHARMA;5;4.5;1.4;1.0;0.62;0.2222222222222222;0.13777777777777778
Eisai (JP);G7;2011;PHARMA;4.17;1.43;0.5;1.02;1.07;PHARMA;PHARMA;6;4.17;1.43;1.02;0.5;0.2446043165467626;0.11990407673860912
Eisai (JP);G7;2012;PHARMA;4.35;1.5;0.52;1.04;1.12;PHARMA;PHARMA;7;4.35;1.5;1.04;0.52;0.23908045977011497;0.11954022988505748
Eisai (JP);G7;2013;PHARMA;4.55;1.57;0.52;1.05;1.14;PHARMA;PHARMA;8;4.55;1.57;1.05;0.52;0.23076923076923078;0.1142857142857143
Eisai (JP);G7;2014;PHARMA;4.85;1.64;0.58;1.08;1.17;PHARMA;PHARMA;9;4.85;1.64;1.08;0.58;0.22268041237113406;0.11958762886597939
Eisai (JP);G7;2015;INDUS;4.85;0.85;0.45;1.15;1.05;PHARMA;PHARMA;10;4.85;0.85;1.15;0.45;0.23711340206185566;0.09278350515463918
Eisai (JP);G7;2016;INDUS;5.12;0.82;0.52;1.25;1.02;PHARMA;PHARMA;11;5.12;0.82;1.25;0.52;0.244140625;0.1015625
Eisai (JP);G7;2017;INDUS;5.45;0.88;0.65;1.35;1.08;PHARMA;PHARMA;12;5.45;0.88;1.35;0.65;0.24770642201834864;0.11926605504587157
Eisai (JP);G7;2018;INDUS;5.82;0.92;0.78;1.42;1.12;PHARMA;PHARMA;13;5.82;0.92;1.42;0.78;0.2439862542955326;0.13402061855670103
Eisai (JP);G7;2019;INDUS;6.15;0.95;0.85;1.52;1.15;PHARMA;PHARMA;14;6.15;0.95;1.52;0.85;0.24715447154471543;0.1382113821138211
Eisai (JP);G7;2020;INDUS;5.85;0.98;0.52;1.58;1.12;PHARMA;PHARMA;15;5.85;0.98;1.58;0.52;0.2700854700854701;0.08888888888888889
Eisai (JP);G7;2021;INDUS;6.42;1.05;0.75;1.65;1.1;PHARMA;PHARMA;16;6.42;1.05;1.65;0.75;0.2570093457943925;0.11682242990654206
Eisai (JP);G7;2022;INDUS;6.85;1.12;0.82;1.72;1.05;PHARMA;PHARMA;17;6.85;1.12;1.72;0.82;0.2510948905109489;0.11970802919708029
Eisai (JP);G7;2023;INDUS;6.25;1.08;0.45;1.65;1.02;PHARMA;PHARMA;18;6.25;1.08;1.65;0.45;0.264;0.07200000000000001
Eisai (JP);G7;2024;INDUS;6.55;1.15;0.72;1.85;1.08;PHARMA;PHARMA;19;6.55;1.15;1.85;0.72;0.2824427480916031;0.1099236641221374
Electrolux (EU);G7;2005;INDUS;13.11176;1.84112;0.1119599999999999;0.4353999999999999;5.09;INDUS;INDUS;0;13.11176;1.84112;0.4353999999999999;0.1119599999999999;0.03320683111954458;0.008538899430740031
Electrolux (EU);G7;2006;INDUS;13.08752;1.90912;0.11304;0.45216;5.1;INDUS;INDUS;1;13.08752;1.90912;0.45216;0.11304;0.0345489443378119;0.008637236084452975
Electrolux (EU);G7;2007;INDUS;14.14872;2.13876;0.12339;0.49356;5.12;INDUS;INDUS;2;14.14872;2.13876;0.49356;0.12339;0.03488372093023256;0.00872093023255814
Electrolux (EU);G7;2008;INDUS;15.666150000000002;2.33889;0.1471;0.54427;5.23;INDUS;INDUS;3;15.666150000000002;2.33889;0.54427;0.1471;0.03474178403755868;0.009389671361502348
Electrolux (EU);G7;2009;INDUS;14.553359999999998;2.27222;0.15334;0.52972;5.28;INDUS;INDUS;4;14.553359999999998;2.27222;0.52972;0.15334;0.03639846743295019;0.010536398467432952
Electrolux (EU);G7;2010;INDUS;19.26678;2.24094;0.4508400000000001;0.50388;5.31;INDUS;INDUS;5;19.26678;2.24094;0.50388;0.4508400000000001;0.026152787336545077;0.023399862353750862
Electrolux (EU);G7;2011;INDUS;18.7224;2.33856;0.37584;0.54288;5.33;INDUS;INDUS;6;18.7224;2.33856;0.54288;0.37584;0.028996282527881043;0.020074349442379184
Electrolux (EU);G7;2012;INDUS;17.59248;2.22478;0.36008;0.50154;5.46;INDUS;INDUS;7;17.59248;2.22478;0.50154;0.36008;0.028508771929824563;0.020467836257309944
Electrolux (EU);G7;2013;INDUS;18.96384;2.35056;0.3984;0.51792;5.56;INDUS;INDUS;8;18.96384;2.35056;0.51792;0.3984;0.0273109243697479;0.021008403361344536
Electrolux (EU);G7;2014;INDUS;19.42998;2.35233;0.3987;0.51831;5.65;INDUS;INDUS;9;19.42998;2.35233;0.51831;0.3987;0.026675786593707253;0.02051983584131327
Electrolux (EU);G7;2015;INDUS;16.095000000000002;1.998;0.333;0.444;5.8;INDUS;INDUS;10;16.095000000000002;1.998;0.444;0.333;0.02758620689655172;0.020689655172413793
Electrolux (EU);G7;2016;INDUS;15.719399999999998;1.9926;0.6642;0.4428;5.5;INDUS;INDUS;11;15.719399999999998;1.9926;0.4428;0.6642;0.028169014084507046;0.04225352112676057
Electrolux (EU);G7;2017;INDUS;16.272;2.147;0.904;0.4519999999999999;5.6;INDUS;INDUS;12;16.272;2.147;0.4519999999999999;0.904;0.027777777777777773;0.05555555555555556
Electrolux (EU);G7;2018;INDUS;17.1245;2.362;0.7086;0.4724;5.4;INDUS;INDUS;13;17.1245;2.362;0.4724;0.7086;0.02758620689655172;0.041379310344827586
Electrolux (EU);G7;2019;INDUS;15.5541;2.4618;0.4476;0.4476;4.9;INDUS;INDUS;14;15.5541;2.4618;0.4476;0.4476;0.02877697841726619;0.02877697841726619
Electrolux (EU);G7;2020;INDUS;15.531199999999998;2.7408;0.7993999999999999;0.4568;4.8;INDUS;INDUS;15;15.531199999999998;2.7408;0.4568;0.7993999999999999;0.029411764705882356;0.051470588235294115
Electrolux (EU);G7;2021;INDUS;17.2718;2.9575;0.9464;0.5915;5.2;INDUS;INDUS;16;17.2718;2.9575;0.5915;0.9464;0.03424657534246576;0.05479452054794521
Electrolux (EU);G7;2022;INDUS;14.2155;2.7378;-0.1053;0.5265;5.1;INDUS;INDUS;17;14.2155;2.7378;0.5265;-0.1053;0.037037037037037035;-0.007407407407407408
Electrolux (EU);G7;2023;INDUS;13.849600000000002;2.9214;-0.4328000000000001;0.541;4.5;INDUS;INDUS;18;13.849600000000002;2.9214;0.541;-0.4328000000000001;0.03906249999999999;-0.03125
Electrolux (EU);G7;2024;INDUS;14.2824;3.0296;0.2164;0.541;4.3;INDUS;INDUS;19;14.2824;3.0296;0.541;0.2164;0.03787878787878788;0.015151515151515152
Eli Lilly (US);G7;2005;PHARMA;14.59;6.24;2.12;3.73;3.07;PHARMA;PHARMA;0;14.59;6.24;3.73;2.12;0.2556545579163811;0.1453050034270048
Eli Lilly (US);G7;2006;PHARMA;15.0;6.53;2.09;3.82;3.14;PHARMA;PHARMA;1;15.0;6.53;3.82;2.09;0.25466666666666665;0.13933333333333334
Eli Lilly (US);G7;2007;PHARMA;15.69;6.64;2.21;3.96;3.28;PHARMA;PHARMA;2;15.69;6.64;3.96;2.21;0.25239005736137665;0.1408540471637986
Eli Lilly (US);G7;2008;PHARMA;16.25;6.84;2.31;4.11;3.38;PHARMA;PHARMA;3;16.25;6.84;4.11;2.31;0.2529230769230769;0.14215384615384616
Eli Lilly (US);G7;2009;PHARMA;15.93;7.1;2.43;4.18;3.44;PHARMA;PHARMA;4;15.93;7.1;4.18;2.43;0.2623979912115505;0.15254237288135594
Eli Lilly (US);G7;2010;PHARMA;18.42;7.34;4.07;4.3;3.49;PHARMA;PHARMA;5;18.42;7.34;4.3;4.07;0.2334419109663409;0.22095548317046687
Eli Lilly (US);G7;2011;PHARMA;17.06;7.51;3.26;4.36;3.61;PHARMA;PHARMA;6;17.06;7.51;4.36;3.26;0.25556858147713957;0.1910902696365768
Eli Lilly (US);G7;2012;PHARMA;17.58;7.73;3.36;4.43;3.73;PHARMA;PHARMA;7;17.58;7.73;4.43;3.36;0.25199089874857794;0.19112627986348124
Eli Lilly (US);G7;2013;PHARMA;17.98;8.04;3.37;4.5;3.87;PHARMA;PHARMA;8;17.98;8.04;4.5;3.37;0.25027808676307006;0.18743047830923248
Eli Lilly (US);G7;2014;PHARMA;19.34;8.28;3.54;4.67;4.01;PHARMA;PHARMA;9;19.34;8.28;4.67;3.54;0.24146845915201653;0.18304033092037228
Eli Lilly (US);G7;2015;PHARMA;20.0;8.5;3.8;4.8;4.1;PHARMA;PHARMA;10;20.0;8.5;4.8;3.8;0.24;0.19
Eli Lilly (US);G7;2016;PHARMA;21.2;8.8;4.1;5.0;4.2;PHARMA;PHARMA;11;21.2;8.8;5.0;4.1;0.2358490566037736;0.19339622641509432
Eli Lilly (US);G7;2017;PHARMA;22.8;9.2;4.5;5.2;4.3;PHARMA;PHARMA;12;22.8;9.2;5.2;4.5;0.22807017543859648;0.19736842105263158
Eli Lilly (US);G7;2018;PHARMA;24.5;9.8;5.2;5.5;4.4;PHARMA;PHARMA;13;24.5;9.8;5.5;5.2;0.22448979591836735;0.2122448979591837
Eli Lilly (US);G7;2019;PHARMA;22.3;9.4;4.8;5.6;4.2;PHARMA;PHARMA;14;22.3;9.4;5.6;4.8;0.25112107623318386;0.21524663677130043
Eli Lilly (US);G7;2020;PHARMA;24.5;10.1;5.5;6.1;4.1;PHARMA;PHARMA;15;24.5;10.1;6.1;5.5;0.24897959183673468;0.22448979591836735
Eli Lilly (US);G7;2021;PHARMA;28.3;11.2;6.8;7.0;4.3;PHARMA;PHARMA;16;28.3;11.2;7.0;6.8;0.24734982332155475;0.24028268551236748
Eli Lilly (US);G7;2022;PHARMA;28.5;11.8;7.2;7.2;4.4;PHARMA;PHARMA;17;28.5;11.8;7.2;7.2;0.25263157894736843;0.25263157894736843
Eli Lilly (US);G7;2023;PHARMA;34.1;12.2;8.1;9.3;4.3;PHARMA;PHARMA;18;34.1;12.2;9.3;8.1;0.27272727272727276;0.23753665689149558
Eli Lilly (US);G7;2024;PHARMA;34.1;12.4;8.2;9.1;4.3;PHARMA;PHARMA;19;34.1;12.4;9.1;8.2;0.2668621700879765;0.24046920821114368
Emerson Electric (US);G7;2005;INDUS;12.31;4.94;1.26;0.42;88.14;INDUS;INDUS;0;12.31;4.94;0.42;1.26;0.03411860276198213;0.10235580828594638
Emerson Electric (US);G7;2006;INDUS;12.8;5.09;1.26;0.43;89.67;INDUS;INDUS;1;12.8;5.09;0.43;1.26;0.03359375;0.0984375
Emerson Electric (US);G7;2007;INDUS;13.31;5.22;1.26;0.44;92.19;INDUS;INDUS;2;13.31;5.22;0.44;1.26;0.03305785123966942;0.09466566491359879
Emerson Electric (US);G7;2008;INDUS;13.83;5.46;1.35;0.45;96.35;INDUS;INDUS;3;13.83;5.46;0.45;1.35;0.03253796095444685;0.09761388286334056
Emerson Electric (US);G7;2009;INDUS;13.56;5.66;1.42;0.46;100.13;INDUS;INDUS;4;13.56;5.66;0.46;1.42;0.03392330383480826;0.1047197640117994
Emerson Electric (US);G7;2010;INDUS;19.31;5.76;3.14;0.46;102.72;INDUS;INDUS;5;19.31;5.76;0.46;3.14;0.02382185396167789;0.16261004660797515
Emerson Electric (US);G7;2011;INDUS;17.88;5.84;2.51;0.47;105.88;INDUS;INDUS;6;17.88;5.84;0.47;2.51;0.026286353467561523;0.14038031319910513
Emerson Electric (US);G7;2012;INDUS;18.95;5.88;2.7;0.48;108.84;INDUS;INDUS;7;18.95;5.88;0.48;2.7;0.025329815303430078;0.1424802110817942
Emerson Electric (US);G7;2013;INDUS;19.83;6.01;2.82;0.5;111.21;INDUS;INDUS;8;19.83;6.01;0.5;2.82;0.02521432173474534;0.1422087745839637
Emerson Electric (US);G7;2014;INDUS;21.04;6.2;2.95;0.5;113.99;INDUS;INDUS;9;21.04;6.2;0.5;2.95;0.023764258555133082;0.1402091254752852
Emerson Electric (US);G7;2015;INDUS;22.31;3.52;3.85;0.75;11.5;INDUS;INDUS;10;22.31;3.52;0.75;3.85;0.033617212012550426;0.17256835499775885
Emerson Electric (US);G7;2016;INDUS;20.21;3.35;3.42;0.72;10.3;INDUS;INDUS;11;20.21;3.35;0.72;3.42;0.035625927758535375;0.16922315685304304
Emerson Electric (US);G7;2017;INDUS;15.26;2.85;2.52;0.52;7.6;INDUS;INDUS;12;15.26;2.85;0.52;2.52;0.03407601572739188;0.1651376146788991
Emerson Electric (US);G7;2018;INDUS;17.41;3.12;3.15;0.58;8.7;INDUS;INDUS;13;17.41;3.12;0.58;3.15;0.03331418724870764;0.18093049971280872
Emerson Electric (US);G7;2019;INDUS;18.37;3.42;3.25;0.62;8.8;INDUS;INDUS;14;18.37;3.42;0.62;3.25;0.033750680457267285;0.1769188894937398
Emerson Electric (US);G7;2020;INDUS;16.78;3.35;2.85;0.58;8.4;INDUS;INDUS;15;16.78;3.35;0.58;2.85;0.03456495828367103;0.1698450536352801
Emerson Electric (US);G7;2021;INDUS;18.23;3.65;3.45;0.62;8.6;INDUS;INDUS;16;18.23;3.65;0.62;3.45;0.034009873834339004;0.18924849149753153
Emerson Electric (US);G7;2022;INDUS;19.62;3.85;3.65;0.65;8.5;INDUS;INDUS;17;19.62;3.85;0.65;3.65;0.03312945973496432;0.1860346585117227
Emerson Electric (US);G7;2023;INDUS;15.16;2.45;2.75;0.55;6.7;INDUS;INDUS;18;15.16;2.45;0.55;2.75;0.03627968337730871;0.18139841688654354
Emerson Electric (US);G7;2024;INDUS;16.45;2.75;3.12;0.62;7.2;INDUS;INDUS;19;16.45;2.75;0.62;3.12;0.037689969604863226;0.18966565349544073
Empyrean Software;CN;2020;TECH;0.58;0.12;0.05;0.13;;TECH;TECH;15;0.58;0.12;0.13;0.05;0.2241379310344828;0.08620689655172414
Empyrean Software;CN;2024;TECH;2.54;0.51;0.2;0.56;;TECH;TECH;19;2.54;0.51;0.56;0.2;0.22047244094488191;0.07874015748031496
Enphase Energy (US);G7;2005;TECH;0.17;0.05;-0.02;0.05;0.2;TECH;INDUS;0;0.17;0.05;0.05;-0.02;0.29411764705882354;-0.11764705882352941
Enphase Energy (US);G7;2006;TECH;0.19;0.05;-0.02;0.05;0.22;TECH;INDUS;1;0.19;0.05;0.05;-0.02;0.2631578947368421;-0.10526315789473684
Enphase Energy (US);G7;2007;TECH;0.21;0.05;-0.02;0.05;0.23;TECH;INDUS;2;0.21;0.05;0.05;-0.02;0.2380952380952381;-0.09523809523809525
Enphase Energy (US);G7;2008;TECH;0.23;0.05;-0.02;0.05;0.24;TECH;INDUS;3;0.23;0.05;0.05;-0.02;0.21739130434782608;-0.08695652173913043
Enphase Energy (US);G7;2009;TECH;0.23;0.05;-0.02;0.05;0.26;TECH;INDUS;4;0.23;0.05;0.05;-0.02;0.21739130434782608;-0.08695652173913043
Enphase Energy (US);G7;2010;TECH;0.24;0.05;-0.03;0.05;0.28;TECH;INDUS;5;0.24;0.05;0.05;-0.03;0.20833333333333334;-0.125
Enphase Energy (US);G7;2011;TECH;0.22;0.06;-0.02;0.05;0.3;TECH;INDUS;6;0.22;0.06;0.05;-0.02;0.2272727272727273;-0.09090909090909091
Enphase Energy (US);G7;2012;TECH;0.25;0.07;-0.02;0.05;0.32;TECH;INDUS;7;0.25;0.07;0.05;-0.02;0.2;-0.08
Enphase Energy (US);G7;2013;TECH;0.28;0.07;-0.02;0.05;0.34;TECH;INDUS;8;0.28;0.07;0.05;-0.02;0.17857142857142858;-0.07142857142857142
Enphase Energy (US);G7;2014;TECH;0.32;0.07;-0.02;0.05;0.37;TECH;INDUS;9;0.32;0.07;0.05;-0.02;0.15625;-0.0625
Enphase Energy (US);G7;2015;INDUS;0.35;0.03;0.02;0.04;0.05;INDUS;INDUS;10;0.35;0.03;0.04;0.02;0.1142857142857143;0.05714285714285715
Enphase Energy (US);G7;2016;INDUS;0.32;0.03;-0.01;0.04;0.06;INDUS;INDUS;11;0.32;0.03;0.04;-0.01;0.125;-0.03125
Enphase Energy (US);G7;2017;INDUS;0.29;0.02;-0.03;0.04;0.05;INDUS;INDUS;12;0.29;0.02;0.04;-0.03;0.13793103448275865;-0.10344827586206896
Enphase Energy (US);G7;2018;INDUS;0.32;0.02;0.01;0.05;0.06;INDUS;INDUS;13;0.32;0.02;0.05;0.01;0.15625;0.03125
Enphase Energy (US);G7;2019;INDUS;0.62;0.03;0.1;0.06;0.08;INDUS;INDUS;14;0.62;0.03;0.06;0.1;0.0967741935483871;0.16129032258064518
Enphase Energy (US);G7;2020;INDUS;0.77;0.04;0.15;0.07;0.1;INDUS;INDUS;15;0.77;0.04;0.07;0.15;0.09090909090909091;0.1948051948051948
Enphase Energy (US);G7;2021;INDUS;1.38;0.08;0.35;0.12;0.15;INDUS;INDUS;16;1.38;0.08;0.12;0.35;0.08695652173913043;0.2536231884057971
Enphase Energy (US);G7;2022;INDUS;2.33;0.15;0.65;0.18;0.2;INDUS;INDUS;17;2.33;0.15;0.18;0.65;0.07725321888412016;0.27896995708154504
Enphase Energy (US);G7;2023;INDUS;2.29;0.18;0.58;0.22;0.25;INDUS;INDUS;18;2.29;0.18;0.22;0.58;0.09606986899563319;0.25327510917030566
Enphase Energy (US);G7;2024;INDUS;2.15;0.22;0.45;0.25;0.23;INDUS;INDUS;19;2.15;0.22;0.25;0.45;0.11627906976744186;0.20930232558139536
Epiroc (EU);G7;2005;INDUS;3.06024;1.1818;0.2612399999999999;0.17416;9.93;INDUS;INDUS;0;3.06024;1.1818;0.17416;0.2612399999999999;0.05691056910569106;0.08536585365853656
Epiroc (EU);G7;2006;INDUS;3.15256;1.1932;0.26376;0.17584;10.3;INDUS;INDUS;1;3.15256;1.1932;0.17584;0.26376;0.055776892430278883;0.08366533864541834
Epiroc (EU);G7;2007;INDUS;3.64686;1.34358;0.31533;0.19194;10.55;INDUS;INDUS;2;3.64686;1.34358;0.19194;0.31533;0.05263157894736842;0.08646616541353383
Epiroc (EU);G7;2008;INDUS;3.88344;1.471;0.32362;0.20594;10.79;INDUS;INDUS;3;3.88344;1.471;0.20594;0.32362;0.05303030303030304;0.08333333333333334
Epiroc (EU);G7;2009;INDUS;3.6104599999999993;1.43582;0.32062;0.19516;11.12;INDUS;INDUS;4;3.6104599999999993;1.43582;0.19516;0.32062;0.054054054054054064;0.08880308880308882
Epiroc (EU);G7;2010;INDUS;4.89294;1.3923;0.87516;0.18564;11.34;INDUS;INDUS;5;4.89294;1.3923;0.18564;0.87516;0.037940379403794036;0.17886178861788618
Epiroc (EU);G7;2011;INDUS;4.76064;1.50336;0.73776;0.19488;11.6;INDUS;INDUS;6;4.76064;1.50336;0.19488;0.73776;0.04093567251461988;0.15497076023391812
Epiroc (EU);G7;2012;INDUS;4.35954;1.4274600000000002;0.6815800000000001;0.18004;11.82;INDUS;INDUS;7;4.35954;1.4274600000000002;0.18004;0.6815800000000001;0.04129793510324484;0.15634218289085547
Epiroc (EU);G7;2013;INDUS;4.66128;1.51392;0.7304;0.18592;12.41;INDUS;INDUS;8;4.66128;1.51392;0.18592;0.7304;0.03988603988603989;0.1566951566951567
Epiroc (EU);G7;2014;INDUS;4.824269999999999;1.54164;0.77082;0.18606;12.79;INDUS;INDUS;9;4.824269999999999;1.54164;0.18606;0.77082;0.038567493112947666;0.15977961432506887
Epiroc (EU);G7;2015;INDUS;3.4410000000000003;0.333;0.6882;0.111;1.2;INDUS;INDUS;10;3.4410000000000003;0.333;0.111;0.6882;0.03225806451612903;0.19999999999999998
Epiroc (EU);G7;2016;INDUS;3.4317;0.3321;0.69741;0.1107;1.22;INDUS;INDUS;11;3.4317;0.3321;0.1107;0.69741;0.03225806451612903;0.2032258064516129
Epiroc (EU);G7;2017;INDUS;3.842;0.3729;0.8022999999999999;0.1243;1.28;INDUS;INDUS;12;3.842;0.3729;0.1243;0.8022999999999999;0.032352941176470584;0.20882352941176469
Epiroc (EU);G7;2018;INDUS;4.4878;0.43697;0.98023;0.15353;1.35;INDUS;INDUS;13;4.4878;0.43697;0.15353;0.98023;0.034210526315789476;0.21842105263157896
Epiroc (EU);G7;2019;INDUS;4.3641;0.42522;0.99591;0.15666;1.42;INDUS;INDUS;14;4.3641;0.42522;0.15666;0.99591;0.0358974358974359;0.22820512820512823
Epiroc (EU);G7;2020;INDUS;4.568;0.44538;1.0278;0.15988;1.45;INDUS;INDUS;15;4.568;0.44538;0.15988;1.0278;0.035;0.22500000000000003
Epiroc (EU);G7;2021;INDUS;5.3235;0.52052;1.3013;0.18928;1.55;INDUS;INDUS;16;5.3235;0.52052;0.18928;1.3013;0.035555555555555556;0.2444444444444444
Epiroc (EU);G7;2022;INDUS;4.843799999999999;0.4633199999999999;1.1583;0.17901;1.65;INDUS;INDUS;17;4.843799999999999;0.4633199999999999;0.17901;1.1583;0.036956521739130443;0.23913043478260876
Epiroc (EU);G7;2023;INDUS;5.1936;0.47608;1.1902;0.19476;1.75;INDUS;INDUS;18;5.1936;0.47608;0.19476;1.1902;0.0375;0.22916666666666666
Epiroc (EU);G7;2024;INDUS;5.5182;0.4869;1.2984;0.19476;1.85;INDUS;INDUS;19;5.5182;0.4869;0.19476;1.2984;0.03529411764705882;0.23529411764705882
Ericsson (EU);G7;2005;INDUS;3.1959000000000004;0.13802;0.21574;0.48508;10.5;INDUS;INDUS;0;3.1959000000000004;0.13802;0.48508;0.21574;0.15178197064989515;0.06750524109014674
Ericsson (EU);G7;2006;INDUS;3.32505;0.1404;0.2268;0.4887;10.73;INDUS;INDUS;1;3.32505;0.1404;0.4887;0.2268;0.14697523345513602;0.0682095006090134
Ericsson (EU);G7;2007;INDUS;3.7148;0.15836;0.2516;0.5416799999999999;11.04;INDUS;INDUS;2;3.7148;0.15836;0.5416799999999999;0.2516;0.14581673306772908;0.06772908366533864
Ericsson (EU);G7;2008;INDUS;3.89576;0.16568;0.27816;0.57456;11.23;INDUS;INDUS;3;3.89576;0.16568;0.57456;0.27816;0.14748341786968394;0.07140070230198986
Ericsson (EU);G7;2009;INDUS;3.31716;0.1452;0.25476;0.5002800000000001;11.17;INDUS;INDUS;4;3.31716;0.1452;0.5002800000000001;0.25476;0.1508157580580979;0.07680063668921608
Ericsson (EU);G7;2010;INDUS;4.26452;0.15707;0.5726800000000001;0.53793;11.25;INDUS;INDUS;5;4.26452;0.15707;0.53793;0.5726800000000001;0.12614080834419816;0.13428943937418517
Ericsson (EU);G7;2011;INDUS;4.37514;0.17556;0.5082;0.59136;11.38;INDUS;INDUS;6;4.37514;0.17556;0.59136;0.5082;0.1351636747624076;0.11615628299894402
Ericsson (EU);G7;2012;INDUS;4.1588;0.1731599999999999;0.47064;0.5712799999999999;11.39;INDUS;INDUS;7;4.1588;0.1731599999999999;0.5712799999999999;0.47064;0.1373665480427046;0.11316725978647686
Ericsson (EU);G7;2013;INDUS;4.40793;0.1790099999999999;0.4896;0.59823;11.53;INDUS;INDUS;8;4.40793;0.1790099999999999;0.59823;0.4896;0.13571676501214855;0.11107254425546684
Ericsson (EU);G7;2014;INDUS;4.09092;0.1752;0.47012;0.5912999999999999;11.67;INDUS;INDUS;9;4.09092;0.1752;0.5912999999999999;0.47012;0.14453961456102785;0.11491791577444684
Ericsson (EU);G7;2015;INDUS;3.3511999999999995;0.1415999999999999;0.3776;0.4837999999999999;11.6;INDUS;INDUS;10;3.3511999999999995;0.1415999999999999;0.4837999999999999;0.3776;0.1443661971830986;0.11267605633802819
Ericsson (EU);G7;2016;INDUS;3.0186;0.1287;0.0819;0.4446;11.1;INDUS;INDUS;11;3.0186;0.1287;0.4446;0.0819;0.14728682170542634;0.027131782945736434
Ericsson (EU);G7;2017;INDUS;2.8314;0.117;-0.4563;0.4914;10.1;INDUS;INDUS;12;2.8314;0.117;0.4914;-0.4563;0.17355371900826447;-0.16115702479338842
Ericsson (EU);G7;2018;INDUS;2.7715;0.115;0.0115;0.5060000000000001;9.5;INDUS;INDUS;13;2.7715;0.115;0.5060000000000001;0.0115;0.18257261410788386;0.004149377593360996
Ericsson (EU);G7;2019;INDUS;2.7454;0.1166;0.1271999999999999;0.477;9.9;INDUS;INDUS;14;2.7454;0.1166;0.477;0.1271999999999999;0.17374517374517373;0.046332046332046295
Ericsson (EU);G7;2020;INDUS;2.9648;0.1417;0.3488;0.5123;10.1;INDUS;INDUS;15;2.9648;0.1417;0.5123;0.3488;0.17279411764705882;0.11764705882352941
Ericsson (EU);G7;2021;INDUS;3.2175;0.1755;0.4446;0.5733;10.1;INDUS;INDUS;16;3.2175;0.1755;0.5733;0.4446;0.1781818181818182;0.13818181818181818
Ericsson (EU);G7;2022;INDUS;2.499;0.1764;0.245;0.441;10.5;INDUS;INDUS;17;2.499;0.1764;0.441;0.245;0.1764705882352941;0.09803921568627451
Ericsson (EU);G7;2023;INDUS;2.261;0.1995;-0.171;0.4085;10.0;INDUS;INDUS;18;2.261;0.1995;0.4085;-0.171;0.180672268907563;-0.07563025210084033
Ericsson (EU);G7;2024;INDUS;2.2895000000000003;0.209;0.1045;0.4275;9.8;INDUS;INDUS;19;2.2895000000000003;0.209;0.4275;0.1045;0.1867219917012448;0.045643153526970945
Estee Lauder (US);G7;2005;INDUS;7.33;1.14;0.57;0.16;3.47;INDUS;INDUS;0;7.33;1.14;0.16;0.57;0.021828103683492497;0.07776261937244201
Estee Lauder (US);G7;2006;INDUS;7.78;1.18;0.64;0.16;3.55;INDUS;INDUS;1;7.78;1.18;0.16;0.64;0.02056555269922879;0.08226221079691516
Estee Lauder (US);G7;2007;INDUS;8.21;1.22;0.65;0.16;3.7;INDUS;INDUS;2;8.21;1.22;0.16;0.65;0.0194884287454324;0.07917174177831912
Estee Lauder (US);G7;2008;INDUS;8.33;1.27;0.66;0.16;3.82;INDUS;INDUS;3;8.33;1.27;0.16;0.66;0.01920768307322929;0.07923169267707084
Estee Lauder (US);G7;2009;INDUS;8.17;1.3;0.7;0.17;3.91;INDUS;INDUS;4;8.17;1.3;0.17;0.7;0.020807833537331705;0.08567931456548347
Estee Lauder (US);G7;2010;INDUS;10.27;1.33;1.84;0.17;3.97;INDUS;INDUS;5;10.27;1.33;0.17;1.84;0.01655306718597858;0.17916260954235638
Estee Lauder (US);G7;2011;INDUS;9.51;1.35;1.47;0.17;4.0;INDUS;INDUS;6;9.51;1.35;0.17;1.47;0.01787592008412198;0.15457413249211358
Estee Lauder (US);G7;2012;INDUS;9.95;1.41;1.48;0.17;4.1;INDUS;INDUS;7;9.95;1.41;0.17;1.48;0.017085427135678396;0.14874371859296484
Estee Lauder (US);G7;2013;INDUS;10.46;1.45;1.6;0.17;4.21;INDUS;INDUS;8;10.46;1.45;0.17;1.6;0.016252390057361378;0.15296367112810708
Estee Lauder (US);G7;2014;INDUS;10.47;1.49;1.63;0.17;4.33;INDUS;INDUS;9;10.47;1.49;0.17;1.63;0.01623686723973257;0.15568290353390637
Estee Lauder (US);G7;2015;INDUS;10.78;1.52;1.65;0.18;4.4;INDUS;INDUS;10;10.78;1.52;0.18;1.65;0.016697588126159554;0.15306122448979592
Estee Lauder (US);G7;2016;INDUS;11.26;1.65;1.75;0.21;4.6;INDUS;INDUS;11;11.26;1.65;0.21;1.75;0.018650088809946713;0.15541740674955595
Estee Lauder (US);G7;2017;INDUS;11.82;1.85;1.85;0.22;4.6;INDUS;INDUS;12;11.82;1.85;0.22;1.85;0.018612521150592216;0.1565143824027073
Estee Lauder (US);G7;2018;INDUS;13.68;2.15;2.15;0.25;4.8;INDUS;INDUS;13;13.68;2.15;0.25;2.15;0.01827485380116959;0.15716374269005848
Estee Lauder (US);G7;2019;INDUS;14.86;2.35;2.45;0.28;4.8;INDUS;INDUS;14;14.86;2.35;0.28;2.45;0.018842530282637958;0.16487213997308212
Estee Lauder (US);G7;2020;INDUS;14.29;2.55;1.15;0.25;4.8;INDUS;INDUS;15;14.29;2.55;0.25;1.15;0.017494751574527644;0.08047585724282715
Estee Lauder (US);G7;2021;INDUS;16.22;2.85;2.85;0.32;6.2;INDUS;INDUS;16;16.22;2.85;0.32;2.85;0.01972872996300863;0.17570900123304564
Estee Lauder (US);G7;2022;INDUS;17.74;3.15;3.15;0.35;6.0;INDUS;INDUS;17;17.74;3.15;0.35;3.15;0.019729425028184894;0.17756482525366404
Estee Lauder (US);G7;2023;INDUS;15.91;2.85;1.85;0.32;6.2;INDUS;INDUS;18;15.91;2.85;0.32;1.85;0.02011313639220616;0.11627906976744186
Estee Lauder (US);G7;2024;INDUS;16.45;3.15;2.15;0.35;6.4;INDUS;INDUS;19;16.45;3.15;0.35;2.15;0.02127659574468085;0.13069908814589665
Fanuc (JP);G7;2005;INDUS;4.22;1.52;0.76;0.27;0.51;INDUS;INDUS;0;4.22;1.52;0.27;0.76;0.06398104265402844;0.18009478672985782
Fanuc (JP);G7;2006;INDUS;4.47;1.55;0.83;0.27;0.52;INDUS;INDUS;1;4.47;1.55;0.27;0.83;0.0604026845637584;0.18568232662192394
Fanuc (JP);G7;2007;INDUS;4.51;1.57;0.86;0.27;0.53;INDUS;INDUS;2;4.51;1.57;0.27;0.86;0.059866962305986704;0.19068736141906875
Fanuc (JP);G7;2008;INDUS;4.62;1.58;0.89;0.27;0.53;INDUS;INDUS;3;4.62;1.58;0.27;0.89;0.05844155844155845;0.19264069264069264
Fanuc (JP);G7;2009;INDUS;4.53;1.62;0.94;0.28;0.54;INDUS;INDUS;4;4.53;1.62;0.28;0.94;0.06181015452538632;0.2075055187637969
Fanuc (JP);G7;2010;INDUS;6.18;1.64;2.75;0.29;0.55;INDUS;INDUS;5;6.18;1.64;0.29;2.75;0.04692556634304207;0.4449838187702266
Fanuc (JP);G7;2011;INDUS;5.72;1.68;2.2;0.3;0.55;INDUS;INDUS;6;5.72;1.68;0.3;2.2;0.05244755244755245;0.38461538461538464
Fanuc (JP);G7;2012;INDUS;5.82;1.71;2.27;0.3;0.56;INDUS;INDUS;7;5.82;1.71;0.3;2.27;0.05154639175257732;0.3900343642611684
Fanuc (JP);G7;2013;INDUS;5.93;1.72;2.36;0.3;0.58;INDUS;INDUS;8;5.93;1.72;0.3;2.36;0.050590219224283306;0.3979763912310287
Fanuc (JP);G7;2014;INDUS;5.96;1.74;2.45;0.3;0.59;INDUS;INDUS;9;5.96;1.74;0.3;2.45;0.050335570469798654;0.41107382550335575
Fanuc (JP);G7;2015;INDUS;6.1;1.8;2.5;0.3;0.6;INDUS;INDUS;10;6.1;1.8;0.3;2.5;0.04918032786885246;0.4098360655737705
Fanuc (JP);G7;2016;INDUS;5.3;1.9;1.5;0.3;0.6;INDUS;INDUS;11;5.3;1.9;0.3;1.5;0.05660377358490566;0.2830188679245283
Fanuc (JP);G7;2017;INDUS;6.4;2.1;2.0;0.4;0.7;INDUS;INDUS;12;6.4;2.1;0.4;2.0;0.0625;0.3125
Fanuc (JP);G7;2018;INDUS;6.5;2.4;2.1;0.4;0.7;INDUS;INDUS;13;6.5;2.4;0.4;2.1;0.06153846153846154;0.3230769230769231
Fanuc (JP);G7;2019;INDUS;5.4;2.8;1.4;0.4;0.8;INDUS;INDUS;14;5.4;2.8;0.4;1.4;0.07407407407407407;0.25925925925925924
Fanuc (JP);G7;2020;INDUS;4.8;3.0;1.0;0.4;0.8;INDUS;INDUS;15;4.8;3.0;0.4;1.0;0.08333333333333334;0.20833333333333334
Fanuc (JP);G7;2021;INDUS;6.3;3.2;1.7;0.5;0.8;INDUS;INDUS;16;6.3;3.2;0.5;1.7;0.07936507936507936;0.2698412698412698
Fanuc (JP);G7;2022;INDUS;6.8;3.4;1.8;0.5;0.9;INDUS;INDUS;17;6.8;3.4;0.5;1.8;0.07352941176470588;0.2647058823529412
Fanuc (JP);G7;2023;INDUS;6.5;3.5;1.3;0.6;0.9;INDUS;INDUS;18;6.5;3.5;0.6;1.3;0.0923076923076923;0.2
Fanuc (JP);G7;2024;INDUS;6.9;3.8;1.5;0.7;0.9;INDUS;INDUS;19;6.9;3.8;0.7;1.5;0.10144927536231883;0.21739130434782608
Fast Gear Ind;China;2005;INDUS;1.02;0.55;0.06;0.06;5.73;INDUS;INDUS;0;1.02;0.55;0.06;0.06;0.058823529411764705;0.058823529411764705
Fast Gear Ind;China;2006;INDUS;1.15;0.6;0.07;0.06;6.08;INDUS;INDUS;1;1.15;0.6;0.06;0.07;0.052173913043478265;0.060869565217391314
Fast Gear Ind;China;2007;INDUS;1.31;0.67;0.08;0.06;6.55;INDUS;INDUS;2;1.31;0.67;0.06;0.08;0.045801526717557245;0.061068702290076333
Fast Gear Ind;China;2008;INDUS;1.47;0.73;0.09;0.07;7.14;INDUS;INDUS;3;1.47;0.73;0.07;0.09;0.04761904761904762;0.061224489795918366
Fast Gear Ind;China;2009;INDUS;1.44;0.8;0.09;0.07;7.69;INDUS;INDUS;4;1.44;0.8;0.07;0.09;0.04861111111111112;0.0625
Fast Gear Ind;China;2010;INDUS;1.97;0.88;0.2;0.07;8.37;INDUS;INDUS;5;1.97;0.88;0.07;0.2;0.03553299492385787;0.10152284263959392
Fast Gear Ind;China;2011;INDUS;1.82;0.97;0.16;0.07;9.01;INDUS;INDUS;6;1.82;0.97;0.07;0.16;0.038461538461538464;0.0879120879120879
Fast Gear Ind;China;2012;INDUS;2.06;1.08;0.18;0.07;9.56;INDUS;INDUS;7;2.06;1.08;0.07;0.18;0.03398058252427185;0.08737864077669902
Fast Gear Ind;China;2013;INDUS;2.33;1.18;0.2;0.08;10.36;INDUS;INDUS;8;2.33;1.18;0.08;0.2;0.034334763948497854;0.08583690987124463
Fast Gear Ind;China;2014;INDUS;2.67;1.28;0.23;0.09;11.12;INDUS;INDUS;9;2.67;1.28;0.09;0.23;0.033707865168539325;0.08614232209737828
Fast Gear Ind;China;2015;INDUS;2.7;1.4;0.2;0.1;1.2;INDUS;INDUS;10;2.7;1.4;0.1;0.2;0.037037037037037035;0.07407407407407407
Fast Gear Ind;China;2016;INDUS;3.2;1.4;0.3;0.1;1.3;INDUS;INDUS;11;3.2;1.4;0.1;0.3;0.03125;0.09374999999999999
Fast Gear Ind;China;2017;INDUS;4.2;1.4;0.5;0.2;1.4;INDUS;INDUS;12;4.2;1.4;0.2;0.5;0.047619047619047616;0.11904761904761904
Fast Gear Ind;China;2018;INDUS;4.5;1.6;0.5;0.2;1.5;INDUS;INDUS;13;4.5;1.6;0.2;0.5;0.044444444444444446;0.1111111111111111
Fast Gear Ind;China;2019;INDUS;5.0;1.8;0.6;0.2;1.6;INDUS;INDUS;14;5.0;1.8;0.2;0.6;0.04;0.12
Fast Gear Ind;China;2020;INDUS;5.6;2.1;0.7;0.3;1.8;INDUS;INDUS;15;5.6;2.1;0.3;0.7;0.053571428571428575;0.125
Fast Gear Ind;China;2021;INDUS;5.3;2.3;0.4;0.2;1.7;INDUS;INDUS;16;5.3;2.3;0.2;0.4;0.03773584905660378;0.07547169811320756
Fast Gear Ind;China;2022;INDUS;4.9;2.7;0.2;0.2;1.6;INDUS;INDUS;17;4.9;2.7;0.2;0.2;0.04081632653061224;0.04081632653061224
Fast Gear Ind;China;2023;INDUS;5.8;3.1;0.4;0.3;1.8;INDUS;INDUS;18;5.8;3.1;0.3;0.4;0.05172413793103448;0.06896551724137931
Fast Gear Ind;China;2024;INDUS;6.7;3.6;0.5;0.4;1.8;INDUS;INDUS;19;6.7;3.6;0.4;0.5;0.05970149253731343;0.07462686567164178
Fawer Auto;China;2005;AUTO;0.81;0.41;0.03;0.06;3.94;INDUS;INDUS;0;0.81;0.41;0.06;0.03;0.07407407407407407;0.037037037037037035
Fawer Auto;China;2006;AUTO;0.94;0.46;0.03;0.06;4.26;INDUS;INDUS;1;0.94;0.46;0.06;0.03;0.06382978723404255;0.031914893617021274
Fawer Auto;China;2007;AUTO;1.07;0.52;0.03;0.06;4.64;INDUS;INDUS;2;1.07;0.52;0.06;0.03;0.05607476635514018;0.02803738317757009
Fawer Auto;China;2008;AUTO;1.21;0.56;0.03;0.06;5.03;INDUS;INDUS;3;1.21;0.56;0.06;0.03;0.049586776859504134;0.024793388429752067
Fawer Auto;China;2009;AUTO;1.19;0.63;0.03;0.06;5.42;INDUS;INDUS;4;1.19;0.63;0.06;0.03;0.05042016806722689;0.025210084033613446
Fawer Auto;China;2010;AUTO;1.66;0.7;0.11;0.06;5.9;INDUS;INDUS;5;1.66;0.7;0.06;0.11;0.03614457831325301;0.06626506024096386
Fawer Auto;China;2011;AUTO;1.54;0.77;0.09;0.06;6.49;INDUS;INDUS;6;1.54;0.77;0.06;0.09;0.03896103896103896;0.05844155844155844
Fawer Auto;China;2012;AUTO;1.78;0.83;0.1;0.07;7.04;INDUS;INDUS;7;1.78;0.83;0.07;0.1;0.03932584269662922;0.05617977528089888
Fawer Auto;China;2013;AUTO;1.97;0.91;0.11;0.08;7.54;INDUS;INDUS;8;1.97;0.91;0.08;0.11;0.04060913705583757;0.05583756345177665
Fawer Auto;China;2014;AUTO;2.18;1.0;0.13;0.08;8.24;INDUS;INDUS;9;2.18;1.0;0.08;0.13;0.03669724770642201;0.059633027522935776
Fawer Auto;China;2015;INDUS;1.8;0.6;0.1;0.1;0.8;INDUS;INDUS;10;1.8;0.6;0.1;0.1;0.05555555555555556;0.05555555555555556
Fawer Auto;China;2016;INDUS;2.1;0.6;0.2;0.1;0.9;INDUS;INDUS;11;2.1;0.6;0.1;0.2;0.047619047619047616;0.09523809523809523
Fawer Auto;China;2017;INDUS;3.1;0.8;0.2;0.1;1.1;INDUS;INDUS;12;3.1;0.8;0.1;0.2;0.03225806451612903;0.06451612903225806
Fawer Auto;China;2018;INDUS;3.2;0.9;0.2;0.1;1.2;INDUS;INDUS;13;3.2;0.9;0.1;0.2;0.03125;0.0625
Fawer Auto;China;2019;INDUS;3.1;1.0;0.2;0.1;1.2;INDUS;INDUS;14;3.1;1.0;0.1;0.2;0.03225806451612903;0.06451612903225806
Fawer Auto;China;2020;INDUS;3.8;1.2;0.3;0.1;1.4;INDUS;INDUS;15;3.8;1.2;0.1;0.3;0.026315789473684213;0.07894736842105263
Fawer Auto;China;2021;INDUS;4.7;1.4;0.2;0.2;1.5;INDUS;INDUS;16;4.7;1.4;0.2;0.2;0.0425531914893617;0.0425531914893617
Fawer Auto;China;2022;INDUS;5.3;1.6;0.1;0.2;1.4;INDUS;INDUS;17;5.3;1.6;0.2;0.1;0.03773584905660378;0.01886792452830189
Fawer Auto;China;2023;INDUS;5.8;1.9;0.2;0.2;1.6;INDUS;INDUS;18;5.8;1.9;0.2;0.2;0.034482758620689655;0.034482758620689655
Fawer Auto;China;2024;INDUS;6.7;2.1;0.3;0.3;1.6;INDUS;INDUS;19;6.7;2.1;0.3;0.3;0.04477611940298507;0.04477611940298507
FiberHome;China;2005;TECH;1.5;0.46;0.06;0.15;6.35;TECH;INDUS;0;1.5;0.46;0.15;0.06;0.09999999999999999;0.04
FiberHome;China;2006;TECH;1.75;0.5;0.07;0.16;6.74;TECH;INDUS;1;1.75;0.5;0.16;0.07;0.09142857142857143;0.04
FiberHome;China;2007;TECH;1.99;0.56;0.08;0.17;7.39;TECH;INDUS;2;1.99;0.56;0.17;0.08;0.08542713567839197;0.04020100502512563
FiberHome;China;2008;TECH;2.27;0.63;0.09;0.18;7.95;TECH;INDUS;3;2.27;0.63;0.18;0.09;0.07929515418502202;0.03964757709251101
FiberHome;China;2009;TECH;2.23;0.7;0.09;0.2;8.62;TECH;INDUS;4;2.23;0.7;0.2;0.09;0.08968609865470853;0.04035874439461883
FiberHome;China;2010;TECH;2.43;0.75;0.21;0.22;9.41;TECH;INDUS;5;2.43;0.75;0.22;0.21;0.0905349794238683;0.08641975308641975
FiberHome;China;2011;TECH;2.25;0.83;0.17;0.23;10.15;TECH;INDUS;6;2.25;0.83;0.23;0.17;0.10222222222222223;0.07555555555555556
FiberHome;China;2012;TECH;2.47;0.91;0.18;0.25;11.07;TECH;INDUS;7;2.47;0.91;0.25;0.18;0.10121457489878542;0.0728744939271255
FiberHome;China;2013;TECH;2.72;0.99;0.19;0.27;11.87;TECH;INDUS;8;2.72;0.99;0.27;0.19;0.09926470588235294;0.06985294117647059
FiberHome;China;2014;TECH;3.12;1.1;0.22;0.28;12.96;TECH;INDUS;9;3.12;1.1;0.28;0.22;0.08974358974358974;0.07051282051282051
FiberHome;China;2015;INDUS;3.6;0.5;0.2;0.4;1.2;INDUS;INDUS;10;3.6;0.5;0.4;0.2;0.11111111111111112;0.05555555555555556
FiberHome;China;2016;INDUS;4.5;0.5;0.3;0.5;1.4;INDUS;INDUS;11;4.5;0.5;0.5;0.3;0.1111111111111111;0.06666666666666667
FiberHome;China;2017;INDUS;5.2;0.6;0.3;0.6;1.6;INDUS;INDUS;12;5.2;0.6;0.6;0.3;0.11538461538461538;0.05769230769230769
FiberHome;China;2018;INDUS;5.9;0.7;0.2;0.6;1.8;INDUS;INDUS;13;5.9;0.7;0.6;0.2;0.10169491525423728;0.03389830508474576
FiberHome;China;2019;INDUS;6.1;0.8;0.2;0.7;1.8;INDUS;INDUS;14;6.1;0.8;0.7;0.2;0.11475409836065574;0.03278688524590164
FiberHome;China;2020;INDUS;5.2;1.0;0.1;0.6;1.6;INDUS;INDUS;15;5.2;1.0;0.6;0.1;0.11538461538461538;0.019230769230769232
FiberHome;China;2021;INDUS;6.6;1.0;0.2;0.8;1.8;INDUS;INDUS;16;6.6;1.0;0.8;0.2;0.12121212121212123;0.030303030303030307
FiberHome;China;2022;INDUS;8.1;1.2;0.2;0.9;2.2;INDUS;INDUS;17;8.1;1.2;0.9;0.2;0.11111111111111112;0.02469135802469136
FiberHome;China;2023;INDUS;8.5;1.4;0.2;1.1;2.2;INDUS;INDUS;18;8.5;1.4;1.1;0.2;0.12941176470588237;0.023529411764705882
FiberHome;China;2024;INDUS;9.5;1.7;0.3;1.2;2.4;INDUS;INDUS;19;9.5;1.7;1.2;0.3;0.12631578947368421;0.031578947368421054
First Solar (US);G7;2005;TECH;1.98;0.9;0.1;0.14;3.31;TECH;INDUS;0;1.98;0.9;0.14;0.1;0.07070707070707072;0.05050505050505051
First Solar (US);G7;2006;TECH;2.16;0.94;0.11;0.14;3.53;TECH;INDUS;1;2.16;0.94;0.14;0.11;0.06481481481481481;0.05092592592592592
First Solar (US);G7;2007;TECH;2.3;0.99;0.11;0.14;3.63;TECH;INDUS;2;2.3;0.99;0.14;0.11;0.060869565217391314;0.04782608695652174
First Solar (US);G7;2008;TECH;2.39;1.04;0.11;0.14;3.74;TECH;INDUS;3;2.39;1.04;0.14;0.11;0.058577405857740586;0.046025104602510455
First Solar (US);G7;2009;TECH;2.34;1.09;0.12;0.14;3.88;TECH;INDUS;4;2.34;1.09;0.14;0.12;0.05982905982905984;0.05128205128205128
First Solar (US);G7;2010;TECH;2.52;1.14;0.3;0.15;4.04;TECH;INDUS;5;2.52;1.14;0.15;0.3;0.05952380952380952;0.11904761904761904
First Solar (US);G7;2011;TECH;2.33;1.2;0.24;0.16;4.19;TECH;INDUS;6;2.33;1.2;0.16;0.24;0.06866952789699571;0.10300429184549356
First Solar (US);G7;2012;TECH;2.49;1.27;0.26;0.17;4.37;TECH;INDUS;7;2.49;1.27;0.17;0.26;0.06827309236947791;0.10441767068273092
First Solar (US);G7;2013;TECH;2.69;1.34;0.28;0.18;4.59;TECH;INDUS;8;2.69;1.34;0.18;0.28;0.06691449814126393;0.10408921933085503
First Solar (US);G7;2014;TECH;2.82;1.42;0.29;0.19;4.82;TECH;INDUS;9;2.82;1.42;0.19;0.29;0.0673758865248227;0.10283687943262411
First Solar (US);G7;2015;INDUS;3.58;1.52;0.52;0.15;0.62;INDUS;INDUS;10;3.58;1.52;0.15;0.52;0.04189944134078212;0.1452513966480447
First Solar (US);G7;2016;INDUS;2.85;1.45;0.38;0.14;0.6;INDUS;INDUS;11;2.85;1.45;0.14;0.38;0.04912280701754386;0.13333333333333333
First Solar (US);G7;2017;INDUS;2.92;1.38;0.42;0.12;0.58;INDUS;INDUS;12;2.92;1.38;0.12;0.42;0.0410958904109589;0.14383561643835616
First Solar (US);G7;2018;INDUS;2.24;1.35;0.15;0.11;0.65;INDUS;INDUS;13;2.24;1.35;0.11;0.15;0.049107142857142856;0.06696428571428571
First Solar (US);G7;2019;INDUS;3.06;1.65;0.02;0.12;0.68;INDUS;INDUS;14;3.06;1.65;0.12;0.02;0.0392156862745098;0.006535947712418301
First Solar (US);G7;2020;INDUS;2.71;1.85;0.35;0.11;0.65;INDUS;INDUS;15;2.71;1.85;0.11;0.35;0.04059040590405904;0.12915129151291513
First Solar (US);G7;2021;INDUS;2.92;2.05;0.52;0.1;0.65;INDUS;INDUS;16;2.92;2.05;0.1;0.52;0.03424657534246576;0.17808219178082194
First Solar (US);G7;2022;INDUS;2.62;2.25;0.05;0.09;0.68;INDUS;INDUS;17;2.62;2.25;0.09;0.05;0.034351145038167934;0.019083969465648856
First Solar (US);G7;2023;INDUS;3.32;2.45;0.82;0.11;0.72;INDUS;INDUS;18;3.32;2.45;0.11;0.82;0.03313253012048193;0.2469879518072289
First Solar (US);G7;2024;INDUS;4.25;2.85;1.15;0.13;0.75;INDUS;INDUS;19;4.25;2.85;0.13;1.15;0.03058823529411765;0.27058823529411763
Focus Media;CN;2015;INDUS;2.24;0.13;0.55;0.04;;INDUS;INDUS;10;2.24;0.13;0.04;0.55;0.017857142857142856;0.24553571428571427
Focus Media;CN;2020;INDUS;3.03;0.18;1.08;0.05;;INDUS;INDUS;15;3.03;0.18;0.05;1.08;0.016501650165016504;0.3564356435643565
Focus Media;CN;2024;INDUS;2.95;0.18;1.05;0.04;;INDUS;INDUS;19;2.95;0.18;0.04;1.05;0.013559322033898305;0.3559322033898305
Ford (US);G7;2005;INDUS;102.39;28.83;3.07;5.94;17.12;AUTO;AUTO;0;102.39;28.83;5.94;3.07;0.05801347787869909;0.02998339681609532
Ford (US);G7;2006;INDUS;103.58;29.71;3.04;6.11;17.26;AUTO;AUTO;1;103.58;29.71;6.11;3.04;0.05898822166441398;0.029349295230739526
Ford (US);G7;2007;INDUS;104.65;30.41;3.15;6.12;17.51;AUTO;AUTO;2;104.65;30.41;6.12;3.15;0.05848064978499761;0.030100334448160532
Ford (US);G7;2008;INDUS;108.44;30.92;3.2;6.14;17.94;AUTO;AUTO;3;108.44;30.92;6.14;3.2;0.056621172998893396;0.029509406123201774
Ford (US);G7;2009;INDUS;106.31;31.24;3.37;6.29;18.06;AUTO;AUTO;4;106.31;31.24;6.29;3.37;0.05916658827955978;0.03169974602577368
Ford (US);G7;2010;INDUS;142.66;31.61;8.38;6.3;18.42;AUTO;AUTO;5;142.66;31.61;6.3;8.38;0.04416094210009813;0.05874106266647975
Ford (US);G7;2011;INDUS;132.09;32.27;6.7;6.34;18.81;AUTO;AUTO;6;132.09;32.27;6.34;6.7;0.047997577409342115;0.050722991899462486
Ford (US);G7;2012;INDUS;136.29;32.65;6.64;6.47;18.91;AUTO;AUTO;7;136.29;32.65;6.47;6.64;0.04747230170958985;0.04871964193998092
Ford (US);G7;2013;INDUS;141.9;33.23;6.88;6.48;19.23;AUTO;AUTO;8;141.9;33.23;6.48;6.88;0.04566596194503171;0.048484848484848485
Ford (US);G7;2014;INDUS;147.86;33.89;7.54;6.59;19.59;AUTO;AUTO;9;147.86;33.89;6.59;7.54;0.04456918706884891;0.05099418368727174
Ford (US);G7;2015;INDUS;149.6;34.5;7.3;6.7;19.9;AUTO;AUTO;10;149.6;34.5;6.7;7.3;0.0447860962566845;0.04879679144385027
Ford (US);G7;2016;INDUS;151.8;36.2;6.3;7.3;20.1;AUTO;AUTO;11;151.8;36.2;7.3;6.3;0.04808959156785243;0.04150197628458498
Ford (US);G7;2017;INDUS;156.7;37.8;5.4;8.0;20.2;AUTO;AUTO;12;156.7;37.8;8.0;5.4;0.05105296745373325;0.03446075303126995
Ford (US);G7;2018;INDUS;160.3;38.5;4.3;8.2;19.9;AUTO;AUTO;13;160.3;38.5;8.2;4.3;0.0511540860885839;0.026824703680598874
Ford (US);G7;2019;INDUS;155.9;39.2;0.6;7.4;19.0;AUTO;AUTO;14;155.9;39.2;7.4;0.6;0.04746632456703015;0.0038486209108402817
Ford (US);G7;2020;INDUS;127.1;40.1;2.5;7.1;18.6;AUTO;AUTO;15;127.1;40.1;7.1;2.5;0.05586152635719906;0.019669551534225022
Ford (US);G7;2021;INDUS;136.3;41.5;4.5;7.6;18.3;AUTO;AUTO;16;136.3;41.5;7.6;4.5;0.0557593543653705;0.03301540719002201
Ford (US);G7;2022;INDUS;158.1;42.8;6.3;7.8;17.3;AUTO;AUTO;17;158.1;42.8;7.8;6.3;0.04933586337760911;0.03984819734345351
Ford (US);G7;2023;INDUS;176.2;44.2;4.9;8.2;17.7;AUTO;AUTO;18;176.2;44.2;8.2;4.9;0.046538024971623154;0.027809307604994327
Ford (US);G7;2024;INDUS;181.5;45.5;5.8;8.5;17.5;AUTO;AUTO;19;181.5;45.5;8.5;5.8;0.046831955922865015;0.031955922865013774
Fortive (US);G7;2005;INDUS;3.93;1.4;0.53;0.22;17.76;INDUS;INDUS;0;3.93;1.4;0.22;0.53;0.05597964376590331;0.13486005089058525
Fortive (US);G7;2006;INDUS;4.05;1.46;0.53;0.23;18.47;INDUS;INDUS;1;4.05;1.46;0.23;0.53;0.05679012345679013;0.1308641975308642
Fortive (US);G7;2007;INDUS;4.25;1.5;0.53;0.23;18.99;INDUS;INDUS;2;4.25;1.5;0.23;0.53;0.054117647058823534;0.12470588235294118
Fortive (US);G7;2008;INDUS;4.45;1.56;0.57;0.24;19.46;INDUS;INDUS;3;4.45;1.56;0.24;0.57;0.053932584269662916;0.12808988764044943
Fortive (US);G7;2009;INDUS;4.36;1.58;0.6;0.24;20.11;INDUS;INDUS;4;4.36;1.58;0.24;0.6;0.055045871559633024;0.13761467889908255
Fortive (US);G7;2010;INDUS;5.28;1.63;1.23;0.25;20.67;INDUS;INDUS;5;5.28;1.63;0.25;1.23;0.04734848484848485;0.23295454545454544
Fortive (US);G7;2011;INDUS;4.89;1.67;0.98;0.26;21.48;INDUS;INDUS;6;4.89;1.67;0.26;0.98;0.05316973415132925;0.20040899795501024
Fortive (US);G7;2012;INDUS;5.22;1.69;1.02;0.27;21.93;INDUS;INDUS;7;5.22;1.69;0.27;1.02;0.05172413793103449;0.19540229885057472
Fortive (US);G7;2013;INDUS;5.44;1.73;1.01;0.28;22.47;INDUS;INDUS;8;5.44;1.73;0.28;1.01;0.05147058823529412;0.18566176470588233
Fortive (US);G7;2014;INDUS;5.75;1.77;1.07;0.29;23.24;INDUS;INDUS;9;5.75;1.77;0.29;1.07;0.05043478260869565;0.18608695652173915
Fortive (US);G7;2015;INDUS;6.22;0.85;1.25;0.38;2.4;INDUS;INDUS;10;6.22;0.85;0.38;1.25;0.06109324758842444;0.2009646302250804
Fortive (US);G7;2016;INDUS;6.23;0.82;1.28;0.41;2.4;INDUS;INDUS;11;6.23;0.82;0.41;1.28;0.06581059390048154;0.20545746388443017
Fortive (US);G7;2017;INDUS;6.66;0.88;1.35;0.45;2.6;INDUS;INDUS;12;6.66;0.88;0.45;1.35;0.06756756756756757;0.20270270270270271
Fortive (US);G7;2018;INDUS;7.21;0.95;1.52;0.52;2.6;INDUS;INDUS;13;7.21;0.95;0.52;1.52;0.07212205270457699;0.21081830790568654
Fortive (US);G7;2019;INDUS;7.33;1.05;1.45;0.58;2.5;INDUS;INDUS;14;7.33;1.05;0.58;1.45;0.07912687585266029;0.19781718963165074
Fortive (US);G7;2020;INDUS;4.63;0.65;0.85;0.42;1.7;INDUS;INDUS;15;4.63;0.65;0.42;0.85;0.09071274298056155;0.183585313174946
Fortive (US);G7;2021;INDUS;5.25;0.72;1.15;0.48;1.8;INDUS;INDUS;16;5.25;0.72;0.48;1.15;0.09142857142857143;0.21904761904761902
Fortive (US);G7;2022;INDUS;5.83;0.78;1.35;0.52;1.8;INDUS;INDUS;17;5.83;0.78;0.52;1.35;0.08919382504288165;0.23156089193825044
Fortive (US);G7;2023;INDUS;6.06;0.82;1.42;0.55;1.8;INDUS;INDUS;18;6.06;0.82;0.55;1.42;0.09075907590759077;0.23432343234323433
Fortive (US);G7;2024;INDUS;6.35;0.88;1.55;0.58;1.9;INDUS;INDUS;19;6.35;0.88;0.58;1.55;0.09133858267716535;0.2440944881889764
Foshan Haitian;China;2005;INDUS;0.81;0.33;0.08;0.05;5.61;INDUS;INDUS;0;0.81;0.33;0.05;0.08;0.06172839506172839;0.09876543209876543
Foshan Haitian;China;2006;INDUS;0.89;0.35;0.09;0.05;5.94;INDUS;INDUS;1;0.89;0.35;0.05;0.09;0.05617977528089888;0.10112359550561797
Foshan Haitian;China;2007;INDUS;0.98;0.37;0.1;0.05;6.4;INDUS;INDUS;2;0.98;0.37;0.05;0.1;0.05102040816326531;0.10204081632653061
Foshan Haitian;China;2008;INDUS;1.08;0.39;0.12;0.05;6.79;INDUS;INDUS;3;1.08;0.39;0.05;0.12;0.046296296296296294;0.1111111111111111
Foshan Haitian;China;2009;INDUS;1.06;0.41;0.13;0.05;7.2;INDUS;INDUS;4;1.06;0.41;0.05;0.13;0.04716981132075472;0.12264150943396226
Foshan Haitian;China;2010;INDUS;1.35;0.44;0.29;0.05;7.74;INDUS;INDUS;5;1.35;0.44;0.05;0.29;0.037037037037037035;0.2148148148148148
Foshan Haitian;China;2011;INDUS;1.25;0.47;0.23;0.05;8.13;INDUS;INDUS;6;1.25;0.47;0.05;0.23;0.04;0.184
Foshan Haitian;China;2012;INDUS;1.34;0.49;0.25;0.05;8.52;INDUS;INDUS;7;1.34;0.49;0.05;0.25;0.03731343283582089;0.18656716417910446
Foshan Haitian;China;2013;INDUS;1.5;0.53;0.27;0.05;9.03;INDUS;INDUS;8;1.5;0.53;0.05;0.27;0.03333333333333333;0.18000000000000002
Foshan Haitian;China;2014;INDUS;1.62;0.56;0.28;0.05;9.52;INDUS;INDUS;9;1.62;0.56;0.05;0.28;0.030864197530864196;0.17283950617283952
Foshan Haitian;China;2015;INDUS;3.0;0.9;0.8;0.1;0.4;INDUS;INDUS;10;3.0;0.9;0.1;0.8;0.03333333333333333;0.26666666666666666
Foshan Haitian;China;2016;INDUS;3.2;0.9;0.9;0.1;0.4;INDUS;INDUS;11;3.2;0.9;0.1;0.9;0.03125;0.28125
Foshan Haitian;China;2017;INDUS;3.6;1.0;1.1;0.1;0.5;INDUS;INDUS;12;3.6;1.0;0.1;1.1;0.02777777777777778;0.3055555555555556
Foshan Haitian;China;2018;INDUS;4.2;1.0;1.3;0.1;0.5;INDUS;INDUS;13;4.2;1.0;0.1;1.3;0.023809523809523808;0.30952380952380953
Foshan Haitian;China;2019;INDUS;4.9;1.2;1.5;0.1;0.6;INDUS;INDUS;14;4.9;1.2;0.1;1.5;0.02040816326530612;0.3061224489795918
Foshan Haitian;China;2020;INDUS;5.7;1.3;1.8;0.2;0.6;INDUS;INDUS;15;5.7;1.3;0.2;1.8;0.03508771929824561;0.3157894736842105
Foshan Haitian;China;2021;INDUS;6.3;1.5;2.0;0.2;0.6;INDUS;INDUS;16;6.3;1.5;0.2;2.0;0.03174603174603175;0.31746031746031744
Foshan Haitian;China;2022;INDUS;6.7;1.7;2.0;0.2;0.6;INDUS;INDUS;17;6.7;1.7;0.2;2.0;0.029850746268656716;0.29850746268656714
Foshan Haitian;China;2023;INDUS;6.7;1.9;1.9;0.2;0.6;INDUS;INDUS;18;6.7;1.9;0.2;1.9;0.029850746268656716;0.2835820895522388
Foshan Haitian;China;2024;INDUS;7.5;2.1;2.2;0.2;0.6;INDUS;INDUS;19;7.5;2.1;0.2;2.2;0.02666666666666667;0.29333333333333333
Fosun Pharma;China;2005;PHARMA;1.22;0.53;0.11;0.11;19.37;PHARMA;PHARMA;0;1.22;0.53;0.11;0.11;0.09016393442622951;0.09016393442622951
Fosun Pharma;China;2006;PHARMA;1.34;0.56;0.12;0.11;20.46;PHARMA;PHARMA;1;1.34;0.56;0.11;0.12;0.08208955223880597;0.08955223880597014
Fosun Pharma;China;2007;PHARMA;1.46;0.58;0.13;0.12;21.94;PHARMA;PHARMA;2;1.46;0.58;0.12;0.13;0.0821917808219178;0.08904109589041097
Fosun Pharma;China;2008;PHARMA;1.59;0.63;0.15;0.13;23.09;PHARMA;PHARMA;3;1.59;0.63;0.13;0.15;0.08176100628930817;0.09433962264150943
Fosun Pharma;China;2009;PHARMA;1.56;0.67;0.16;0.14;24.19;PHARMA;PHARMA;4;1.56;0.67;0.14;0.16;0.08974358974358974;0.10256410256410256
Fosun Pharma;China;2010;PHARMA;1.75;0.71;0.31;0.15;25.67;PHARMA;PHARMA;5;1.75;0.71;0.15;0.31;0.08571428571428572;0.17714285714285713
Fosun Pharma;China;2011;PHARMA;1.62;0.77;0.25;0.16;27.39;PHARMA;PHARMA;6;1.62;0.77;0.16;0.25;0.09876543209876543;0.15432098765432098
Fosun Pharma;China;2012;PHARMA;1.82;0.82;0.29;0.17;29.43;PHARMA;PHARMA;7;1.82;0.82;0.17;0.29;0.09340659340659341;0.15934065934065933
Fosun Pharma;China;2013;PHARMA;2.02;0.87;0.31;0.18;30.94;PHARMA;PHARMA;8;2.02;0.87;0.18;0.31;0.0891089108910891;0.15346534653465346
Fosun Pharma;China;2014;PHARMA;2.23;0.92;0.35;0.19;33.07;PHARMA;PHARMA;9;2.23;0.92;0.19;0.35;0.08520179372197309;0.1569506726457399
Fosun Pharma;China;2015;INDUS;3.3;1.1;0.5;0.2;1.8;PHARMA;PHARMA;10;3.3;1.1;0.2;0.5;0.060606060606060615;0.15151515151515152
Fosun Pharma;China;2016;INDUS;3.8;1.3;0.5;0.2;2.1;PHARMA;PHARMA;11;3.8;1.3;0.2;0.5;0.052631578947368425;0.13157894736842105
Fosun Pharma;China;2017;INDUS;4.6;1.4;0.7;0.3;2.4;PHARMA;PHARMA;12;4.6;1.4;0.3;0.7;0.06521739130434782;0.15217391304347827
Fosun Pharma;China;2018;INDUS;6.1;1.7;0.8;0.4;2.8;PHARMA;PHARMA;13;6.1;1.7;0.4;0.8;0.06557377049180328;0.13114754098360656
Fosun Pharma;China;2019;INDUS;7.0;2.1;0.9;0.5;3.1;PHARMA;PHARMA;14;7.0;2.1;0.5;0.9;0.07142857142857142;0.1285714285714286
Fosun Pharma;China;2020;INDUS;7.5;2.5;1.0;0.7;3.4;PHARMA;PHARMA;15;7.5;2.5;0.7;1.0;0.09333333333333332;0.13333333333333333
Fosun Pharma;China;2021;INDUS;9.8;3.1;1.3;1.0;3.8;PHARMA;PHARMA;16;9.8;3.1;1.0;1.3;0.1020408163265306;0.1326530612244898
Fosun Pharma;China;2022;INDUS;11.6;4.0;1.2;1.3;3.6;PHARMA;PHARMA;17;11.6;4.0;1.3;1.2;0.11206896551724138;0.10344827586206896
Fosun Pharma;China;2023;INDUS;11.4;5.0;0.9;1.5;3.4;PHARMA;PHARMA;18;11.4;5.0;1.5;0.9;0.13157894736842105;0.07894736842105263
Fosun Pharma;China;2024;INDUS;13.0;6.0;1.2;1.7;3.6;PHARMA;PHARMA;19;13.0;6.0;1.7;1.2;0.13076923076923078;0.0923076923076923
Foxconn Industrial;China;2005;TECH;16.24;5.43;0.52;0.72;131.81;TECH;INDUS;0;16.24;5.43;0.72;0.52;0.04433497536945813;0.03201970443349754
Foxconn Industrial;China;2006;TECH;18.65;5.89;0.6;0.76;141.86;TECH;INDUS;1;18.65;5.89;0.76;0.6;0.04075067024128687;0.032171581769437
Foxconn Industrial;China;2007;TECH;20.73;6.28;0.7;0.81;150.05;TECH;INDUS;2;20.73;6.28;0.81;0.7;0.039073806078147616;0.033767486734201636
Foxconn Industrial;China;2008;TECH;23.25;6.77;0.8;0.87;161.22;TECH;INDUS;3;23.25;6.77;0.87;0.8;0.03741935483870968;0.034408602150537634
Foxconn Industrial;China;2009;TECH;22.79;7.33;0.84;0.91;171.87;TECH;INDUS;4;22.79;7.33;0.91;0.84;0.03992979376919702;0.036858271171566474
Foxconn Industrial;China;2010;TECH;26.01;7.98;1.86;0.96;184.52;TECH;INDUS;5;26.01;7.98;0.96;1.86;0.03690888119953863;0.07151095732410612
Foxconn Industrial;China;2011;TECH;24.08;8.64;1.49;1.01;195.59;TECH;INDUS;6;24.08;8.64;1.01;1.49;0.04194352159468439;0.061877076411960136
Foxconn Industrial;China;2012;TECH;27.05;9.41;1.67;1.06;209.85;TECH;INDUS;7;27.05;9.41;1.06;1.67;0.039186691312384475;0.06173752310536044
Foxconn Industrial;China;2013;TECH;30.49;10.16;1.84;1.11;222.57;TECH;INDUS;8;30.49;10.16;1.11;1.84;0.036405378812725486;0.06034765496884225
Foxconn Industrial;China;2014;TECH;33.99;10.98;2.15;1.16;235.75;TECH;INDUS;9;33.99;10.98;1.16;2.15;0.0341276846131215;0.06325389820535451
Foxconn Industrial;CN;2015;INDUS;27.28;2.5;1.4;0.8;;INDUS;INDUS;10;27.28;2.5;0.8;1.4;0.02932551319648094;0.05131964809384164
Foxconn Industrial;CN;2016;INDUS;27.271;2.7;1.45;0.85;;INDUS;INDUS;11;27.271;2.7;0.85;1.45;0.031168640680576436;0.0531700341021598
Foxconn Industrial;CN;2017;INDUS;35.454;3.2;1.8;1.0;;INDUS;INDUS;12;35.454;3.2;1.0;1.8;0.028205562136853386;0.050770011846336095
Foxconn Industrial;CN;2018;INDUS;47.5;3.8;2.2;1.2;;INDUS;INDUS;13;47.5;3.8;1.2;2.2;0.02526315789473684;0.04631578947368421
Foxconn Industrial;CN;2019;INDUS;60.8;4.5;2.8;1.5;;INDUS;INDUS;14;60.8;4.5;1.5;2.8;0.024671052631578948;0.046052631578947366
Foxconn Industrial;CN;2020;INDUS;43.957;4.8;2.0;1.3;;INDUS;INDUS;15;43.957;4.8;1.3;2.0;0.02957435675774052;0.045499010396523876
Foxconn Industrial;CN;2021;INDUS;51.85;5.2;2.5;1.6;;INDUS;INDUS;16;51.85;5.2;1.6;2.5;0.03085824493731919;0.048216007714561235
Foxconn Industrial;CN;2022;INDUS;61.147;5.8;3.0;1.9;;INDUS;INDUS;17;61.147;5.8;1.9;3.0;0.03107266096456081;0.04906209625983286
Foxconn Industrial;CN;2023;INDUS;47.654;6.2;2.2;1.5;;INDUS;INDUS;18;47.654;6.2;1.5;2.2;0.03147689595836656;0.046166114072270954
Foxconn Industrial;CN;2024;INDUS;51.165;6.5;2.4;1.6;;INDUS;INDUS;19;51.165;6.5;1.6;2.4;0.03127137691781492;0.046907065376722366
Fujifilm (JP);G7;2005;INDUS;14.14;7.62;0.41;1.49;63.44;INDUS;INDUS;0;14.14;7.62;1.49;0.41;0.10537482319660536;0.028995756718528994
Fujifilm (JP);G7;2006;INDUS;14.64;7.79;0.43;1.51;64.89;INDUS;INDUS;1;14.64;7.79;1.51;0.43;0.10314207650273224;0.02937158469945355
Fujifilm (JP);G7;2007;INDUS;15.35;8.07;0.46;1.55;65.9;INDUS;INDUS;2;15.35;8.07;1.55;0.46;0.10097719869706841;0.029967426710097722
Fujifilm (JP);G7;2008;INDUS;15.88;8.19;0.47;1.57;66.71;INDUS;INDUS;3;15.88;8.19;1.57;0.47;0.09886649874055416;0.029596977329974808
Fujifilm (JP);G7;2009;INDUS;15.57;8.36;0.49;1.61;68.32;INDUS;INDUS;4;15.57;8.36;1.61;0.49;0.10340398201669879;0.03147077713551702
Fujifilm (JP);G7;2010;INDUS;19.27;8.42;1.21;1.68;70.61;INDUS;INDUS;5;19.27;8.42;1.68;1.21;0.08718214841722885;0.06279190451478983
Fujifilm (JP);G7;2011;INDUS;17.84;8.5;0.97;1.71;70.8;INDUS;INDUS;6;17.84;8.5;1.71;0.97;0.09585201793721973;0.05437219730941704
Fujifilm (JP);G7;2012;INDUS;18.97;8.74;1.05;1.72;71.57;INDUS;INDUS;7;18.97;8.74;1.72;1.05;0.09066947812335266;0.05535055350553506
Fujifilm (JP);G7;2013;INDUS;19.73;8.82;1.13;1.75;72.26;INDUS;INDUS;8;19.73;8.82;1.75;1.13;0.08869741510390268;0.057273188038520016
Fujifilm (JP);G7;2014;INDUS;20.98;9.14;1.22;1.77;74.21;INDUS;INDUS;9;20.98;9.14;1.77;1.22;0.08436606291706387;0.058150619637750235
Fujifilm (JP);G7;2015;INDUS;21.45;4.85;1.52;0.72;7.85;INDUS;INDUS;10;21.45;4.85;0.72;1.52;0.033566433566433566;0.07086247086247087
Fujifilm (JP);G7;2016;INDUS;20.85;4.75;1.42;0.75;7.7;INDUS;INDUS;11;20.85;4.75;0.75;1.42;0.03597122302158273;0.06810551558752997
Fujifilm (JP);G7;2017;INDUS;21.92;4.95;1.65;0.78;7.82;INDUS;INDUS;12;21.92;4.95;0.78;1.65;0.035583941605839414;0.07527372262773721
Fujifilm (JP);G7;2018;INDUS;22.45;5.15;1.85;0.82;7.95;INDUS;INDUS;13;22.45;5.15;0.82;1.85;0.03652561247216036;0.0824053452115813
Fujifilm (JP);G7;2019;INDUS;21.15;5.35;1.65;0.85;7.65;INDUS;INDUS;14;21.15;5.35;0.85;1.65;0.04018912529550828;0.07801418439716312
Fujifilm (JP);G7;2020;INDUS;19.85;5.45;1.52;0.88;7.35;INDUS;INDUS;15;19.85;5.45;0.88;1.52;0.04433249370277078;0.07657430730478589
Fujifilm (JP);G7;2021;INDUS;22.52;5.85;2.15;0.95;7.55;INDUS;INDUS;16;22.52;5.85;0.95;2.15;0.04218472468916518;0.09547069271758436
Fujifilm (JP);G7;2022;INDUS;24.15;6.15;2.45;1.05;7.42;INDUS;INDUS;17;24.15;6.15;1.05;2.45;0.04347826086956522;0.10144927536231885
Fujifilm (JP);G7;2023;INDUS;23.52;6.25;2.25;1.02;7.3;INDUS;INDUS;18;23.52;6.25;1.02;2.25;0.04336734693877551;0.09566326530612244
Fujifilm (JP);G7;2024;INDUS;25.12;6.45;2.65;1.15;7.45;INDUS;INDUS;19;25.12;6.45;1.15;2.65;0.04578025477707006;0.1054936305732484
Fujitsu (JP);G7;2005;INDUS;28.0;4.31;0.51;1.43;11.08;TECH;TECH;0;28.0;4.31;1.43;0.51;0.051071428571428566;0.018214285714285714
Fujitsu (JP);G7;2006;INDUS;28.88;4.45;0.52;1.47;11.45;TECH;TECH;1;28.88;4.45;1.47;0.52;0.05090027700831025;0.018005540166204988
Fujitsu (JP);G7;2007;INDUS;31.39;4.68;0.55;1.52;12.07;TECH;TECH;2;31.39;4.68;1.52;0.55;0.048423064670277155;0.01752150366358713
Fujitsu (JP);G7;2008;INDUS;32.92;4.88;0.57;1.57;12.48;TECH;TECH;3;32.92;4.88;1.57;0.57;0.047691373025516404;0.017314702308626972
Fujitsu (JP);G7;2009;INDUS;32.27;5.16;0.6;1.6;12.91;TECH;TECH;4;32.27;5.16;1.6;0.6;0.04958165478772854;0.0185931205453982
Fujitsu (JP);G7;2010;INDUS;36.07;5.38;1.09;1.64;13.45;TECH;TECH;5;36.07;5.38;1.64;1.09;0.04546714721375104;0.03021901857499307
Fujitsu (JP);G7;2011;INDUS;33.4;5.65;0.87;1.69;14.11;TECH;TECH;6;33.4;5.65;1.69;0.87;0.05059880239520958;0.026047904191616768
Fujitsu (JP);G7;2012;INDUS;34.65;5.99;0.93;1.74;14.6;TECH;TECH;7;34.65;5.99;1.74;0.93;0.05021645021645022;0.02683982683982684
Fujitsu (JP);G7;2013;INDUS;36.57;6.22;0.95;1.78;15.1;TECH;TECH;8;36.57;6.22;1.78;0.95;0.04867377631938748;0.025977577249111292
Fujitsu (JP);G7;2014;INDUS;39.86;6.49;1.07;1.83;15.52;TECH;TECH;9;39.86;6.49;1.83;1.07;0.045910687405920726;0.026843953838434523
Fujitsu (JP);G7;2015;INDUS;42.1;6.8;1.1;1.9;15.9;TECH;TECH;10;42.1;6.8;1.9;1.1;0.04513064133016627;0.026128266033254157
Fujitsu (JP);G7;2016;INDUS;41.5;6.5;1.1;1.8;15.6;TECH;TECH;11;41.5;6.5;1.8;1.1;0.043373493975903614;0.026506024096385545
Fujitsu (JP);G7;2017;INDUS;37.5;6.1;1.6;1.6;14.0;TECH;TECH;12;37.5;6.1;1.6;1.6;0.04266666666666667;0.04266666666666667
Fujitsu (JP);G7;2018;INDUS;35.8;5.8;1.2;1.5;13.2;TECH;TECH;13;35.8;5.8;1.5;1.2;0.04189944134078213;0.0335195530726257
Fujitsu (JP);G7;2019;INDUS;35.5;5.9;1.9;1.4;12.9;TECH;TECH;14;35.5;5.9;1.4;1.9;0.039436619718309855;0.05352112676056338
Fujitsu (JP);G7;2020;INDUS;33.1;6.1;1.5;1.1;12.6;TECH;TECH;15;33.1;6.1;1.1;1.5;0.03323262839879154;0.045317220543806644
Fujitsu (JP);G7;2021;INDUS;32.5;6.0;2.0;1.1;12.4;TECH;TECH;16;32.5;6.0;1.1;2.0;0.03384615384615385;0.06153846153846154
Fujitsu (JP);G7;2022;INDUS;27.8;5.8;2.5;0.9;12.4;TECH;TECH;17;27.8;5.8;0.9;2.5;0.03237410071942446;0.08992805755395683
Fujitsu (JP);G7;2023;INDUS;25.6;5.7;1.8;0.8;12.4;TECH;TECH;18;25.6;5.7;0.8;1.8;0.03125;0.0703125
Fujitsu (JP);G7;2024;INDUS;26.5;5.8;2.1;0.9;12.5;TECH;TECH;19;26.5;5.8;0.9;2.1;0.033962264150943396;0.07924528301886793
GAC Group;CN;2005;AUTO;0.04;0.012;0.003;0.002;;AUTO;AUTO;0;0.04;0.012;0.002;0.003;0.05;0.075
GAC Group;CN;2006;AUTO;0.06;0.018;0.005;0.003;;AUTO;AUTO;1;0.06;0.018;0.003;0.005;0.05;0.08333333333333334
GAC Group;CN;2007;AUTO;0.09;0.027;0.007;0.004;;AUTO;AUTO;2;0.09;0.027;0.004;0.007;0.044444444444444446;0.07777777777777778
GAC Group;CN;2008;AUTO;0.13;0.039;0.011;0.006;;AUTO;AUTO;3;0.13;0.039;0.006;0.011;0.046153846153846156;0.0846153846153846
GAC Group;CN;2009;AUTO;0.11;0.034;0.009;0.005;;AUTO;AUTO;4;0.11;0.034;0.005;0.009;0.045454545454545456;0.08181818181818182
GAC Group;CN;2010;AUTO;0.16;0.049;0.013;0.007;;AUTO;AUTO;5;0.16;0.049;0.007;0.013;0.04375;0.08124999999999999
GAC Group;CN;2011;AUTO;0.22;0.068;0.019;0.01;;AUTO;AUTO;6;0.22;0.068;0.01;0.019;0.045454545454545456;0.08636363636363636
GAC Group;CN;2012;AUTO;0.29;0.092;0.026;0.014;;AUTO;AUTO;7;0.29;0.092;0.014;0.026;0.048275862068965524;0.0896551724137931
GAC Group;CN;2013;AUTO;0.38;0.122;0.035;0.019;;AUTO;AUTO;8;0.38;0.122;0.019;0.035;0.049999999999999996;0.09210526315789475
GAC Group;CN;2014;AUTO;0.48;0.158;0.046;0.025;;AUTO;AUTO;9;0.48;0.158;0.025;0.046;0.052083333333333336;0.09583333333333334
GAC Group;CN;2015;AUTO;0.6;0.2;0.059;0.032;;AUTO;AUTO;10;0.6;0.2;0.032;0.059;0.05333333333333334;0.09833333333333333
GAC Group;CN;2016;AUTO;0.74;0.25;0.074;0.04;;AUTO;AUTO;11;0.74;0.25;0.04;0.074;0.05405405405405406;0.09999999999999999
GAC Group;CN;2017;AUTO;0.9;0.31;0.092;0.049;;AUTO;AUTO;12;0.9;0.31;0.049;0.092;0.05444444444444445;0.10222222222222221
GAC Group;CN;2018;AUTO;1.08;0.38;0.113;0.059;;AUTO;AUTO;13;1.08;0.38;0.059;0.113;0.054629629629629625;0.10462962962962963
GAC Group;CN;2019;AUTO;1.28;0.46;0.138;0.07;;AUTO;AUTO;14;1.28;0.46;0.07;0.138;0.05468750000000001;0.1078125
GAC Group;CN;2020;AUTO;1.5;0.55;0.168;0.082;;AUTO;AUTO;15;1.5;0.55;0.082;0.168;0.05466666666666667;0.112
GAC Group;CN;2021;AUTO;1.75;0.65;0.202;0.095;;AUTO;AUTO;16;1.75;0.65;0.095;0.202;0.054285714285714284;0.11542857142857144
GAC Group;CN;2022;AUTO;1.62;0.6;0.185;0.088;;AUTO;AUTO;17;1.62;0.6;0.088;0.185;0.05432098765432098;0.11419753086419752
GAC Group;CN;2023;AUTO;1.68;0.625;0.193;0.092;;AUTO;AUTO;18;1.68;0.625;0.092;0.193;0.05476190476190476;0.11488095238095239
GAC Group;CN;2024;AUTO;1.75;0.65;0.202;0.095;;AUTO;AUTO;19;1.75;0.65;0.095;0.202;0.054285714285714284;0.11542857142857144
Geely Auto;CN;2005;AUTO;0.1;0.08;0.005;0.003;;AUTO;AUTO;0;0.1;0.08;0.003;0.005;0.03;0.049999999999999996
Geely Auto;CN;2006;AUTO;0.15;0.1;0.008;0.005;;AUTO;AUTO;1;0.15;0.1;0.005;0.008;0.03333333333333333;0.05333333333333334
Geely Auto;CN;2007;AUTO;0.18;0.12;0.01;0.006;;AUTO;AUTO;2;0.18;0.12;0.006;0.01;0.03333333333333333;0.05555555555555556
Geely Auto;CN;2008;AUTO;0.28;0.18;0.015;0.009;;AUTO;AUTO;3;0.28;0.18;0.009;0.015;0.03214285714285714;0.05357142857142856
Geely Auto;CN;2009;AUTO;1.72;1.2;0.12;0.055;;AUTO;AUTO;4;1.72;1.2;0.055;0.12;0.03197674418604651;0.06976744186046512
Geely Auto;CN;2010;AUTO;2.45;1.6;0.18;0.08;;AUTO;AUTO;5;2.45;1.6;0.08;0.18;0.03265306122448979;0.07346938775510203
Geely Auto;CN;2011;AUTO;3.1;2.0;0.22;0.105;;AUTO;AUTO;6;3.1;2.0;0.105;0.22;0.03387096774193548;0.07096774193548387
Geely Auto;CN;2012;AUTO;3.65;2.4;0.26;0.13;;AUTO;AUTO;7;3.65;2.4;0.13;0.26;0.03561643835616438;0.07123287671232877
Geely Auto;CN;2013;AUTO;4.2;2.8;0.31;0.155;;AUTO;AUTO;8;4.2;2.8;0.155;0.31;0.036904761904761905;0.07380952380952381
Geely Auto;CN;2014;AUTO;3.2;2.6;0.23;0.12;;AUTO;AUTO;9;3.2;2.6;0.12;0.23;0.0375;0.071875
Geely Auto;CN;2015;AUTO;4.7;3.2;0.34;0.175;;AUTO;AUTO;10;4.7;3.2;0.175;0.34;0.03723404255319149;0.0723404255319149
Geely Auto;CN;2016;AUTO;8.4;4.8;0.61;0.31;;AUTO;AUTO;11;8.4;4.8;0.31;0.61;0.036904761904761905;0.07261904761904761
Geely Auto;CN;2017;AUTO;14.5;7.2;1.05;0.54;;AUTO;AUTO;12;14.5;7.2;0.54;1.05;0.03724137931034483;0.07241379310344828
Geely Auto;CN;2018;AUTO;16.6;8.5;1.2;0.62;;AUTO;AUTO;13;16.6;8.5;0.62;1.2;0.03734939759036144;0.07228915662650602
Geely Auto;CN;2019;AUTO;14.3;8.8;1.01;0.53;;AUTO;AUTO;14;14.3;8.8;0.53;1.01;0.03706293706293706;0.07062937062937062
Geely Auto;CN;2020;AUTO;13.3;9.5;0.92;0.49;;AUTO;AUTO;15;13.3;9.5;0.49;0.92;0.03684210526315789;0.06917293233082707
Geely Auto;CN;2021;AUTO;15.8;10.2;1.1;0.59;;AUTO;AUTO;16;15.8;10.2;0.59;1.1;0.03734177215189873;0.06962025316455696
Geely Auto;CN;2022;AUTO;21.6;11.5;1.51;0.81;;AUTO;AUTO;17;21.6;11.5;0.81;1.51;0.0375;0.0699074074074074
Geely Auto;CN;2023;AUTO;25.3;12.8;1.77;0.95;;AUTO;AUTO;18;25.3;12.8;0.95;1.77;0.037549407114624504;0.0699604743083004
Geely Auto;CN;2024;AUTO;33.8;14.5;2.37;1.27;;AUTO;AUTO;19;33.8;14.5;1.27;2.37;0.03757396449704142;0.07011834319526628
Gen. Dynamics (US);G7;2005;INDUS;23.53;2.94;1.48;0.43;8.62;INDUS;INDUS;0;23.53;2.94;0.43;1.48;0.018274543136421587;0.06289842753931152
Gen. Dynamics (US);G7;2006;INDUS;23.88;2.99;1.57;0.44;8.68;INDUS;INDUS;1;23.88;2.99;0.44;1.57;0.018425460636515914;0.06574539363484087
Gen. Dynamics (US);G7;2007;INDUS;24.83;3.01;1.59;0.44;8.69;INDUS;INDUS;2;24.83;3.01;0.44;1.59;0.017720499395892066;0.0640354409987918
Gen. Dynamics (US);G7;2008;INDUS;25.31;3.06;1.68;0.44;8.85;INDUS;INDUS;3;25.31;3.06;0.44;1.68;0.01738443303042276;0.06637692611615963
Gen. Dynamics (US);G7;2009;INDUS;24.81;3.17;1.77;0.45;8.94;INDUS;INDUS;4;24.81;3.17;0.45;1.77;0.018137847642079808;0.07134220072551391
Gen. Dynamics (US);G7;2010;INDUS;30.66;3.23;4.31;0.46;9.22;INDUS;INDUS;5;30.66;3.23;0.46;4.31;0.015003261578604045;0.1405740378343118
Gen. Dynamics (US);G7;2011;INDUS;28.39;3.28;3.45;0.46;9.62;INDUS;INDUS;6;28.39;3.28;0.46;3.45;0.01620288834096513;0.12152166255723847
Gen. Dynamics (US);G7;2012;INDUS;29.72;3.35;3.69;0.47;9.69;INDUS;INDUS;7;29.72;3.35;0.47;3.69;0.015814266487214;0.12415881561238223
Gen. Dynamics (US);G7;2013;INDUS;30.34;3.42;3.83;0.48;9.84;INDUS;INDUS;8;30.34;3.42;0.48;3.83;0.015820698747528016;0.12623599208965064
Gen. Dynamics (US);G7;2014;INDUS;31.81;3.48;4.17;0.49;9.87;INDUS;INDUS;9;31.81;3.48;0.49;4.17;0.015403961018547628;0.1310908519333543
Gen. Dynamics (US);G7;2015;INDUS;31.5;3.5;4.1;0.5;9.9;INDUS;INDUS;10;31.5;3.5;0.5;4.1;0.015873015873015872;0.13015873015873014
Gen. Dynamics (US);G7;2016;INDUS;31.4;3.6;4.2;0.5;9.8;INDUS;INDUS;11;31.4;3.6;0.5;4.2;0.01592356687898089;0.1337579617834395
Gen. Dynamics (US);G7;2017;INDUS;31.0;3.8;4.1;0.6;9.8;INDUS;INDUS;12;31.0;3.8;0.6;4.1;0.01935483870967742;0.132258064516129
Gen. Dynamics (US);G7;2018;INDUS;36.2;4.2;4.4;0.7;10.5;INDUS;INDUS;13;36.2;4.2;0.7;4.4;0.01933701657458563;0.12154696132596685
Gen. Dynamics (US);G7;2019;INDUS;39.4;4.8;4.5;0.8;10.3;INDUS;INDUS;14;39.4;4.8;0.8;4.5;0.020304568527918784;0.11421319796954316
Gen. Dynamics (US);G7;2020;INDUS;37.9;5.2;4.1;0.9;10.1;INDUS;INDUS;15;37.9;5.2;0.9;4.1;0.0237467018469657;0.10817941952506596
Gen. Dynamics (US);G7;2021;INDUS;38.5;5.5;4.2;1.0;10.3;INDUS;INDUS;16;38.5;5.5;1.0;4.2;0.025974025974025976;0.1090909090909091
Gen. Dynamics (US);G7;2022;INDUS;39.4;5.8;4.3;1.1;10.6;INDUS;INDUS;17;39.4;5.8;1.1;4.3;0.02791878172588833;0.10913705583756345
Gen. Dynamics (US);G7;2023;INDUS;42.3;6.2;4.5;1.2;11.1;INDUS;INDUS;18;42.3;6.2;1.2;4.5;0.028368794326241134;0.10638297872340426
Gen. Dynamics (US);G7;2024;INDUS;44.5;6.6;4.8;1.3;11.4;INDUS;INDUS;19;44.5;6.6;1.3;4.8;0.029213483146067417;0.10786516853932585
Gen. Motors (US);G7;2005;INDUS;114.51;30.6;3.77;6.9;17.75;INDUS;INDUS;0;114.51;30.6;6.9;3.77;0.06025674613570867;0.03292288883066981
Gen. Motors (US);G7;2006;INDUS;121.98;31.33;4.16;6.92;18.22;INDUS;INDUS;1;121.98;31.33;6.92;4.16;0.05673061157566814;0.03410395146745368
Gen. Motors (US);G7;2007;INDUS;125.45;31.69;4.47;6.99;18.59;INDUS;INDUS;2;125.45;31.69;6.99;4.47;0.055719410123555205;0.035631725787166196
Gen. Motors (US);G7;2008;INDUS;130.31;32.56;4.8;7.05;18.63;INDUS;INDUS;3;130.31;32.56;7.05;4.8;0.05410175734786279;0.036835239045353387
Gen. Motors (US);G7;2009;INDUS;127.75;34.18;5.05;7.14;19.28;INDUS;INDUS;4;127.75;34.18;7.14;5.05;0.05589041095890411;0.03953033268101761
Gen. Motors (US);G7;2010;INDUS;153.54;34.73;11.44;7.21;19.59;INDUS;INDUS;5;153.54;34.73;7.21;11.44;0.04695844731014719;0.0745082714602058
Gen. Motors (US);G7;2011;INDUS;142.17;36.02;9.15;7.15;19.84;INDUS;INDUS;6;142.17;36.02;7.15;9.15;0.0502919040585215;0.0643595695294366
Gen. Motors (US);G7;2012;INDUS;145.18;36.27;9.61;7.12;20.42;INDUS;INDUS;7;145.18;36.27;7.12;9.61;0.04904256784681085;0.06619369059099049
Gen. Motors (US);G7;2013;INDUS;143.32;36.36;9.89;7.16;20.91;INDUS;INDUS;8;143.32;36.36;7.16;9.89;0.0499581356405247;0.06900641920178623
Gen. Motors (US);G7;2014;INDUS;146.62;37.54;10.35;7.28;20.91;INDUS;INDUS;9;146.62;37.54;7.28;10.35;0.04965216205156186;0.07059064247715181
Gen. Motors (US);G7;2015;INDUS;152.4;38.5;10.8;7.5;21.6;INDUS;INDUS;10;152.4;38.5;7.5;10.8;0.049212598425196846;0.07086614173228346
Gen. Motors (US);G7;2016;INDUS;166.4;40.2;12.5;8.1;22.5;INDUS;INDUS;11;166.4;40.2;8.1;12.5;0.04867788461538461;0.0751201923076923
Gen. Motors (US);G7;2017;INDUS;145.6;42.1;12.8;7.3;18.0;INDUS;INDUS;12;145.6;42.1;7.3;12.8;0.05013736263736264;0.08791208791208792
Gen. Motors (US);G7;2018;INDUS;147.0;44.5;10.8;7.8;17.3;INDUS;INDUS;13;147.0;44.5;7.8;10.8;0.053061224489795916;0.07346938775510205
Gen. Motors (US);G7;2019;INDUS;137.2;46.8;8.4;6.8;16.4;INDUS;INDUS;14;137.2;46.8;6.8;8.4;0.04956268221574344;0.06122448979591837
Gen. Motors (US);G7;2020;INDUS;122.5;47.2;6.7;6.2;15.5;INDUS;INDUS;15;122.5;47.2;6.2;6.7;0.05061224489795919;0.05469387755102041
Gen. Motors (US);G7;2021;INDUS;127.0;48.5;14.3;7.9;15.7;INDUS;INDUS;16;127.0;48.5;7.9;14.3;0.062204724409448825;0.1125984251968504
Gen. Motors (US);G7;2022;INDUS;156.7;50.2;14.5;9.8;16.7;INDUS;INDUS;17;156.7;50.2;9.8;14.5;0.06253988513082324;0.09253350350989152
Gen. Motors (US);G7;2023;INDUS;171.8;52.5;12.4;10.7;16.3;INDUS;INDUS;18;171.8;52.5;10.7;12.4;0.062281722933643764;0.07217694994179277
Gen. Motors (US);G7;2024;INDUS;175.2;54.8;13.1;11.2;16.1;INDUS;INDUS;19;175.2;54.8;11.2;13.1;0.0639269406392694;0.0747716894977169
Gentex (US);G7;2005;INDUS;0.95;0.27;0.17;0.1;0.39;INDUS;INDUS;0;0.95;0.27;0.1;0.17;0.10526315789473685;0.17894736842105266
Gentex (US);G7;2006;INDUS;0.98;0.28;0.18;0.1;0.4;INDUS;INDUS;1;0.98;0.28;0.1;0.18;0.10204081632653061;0.1836734693877551
Gentex (US);G7;2007;INDUS;1.02;0.29;0.19;0.1;0.41;INDUS;INDUS;2;1.02;0.29;0.1;0.19;0.09803921568627451;0.18627450980392157
Gentex (US);G7;2008;INDUS;1.09;0.3;0.21;0.1;0.42;INDUS;INDUS;3;1.09;0.3;0.1;0.21;0.09174311926605505;0.19266055045871558
Gentex (US);G7;2009;INDUS;1.07;0.31;0.22;0.1;0.42;INDUS;INDUS;4;1.07;0.31;0.1;0.22;0.09345794392523364;0.205607476635514
Gentex (US);G7;2010;INDUS;1.44;0.32;0.43;0.1;0.43;INDUS;INDUS;5;1.44;0.32;0.1;0.43;0.06944444444444445;0.2986111111111111
Gentex (US);G7;2011;INDUS;1.33;0.33;0.34;0.1;0.44;INDUS;INDUS;6;1.33;0.33;0.1;0.34;0.07518796992481203;0.2556390977443609
Gentex (US);G7;2012;INDUS;1.37;0.35;0.36;0.1;0.45;INDUS;INDUS;7;1.37;0.35;0.1;0.36;0.072992700729927;0.2627737226277372
Gentex (US);G7;2013;INDUS;1.43;0.36;0.39;0.1;0.46;INDUS;INDUS;8;1.43;0.36;0.1;0.39;0.06993006993006994;0.27272727272727276
Gentex (US);G7;2014;INDUS;1.49;0.37;0.41;0.1;0.47;INDUS;INDUS;9;1.49;0.37;0.1;0.41;0.06711409395973154;0.2751677852348993
Gentex (US);G7;2015;INDUS;1.55;0.38;0.45;0.1;0.48;INDUS;INDUS;10;1.55;0.38;0.1;0.45;0.06451612903225806;0.2903225806451613
Gentex (US);G7;2016;INDUS;1.68;0.42;0.51;0.11;0.52;INDUS;INDUS;11;1.68;0.42;0.11;0.51;0.06547619047619048;0.3035714285714286
Gentex (US);G7;2017;INDUS;1.79;0.45;0.58;0.12;0.55;INDUS;INDUS;12;1.79;0.45;0.12;0.58;0.0670391061452514;0.3240223463687151
Gentex (US);G7;2018;INDUS;1.83;0.48;0.55;0.11;0.58;INDUS;INDUS;13;1.83;0.48;0.11;0.55;0.060109289617486336;0.3005464480874317
Gentex (US);G7;2019;INDUS;1.86;0.52;0.54;0.12;0.6;INDUS;INDUS;14;1.86;0.52;0.12;0.54;0.06451612903225806;0.2903225806451613
Gentex (US);G7;2020;INDUS;1.69;0.55;0.45;0.11;0.58;INDUS;INDUS;15;1.69;0.55;0.11;0.45;0.0650887573964497;0.26627218934911245
Gentex (US);G7;2021;INDUS;1.73;0.58;0.44;0.12;0.55;INDUS;INDUS;16;1.73;0.58;0.12;0.44;0.06936416184971098;0.2543352601156069
Gentex (US);G7;2022;INDUS;1.92;0.65;0.41;0.13;0.58;INDUS;INDUS;17;1.92;0.65;0.13;0.41;0.06770833333333334;0.21354166666666666
Gentex (US);G7;2023;INDUS;2.3;0.72;0.52;0.15;0.62;INDUS;INDUS;18;2.3;0.72;0.15;0.52;0.06521739130434782;0.22608695652173916
Gentex (US);G7;2024;INDUS;2.45;0.78;0.58;0.16;0.65;INDUS;INDUS;19;2.45;0.78;0.16;0.58;0.06530612244897958;0.236734693877551
Gilead Sciences (US);G7;2005;PHARMA;19.57;1.32;4.8;2.17;0.55;PHARMA;PHARMA;0;19.57;1.32;2.17;4.8;0.11088400613183444;0.24527337761880427
Gilead Sciences (US);G7;2006;PHARMA;21.42;1.38;5.2;2.25;0.57;PHARMA;PHARMA;1;21.42;1.38;2.25;5.2;0.10504201680672268;0.24276377217553688
Gilead Sciences (US);G7;2007;PHARMA;22.94;1.45;5.62;2.36;0.59;PHARMA;PHARMA;2;22.94;1.45;2.36;5.62;0.1028770706190061;0.24498692240627723
Gilead Sciences (US);G7;2008;PHARMA;24.12;1.55;5.94;2.44;0.61;PHARMA;PHARMA;3;24.12;1.55;2.44;5.94;0.1011608623548922;0.24626865671641793
Gilead Sciences (US);G7;2009;PHARMA;23.65;1.64;6.25;2.51;0.62;PHARMA;PHARMA;4;23.65;1.64;2.51;6.25;0.10613107822410148;0.2642706131078224
Gilead Sciences (US);G7;2010;PHARMA;27.1;1.7;17.57;2.59;0.65;PHARMA;PHARMA;5;27.1;1.7;2.59;17.57;0.09557195571955719;0.6483394833948339
Gilead Sciences (US);G7;2011;PHARMA;25.09;1.78;14.06;2.68;0.68;PHARMA;PHARMA;6;25.09;1.78;2.68;14.06;0.10681546432841771;0.5603826225587883
Gilead Sciences (US);G7;2012;PHARMA;26.76;1.89;15.41;2.73;0.71;PHARMA;PHARMA;7;26.76;1.89;2.73;15.41;0.10201793721973093;0.5758594917787743
Gilead Sciences (US);G7;2013;PHARMA;28.71;1.97;16.93;2.85;0.74;PHARMA;PHARMA;8;28.71;1.97;2.85;16.93;0.09926854754440961;0.5896900034831069
Gilead Sciences (US);G7;2014;PHARMA;29.84;2.05;17.41;2.93;0.76;PHARMA;PHARMA;9;29.84;2.05;2.93;17.41;0.09819034852546918;0.5834450402144772
Gilead Sciences (US);G7;2015;PHARMA;32.64;2.15;18.15;3.01;0.8;PHARMA;PHARMA;10;32.64;2.15;3.01;18.15;0.09221813725490195;0.5560661764705882
Gilead Sciences (US);G7;2016;PHARMA;30.39;2.45;16.45;5.05;0.9;PHARMA;PHARMA;11;30.39;2.45;5.05;16.45;0.16617308325106941;0.5412964791049687
Gilead Sciences (US);G7;2017;PHARMA;26.11;2.85;12.15;3.72;1.0;PHARMA;PHARMA;12;26.11;2.85;3.72;12.15;0.14247414783607815;0.46533895059364233
Gilead Sciences (US);G7;2018;PHARMA;22.13;3.15;8.45;5.02;1.1;PHARMA;PHARMA;13;22.13;3.15;5.02;8.45;0.22684139177586984;0.3818346136466335
Gilead Sciences (US);G7;2019;PHARMA;22.45;3.45;8.12;9.11;1.2;PHARMA;PHARMA;14;22.45;3.45;9.11;8.12;0.40579064587973274;0.3616926503340757
Gilead Sciences (US);G7;2020;PHARMA;24.69;3.85;8.45;4.95;1.35;PHARMA;PHARMA;15;24.69;3.85;4.95;8.45;0.20048602673147023;0.34224382341028753
Gilead Sciences (US);G7;2021;PHARMA;27.31;4.15;9.85;5.25;1.45;PHARMA;PHARMA;16;27.31;4.15;5.25;9.85;0.19223727572317834;0.36067374588062984
Gilead Sciences (US);G7;2022;PHARMA;27.28;4.42;10.15;4.95;1.7;PHARMA;PHARMA;17;27.28;4.42;4.95;10.15;0.1814516129032258;0.3720674486803519
Gilead Sciences (US);G7;2023;PHARMA;27.11;4.65;9.85;5.45;1.8;PHARMA;PHARMA;18;27.11;4.65;5.45;9.85;0.20103282921431206;0.3633345628919218
Gilead Sciences (US);G7;2024;PHARMA;28.52;4.85;11.15;5.85;1.85;PHARMA;PHARMA;19;28.52;4.85;5.85;11.15;0.20511921458625526;0.3909537166900421
Ginlong Technologies;CN;2015;INDUS;0.29;0.09;0.04;0.03;;INDUS;INDUS;10;0.29;0.09;0.03;0.04;0.10344827586206896;0.13793103448275865
Ginlong Technologies;CN;2020;INDUS;0.52;0.16;0.08;0.05;;INDUS;INDUS;15;0.52;0.16;0.05;0.08;0.09615384615384616;0.15384615384615385
Ginlong Technologies;CN;2024;INDUS;0.79;0.24;0.09;0.08;;INDUS;INDUS;19;0.79;0.24;0.08;0.09;0.10126582278481013;0.11392405063291139
GlaxoSmithKline (EU);G7;2005;PHARMA;43.1886;13.832;4.5136;7.4256;7.42;PHARMA;PHARMA;0;43.1886;13.832;7.4256;4.5136;0.17193426042983564;0.10450906026127266
GlaxoSmithKline (EU);G7;2006;PHARMA;45.83541;14.72557;4.88395;7.574730000000001;7.66;PHARMA;PHARMA;1;45.83541;14.72557;7.574730000000001;4.88395;0.1652593486127865;0.10655408122235624
GlaxoSmithKline (EU);G7;2007;PHARMA;53.83378;16.336319999999997;6.005999999999999;8.4084;7.87;PHARMA;PHARMA;2;53.83378;16.336319999999997;8.4084;6.005999999999999;0.15619189289698773;0.11156563778356265
GlaxoSmithKline (EU);G7;2008;PHARMA;50.88338;15.676380000000002;5.63312;7.986429999999999;7.98;PHARMA;PHARMA;3;50.88338;15.676380000000002;7.986429999999999;5.63312;0.15695557174071373;0.11070648215586307
GlaxoSmithKline (EU);G7;2009;PHARMA;42.1298;13.8033;5.008;6.886;8.2;PHARMA;PHARMA;4;42.1298;13.8033;6.886;5.008;0.16344725111441308;0.1188707280832095
GlaxoSmithKline (EU);G7;2010;PHARMA;46.75104;13.9913;11.56408;6.941540000000001;8.5;PHARMA;PHARMA;5;46.75104;13.9913;6.941540000000001;11.56408;0.148478835978836;0.24735449735449735
GlaxoSmithKline (EU);G7;2011;PHARMA;44.912000000000006;15.1578;9.591920000000002;7.34632;8.74;PHARMA;PHARMA;6;44.912000000000006;15.1578;7.34632;9.591920000000002;0.16357142857142856;0.21357142857142858
GlaxoSmithKline (EU);G7;2012;PHARMA;47.1696;15.4062;10.50855;7.27515;9.09;PHARMA;PHARMA;7;47.1696;15.4062;7.27515;10.50855;0.15423387096774194;0.2227822580645161
GlaxoSmithKline (EU);G7;2013;PHARMA;49.23472;15.73384;11.1826;7.28824;9.37;PHARMA;PHARMA;8;49.23472;15.73384;7.28824;11.1826;0.14803049555273187;0.22712833545108005
GlaxoSmithKline (EU);G7;2014;PHARMA;53.27983999999999;17.2216;12.39296;7.778559999999999;9.69;PHARMA;PHARMA;9;53.27983999999999;17.2216;7.778559999999999;12.39296;0.14599443241571294;0.23260129910300034
GlaxoSmithKline (EU);G7;2015;PHARMA;55.83908;22.20108;12.46135;7.36978;10.1;PHARMA;PHARMA;10;55.83908;22.20108;7.36978;12.46135;0.13198247535596933;0.2231653888280394
GlaxoSmithKline (EU);G7;2016;PHARMA;51.2461;20.52825;10.1896;6.70725;9.9;PHARMA;PHARMA;11;51.2461;20.52825;6.70725;10.1896;0.13088313061872026;0.19883659439450027
GlaxoSmithKline (EU);G7;2017;PHARMA;51.75335;20.39198;10.892049999999998;6.63835;9.8;PHARMA;PHARMA;12;51.75335;20.39198;6.63835;10.892049999999998;0.12826899128268993;0.21046077210460767
GlaxoSmithKline (EU);G7;2018;PHARMA;55.4292;21.96075;12.21525;7.27575;9.5;PHARMA;PHARMA;13;55.4292;21.96075;7.27575;12.21525;0.13126204238921002;0.22037572254335258
GlaxoSmithKline (EU);G7;2019;PHARMA;55.10255;21.90055;12.96155;7.432139999999999;9.9;PHARMA;PHARMA;14;55.10255;21.90055;7.432139999999999;12.96155;0.13487833140208572;0.23522595596755505
GlaxoSmithKline (EU);G7;2020;PHARMA;56.6886;23.77968;12.1338;7.8966;9.4;PHARMA;PHARMA;15;56.6886;23.77968;7.8966;12.1338;0.1392978482446206;0.2140430351075878
GlaxoSmithKline (EU);G7;2021;PHARMA;63.0896;26.3504;11.2144;8.971519999999998;9.0;PHARMA;PHARMA;16;63.0896;26.3504;8.971519999999998;11.2144;0.1422028353326063;0.1777535441657579
GlaxoSmithKline (EU);G7;2022;PHARMA;43.44344;17.96124;9.71045;7.23645;7.1;PHARMA;PHARMA;17;43.44344;17.96124;7.23645;9.71045;0.16657175398633256;0.22351936218678814
GlaxoSmithKline (EU);G7;2023;PHARMA;47.8318;18.8466;10.1386;7.775;7.2;PHARMA;PHARMA;18;47.8318;18.8466;7.775;10.1386;0.16254876462938883;0.21196358907672302
GlaxoSmithKline (EU);G7;2024;PHARMA;52.5897;20.21796;11.693700000000002;8.754299999999999;7.5;PHARMA;PHARMA;19;52.5897;20.21796;8.754299999999999;11.693700000000002;0.16646415552855404;0.22235722964763063
GlobalFoundries (US);G7;2005;TECH;2.78;2.05;0.14;0.49;7.76;TECH;INDUS;0;2.78;2.05;0.49;0.14;0.1762589928057554;0.05035971223021583
GlobalFoundries (US);G7;2006;TECH;3.01;2.2;0.15;0.51;8.28;TECH;INDUS;1;3.01;2.2;0.51;0.15;0.16943521594684388;0.04983388704318937
GlobalFoundries (US);G7;2007;TECH;3.24;2.36;0.17;0.54;8.86;TECH;INDUS;2;3.24;2.36;0.54;0.17;0.16666666666666666;0.05246913580246913
GlobalFoundries (US);G7;2008;TECH;3.57;2.55;0.19;0.57;9.42;TECH;INDUS;3;3.57;2.55;0.57;0.19;0.15966386554621848;0.05322128851540617
GlobalFoundries (US);G7;2009;TECH;3.5;2.74;0.2;0.6;9.96;TECH;INDUS;4;3.5;2.74;0.6;0.2;0.17142857142857143;0.05714285714285715
GlobalFoundries (US);G7;2010;TECH;3.96;2.97;0.33;0.63;10.59;TECH;INDUS;5;3.96;2.97;0.63;0.33;0.1590909090909091;0.08333333333333334
GlobalFoundries (US);G7;2011;TECH;3.67;3.18;0.26;0.66;11.24;TECH;INDUS;6;3.67;3.18;0.66;0.26;0.1798365122615804;0.07084468664850137
GlobalFoundries (US);G7;2012;TECH;3.96;3.39;0.28;0.69;11.68;TECH;INDUS;7;3.96;3.39;0.69;0.28;0.17424242424242423;0.07070707070707072
GlobalFoundries (US);G7;2013;TECH;4.36;3.61;0.32;0.73;12.4;TECH;INDUS;8;4.36;3.61;0.73;0.32;0.16743119266055045;0.07339449541284403
GlobalFoundries (US);G7;2014;TECH;4.82;3.89;0.35;0.76;13.1;TECH;INDUS;9;4.82;3.89;0.76;0.35;0.15767634854771784;0.07261410788381742
GlobalFoundries (US);G7;2015;TECH;4.31;0.74;0.8;1.04;1.2;TECH;INDUS;10;4.31;0.74;1.04;0.8;0.24129930394431556;0.18561484918793505
GlobalFoundries (US);G7;2016;TECH;4.92;0.86;1.0;0.59;1.26;TECH;INDUS;11;4.92;0.86;0.59;1.0;0.11991869918699187;0.2032520325203252
GlobalFoundries (US);G7;2017;TECH;5.17;0.59;1.39;0.92;1.32;TECH;INDUS;12;5.17;0.59;0.92;1.39;0.17794970986460348;0.2688588007736944
GlobalFoundries (US);G7;2018;TECH;5.43;1.14;1.56;0.77;1.39;TECH;INDUS;13;5.43;1.14;0.77;1.56;0.141804788213628;0.28729281767955805
GlobalFoundries (US);G7;2019;TECH;6.1;0.95;1.16;1.11;1.46;TECH;INDUS;14;6.1;0.95;1.11;1.16;0.1819672131147541;0.1901639344262295
GlobalFoundries (US);G7;2020;TECH;6.67;1.66;1.84;0.95;1.53;TECH;INDUS;15;6.67;1.66;0.95;1.84;0.1424287856071964;0.27586206896551724
GlobalFoundries (US);G7;2021;TECH;6.99;2.01;1.26;1.23;1.61;TECH;INDUS;16;6.99;2.01;1.23;1.26;0.1759656652360515;0.18025751072961374
GlobalFoundries (US);G7;2022;TECH;7.94;2.06;2.28;1.28;1.69;TECH;INDUS;17;7.94;2.06;1.28;2.28;0.16120906801007556;0.28715365239294705
GlobalFoundries (US);G7;2023;TECH;8.36;1.78;1.67;1.63;1.77;TECH;INDUS;18;8.36;1.78;1.63;1.67;0.19497607655502391;0.19976076555023925
GlobalFoundries (US);G7;2024;TECH;8.61;1.98;1.59;1.61;1.86;TECH;INDUS;19;8.61;1.98;1.61;1.59;0.1869918699186992;0.18466898954703834
Goertek;CN;2005;TECH;0.04;0.008;0.001;0.001;;TECH;TECH;0;0.04;0.008;0.001;0.001;0.025;0.025
Goertek;CN;2006;TECH;0.07;0.015;0.003;0.003;;TECH;TECH;1;0.07;0.015;0.003;0.003;0.04285714285714285;0.04285714285714285
Goertek;CN;2007;TECH;0.11;0.024;0.005;0.005;;TECH;TECH;2;0.11;0.024;0.005;0.005;0.045454545454545456;0.045454545454545456
Goertek;CN;2008;TECH;0.16;0.035;0.007;0.007;;TECH;TECH;3;0.16;0.035;0.007;0.007;0.04375;0.04375
Goertek;CN;2009;TECH;0.22;0.048;0.01;0.01;;TECH;TECH;4;0.22;0.048;0.01;0.01;0.045454545454545456;0.045454545454545456
Goertek;CN;2010;TECH;0.32;0.07;0.015;0.015;;TECH;TECH;5;0.32;0.07;0.015;0.015;0.046875;0.046875
Goertek;CN;2011;TECH;0.48;0.105;0.022;0.022;;TECH;TECH;6;0.48;0.105;0.022;0.022;0.04583333333333333;0.04583333333333333
Goertek;CN;2012;TECH;0.7;0.155;0.032;0.032;;TECH;TECH;7;0.7;0.155;0.032;0.032;0.04571428571428572;0.04571428571428572
Goertek;CN;2013;TECH;1.0;0.22;0.046;0.046;;TECH;TECH;8;1.0;0.22;0.046;0.046;0.046;0.046
Goertek;CN;2014;TECH;1.4;0.31;0.065;0.065;;TECH;TECH;9;1.4;0.31;0.065;0.065;0.04642857142857143;0.04642857142857143
Goertek;CN;2015;TECH;1.95;0.43;0.09;0.09;;TECH;TECH;10;1.95;0.43;0.09;0.09;0.046153846153846156;0.046153846153846156
Goertek;CN;2016;TECH;2.7;0.6;0.125;0.125;;TECH;TECH;11;2.7;0.6;0.125;0.125;0.046296296296296294;0.046296296296296294
Goertek;CN;2017;TECH;3.7;0.82;0.17;0.17;;TECH;TECH;12;3.7;0.82;0.17;0.17;0.04594594594594595;0.04594594594594595
Goertek;CN;2018;TECH;5.0;1.12;0.23;0.23;;TECH;TECH;13;5.0;1.12;0.23;0.23;0.046;0.046
Goertek;CN;2019;TECH;6.8;1.52;0.31;0.31;;TECH;TECH;14;6.8;1.52;0.31;0.31;0.045588235294117645;0.045588235294117645
Goertek;CN;2020;TECH;9.2;2.05;0.42;0.42;;TECH;TECH;15;9.2;2.05;0.42;0.42;0.04565217391304348;0.04565217391304348
Goertek;CN;2021;TECH;12.5;2.8;0.58;0.58;;TECH;TECH;16;12.5;2.8;0.58;0.58;0.0464;0.0464
Goertek;CN;2022;TECH;11.8;2.65;0.54;0.54;;TECH;TECH;17;11.8;2.65;0.54;0.54;0.04576271186440678;0.04576271186440678
Goertek;CN;2023;TECH;12.2;2.72;0.56;0.56;;TECH;TECH;18;12.2;2.72;0.56;0.56;0.0459016393442623;0.0459016393442623
Goertek;CN;2024;TECH;12.8;2.85;0.59;0.59;;TECH;TECH;19;12.8;2.85;0.59;0.59;0.046093749999999996;0.046093749999999996
Gotion High-Tech;CN;2015;INDUS;1.75;0.7;0.01;0.13;;INDUS;INDUS;10;1.75;0.7;0.13;0.01;0.07428571428571429;0.005714285714285714
Gotion High-Tech;CN;2020;INDUS;1.68;0.67;-0.05;0.45;;INDUS;INDUS;15;1.68;0.67;0.45;-0.05;0.26785714285714285;-0.029761904761904764
Gotion High-Tech;CN;2024;INDUS;8.63;3.45;0.75;0.52;;INDUS;INDUS;19;8.63;3.45;0.52;0.75;0.06025492468134414;0.08690614136732329
Great Wall Motor;CN;2005;AUTO;0.39;0.25;0.031;0.012;;AUTO;AUTO;0;0.39;0.25;0.012;0.031;0.030769230769230767;0.07948717948717948
Great Wall Motor;CN;2006;AUTO;0.55;0.35;0.044;0.017;;AUTO;AUTO;1;0.55;0.35;0.017;0.044;0.03090909090909091;0.07999999999999999
Great Wall Motor;CN;2007;AUTO;0.81;0.5;0.065;0.025;;AUTO;AUTO;2;0.81;0.5;0.025;0.065;0.030864197530864196;0.08024691358024691
Great Wall Motor;CN;2008;AUTO;0.95;0.6;0.076;0.029;;AUTO;AUTO;3;0.95;0.6;0.029;0.076;0.030526315789473686;0.08
Great Wall Motor;CN;2009;AUTO;1.52;0.95;0.122;0.046;;AUTO;AUTO;4;1.52;0.95;0.046;0.122;0.030263157894736843;0.08026315789473684
Great Wall Motor;CN;2010;AUTO;2.72;1.7;0.218;0.082;;AUTO;AUTO;5;2.72;1.7;0.082;0.218;0.030147058823529412;0.0801470588235294
Great Wall Motor;CN;2011;AUTO;3.7;2.3;0.296;0.111;;AUTO;AUTO;6;3.7;2.3;0.111;0.296;0.03;0.07999999999999999
Great Wall Motor;CN;2012;AUTO;5.32;3.3;0.426;0.16;;AUTO;AUTO;7;5.32;3.3;0.16;0.426;0.03007518796992481;0.0800751879699248
Great Wall Motor;CN;2013;AUTO;7.0;4.3;0.56;0.21;;AUTO;AUTO;8;7.0;4.3;0.21;0.56;0.03;0.08
Great Wall Motor;CN;2014;AUTO;7.69;4.7;0.615;0.231;;AUTO;AUTO;9;7.69;4.7;0.231;0.615;0.030039011703511052;0.0799739921976593
Great Wall Motor;CN;2015;AUTO;11.88;7.2;0.95;0.356;;AUTO;AUTO;10;11.88;7.2;0.356;0.95;0.029966329966329964;0.07996632996632996
Great Wall Motor;CN;2016;AUTO;15.41;9.3;1.233;0.462;;AUTO;AUTO;11;15.41;9.3;0.462;1.233;0.029980532121998704;0.08001297858533421
Great Wall Motor;CN;2017;AUTO;15.81;9.5;1.265;0.474;;AUTO;AUTO;12;15.81;9.5;0.474;1.265;0.029981024667931688;0.08001265022137886
Great Wall Motor;CN;2018;AUTO;14.42;8.7;1.154;0.433;;AUTO;AUTO;13;14.42;8.7;0.433;1.154;0.03002773925104022;0.08002773925104022
Great Wall Motor;CN;2019;AUTO;13.96;8.4;1.117;0.419;;AUTO;AUTO;14;13.96;8.4;0.419;1.117;0.030014326647564468;0.08001432664756447
Great Wall Motor;CN;2020;AUTO;15.09;9.1;1.207;0.453;;AUTO;AUTO;15;15.09;9.1;0.453;1.207;0.030019880715705768;0.0799867461895295
Great Wall Motor;CN;2021;AUTO;20.38;12.2;1.63;0.611;;AUTO;AUTO;16;20.38;12.2;0.611;1.63;0.02998037291462218;0.07998037291462218
Great Wall Motor;CN;2022;AUTO;20.91;12.5;1.673;0.627;;AUTO;AUTO;17;20.91;12.5;0.627;1.673;0.02998565279770445;0.08000956480153038
Great Wall Motor;CN;2023;AUTO;24.15;14.5;1.932;0.724;;AUTO;AUTO;18;24.15;14.5;0.724;1.932;0.02997929606625259;0.08
Great Wall Motor;CN;2024;AUTO;28.05;16.8;2.244;0.842;;AUTO;AUTO;19;28.05;16.8;0.842;2.244;0.030017825311942956;0.08
Gree Electric;China;2005;INDUS;10.15;3.77;0.73;0.57;51.29;INDUS;INDUS;0;10.15;3.77;0.57;0.73;0.05615763546798029;0.07192118226600985
Gree Electric;China;2006;INDUS;10.87;3.87;0.8;0.59;53.69;INDUS;INDUS;1;10.87;3.87;0.59;0.8;0.05427782888684453;0.0735970561177553
Gree Electric;China;2007;INDUS;11.94;4.09;0.89;0.61;55.93;INDUS;INDUS;2;11.94;4.09;0.61;0.89;0.05108877721943049;0.0745393634840871
Gree Electric;China;2008;INDUS;12.58;4.28;0.92;0.63;58.44;INDUS;INDUS;3;12.58;4.28;0.63;0.92;0.050079491255961846;0.07313195548489666
Gree Electric;China;2009;INDUS;12.33;4.55;0.97;0.65;61.39;INDUS;INDUS;4;12.33;4.55;0.65;0.97;0.05271695052716951;0.0786699107866991
Gree Electric;China;2010;INDUS;16.88;4.83;2.23;0.66;63.97;INDUS;INDUS;5;16.88;4.83;0.66;2.23;0.03909952606635071;0.1321090047393365
Gree Electric;China;2011;INDUS;15.63;5.08;1.78;0.68;67.68;INDUS;INDUS;6;15.63;5.08;0.68;1.78;0.04350607805502239;0.11388355726167626
Gree Electric;China;2012;INDUS;16.23;5.3;1.9;0.71;69.54;INDUS;INDUS;7;16.23;5.3;0.71;1.9;0.043746149106592726;0.11706715958102279
Gree Electric;China;2013;INDUS;17.05;5.61;2.09;0.73;72.61;INDUS;INDUS;8;17.05;5.61;0.73;2.09;0.042815249266862164;0.1225806451612903
Gree Electric;China;2014;INDUS;18.5;5.92;2.22;0.77;76.39;INDUS;INDUS;9;18.5;5.92;0.77;2.22;0.04162162162162162;0.12000000000000001
Gree Electric;China;2015;INDUS;26.6;3.7;3.9;1.2;7.2;INDUS;INDUS;10;26.6;3.7;1.2;3.9;0.045112781954887216;0.14661654135338345
Gree Electric;China;2016;INDUS;28.4;3.9;4.8;1.2;7.3;INDUS;INDUS;11;28.4;3.9;1.2;4.8;0.04225352112676056;0.16901408450704225
Gree Electric;China;2017;INDUS;37.1;4.1;6.3;1.4;8.5;INDUS;INDUS;12;37.1;4.1;1.4;6.3;0.03773584905660377;0.16981132075471697
Gree Electric;China;2018;INDUS;48.9;4.5;7.4;1.8;8.8;INDUS;INDUS;13;48.9;4.5;1.8;7.4;0.03680981595092025;0.15132924335378325
Gree Electric;China;2019;INDUS;49.4;4.7;7.3;1.5;8.9;INDUS;INDUS;14;49.4;4.7;1.5;7.3;0.03036437246963563;0.14777327935222673
Gree Electric;China;2020;INDUS;42.5;5.0;6.0;1.6;8.4;INDUS;INDUS;15;42.5;5.0;1.6;6.0;0.037647058823529415;0.1411764705882353
Gree Electric;China;2021;INDUS;47.6;5.4;6.6;1.6;8.2;INDUS;INDUS;16;47.6;5.4;1.6;6.6;0.03361344537815126;0.13865546218487393
Gree Electric;China;2022;INDUS;50.1;6.0;7.2;1.7;7.2;INDUS;INDUS;17;50.1;6.0;1.7;7.2;0.033932135728542916;0.1437125748502994
Gree Electric;China;2023;INDUS;56.3;6.7;8.6;1.9;7.2;INDUS;INDUS;18;56.3;6.7;1.9;8.6;0.03374777975133215;0.152753108348135
Gree Electric;China;2024;INDUS;60.3;7.4;9.2;2.0;7.2;INDUS;INDUS;19;60.3;7.4;2.0;9.2;0.03316749585406302;0.15257048092868988
Groupe SEB (EU);G7;2005;INDUS;4.01812;0.8583599999999999;0.17416;0.1244;2.18;INDUS;INDUS;0;4.01812;0.8583599999999999;0.1244;0.17416;0.030959752321981424;0.043343653250774
Groupe SEB (EU);G7;2006;INDUS;4.30808;0.8792;0.1883999999999999;0.1256;2.22;INDUS;INDUS;1;4.30808;0.8792;0.1256;0.1883999999999999;0.029154518950437313;0.04373177842565595
Groupe SEB (EU);G7;2007;INDUS;4.7985;0.97341;0.21936;0.1371;2.31;INDUS;INDUS;2;4.7985;0.97341;0.1371;0.21936;0.028571428571428574;0.045714285714285714
Groupe SEB (EU);G7;2008;INDUS;5.39857;1.05912;0.23536;0.1471;2.36;INDUS;INDUS;3;5.39857;1.05912;0.1471;0.23536;0.027247956403269755;0.043596730245231606
Groupe SEB (EU);G7;2009;INDUS;5.0184;1.0315599999999998;0.23698;0.1394;2.38;INDUS;INDUS;4;5.0184;1.0315599999999998;0.1394;0.23698;0.02777777777777778;0.04722222222222222
Groupe SEB (EU);G7;2010;INDUS;5.92722;0.9945;0.51714;0.1326;2.44;INDUS;INDUS;5;5.92722;0.9945;0.1326;0.51714;0.022371364653243846;0.087248322147651
Groupe SEB (EU);G7;2011;INDUS;5.762879999999999;1.05792;0.4315199999999999;0.1392;2.48;INDUS;INDUS;6;5.762879999999999;1.05792;0.1392;0.4315199999999999;0.02415458937198068;0.0748792270531401
Groupe SEB (EU);G7;2012;INDUS;5.5941;0.99022;0.42438;0.1286;2.5;INDUS;INDUS;7;5.5941;0.99022;0.1286;0.42438;0.022988505747126436;0.07586206896551724
Groupe SEB (EU);G7;2013;INDUS;6.029120000000001;1.04912;0.47808;0.1328;2.49;INDUS;INDUS;8;6.029120000000001;1.04912;0.1328;0.47808;0.02202643171806167;0.07929515418502202
Groupe SEB (EU);G7;2014;INDUS;6.27288;1.03662;0.50502;0.1329;2.55;INDUS;INDUS;9;6.27288;1.03662;0.1329;0.50502;0.0211864406779661;0.0805084745762712
Groupe SEB (EU);G7;2015;INDUS;5.328;0.8880000000000001;0.444;0.111;2.6;INDUS;INDUS;10;5.328;0.8880000000000001;0.111;0.444;0.020833333333333332;0.08333333333333333
Groupe SEB (EU);G7;2016;INDUS;5.535;0.9963;0.5535;0.2214;2.7;INDUS;INDUS;11;5.535;0.9963;0.2214;0.5535;0.04;0.09999999999999999
Groupe SEB (EU);G7;2017;INDUS;7.344999999999999;1.356;0.6779999999999999;0.2259999999999999;3.3;INDUS;INDUS;12;7.344999999999999;1.356;0.2259999999999999;0.6779999999999999;0.03076923076923076;0.09230769230769231
Groupe SEB (EU);G7;2018;INDUS;8.0308;1.5353;0.8267;0.2362;3.4;INDUS;INDUS;13;8.0308;1.5353;0.2362;0.8267;0.029411764705882356;0.10294117647058824
Groupe SEB (EU);G7;2019;INDUS;8.1687;1.6785;0.7833;0.3357;3.4;INDUS;INDUS;14;8.1687;1.6785;0.3357;0.7833;0.04109589041095891;0.09589041095890412
Groupe SEB (EU);G7;2020;INDUS;7.879799999999999;1.8272;0.6851999999999999;0.3425999999999999;3.3;INDUS;INDUS;15;7.879799999999999;1.8272;0.3425999999999999;0.6851999999999999;0.043478260869565216;0.08695652173913045
Groupe SEB (EU);G7;2021;INDUS;9.464;2.0111;0.9464;0.3549;3.3;INDUS;INDUS;16;9.464;2.0111;0.3549;0.9464;0.0375;0.09999999999999999
Groupe SEB (EU);G7;2022;INDUS;8.3187;1.8954;0.6317999999999999;0.3158999999999999;3.2;INDUS;INDUS;17;8.3187;1.8954;0.3158999999999999;0.6317999999999999;0.037974683544303785;0.07594936708860758
Groupe SEB (EU);G7;2023;INDUS;8.7642;2.0558;0.7574;0.3246;3.1;INDUS;INDUS;18;8.7642;2.0558;0.3246;0.7574;0.037037037037037035;0.08641975308641975
Groupe SEB (EU);G7;2024;INDUS;8.9806;2.164;0.8656000000000001;0.3246;3.2;INDUS;INDUS;19;8.9806;2.164;0.3246;0.8656000000000001;0.03614457831325301;0.0963855421686747
Guoxuan High-Tech;China;2005;INDUS;0.36;0.19;0.04;0.06;1.61;INDUS;INDUS;0;0.36;0.19;0.06;0.04;0.16666666666666666;0.11111111111111112
Guoxuan High-Tech;China;2006;INDUS;0.4;0.21;0.04;0.06;1.72;INDUS;INDUS;1;0.4;0.21;0.06;0.04;0.15;0.09999999999999999
Guoxuan High-Tech;China;2007;INDUS;0.44;0.22;0.04;0.06;1.82;INDUS;INDUS;2;0.44;0.22;0.06;0.04;0.13636363636363635;0.09090909090909091
Guoxuan High-Tech;China;2008;INDUS;0.5;0.24;0.04;0.06;1.96;INDUS;INDUS;3;0.5;0.24;0.06;0.04;0.12;0.08
Guoxuan High-Tech;China;2009;INDUS;0.49;0.26;0.04;0.06;2.12;INDUS;INDUS;4;0.49;0.26;0.06;0.04;0.12244897959183673;0.0816326530612245
Guoxuan High-Tech;China;2010;INDUS;0.58;0.28;0.07;0.06;2.26;INDUS;INDUS;5;0.58;0.28;0.06;0.07;0.10344827586206896;0.12068965517241381
Guoxuan High-Tech;China;2011;INDUS;0.54;0.3;0.06;0.06;2.38;INDUS;INDUS;6;0.54;0.3;0.06;0.06;0.1111111111111111;0.1111111111111111
Guoxuan High-Tech;China;2012;INDUS;0.6;0.33;0.06;0.06;2.48;INDUS;INDUS;7;0.6;0.33;0.06;0.06;0.1;0.1
Guoxuan High-Tech;China;2013;INDUS;0.67;0.35;0.07;0.06;2.66;INDUS;INDUS;8;0.67;0.35;0.06;0.07;0.08955223880597014;0.10447761194029852
Guoxuan High-Tech;China;2014;INDUS;0.73;0.37;0.07;0.06;2.84;INDUS;INDUS;9;0.73;0.37;0.06;0.07;0.0821917808219178;0.09589041095890412
Guoxuan High-Tech;China;2015;INDUS;0.7;0.2;0.2;0.0;0.4;INDUS;INDUS;10;0.7;0.2;0.0;0.2;0.0;0.28571428571428575
Guoxuan High-Tech;China;2016;INDUS;1.2;0.3;0.3;0.1;0.4;INDUS;INDUS;11;1.2;0.3;0.1;0.3;0.08333333333333334;0.25
Guoxuan High-Tech;China;2017;INDUS;1.2;0.5;0.2;0.1;0.6;INDUS;INDUS;12;1.2;0.5;0.1;0.2;0.08333333333333334;0.16666666666666669
Guoxuan High-Tech;China;2018;INDUS;1.3;0.6;0.1;0.1;0.8;INDUS;INDUS;13;1.3;0.6;0.1;0.1;0.07692307692307693;0.07692307692307693
Guoxuan High-Tech;China;2019;INDUS;1.2;0.8;0.0;0.2;0.9;INDUS;INDUS;14;1.2;0.8;0.2;0.0;0.16666666666666669;0.0
Guoxuan High-Tech;China;2020;INDUS;1.7;1.1;0.0;0.2;1.1;INDUS;INDUS;15;1.7;1.1;0.2;0.0;0.11764705882352942;0.0
Guoxuan High-Tech;China;2021;INDUS;2.6;1.7;0.0;0.3;1.4;INDUS;INDUS;16;2.6;1.7;0.3;0.0;0.11538461538461538;0.0
Guoxuan High-Tech;China;2022;INDUS;6.1;2.8;0.1;0.6;1.8;INDUS;INDUS;17;6.1;2.8;0.6;0.1;0.09836065573770492;0.01639344262295082
Guoxuan High-Tech;China;2023;INDUS;8.7;4.1;0.3;0.8;2.1;INDUS;INDUS;18;8.7;4.1;0.8;0.3;0.09195402298850576;0.034482758620689655
Guoxuan High-Tech;China;2024;INDUS;10.9;5.1;0.5;1.0;2.4;INDUS;INDUS;19;10.9;5.1;1.0;0.5;0.09174311926605504;0.04587155963302752
HMM (KR);G7;2005;INDUS;3.21;3.26;-0.06;0.0;0.1;INDUS;INDUS;0;3.21;3.26;0.0;-0.06;0.0;-0.018691588785046728
HMM (KR);G7;2006;INDUS;3.4;3.4;-0.06;0.0;0.1;INDUS;INDUS;1;3.4;3.4;0.0;-0.06;0.0;-0.01764705882352941
HMM (KR);G7;2007;INDUS;3.57;3.52;-0.07;0.0;0.1;INDUS;INDUS;2;3.57;3.52;0.0;-0.07;0.0;-0.019607843137254905
HMM (KR);G7;2008;INDUS;3.67;3.62;-0.08;0.0;0.1;INDUS;INDUS;3;3.67;3.62;0.0;-0.08;0.0;-0.021798365122615803
HMM (KR);G7;2009;INDUS;3.6;3.76;-0.08;0.0;0.1;INDUS;INDUS;4;3.6;3.76;0.0;-0.08;0.0;-0.022222222222222223
HMM (KR);G7;2010;INDUS;4.78;3.91;-0.19;0.0;0.1;INDUS;INDUS;5;4.78;3.91;0.0;-0.19;0.0;-0.0397489539748954
HMM (KR);G7;2011;INDUS;4.43;4.01;-0.15;0.0;0.1;INDUS;INDUS;6;4.43;4.01;0.0;-0.15;0.0;-0.033860045146726865
HMM (KR);G7;2012;INDUS;4.59;4.14;-0.16;0.0;0.1;INDUS;INDUS;7;4.59;4.14;0.0;-0.16;0.0;-0.034858387799564274
HMM (KR);G7;2013;INDUS;4.62;4.29;-0.17;0.0;0.1;INDUS;INDUS;8;4.62;4.29;0.0;-0.17;0.0;-0.0367965367965368
HMM (KR);G7;2014;INDUS;4.9;4.42;-0.19;0.0;0.1;INDUS;INDUS;9;4.9;4.42;0.0;-0.19;0.0;-0.03877551020408163
HMM (KR);G7;2015;INDUS;5.1;4.5;-0.2;0.0;0.1;INDUS;INDUS;10;5.1;4.5;0.0;-0.2;0.0;-0.03921568627450981
HMM (KR);G7;2016;INDUS;4.2;4.2;-0.7;0.0;0.1;INDUS;INDUS;11;4.2;4.2;0.0;-0.7;0.0;-0.16666666666666666
HMM (KR);G7;2017;INDUS;4.5;4.0;-0.4;0.0;0.1;INDUS;INDUS;12;4.5;4.0;0.0;-0.4;0.0;-0.08888888888888889
HMM (KR);G7;2018;INDUS;4.8;3.8;-0.5;0.0;0.1;INDUS;INDUS;13;4.8;3.8;0.0;-0.5;0.0;-0.10416666666666667
HMM (KR);G7;2019;INDUS;5.1;3.5;-0.3;0.0;0.1;INDUS;INDUS;14;5.1;3.5;0.0;-0.3;0.0;-0.058823529411764705
HMM (KR);G7;2020;INDUS;5.8;4.2;0.8;0.0;0.2;INDUS;INDUS;15;5.8;4.2;0.0;0.8;0.0;0.13793103448275862
HMM (KR);G7;2021;INDUS;11.5;5.8;6.1;0.0;0.2;INDUS;INDUS;16;11.5;5.8;0.0;6.1;0.0;0.5304347826086956
HMM (KR);G7;2022;INDUS;14.8;7.2;8.5;0.0;0.2;INDUS;INDUS;17;14.8;7.2;0.0;8.5;0.0;0.5743243243243243
HMM (KR);G7;2023;INDUS;7.2;8.1;0.5;0.0;0.2;INDUS;INDUS;18;7.2;8.1;0.0;0.5;0.0;0.06944444444444445
HMM (KR);G7;2024;INDUS;8.1;8.5;0.9;0.0;0.2;INDUS;INDUS;19;8.1;8.5;0.0;0.9;0.0;0.11111111111111112
Haier Smart;China;2005;INDUS;8.88;3.6;0.35;0.34;29.92;INDUS;INDUS;0;8.88;3.6;0.34;0.35;0.038288288288288286;0.03941441441441441
Haier Smart;China;2006;INDUS;10.33;3.97;0.4;0.37;32.5;INDUS;INDUS;1;10.33;3.97;0.37;0.4;0.03581800580832527;0.038722168441432725
Haier Smart;China;2007;INDUS;12.14;4.41;0.46;0.4;34.8;INDUS;INDUS;2;12.14;4.41;0.4;0.46;0.032948929159802305;0.03789126853377265
Haier Smart;China;2008;INDUS;13.99;4.87;0.55;0.43;38.4;INDUS;INDUS;3;13.99;4.87;0.43;0.55;0.030736240171551108;0.039313795568263046
Haier Smart;China;2009;INDUS;13.72;5.37;0.58;0.47;42.19;INDUS;INDUS;4;13.72;5.37;0.47;0.58;0.034256559766763846;0.04227405247813411
Haier Smart;China;2010;INDUS;18.77;5.88;1.44;0.51;45.82;INDUS;INDUS;5;18.77;5.88;0.51;1.44;0.02717101758124667;0.07671816728822589
Haier Smart;China;2011;INDUS;17.38;6.43;1.15;0.54;49.89;INDUS;INDUS;6;17.38;6.43;0.54;1.15;0.031070195627157658;0.06616800920598388
Haier Smart;China;2012;INDUS;20.11;7.09;1.36;0.58;54.16;INDUS;INDUS;7;20.11;7.09;0.58;1.36;0.028841372451516658;0.0676280457483839
Haier Smart;China;2013;INDUS;22.35;7.83;1.55;0.61;58.91;INDUS;INDUS;8;22.35;7.83;0.61;1.55;0.02729306487695749;0.06935123042505592
Haier Smart;China;2014;INDUS;25.43;8.65;1.7;0.66;64.3;INDUS;INDUS;9;25.43;8.65;0.66;1.7;0.025953598112465594;0.06685017695635076
Haier Smart;China;2015;INDUS;23.7;3.8;1.5;0.9;6.2;INDUS;INDUS;10;23.7;3.8;0.9;1.5;0.0379746835443038;0.06329113924050633
Haier Smart;China;2016;INDUS;30.7;4.2;1.8;1.2;7.5;INDUS;INDUS;11;30.7;4.2;1.2;1.8;0.03908794788273615;0.05863192182410424
Haier Smart;China;2017;INDUS;39.4;4.7;2.5;1.4;7.8;INDUS;INDUS;12;39.4;4.7;1.4;2.5;0.03553299492385787;0.06345177664974619
Haier Smart;China;2018;INDUS;44.8;5.2;3.0;1.6;8.5;INDUS;INDUS;13;44.8;5.2;1.6;3.0;0.03571428571428572;0.06696428571428571
Haier Smart;China;2019;INDUS;49.5;5.5;3.3;1.8;9.2;INDUS;INDUS;14;49.5;5.5;1.8;3.3;0.03636363636363636;0.06666666666666667
Haier Smart;China;2020;INDUS;52.2;6.2;3.2;2.0;9.8;INDUS;INDUS;15;52.2;6.2;2.0;3.2;0.038314176245210725;0.06130268199233716
Haier Smart;China;2021;INDUS;57.1;6.7;4.1;2.3;10.4;INDUS;INDUS;16;57.1;6.7;2.3;4.1;0.04028021015761821;0.07180385288966724
Haier Smart;China;2022;INDUS;64.2;7.4;4.6;2.7;10.8;INDUS;INDUS;17;64.2;7.4;2.7;4.6;0.04205607476635514;0.07165109034267912
Haier Smart;China;2023;INDUS;71.8;8.6;5.3;3.1;11.2;INDUS;INDUS;18;71.8;8.6;3.1;5.3;0.04317548746518106;0.07381615598885793
Haier Smart;China;2024;INDUS;79.5;9.9;6.1;3.5;11.6;INDUS;INDUS;19;79.5;9.9;3.5;6.1;0.0440251572327044;0.07672955974842767
Han's Laser;China;2005;TECH;0.55;0.19;0.05;0.08;4.49;TECH;INDUS;0;0.55;0.19;0.08;0.05;0.14545454545454545;0.09090909090909091
Han's Laser;China;2006;TECH;0.62;0.21;0.06;0.08;4.77;TECH;INDUS;1;0.62;0.21;0.08;0.06;0.12903225806451613;0.0967741935483871
Han's Laser;China;2007;TECH;0.69;0.22;0.07;0.09;5.05;TECH;INDUS;2;0.69;0.22;0.09;0.07;0.13043478260869565;0.10144927536231886
Han's Laser;China;2008;TECH;0.79;0.24;0.08;0.09;5.37;TECH;INDUS;3;0.79;0.24;0.09;0.08;0.11392405063291139;0.10126582278481013
Han's Laser;China;2009;TECH;0.77;0.26;0.08;0.09;5.72;TECH;INDUS;4;0.77;0.26;0.09;0.08;0.11688311688311688;0.10389610389610389
Han's Laser;China;2010;TECH;0.84;0.28;0.14;0.09;6.13;TECH;INDUS;5;0.84;0.28;0.09;0.14;0.10714285714285714;0.16666666666666669
Han's Laser;China;2011;TECH;0.78;0.3;0.11;0.09;6.39;TECH;INDUS;6;0.78;0.3;0.09;0.11;0.11538461538461538;0.14102564102564102
Han's Laser;China;2012;TECH;0.85;0.32;0.12;0.09;6.76;TECH;INDUS;7;0.85;0.32;0.09;0.12;0.10588235294117647;0.1411764705882353
Han's Laser;China;2013;TECH;0.9;0.35;0.13;0.09;7.19;TECH;INDUS;8;0.9;0.35;0.09;0.13;0.09999999999999999;0.14444444444444446
Han's Laser;China;2014;TECH;0.97;0.37;0.13;0.09;7.62;TECH;INDUS;9;0.97;0.37;0.09;0.13;0.09278350515463918;0.13402061855670103
Han's Laser;China;2015;INDUS;1.5;0.5;0.2;0.1;0.8;INDUS;INDUS;10;1.5;0.5;0.1;0.2;0.06666666666666667;0.13333333333333333
Han's Laser;China;2016;INDUS;1.8;0.5;0.3;0.2;0.8;INDUS;INDUS;11;1.8;0.5;0.2;0.3;0.11111111111111112;0.16666666666666666
Han's Laser;China;2017;INDUS;2.9;0.6;0.5;0.2;1.1;INDUS;INDUS;12;2.9;0.6;0.2;0.5;0.06896551724137931;0.1724137931034483
Han's Laser;China;2018;INDUS;2.7;0.7;0.4;0.3;1.2;INDUS;INDUS;13;2.7;0.7;0.3;0.4;0.1111111111111111;0.14814814814814814
Han's Laser;China;2019;INDUS;2.4;0.8;0.2;0.3;1.2;INDUS;INDUS;14;2.4;0.8;0.3;0.2;0.125;0.08333333333333334
Han's Laser;China;2020;INDUS;3.0;1.0;0.3;0.3;1.4;INDUS;INDUS;15;3.0;1.0;0.3;0.3;0.09999999999999999;0.09999999999999999
Han's Laser;China;2021;INDUS;4.1;1.1;0.5;0.5;1.6;INDUS;INDUS;16;4.1;1.1;0.5;0.5;0.12195121951219513;0.12195121951219513
Han's Laser;China;2022;INDUS;3.9;1.3;0.3;0.4;1.5;INDUS;INDUS;17;3.9;1.3;0.4;0.3;0.10256410256410257;0.07692307692307693
Han's Laser;China;2023;INDUS;3.9;1.6;0.2;0.4;1.4;INDUS;INDUS;18;3.9;1.6;0.4;0.2;0.10256410256410257;0.05128205128205129
Han's Laser;China;2024;INDUS;4.5;1.8;0.3;0.5;1.5;INDUS;INDUS;19;4.5;1.8;0.5;0.3;0.1111111111111111;0.06666666666666667
Hangcha Group;China;2005;INDUS;0.7;0.3;0.04;0.05;2.14;INDUS;INDUS;0;0.7;0.3;0.05;0.04;0.07142857142857144;0.05714285714285715
Hangcha Group;China;2006;INDUS;0.76;0.31;0.04;0.05;2.29;INDUS;INDUS;1;0.76;0.31;0.05;0.04;0.06578947368421052;0.05263157894736842
Hangcha Group;China;2007;INDUS;0.81;0.33;0.04;0.05;2.41;INDUS;INDUS;2;0.81;0.33;0.05;0.04;0.06172839506172839;0.04938271604938271
Hangcha Group;China;2008;INDUS;0.86;0.35;0.04;0.05;2.53;INDUS;INDUS;3;0.86;0.35;0.05;0.04;0.058139534883720936;0.046511627906976744
Hangcha Group;China;2009;INDUS;0.84;0.37;0.04;0.05;2.68;INDUS;INDUS;4;0.84;0.37;0.05;0.04;0.05952380952380953;0.04761904761904762
Hangcha Group;China;2010;INDUS;1.03;0.39;0.1;0.05;2.83;INDUS;INDUS;5;1.03;0.39;0.05;0.1;0.04854368932038835;0.0970873786407767
Hangcha Group;China;2011;INDUS;0.95;0.41;0.08;0.05;2.95;INDUS;INDUS;6;0.95;0.41;0.05;0.08;0.052631578947368425;0.08421052631578949
Hangcha Group;China;2012;INDUS;1.01;0.43;0.08;0.05;3.09;INDUS;INDUS;7;1.01;0.43;0.05;0.08;0.04950495049504951;0.07920792079207921
Hangcha Group;China;2013;INDUS;1.09;0.46;0.09;0.05;3.22;INDUS;INDUS;8;1.09;0.46;0.05;0.09;0.045871559633027525;0.08256880733944953
Hangcha Group;China;2014;INDUS;1.16;0.48;0.09;0.05;3.37;INDUS;INDUS;9;1.16;0.48;0.05;0.09;0.04310344827586207;0.07758620689655173
Hangcha Group;China;2015;INDUS;1.2;0.3;0.1;0.0;0.4;INDUS;INDUS;10;1.2;0.3;0.0;0.1;0.0;0.08333333333333334
Hangcha Group;China;2016;INDUS;1.3;0.3;0.1;0.1;0.4;INDUS;INDUS;11;1.3;0.3;0.1;0.1;0.07692307692307693;0.07692307692307693
Hangcha Group;China;2017;INDUS;1.7;0.4;0.1;0.1;0.4;INDUS;INDUS;12;1.7;0.4;0.1;0.1;0.05882352941176471;0.05882352941176471
Hangcha Group;China;2018;INDUS;2.1;0.5;0.2;0.1;0.4;INDUS;INDUS;13;2.1;0.5;0.1;0.2;0.047619047619047616;0.09523809523809523
Hangcha Group;China;2019;INDUS;2.2;0.5;0.2;0.1;0.5;INDUS;INDUS;14;2.2;0.5;0.1;0.2;0.045454545454545456;0.09090909090909091
Hangcha Group;China;2020;INDUS;2.9;0.7;0.3;0.1;0.5;INDUS;INDUS;15;2.9;0.7;0.1;0.3;0.034482758620689655;0.10344827586206896
Hangcha Group;China;2021;INDUS;3.6;0.9;0.3;0.2;0.6;INDUS;INDUS;16;3.6;0.9;0.2;0.3;0.05555555555555556;0.08333333333333333
Hangcha Group;China;2022;INDUS;3.8;1.1;0.4;0.2;0.5;INDUS;INDUS;17;3.8;1.1;0.2;0.4;0.052631578947368425;0.10526315789473685
Hangcha Group;China;2023;INDUS;4.5;1.3;0.6;0.2;0.6;INDUS;INDUS;18;4.5;1.3;0.2;0.6;0.044444444444444446;0.13333333333333333
Hangcha Group;China;2024;INDUS;5.1;1.5;0.7;0.3;0.6;INDUS;INDUS;19;5.1;1.5;0.3;0.7;0.058823529411764705;0.13725490196078433
Hanwha Sol. (KR);G7;2005;INDUS;4.67;3.6;0.23;0.1;0.4;INDUS;INDUS;0;4.67;3.6;0.1;0.23;0.021413276231263385;0.049250535331905786
Hanwha Sol. (KR);G7;2006;INDUS;4.81;3.65;0.23;0.1;0.41;INDUS;INDUS;1;4.81;3.65;0.1;0.23;0.02079002079002079;0.04781704781704782
Hanwha Sol. (KR);G7;2007;INDUS;4.94;3.8;0.23;0.1;0.42;INDUS;INDUS;2;4.94;3.8;0.1;0.23;0.020242914979757085;0.04655870445344129
Hanwha Sol. (KR);G7;2008;INDUS;5.04;3.92;0.24;0.1;0.43;INDUS;INDUS;3;5.04;3.92;0.1;0.24;0.019841269841269844;0.047619047619047616
Hanwha Sol. (KR);G7;2009;INDUS;4.94;3.97;0.25;0.1;0.44;INDUS;INDUS;4;4.94;3.97;0.1;0.25;0.020242914979757085;0.05060728744939271
Hanwha Sol. (KR);G7;2010;INDUS;6.57;4.06;0.53;0.1;0.44;INDUS;INDUS;5;6.57;4.06;0.1;0.53;0.015220700152207002;0.0806697108066971
Hanwha Sol. (KR);G7;2011;INDUS;6.08;4.14;0.42;0.1;0.45;INDUS;INDUS;6;6.08;4.14;0.1;0.42;0.01644736842105263;0.06907894736842105
Hanwha Sol. (KR);G7;2012;INDUS;6.39;4.21;0.46;0.1;0.46;INDUS;INDUS;7;6.39;4.21;0.1;0.46;0.01564945226917058;0.07198748043818468
Hanwha Sol. (KR);G7;2013;INDUS;6.55;4.29;0.46;0.1;0.47;INDUS;INDUS;8;6.55;4.29;0.1;0.46;0.015267175572519085;0.07022900763358779
Hanwha Sol. (KR);G7;2014;INDUS;6.98;4.41;0.48;0.1;0.48;INDUS;INDUS;9;6.98;4.41;0.1;0.48;0.014326647564469913;0.06876790830945557
Hanwha Sol. (KR);G7;2015;INDUS;7.1;4.5;0.5;0.1;0.5;INDUS;INDUS;10;7.1;4.5;0.1;0.5;0.014084507042253523;0.07042253521126761
Hanwha Sol. (KR);G7;2016;INDUS;7.8;4.8;0.7;0.1;0.5;INDUS;INDUS;11;7.8;4.8;0.1;0.7;0.012820512820512822;0.08974358974358974
Hanwha Sol. (KR);G7;2017;INDUS;8.1;5.1;0.7;0.1;0.5;INDUS;INDUS;12;8.1;5.1;0.1;0.7;0.01234567901234568;0.08641975308641975
Hanwha Sol. (KR);G7;2018;INDUS;7.8;5.3;0.3;0.1;0.6;INDUS;INDUS;13;7.8;5.3;0.1;0.3;0.012820512820512822;0.038461538461538464
Hanwha Sol. (KR);G7;2019;INDUS;8.2;5.8;0.3;0.2;0.6;INDUS;INDUS;14;8.2;5.8;0.2;0.3;0.02439024390243903;0.03658536585365854
Hanwha Sol. (KR);G7;2020;INDUS;7.9;6.5;0.5;0.2;0.6;INDUS;INDUS;15;7.9;6.5;0.2;0.5;0.02531645569620253;0.06329113924050632
Hanwha Sol. (KR);G7;2021;INDUS;9.1;7.2;0.6;0.2;0.7;INDUS;INDUS;16;9.1;7.2;0.2;0.6;0.02197802197802198;0.06593406593406594
Hanwha Sol. (KR);G7;2022;INDUS;10.5;8.4;0.8;0.2;0.7;INDUS;INDUS;17;10.5;8.4;0.2;0.8;0.01904761904761905;0.0761904761904762
Hanwha Sol. (KR);G7;2023;INDUS;10.1;9.1;0.5;0.2;0.7;INDUS;INDUS;18;10.1;9.1;0.2;0.5;0.019801980198019802;0.04950495049504951
Hanwha Sol. (KR);G7;2024;INDUS;9.8;10.2;0.2;0.3;0.8;INDUS;INDUS;19;9.8;10.2;0.3;0.2;0.03061224489795918;0.02040816326530612
Hengrui Pharma;China;2005;PHARMA;1.53;0.51;0.22;0.28;7.21;PHARMA;PHARMA;0;1.53;0.51;0.28;0.22;0.18300653594771243;0.1437908496732026
Hengrui Pharma;China;2006;PHARMA;1.76;0.55;0.25;0.3;7.68;PHARMA;PHARMA;1;1.76;0.55;0.3;0.25;0.17045454545454544;0.14204545454545456
Hengrui Pharma;China;2007;PHARMA;2.0;0.6;0.28;0.32;8.2;PHARMA;PHARMA;2;2.0;0.6;0.32;0.28;0.16;0.14
Hengrui Pharma;China;2008;PHARMA;2.16;0.66;0.3;0.34;8.87;PHARMA;PHARMA;3;2.16;0.66;0.34;0.3;0.1574074074074074;0.13888888888888887
Hengrui Pharma;China;2009;PHARMA;2.12;0.71;0.32;0.36;9.63;PHARMA;PHARMA;4;2.12;0.71;0.36;0.32;0.16981132075471697;0.1509433962264151
Hengrui Pharma;China;2010;PHARMA;2.38;0.78;0.66;0.38;10.4;PHARMA;PHARMA;5;2.38;0.78;0.38;0.66;0.1596638655462185;0.2773109243697479
Hengrui Pharma;China;2011;PHARMA;2.2;0.85;0.53;0.4;11.11;PHARMA;PHARMA;6;2.2;0.85;0.4;0.53;0.18181818181818182;0.2409090909090909
Hengrui Pharma;China;2012;PHARMA;2.46;0.93;0.61;0.42;12.07;PHARMA;PHARMA;7;2.46;0.93;0.42;0.61;0.17073170731707316;0.24796747967479674
Hengrui Pharma;China;2013;PHARMA;2.84;1.02;0.71;0.45;12.85;PHARMA;PHARMA;8;2.84;1.02;0.45;0.71;0.15845070422535212;0.25
Hengrui Pharma;China;2014;PHARMA;3.19;1.11;0.81;0.48;13.97;PHARMA;PHARMA;9;3.19;1.11;0.48;0.81;0.15047021943573669;0.2539184952978057
Hengrui Pharma;China;2015;PHARMA;2.5;0.5;0.6;0.2;1.1;PHARMA;PHARMA;10;2.5;0.5;0.2;0.6;0.08;0.24
Hengrui Pharma;China;2016;PHARMA;2.9;0.5;0.7;0.3;1.2;PHARMA;PHARMA;11;2.9;0.5;0.3;0.7;0.10344827586206896;0.24137931034482757
Hengrui Pharma;China;2017;PHARMA;3.4;0.6;0.9;0.4;1.5;PHARMA;PHARMA;12;3.4;0.6;0.4;0.9;0.11764705882352942;0.2647058823529412
Hengrui Pharma;China;2018;PHARMA;4.3;0.8;1.1;0.7;1.8;PHARMA;PHARMA;13;4.3;0.8;0.7;1.1;0.1627906976744186;0.2558139534883721
Hengrui Pharma;China;2019;PHARMA;5.7;0.9;1.5;1.0;2.4;PHARMA;PHARMA;14;5.7;0.9;1.0;1.5;0.17543859649122806;0.2631578947368421
Hengrui Pharma;China;2020;PHARMA;6.9;1.1;1.9;1.2;2.8;PHARMA;PHARMA;15;6.9;1.1;1.2;1.9;0.17391304347826086;0.27536231884057966
Hengrui Pharma;China;2021;PHARMA;6.5;1.3;1.3;1.6;2.4;PHARMA;PHARMA;16;6.5;1.3;1.6;1.3;0.24615384615384617;0.2
Hengrui Pharma;China;2022;PHARMA;5.6;1.5;1.1;1.7;2.1;PHARMA;PHARMA;17;5.6;1.5;1.7;1.1;0.3035714285714286;0.19642857142857145
Hengrui Pharma;China;2023;PHARMA;6.3;1.8;1.4;1.7;2.0;PHARMA;PHARMA;18;6.3;1.8;1.7;1.4;0.2698412698412698;0.2222222222222222
Hengrui Pharma;China;2024;PHARMA;6.9;2.0;1.8;1.9;2.0;PHARMA;PHARMA;19;6.9;2.0;1.9;1.8;0.27536231884057966;0.2608695652173913
Hengtong Optic;CN;2005;TECH;0.35;0.09;0.025;0.008;;TECH;TECH;0;0.35;0.09;0.008;0.025;0.02285714285714286;0.07142857142857144
Hengtong Optic;CN;2006;TECH;0.48;0.12;0.035;0.011;;TECH;TECH;1;0.48;0.12;0.011;0.035;0.022916666666666665;0.07291666666666667
Hengtong Optic;CN;2007;TECH;0.65;0.16;0.048;0.015;;TECH;TECH;2;0.65;0.16;0.015;0.048;0.023076923076923075;0.07384615384615384
Hengtong Optic;CN;2008;TECH;0.82;0.2;0.06;0.019;;TECH;TECH;3;0.82;0.2;0.019;0.06;0.023170731707317073;0.07317073170731707
Hengtong Optic;CN;2009;TECH;0.95;0.24;0.072;0.023;;TECH;TECH;4;0.95;0.24;0.023;0.072;0.024210526315789474;0.07578947368421052
Hengtong Optic;CN;2010;TECH;1.25;0.31;0.095;0.031;;TECH;TECH;5;1.25;0.31;0.031;0.095;0.0248;0.076
Hengtong Optic;CN;2011;TECH;1.55;0.38;0.115;0.039;;TECH;TECH;6;1.55;0.38;0.039;0.115;0.025161290322580646;0.07419354838709677
Hengtong Optic;CN;2012;TECH;1.8;0.44;0.13;0.045;;TECH;TECH;7;1.8;0.44;0.045;0.13;0.024999999999999998;0.07222222222222223
Hengtong Optic;CN;2013;TECH;2.15;0.52;0.155;0.054;;TECH;TECH;8;2.15;0.52;0.054;0.155;0.025116279069767444;0.07209302325581396
Hengtong Optic;CN;2014;TECH;2.55;0.61;0.185;0.064;;TECH;TECH;9;2.55;0.61;0.064;0.185;0.025098039215686277;0.07254901960784314
Hengtong Optic;CN;2015;TECH;3.05;0.72;0.22;0.077;;TECH;TECH;10;3.05;0.72;0.077;0.22;0.025245901639344263;0.07213114754098361
Hengtong Optic;CN;2016;TECH;3.65;0.85;0.265;0.092;;TECH;TECH;11;3.65;0.85;0.092;0.265;0.025205479452054796;0.0726027397260274
Hengtong Optic;CN;2017;TECH;4.4;1.0;0.32;0.11;;TECH;TECH;12;4.4;1.0;0.11;0.32;0.024999999999999998;0.07272727272727272
Hengtong Optic;CN;2018;TECH;5.2;1.18;0.38;0.13;;TECH;TECH;13;5.2;1.18;0.13;0.38;0.025;0.07307692307692308
Hengtong Optic;CN;2019;TECH;4.8;1.1;0.31;0.12;;TECH;TECH;14;4.8;1.1;0.12;0.31;0.025;0.06458333333333334
Hengtong Optic;CN;2020;TECH;5.5;1.25;0.36;0.138;;TECH;TECH;15;5.5;1.25;0.138;0.36;0.025090909090909094;0.06545454545454545
Hengtong Optic;CN;2021;TECH;6.2;1.4;0.42;0.155;;TECH;TECH;16;6.2;1.4;0.155;0.42;0.024999999999999998;0.06774193548387096
Hengtong Optic;CN;2022;TECH;6.8;1.55;0.47;0.172;;TECH;TECH;17;6.8;1.55;0.172;0.47;0.02529411764705882;0.06911764705882353
Hengtong Optic;CN;2023;TECH;7.5;1.7;0.52;0.19;;TECH;TECH;18;7.5;1.7;0.19;0.52;0.025333333333333333;0.06933333333333333
Hengtong Optic;CN;2024;TECH;8.1;1.85;0.57;0.205;;TECH;TECH;19;8.1;1.85;0.205;0.57;0.025308641975308643;0.07037037037037036
Hexagon (EU);G7;2005;INDUS;2.33;1.0;0.35;0.27;12.87;INDUS;TECH;0;2.33;1.0;0.27;0.35;0.11587982832618027;0.1502145922746781
Hexagon (EU);G7;2006;INDUS;2.44;1.0;0.36;0.28;12.97;INDUS;TECH;1;2.44;1.0;0.28;0.36;0.11475409836065575;0.14754098360655737
Hexagon (EU);G7;2007;INDUS;2.45;1.02;0.37;0.28;12.92;INDUS;TECH;2;2.45;1.02;0.28;0.37;0.11428571428571428;0.15102040816326529
Hexagon (EU);G7;2008;INDUS;2.53;1.04;0.38;0.28;13.15;INDUS;TECH;3;2.53;1.04;0.28;0.38;0.1106719367588933;0.15019762845849804
Hexagon (EU);G7;2009;INDUS;2.48;1.05;0.4;0.29;13.36;INDUS;TECH;4;2.48;1.05;0.29;0.4;0.11693548387096774;0.16129032258064518
Hexagon (EU);G7;2010;INDUS;3.16;1.08;0.83;0.29;13.66;INDUS;TECH;5;3.16;1.08;0.29;0.83;0.09177215189873417;0.2626582278481012
Hexagon (EU);G7;2011;INDUS;2.93;1.08;0.66;0.29;13.87;INDUS;TECH;6;2.93;1.08;0.29;0.66;0.09897610921501705;0.22525597269624573
Hexagon (EU);G7;2012;INDUS;2.96;1.12;0.66;0.29;14.06;INDUS;TECH;7;2.96;1.12;0.29;0.66;0.09797297297297297;0.222972972972973
Hexagon (EU);G7;2013;INDUS;3.03;1.11;0.66;0.29;14.25;INDUS;TECH;8;3.03;1.11;0.29;0.66;0.09570957095709572;0.21782178217821785
Hexagon (EU);G7;2014;INDUS;3.16;1.1;0.66;0.29;14.54;INDUS;TECH;9;3.16;1.1;0.29;0.66;0.09177215189873417;0.2088607594936709
Hexagon (EU);G7;2015;TECH;2.85;0.35;0.65;0.32;1.55;TECH;TECH;10;2.85;0.35;0.32;0.65;0.11228070175438597;0.22807017543859648
Hexagon (EU);G7;2016;TECH;3.15;0.38;0.72;0.35;1.65;TECH;TECH;11;3.15;0.38;0.35;0.72;0.1111111111111111;0.22857142857142856
Hexagon (EU);G7;2017;TECH;3.45;0.42;0.82;0.38;1.75;TECH;TECH;12;3.45;0.42;0.38;0.82;0.11014492753623188;0.23768115942028983
Hexagon (EU);G7;2018;TECH;3.75;0.45;0.92;0.42;1.85;TECH;TECH;13;3.75;0.45;0.42;0.92;0.112;0.24533333333333335
Hexagon (EU);G7;2019;TECH;3.95;0.48;0.95;0.45;1.95;TECH;TECH;14;3.95;0.48;0.45;0.95;0.11392405063291139;0.24050632911392403
Hexagon (EU);G7;2020;TECH;3.85;0.52;0.88;0.48;1.9;TECH;TECH;15;3.85;0.52;0.48;0.88;0.12467532467532466;0.22857142857142856
Hexagon (EU);G7;2021;TECH;4.45;0.58;1.15;0.55;2.05;TECH;TECH;16;4.45;0.58;0.55;1.15;0.12359550561797754;0.2584269662921348
Hexagon (EU);G7;2022;TECH;4.95;0.62;1.35;0.62;2.15;TECH;TECH;17;4.95;0.62;0.62;1.35;0.12525252525252525;0.27272727272727276
Hexagon (EU);G7;2023;TECH;5.25;0.68;1.45;0.68;2.25;TECH;TECH;18;5.25;0.68;0.68;1.45;0.12952380952380954;0.2761904761904762
Hexagon (EU);G7;2024;TECH;5.65;0.75;1.65;0.75;2.35;TECH;TECH;19;5.65;0.75;0.75;1.65;0.1327433628318584;0.29203539823008845
Hikvision;CN;2005;TECH;0.028;0.005;0.006;0.003;;TECH;TECH;0;0.028;0.005;0.003;0.006;0.10714285714285714;0.21428571428571427
Hikvision;CN;2006;TECH;0.07;0.01;0.015;0.006;;TECH;TECH;1;0.07;0.01;0.006;0.015;0.0857142857142857;0.21428571428571425
Hikvision;CN;2007;TECH;0.118;0.015;0.025;0.009;;TECH;TECH;2;0.118;0.015;0.009;0.025;0.07627118644067797;0.21186440677966104
Hikvision;CN;2008;TECH;0.18;0.022;0.038;0.014;;TECH;TECH;3;0.18;0.022;0.014;0.038;0.07777777777777778;0.2111111111111111
Hikvision;CN;2009;TECH;0.25;0.03;0.055;0.019;;TECH;TECH;4;0.25;0.03;0.019;0.055;0.076;0.22
Hikvision;CN;2010;TECH;0.355;0.04;0.08;0.024;;TECH;TECH;5;0.355;0.04;0.024;0.08;0.06760563380281691;0.22535211267605634
Hikvision;CN;2011;TECH;0.523;0.06;0.12;0.034;;TECH;TECH;6;0.523;0.06;0.034;0.12;0.06500956022944551;0.2294455066921606
Hikvision;CN;2012;TECH;0.721;0.09;0.17;0.061;;TECH;TECH;7;0.721;0.09;0.061;0.17;0.08460471567267684;0.2357836338418863
Hikvision;CN;2013;TECH;1.075;0.13;0.25;0.092;;TECH;TECH;8;1.075;0.13;0.092;0.25;0.08558139534883721;0.23255813953488372
Hikvision;CN;2014;TECH;1.723;0.18;0.4;0.13;;TECH;TECH;9;1.723;0.18;0.13;0.4;0.07544979686593152;0.2321532211259431
Hikvision;CN;2015;TECH;2.527;0.25;0.58;0.172;;TECH;TECH;10;2.527;0.25;0.172;0.58;0.06806489908982982;0.22952117134942618
Hikvision;CN;2016;TECH;3.192;0.32;0.75;0.243;;TECH;TECH;11;3.192;0.32;0.243;0.75;0.07612781954887217;0.2349624060150376
Hikvision;CN;2017;TECH;4.191;0.42;0.98;0.319;;TECH;TECH;12;4.191;0.42;0.319;0.98;0.07611548556430446;0.23383440706275352
Hikvision;CN;2018;TECH;4.984;0.55;1.15;0.448;;TECH;TECH;13;4.984;0.55;0.448;1.15;0.0898876404494382;0.23073836276083465
Hikvision;CN;2019;TECH;5.766;0.7;1.3;0.548;;TECH;TECH;14;5.766;0.7;0.548;1.3;0.0950398890045092;0.22545959070412766
Hikvision;CN;2020;TECH;6.35;0.85;1.4;0.638;;TECH;TECH;15;6.35;0.85;0.638;1.4;0.10047244094488189;0.2204724409448819
Hikvision;CN;2021;TECH;8.142;1.0;1.8;0.8;;TECH;TECH;16;8.142;1.0;0.8;1.8;0.09825595676737904;0.22107590272660282
Hikvision;CN;2022;TECH;8.317;1.15;1.5;0.85;;TECH;TECH;17;8.317;1.15;0.85;1.5;0.10220031261272093;0.18035349284597813
Hikvision;CN;2023;TECH;8.934;1.3;1.6;0.9;;TECH;TECH;18;8.934;1.3;0.9;1.6;0.1007387508394896;0.17909111260353708
Hikvision;CN;2024;TECH;9.25;1.45;1.7;0.95;;TECH;TECH;19;9.25;1.45;0.95;1.7;0.1027027027027027;0.18378378378378377
Hisense Home Appliances;China;2005;INDUS;2.96;1.19;0.06;0.1;15.85;INDUS;INDUS;0;2.96;1.19;0.1;0.06;0.033783783783783786;0.02027027027027027
Hisense Home Appliances;China;2006;INDUS;3.31;1.29;0.07;0.11;17.15;INDUS;INDUS;1;3.31;1.29;0.11;0.07;0.03323262839879154;0.021148036253776436
Hisense Home Appliances;China;2007;INDUS;3.74;1.4;0.08;0.12;18.4;INDUS;INDUS;2;3.74;1.4;0.12;0.08;0.0320855614973262;0.0213903743315508
Hisense Home Appliances;China;2008;INDUS;4.23;1.51;0.09;0.13;20.04;INDUS;INDUS;3;4.23;1.51;0.13;0.09;0.030732860520094562;0.021276595744680847
Hisense Home Appliances;China;2009;INDUS;4.15;1.64;0.09;0.14;21.75;INDUS;INDUS;4;4.15;1.64;0.14;0.09;0.033734939759036145;0.021686746987951804
Hisense Home Appliances;China;2010;INDUS;5.57;1.78;0.29;0.15;23.6;INDUS;INDUS;5;5.57;1.78;0.15;0.29;0.026929982046678635;0.05206463195691202
Hisense Home Appliances;China;2011;INDUS;5.16;1.96;0.23;0.16;25.67;INDUS;INDUS;6;5.16;1.96;0.16;0.23;0.031007751937984496;0.044573643410852716
Hisense Home Appliances;China;2012;INDUS;5.79;2.13;0.26;0.17;28.24;INDUS;INDUS;7;5.79;2.13;0.17;0.26;0.029360967184801384;0.044905008635578586
Hisense Home Appliances;China;2013;INDUS;6.53;2.31;0.3;0.18;30.41;INDUS;INDUS;8;6.53;2.31;0.18;0.3;0.027565084226646247;0.04594180704441041
Hisense Home Appliances;China;2014;INDUS;7.55;2.54;0.35;0.19;32.81;INDUS;INDUS;9;7.55;2.54;0.19;0.35;0.025165562913907286;0.046357615894039736
Hisense Home Appliances;China;2015;INDUS;7.2;1.2;0.3;0.2;3.2;INDUS;INDUS;10;7.2;1.2;0.2;0.3;0.02777777777777778;0.041666666666666664
Hisense Home Appliances;China;2016;INDUS;6.9;1.2;0.4;0.2;3.1;INDUS;INDUS;11;6.9;1.2;0.2;0.4;0.028985507246376812;0.057971014492753624
Hisense Home Appliances;China;2017;INDUS;8.3;1.3;0.4;0.3;3.5;INDUS;INDUS;12;8.3;1.3;0.3;0.4;0.03614457831325301;0.048192771084337345
Hisense Home Appliances;China;2018;INDUS;8.8;1.4;0.4;0.4;3.8;INDUS;INDUS;13;8.8;1.4;0.4;0.4;0.045454545454545456;0.045454545454545456
Hisense Home Appliances;China;2019;INDUS;9.2;1.5;0.5;0.4;4.0;INDUS;INDUS;14;9.2;1.5;0.4;0.5;0.04347826086956522;0.05434782608695653
Hisense Home Appliances;China;2020;INDUS;12.1;1.9;0.6;0.5;4.2;INDUS;INDUS;15;12.1;1.9;0.5;0.6;0.04132231404958678;0.049586776859504134
Hisense Home Appliances;China;2021;INDUS;16.9;2.3;0.7;0.7;4.5;INDUS;INDUS;16;16.9;2.3;0.7;0.7;0.04142011834319527;0.04142011834319527
Hisense Home Appliances;China;2022;INDUS;19.5;2.8;0.8;0.8;4.8;INDUS;INDUS;17;19.5;2.8;0.8;0.8;0.041025641025641026;0.041025641025641026
Hisense Home Appliances;China;2023;INDUS;23.5;3.2;1.1;1.0;5.1;INDUS;INDUS;18;23.5;3.2;1.0;1.1;0.0425531914893617;0.04680851063829788
Hisense Home Appliances;China;2024;INDUS;26.2;3.5;1.4;1.2;5.3;INDUS;INDUS;19;26.2;3.5;1.2;1.4;0.04580152671755725;0.05343511450381679
Hitachi (JP);G7;2005;INDUS;61.59;19.46;1.89;2.81;29.4;INDUS;INDUS;0;61.59;19.46;2.81;1.89;0.045624289657411915;0.030686799805163173
Hitachi (JP);G7;2006;INDUS;63.86;19.7;1.99;2.86;29.52;INDUS;INDUS;1;63.86;19.7;2.86;1.99;0.04478546821171312;0.031161916692765426
Hitachi (JP);G7;2007;INDUS;64.68;20.06;2.08;2.91;30.0;INDUS;INDUS;2;64.68;20.06;2.91;2.08;0.044990723562152134;0.032158317872603585
Hitachi (JP);G7;2008;INDUS;66.31;20.3;2.17;2.94;30.31;INDUS;INDUS;3;66.31;20.3;2.94;2.17;0.044337204041622676;0.03272507917357864
Hitachi (JP);G7;2009;INDUS;65.01;20.7;2.28;2.98;30.8;INDUS;INDUS;4;65.01;20.7;2.98;2.28;0.04583910167666513;0.035071527457314254
Hitachi (JP);G7;2010;INDUS;82.18;20.91;5.31;3.05;31.42;INDUS;INDUS;5;82.18;20.91;3.05;5.31;0.03711365295692382;0.0646142613774641
Hitachi (JP);G7;2011;INDUS;76.09;21.11;4.25;3.05;31.52;INDUS;INDUS;6;76.09;21.11;3.05;4.25;0.04008411092127743;0.055854908660796426
Hitachi (JP);G7;2012;INDUS;79.79;21.41;4.63;3.08;32.12;INDUS;INDUS;7;79.79;21.41;3.08;4.63;0.0386013284872791;0.05802732171951372
Hitachi (JP);G7;2013;INDUS;78.52;21.87;4.65;3.05;32.37;INDUS;INDUS;8;78.52;21.87;3.05;4.65;0.038843606724401424;0.059220580743759556
Hitachi (JP);G7;2014;INDUS;80.47;22.31;4.84;3.03;33.08;INDUS;INDUS;9;80.47;22.31;3.03;4.84;0.037653784018889025;0.06014663849881943
Hitachi (JP);G7;2015;INDUS;82.1;22.5;5.1;3.1;33.5;INDUS;INDUS;10;82.1;22.5;3.1;5.1;0.037758830694275276;0.06211936662606577
Hitachi (JP);G7;2016;INDUS;78.5;21.4;4.8;3.0;32.1;INDUS;INDUS;11;78.5;21.4;3.0;4.8;0.03821656050955414;0.061146496815286625
Hitachi (JP);G7;2017;INDUS;80.2;20.5;5.2;3.2;31.8;INDUS;INDUS;12;80.2;20.5;3.2;5.2;0.0399002493765586;0.06483790523690773
Hitachi (JP);G7;2018;INDUS;81.5;19.8;5.5;3.3;32.2;INDUS;INDUS;13;81.5;19.8;3.3;5.5;0.040490797546012265;0.06748466257668712
Hitachi (JP);G7;2019;INDUS;79.8;18.5;5.1;3.1;31.5;INDUS;INDUS;14;79.8;18.5;3.1;5.1;0.03884711779448622;0.06390977443609022
Hitachi (JP);G7;2020;INDUS;75.2;17.4;4.2;3.2;29.8;INDUS;INDUS;15;75.2;17.4;3.2;4.2;0.0425531914893617;0.05585106382978723
Hitachi (JP);G7;2021;INDUS;78.5;16.5;5.1;2.8;28.5;INDUS;INDUS;16;78.5;16.5;2.8;5.1;0.035668789808917196;0.06496815286624204
Hitachi (JP);G7;2022;INDUS;82.1;16.1;5.8;2.7;27.2;INDUS;INDUS;17;82.1;16.1;2.7;5.8;0.03288672350791718;0.07064555420219246
Hitachi (JP);G7;2023;INDUS;70.5;15.5;5.2;2.6;26.5;INDUS;INDUS;18;70.5;15.5;2.6;5.2;0.03687943262411348;0.07375886524822696
Hitachi (JP);G7;2024;INDUS;62.5;15.8;4.8;2.5;26.8;INDUS;INDUS;19;62.5;15.8;2.5;4.8;0.04;0.0768
Hitachi Construction (JP);G7;2005;INDUS;5.05;1.72;0.18;0.17;2.12;INDUS;INDUS;0;5.05;1.72;0.17;0.18;0.033663366336633666;0.03564356435643564
Hitachi Construction (JP);G7;2006;INDUS;5.34;1.74;0.2;0.17;2.17;INDUS;INDUS;1;5.34;1.74;0.17;0.2;0.031835205992509365;0.03745318352059925
Hitachi Construction (JP);G7;2007;INDUS;5.63;1.81;0.22;0.17;2.19;INDUS;INDUS;2;5.63;1.81;0.17;0.22;0.030195381882770874;0.03907637655417407
Hitachi Construction (JP);G7;2008;INDUS;5.7;1.87;0.23;0.17;2.22;INDUS;INDUS;3;5.7;1.87;0.17;0.23;0.029824561403508774;0.04035087719298246
Hitachi Construction (JP);G7;2009;INDUS;5.59;1.9;0.24;0.17;2.23;INDUS;INDUS;4;5.59;1.9;0.17;0.24;0.03041144901610018;0.04293381037567084
Hitachi Construction (JP);G7;2010;INDUS;7.29;1.94;0.55;0.17;2.24;INDUS;INDUS;5;7.29;1.94;0.17;0.55;0.023319615912208505;0.07544581618655694
Hitachi Construction (JP);G7;2011;INDUS;6.75;1.97;0.44;0.17;2.25;INDUS;INDUS;6;6.75;1.97;0.17;0.44;0.025185185185185185;0.06518518518518518
Hitachi Construction (JP);G7;2012;INDUS;6.72;2.03;0.44;0.17;2.26;INDUS;INDUS;7;6.72;2.03;0.17;0.44;0.02529761904761905;0.06547619047619048
Hitachi Construction (JP);G7;2013;INDUS;6.79;2.08;0.46;0.17;2.24;INDUS;INDUS;8;6.79;2.08;0.17;0.46;0.025036818851251842;0.06774668630338734
Hitachi Construction (JP);G7;2014;INDUS;6.87;2.12;0.45;0.17;2.26;INDUS;INDUS;9;6.87;2.12;0.17;0.45;0.024745269286754003;0.06550218340611354
Hitachi Construction (JP);G7;2015;INDUS;6.85;2.15;0.45;0.18;2.3;INDUS;INDUS;10;6.85;2.15;0.18;0.45;0.026277372262773723;0.06569343065693431
Hitachi Construction (JP);G7;2016;INDUS;6.2;2.1;0.35;0.2;2.25;INDUS;INDUS;11;6.2;2.1;0.2;0.35;0.03225806451612903;0.0564516129032258
Hitachi Construction (JP);G7;2017;INDUS;8.45;2.35;0.82;0.22;2.45;INDUS;INDUS;12;8.45;2.35;0.22;0.82;0.026035502958579884;0.0970414201183432
Hitachi Construction (JP);G7;2018;INDUS;9.15;2.55;0.95;0.25;2.55;INDUS;INDUS;13;9.15;2.55;0.25;0.95;0.0273224043715847;0.10382513661202185
Hitachi Construction (JP);G7;2019;INDUS;8.85;2.65;0.72;0.24;2.5;INDUS;INDUS;14;8.85;2.65;0.24;0.72;0.02711864406779661;0.08135593220338982
Hitachi Construction (JP);G7;2020;INDUS;7.55;2.75;0.42;0.22;2.45;INDUS;INDUS;15;7.55;2.75;0.22;0.42;0.02913907284768212;0.05562913907284768
Hitachi Construction (JP);G7;2021;INDUS;9.25;2.85;0.85;0.25;2.55;INDUS;INDUS;16;9.25;2.85;0.25;0.85;0.02702702702702703;0.09189189189189188
Hitachi Construction (JP);G7;2022;INDUS;9.82;3.15;1.05;0.28;2.6;INDUS;INDUS;17;9.82;3.15;0.28;1.05;0.028513238289205704;0.10692464358452139
Hitachi Construction (JP);G7;2023;INDUS;9.45;3.25;1.15;0.32;2.55;INDUS;INDUS;18;9.45;3.25;0.32;1.15;0.033862433862433865;0.12169312169312169
Hitachi Construction (JP);G7;2024;INDUS;9.75;3.45;1.25;0.35;2.65;INDUS;INDUS;19;9.75;3.45;0.35;1.25;0.035897435897435895;0.1282051282051282
Hologic (US);G7;2005;PHARMA;1.78;0.95;0.24;0.19;4.13;PHARMA;PHARMA;0;1.78;0.95;0.19;0.24;0.10674157303370786;0.1348314606741573
Hologic (US);G7;2006;PHARMA;1.91;0.98;0.26;0.2;4.28;PHARMA;PHARMA;1;1.91;0.98;0.2;0.26;0.10471204188481677;0.13612565445026178
Hologic (US);G7;2007;PHARMA;2.05;1.01;0.27;0.2;4.33;PHARMA;PHARMA;2;2.05;1.01;0.2;0.27;0.09756097560975611;0.13170731707317077
Hologic (US);G7;2008;PHARMA;2.09;1.05;0.26;0.2;4.44;PHARMA;PHARMA;3;2.09;1.05;0.2;0.26;0.09569377990430623;0.1244019138755981
Hologic (US);G7;2009;PHARMA;2.05;1.09;0.27;0.21;4.62;PHARMA;PHARMA;4;2.05;1.09;0.21;0.27;0.10243902439024391;0.13170731707317077
Hologic (US);G7;2010;PHARMA;2.18;1.14;0.47;0.21;4.7;PHARMA;PHARMA;5;2.18;1.14;0.21;0.47;0.09633027522935779;0.21559633027522934
Hologic (US);G7;2011;PHARMA;2.02;1.18;0.38;0.22;4.85;PHARMA;PHARMA;6;2.02;1.18;0.22;0.38;0.10891089108910891;0.18811881188118812
Hologic (US);G7;2012;PHARMA;2.09;1.25;0.4;0.23;4.97;PHARMA;PHARMA;7;2.09;1.25;0.23;0.4;0.11004784688995217;0.19138755980861247
Hologic (US);G7;2013;PHARMA;2.29;1.29;0.42;0.24;5.16;PHARMA;PHARMA;8;2.29;1.29;0.24;0.42;0.10480349344978165;0.1834061135371179
Hologic (US);G7;2014;PHARMA;2.46;1.33;0.47;0.24;5.39;PHARMA;PHARMA;9;2.46;1.33;0.24;0.47;0.0975609756097561;0.19105691056910568
Hologic (US);G7;2015;INDUS;2.71;0.52;0.55;0.21;0.52;PHARMA;PHARMA;10;2.71;0.52;0.21;0.55;0.07749077490774907;0.20295202952029523
Hologic (US);G7;2016;INDUS;2.83;0.55;0.65;0.22;0.55;PHARMA;PHARMA;11;2.83;0.55;0.22;0.65;0.07773851590106007;0.22968197879858657
Hologic (US);G7;2017;INDUS;3.06;0.58;0.75;0.24;0.58;PHARMA;PHARMA;12;3.06;0.58;0.24;0.75;0.0784313725490196;0.24509803921568626
Hologic (US);G7;2018;INDUS;3.22;0.62;0.85;0.25;0.62;PHARMA;PHARMA;13;3.22;0.62;0.25;0.85;0.07763975155279502;0.2639751552795031
Hologic (US);G7;2019;INDUS;3.37;0.65;0.95;0.26;0.65;PHARMA;PHARMA;14;3.37;0.65;0.26;0.95;0.0771513353115727;0.28189910979228483
Hologic (US);G7;2020;INDUS;3.78;0.75;1.15;0.28;0.68;PHARMA;PHARMA;15;3.78;0.75;0.28;1.15;0.07407407407407408;0.30423280423280424
Hologic (US);G7;2021;INDUS;5.63;0.85;2.15;0.35;0.72;PHARMA;PHARMA;16;5.63;0.85;0.35;2.15;0.06216696269982238;0.38188277087033745
Hologic (US);G7;2022;INDUS;4.86;0.92;1.65;0.32;0.7;PHARMA;PHARMA;17;4.86;0.92;0.32;1.65;0.06584362139917695;0.3395061728395061
Hologic (US);G7;2023;INDUS;4.03;0.95;1.25;0.28;0.7;PHARMA;PHARMA;18;4.03;0.95;0.28;1.25;0.06947890818858561;0.31017369727047145
Hologic (US);G7;2024;INDUS;4.25;1.05;1.45;0.32;0.72;PHARMA;PHARMA;19;4.25;1.05;0.32;1.45;0.07529411764705883;0.3411764705882353
Honda (JP);G7;2005;INDUS;91.45;28.18;2.73;5.7;18.87;AUTO;AUTO;0;91.45;28.18;5.7;2.73;0.06232914160743576;0.029852378348824492
Honda (JP);G7;2006;INDUS;91.16;28.14;2.66;5.83;19.1;AUTO;AUTO;1;91.16;28.14;5.83;2.66;0.06395348837209303;0.02917946467749013
Honda (JP);G7;2007;INDUS;93.43;28.15;2.79;5.78;19.53;AUTO;AUTO;2;93.43;28.15;5.78;2.79;0.06186449748474794;0.029861928716686286
Honda (JP);G7;2008;INDUS;94.77;28.79;2.97;5.84;19.62;AUTO;AUTO;3;94.77;28.79;5.84;2.97;0.06162287643769125;0.03133903133903134
Honda (JP);G7;2009;INDUS;92.91;29.16;3.13;5.93;19.78;AUTO;AUTO;4;92.91;29.16;5.93;3.13;0.06382520718975353;0.03368851576794748
Honda (JP);G7;2010;INDUS;132.71;29.49;6.56;5.96;19.91;AUTO;AUTO;5;132.71;29.49;5.96;6.56;0.04490995403511416;0.04943109034737397
Honda (JP);G7;2011;INDUS;122.88;29.54;5.25;6.11;20.36;AUTO;AUTO;6;122.88;29.54;6.11;5.25;0.04972330729166667;0.042724609375
Honda (JP);G7;2012;INDUS;125.18;30.41;5.62;6.32;20.57;AUTO;AUTO;7;125.18;30.41;6.32;5.62;0.05048729829046174;0.0448953506949992
Honda (JP);G7;2013;INDUS;130.97;30.9;6.17;6.44;20.98;AUTO;AUTO;8;130.97;30.9;6.44;6.17;0.04917156600748263;0.04711002519660991
Honda (JP);G7;2014;INDUS;130.99;31.41;6.27;6.52;20.68;AUTO;AUTO;9;130.99;31.41;6.52;6.27;0.04977479196885258;0.04786624933201007
Honda (JP);G7;2015;INDUS;130.2;32.5;6.1;6.6;20.8;AUTO;AUTO;10;130.2;32.5;6.6;6.1;0.05069124423963134;0.04685099846390169
Honda (JP);G7;2016;INDUS;126.5;31.8;7.6;6.2;21.2;AUTO;AUTO;11;126.5;31.8;6.2;7.6;0.04901185770750988;0.06007905138339921
Honda (JP);G7;2017;INDUS;138.2;32.4;7.5;6.5;21.5;AUTO;AUTO;12;138.2;32.4;6.5;7.5;0.047033285094066575;0.054269175108538355
Honda (JP);G7;2018;INDUS;143.5;33.5;6.5;7.2;22.0;AUTO;AUTO;13;143.5;33.5;7.2;6.5;0.050174216027874564;0.04529616724738676
Honda (JP);G7;2019;INDUS;135.2;34.1;5.7;7.5;21.9;AUTO;AUTO;14;135.2;34.1;7.5;5.7;0.055473372781065095;0.042159763313609475
Honda (JP);G7;2020;INDUS;120.4;33.8;6.0;7.1;21.1;AUTO;AUTO;15;120.4;33.8;7.1;6.0;0.058970099667774084;0.04983388704318937
Honda (JP);G7;2021;INDUS;132.5;34.5;8.1;6.9;20.4;AUTO;AUTO;16;132.5;34.5;6.9;8.1;0.05207547169811321;0.06113207547169811
Honda (JP);G7;2022;INDUS;145.8;35.8;7.8;7.5;19.7;AUTO;AUTO;17;145.8;35.8;7.5;7.8;0.05144032921810699;0.05349794238683127
Honda (JP);G7;2023;INDUS;158.2;37.2;10.5;8.4;19.5;AUTO;AUTO;18;158.2;37.2;8.4;10.5;0.05309734513274337;0.06637168141592921
Honda (JP);G7;2024;INDUS;165.4;38.5;11.2;9.0;19.8;AUTO;AUTO;19;165.4;38.5;9.0;11.2;0.05441354292623942;0.06771463119709793
Honeywell (US);G7;2005;INDUS;21.53;4.14;2.3;1.51;9.91;INDUS;INDUS;0;21.53;4.14;1.51;2.3;0.07013469577333953;0.10682768230376218
Honeywell (US);G7;2006;INDUS;22.56;4.2;2.35;1.55;10.04;INDUS;INDUS;1;22.56;4.2;1.55;2.35;0.06870567375886526;0.10416666666666667
Honeywell (US);G7;2007;INDUS;23.01;4.29;2.32;1.59;10.51;INDUS;INDUS;2;23.01;4.29;1.59;2.32;0.06910039113428944;0.100825727944372
Honeywell (US);G7;2008;INDUS;23.5;4.48;2.26;1.63;11.03;INDUS;INDUS;3;23.5;4.48;1.63;2.26;0.06936170212765957;0.09617021276595744
Honeywell (US);G7;2009;INDUS;23.04;4.65;2.38;1.67;11.58;INDUS;INDUS;4;23.04;4.65;1.67;2.38;0.0724826388888889;0.1032986111111111
Honeywell (US);G7;2010;INDUS;31.95;4.8;7.11;1.72;11.84;INDUS;INDUS;5;31.95;4.8;1.72;7.11;0.05383411580594679;0.22253521126760564
Honeywell (US);G7;2011;INDUS;29.58;4.88;5.69;1.78;11.95;INDUS;INDUS;6;29.58;4.88;1.78;5.69;0.060175794455713326;0.19235970250169035
Honeywell (US);G7;2012;INDUS;31.55;5.1;5.87;1.83;12.13;INDUS;INDUS;7;31.55;5.1;1.83;5.87;0.058003169572107764;0.186053882725832
Honeywell (US);G7;2013;INDUS;32.71;5.17;6.04;1.84;12.3;INDUS;INDUS;8;32.71;5.17;1.84;6.04;0.05625191073066341;0.18465301131152553
Honeywell (US);G7;2014;INDUS;36.13;5.29;6.58;1.88;12.62;INDUS;INDUS;9;36.13;5.29;1.88;6.58;0.052034320509272064;0.18212012178245224
Honeywell (US);G7;2015;INDUS;38.6;5.5;7.1;1.9;12.9;INDUS;INDUS;10;38.6;5.5;1.9;7.1;0.049222797927461134;0.18393782383419688
Honeywell (US);G7;2016;INDUS;39.3;5.8;7.3;1.9;13.1;INDUS;INDUS;11;39.3;5.8;1.9;7.3;0.04834605597964377;0.18575063613231554
Honeywell (US);G7;2017;INDUS;40.5;6.1;6.0;1.8;13.1;INDUS;INDUS;12;40.5;6.1;1.8;6.0;0.044444444444444446;0.14814814814814814
Honeywell (US);G7;2018;INDUS;41.8;6.0;7.8;1.8;11.4;INDUS;INDUS;13;41.8;6.0;1.8;7.8;0.0430622009569378;0.18660287081339713
Honeywell (US);G7;2019;INDUS;36.7;5.8;6.8;1.5;11.3;INDUS;INDUS;14;36.7;5.8;1.5;6.8;0.04087193460490463;0.18528610354223432
Honeywell (US);G7;2020;INDUS;32.6;6.0;5.8;1.5;10.3;INDUS;INDUS;15;32.6;6.0;1.5;5.8;0.046012269938650305;0.17791411042944785
Honeywell (US);G7;2021;INDUS;34.4;6.3;6.2;1.5;10.2;INDUS;INDUS;16;34.4;6.3;1.5;6.2;0.0436046511627907;0.1802325581395349
Honeywell (US);G7;2022;INDUS;35.5;6.6;6.4;1.5;10.0;INDUS;INDUS;17;35.5;6.6;1.5;6.4;0.04225352112676056;0.18028169014084508
Honeywell (US);G7;2023;INDUS;36.7;6.9;7.1;1.6;9.5;INDUS;INDUS;18;36.7;6.9;1.6;7.1;0.043596730245231606;0.19346049046321523
Honeywell (US);G7;2024;INDUS;38.2;7.2;7.5;1.7;9.5;INDUS;INDUS;19;38.2;7.2;1.7;7.5;0.04450261780104712;0.1963350785340314
Hoshine Silicon;CN;2015;INDUS;2.31;1.0;0.47;0.06;;INDUS;INDUS;10;2.31;1.0;0.06;0.47;0.025974025974025972;0.20346320346320346
Hoshine Silicon;CN;2020;INDUS;5.7;2.45;2.5;0.14;;INDUS;INDUS;15;5.7;2.45;0.14;2.5;0.02456140350877193;0.43859649122807015
Hoshine Silicon;CN;2024;INDUS;6.67;2.87;0.73;0.14;;INDUS;INDUS;19;6.67;2.87;0.14;0.73;0.020989505247376312;0.10944527736131934
Hoya Corp (JP);G7;2005;TECH;2.24;0.99;0.3;0.22;16.0;TECH;PHARMA;0;2.24;0.99;0.22;0.3;0.09821428571428571;0.13392857142857142
Hoya Corp (JP);G7;2006;TECH;2.48;1.07;0.32;0.23;17.05;TECH;PHARMA;1;2.48;1.07;0.23;0.32;0.09274193548387097;0.12903225806451613
Hoya Corp (JP);G7;2007;TECH;2.69;1.15;0.35;0.24;18.16;TECH;PHARMA;2;2.69;1.15;0.24;0.35;0.08921933085501858;0.13011152416356878
Hoya Corp (JP);G7;2008;TECH;3.02;1.25;0.41;0.26;19.36;TECH;PHARMA;3;3.02;1.25;0.26;0.41;0.08609271523178808;0.1357615894039735
Hoya Corp (JP);G7;2009;TECH;2.96;1.33;0.43;0.27;20.96;TECH;PHARMA;4;2.96;1.33;0.27;0.43;0.09121621621621623;0.14527027027027026
Hoya Corp (JP);G7;2010;TECH;3.33;1.44;0.78;0.29;22.47;TECH;PHARMA;5;3.33;1.44;0.29;0.78;0.08708708708708708;0.23423423423423423
Hoya Corp (JP);G7;2011;TECH;3.08;1.56;0.62;0.3;24.18;TECH;PHARMA;6;3.08;1.56;0.3;0.62;0.0974025974025974;0.20129870129870128
Hoya Corp (JP);G7;2012;TECH;3.49;1.68;0.7;0.31;25.68;TECH;PHARMA;7;3.49;1.68;0.31;0.7;0.08882521489971346;0.20057306590257878
Hoya Corp (JP);G7;2013;TECH;3.75;1.81;0.73;0.33;26.89;TECH;PHARMA;8;3.75;1.81;0.33;0.73;0.08800000000000001;0.19466666666666665
Hoya Corp (JP);G7;2014;TECH;4.08;1.94;0.83;0.34;28.04;TECH;PHARMA;9;4.08;1.94;0.34;0.83;0.08333333333333334;0.2034313725490196
Hoya Corp (JP);G7;2015;INDUS;4.1;1.15;1.05;0.18;3.45;PHARMA;PHARMA;10;4.1;1.15;0.18;1.05;0.04390243902439025;0.25609756097560976
Hoya Corp (JP);G7;2016;INDUS;4.05;1.12;1.02;0.18;3.52;PHARMA;PHARMA;11;4.05;1.12;0.18;1.02;0.044444444444444446;0.2518518518518519
Hoya Corp (JP);G7;2017;INDUS;4.45;1.18;1.15;0.2;3.58;PHARMA;PHARMA;12;4.45;1.18;0.2;1.15;0.0449438202247191;0.2584269662921348
Hoya Corp (JP);G7;2018;INDUS;4.85;1.22;1.32;0.22;3.65;PHARMA;PHARMA;13;4.85;1.22;0.22;1.32;0.04536082474226805;0.2721649484536083
Hoya Corp (JP);G7;2019;INDUS;5.15;1.28;1.45;0.23;3.72;PHARMA;PHARMA;14;5.15;1.28;0.23;1.45;0.04466019417475728;0.2815533980582524
Hoya Corp (JP);G7;2020;INDUS;5.05;1.3;1.38;0.22;3.68;PHARMA;PHARMA;15;5.05;1.3;0.22;1.38;0.04356435643564357;0.27326732673267323
Hoya Corp (JP);G7;2021;INDUS;5.85;1.42;1.75;0.25;3.75;PHARMA;PHARMA;16;5.85;1.42;0.25;1.75;0.042735042735042736;0.29914529914529914
Hoya Corp (JP);G7;2022;INDUS;6.15;1.48;1.88;0.28;3.82;PHARMA;PHARMA;17;6.15;1.48;0.28;1.88;0.04552845528455285;0.3056910569105691
Hoya Corp (JP);G7;2023;INDUS;6.35;1.55;1.95;0.29;3.88;PHARMA;PHARMA;18;6.35;1.55;0.29;1.95;0.04566929133858268;0.30708661417322836
Hoya Corp (JP);G7;2024;INDUS;6.65;1.62;2.1;0.31;3.95;PHARMA;PHARMA;19;6.65;1.62;0.31;2.1;0.04661654135338346;0.3157894736842105
Hoymiles;CN;2020;INDUS;0.12;0.02;0.03;0.01;;INDUS;INDUS;15;0.12;0.02;0.01;0.03;0.08333333333333334;0.25
Hoymiles;CN;2024;INDUS;0.5;0.08;0.08;0.07;;INDUS;INDUS;19;0.5;0.08;0.07;0.08;0.14;0.16
Huafon Microfibre;China;2005;INDUS;0.42;0.18;0.03;0.04;1.44;INDUS;INDUS;0;0.42;0.18;0.04;0.03;0.09523809523809525;0.07142857142857142
Huafon Microfibre;China;2006;INDUS;0.46;0.19;0.03;0.04;1.56;INDUS;INDUS;1;0.46;0.19;0.04;0.03;0.08695652173913043;0.06521739130434782
Huafon Microfibre;China;2007;INDUS;0.51;0.21;0.03;0.04;1.68;INDUS;INDUS;2;0.51;0.21;0.04;0.03;0.0784313725490196;0.058823529411764705
Huafon Microfibre;China;2008;INDUS;0.57;0.23;0.03;0.04;1.81;INDUS;INDUS;3;0.57;0.23;0.04;0.03;0.07017543859649124;0.052631578947368425
Huafon Microfibre;China;2009;INDUS;0.56;0.25;0.03;0.04;1.94;INDUS;INDUS;4;0.56;0.25;0.04;0.03;0.07142857142857142;0.05357142857142856
Huafon Microfibre;China;2010;INDUS;0.68;0.27;0.05;0.04;2.03;INDUS;INDUS;5;0.68;0.27;0.04;0.05;0.058823529411764705;0.07352941176470588
Huafon Microfibre;China;2011;INDUS;0.63;0.29;0.04;0.04;2.21;INDUS;INDUS;6;0.63;0.29;0.04;0.04;0.06349206349206349;0.06349206349206349
Huafon Microfibre;China;2012;INDUS;0.71;0.31;0.05;0.04;2.38;INDUS;INDUS;7;0.71;0.31;0.04;0.05;0.056338028169014086;0.07042253521126761
Huafon Microfibre;China;2013;INDUS;0.8;0.34;0.06;0.04;2.58;INDUS;INDUS;8;0.8;0.34;0.04;0.06;0.049999999999999996;0.075
Huafon Microfibre;China;2014;INDUS;0.89;0.37;0.07;0.04;2.8;INDUS;INDUS;9;0.89;0.37;0.04;0.07;0.0449438202247191;0.07865168539325844
Huafon Microfibre;China;2015;INDUS;0.3;0.2;0.0;0.0;0.2;INDUS;INDUS;10;0.3;0.2;0.0;0.0;0.0;0.0
Huafon Microfibre;China;2016;INDUS;0.3;0.3;0.0;0.0;0.2;INDUS;INDUS;11;0.3;0.3;0.0;0.0;0.0;0.0
Huafon Microfibre;China;2017;INDUS;0.5;0.4;0.0;0.0;0.2;INDUS;INDUS;12;0.5;0.4;0.0;0.0;0.0;0.0
Huafon Microfibre;China;2018;INDUS;0.8;0.5;0.1;0.0;0.3;INDUS;INDUS;13;0.8;0.5;0.0;0.1;0.0;0.125
Huafon Microfibre;China;2019;INDUS;0.9;0.5;0.1;0.0;0.3;INDUS;INDUS;14;0.9;0.5;0.0;0.1;0.0;0.11111111111111112
Huafon Microfibre;China;2020;INDUS;0.9;0.6;0.0;0.0;0.3;INDUS;INDUS;15;0.9;0.6;0.0;0.0;0.0;0.0
Huafon Microfibre;China;2021;INDUS;1.0;0.6;0.0;0.0;0.3;INDUS;INDUS;16;1.0;0.6;0.0;0.0;0.0;0.0
Huafon Microfibre;China;2022;INDUS;1.0;0.8;0.0;0.1;0.3;INDUS;INDUS;17;1.0;0.8;0.1;0.0;0.1;0.0
Huafon Microfibre;China;2023;INDUS;1.1;0.8;0.0;0.1;0.3;INDUS;INDUS;18;1.1;0.8;0.1;0.0;0.09090909090909091;0.0
Huafon Microfibre;China;2024;INDUS;1.2;0.9;0.1;0.1;0.4;INDUS;INDUS;19;1.2;0.9;0.1;0.1;0.08333333333333334;0.08333333333333334
Huawei (Group);China;2005;TECH;23.83;6.74;1.55;3.51;80.91;TECH;INDUS;0;23.83;6.74;3.51;1.55;0.14729332773814519;0.06504406210658834
Huawei (Group);China;2006;TECH;25.62;7.42;1.73;3.67;85.25;TECH;INDUS;1;25.62;7.42;3.67;1.73;0.14324746291959406;0.06752537080405932
Huawei (Group);China;2007;TECH;27.98;7.94;1.91;3.87;90.23;TECH;INDUS;2;27.98;7.94;3.87;1.91;0.13831308077197998;0.06826304503216583
Huawei (Group);China;2008;TECH;30.12;8.6;2.03;4.08;96.06;TECH;INDUS;3;30.12;8.6;4.08;2.03;0.13545816733067728;0.06739707835325365
Huawei (Group);China;2009;TECH;29.53;9.14;2.14;4.33;102.44;TECH;INDUS;4;29.53;9.14;4.33;2.14;0.14663054520826277;0.07246867592279038
Huawei (Group);China;2010;TECH;34.42;9.87;5.34;4.61;109.83;TECH;INDUS;5;34.42;9.87;4.61;5.34;0.13393375944218477;0.15514235909355026
Huawei (Group);China;2011;TECH;31.87;10.63;4.27;4.87;116.2;TECH;INDUS;6;31.87;10.63;4.87;4.27;0.15280828365233762;0.133981801066834
Huawei (Group);China;2012;TECH;35.35;11.38;4.67;5.11;124.14;TECH;INDUS;7;35.35;11.38;5.11;4.67;0.14455445544554454;0.1321074964639321
Huawei (Group);China;2013;TECH;38.6;12.33;5.14;5.4;133.19;TECH;INDUS;8;38.6;12.33;5.4;5.14;0.13989637305699482;0.13316062176165802
Huawei (Group);China;2014;TECH;40.96;13.41;5.73;5.69;141.61;TECH;INDUS;9;40.96;13.41;5.69;5.73;0.138916015625;0.139892578125
Huawei (Group);China;2015;INDUS;104.5;33.2;12.1;15.8;17.5;INDUS;INDUS;10;104.5;33.2;15.8;12.1;0.15119617224880383;0.11578947368421053
Huawei (Group);China;2016;INDUS;134.6;35.7;12.3;19.7;18.0;INDUS;INDUS;11;134.6;35.7;19.7;12.3;0.14635958395245172;0.09138187221396732
Huawei (Group);China;2017;INDUS;149.4;36.0;13.9;22.2;18.5;INDUS;INDUS;12;149.4;36.0;22.2;13.9;0.14859437751004015;0.09303882195448461
Huawei (Group);China;2018;INDUS;176.2;41.1;17.9;24.8;18.8;INDUS;INDUS;13;176.2;41.1;24.8;17.9;0.14074914869466518;0.10158910329171396
Huawei (Group);China;2019;INDUS;211.6;44.9;15.4;32.4;19.4;INDUS;INDUS;14;211.6;44.9;32.4;15.4;0.15311909262759923;0.07277882797731569
Huawei (Group);China;2020;INDUS;222.0;47.9;16.1;35.3;19.7;INDUS;INDUS;15;222.0;47.9;35.3;16.1;0.159009009009009;0.07252252252252253
Huawei (Group);China;2021;INDUS;159.7;49.0;30.5;35.8;19.5;INDUS;INDUS;16;159.7;49.0;35.8;30.5;0.22417031934877896;0.1909830932999374
Huawei (Group);China;2022;INDUS;169.3;54.1;16.4;42.6;20.1;INDUS;INDUS;17;169.3;54.1;42.6;16.4;0.251624335499114;0.09686946249261665
Huawei (Group);China;2023;INDUS;193.4;58.5;28.2;45.0;20.5;INDUS;INDUS;18;193.4;58.5;45.0;28.2;0.2326783867631851;0.14581178903826267
Huawei (Group);China;2024;INDUS;244.5;61.2;32.8;46.7;20.8;INDUS;INDUS;19;244.5;61.2;46.7;32.8;0.19100204498977505;0.13415132924335377
HubSpot (US);G7;2011;TECH;0.028;0.004;-0.016;0.013;0.7;TECH;TECH;6;0.028;0.004;0.013;-0.016;0.46428571428571425;-0.5714285714285714
HubSpot (US);G7;2012;TECH;0.052;0.006;-0.024;0.018;0.72;TECH;TECH;7;0.052;0.006;0.018;-0.024;0.34615384615384615;-0.46153846153846156
HubSpot (US);G7;2013;TECH;0.077;0.008;-0.034;0.025;0.74;TECH;TECH;8;0.077;0.008;0.025;-0.034;0.3246753246753247;-0.4415584415584416
HubSpot (US);G7;2014;TECH;0.116;0.011;-0.041;0.033;0.77;TECH;TECH;9;0.116;0.011;0.033;-0.041;0.28448275862068967;-0.35344827586206895
HubSpot (US);G7;2015;TECH;0.181;0.015;-0.048;0.044;0.2;TECH;TECH;10;0.181;0.015;0.044;-0.048;0.2430939226519337;-0.26519337016574585
HubSpot (US);G7;2016;TECH;0.271;0.02;-0.053;0.061;0.22;TECH;TECH;11;0.271;0.02;0.061;-0.053;0.2250922509225092;-0.19557195571955718
HubSpot (US);G7;2017;TECH;0.375;0.027;-0.042;0.082;0.24;TECH;TECH;12;0.375;0.027;0.082;-0.042;0.21866666666666668;-0.112
HubSpot (US);G7;2018;TECH;0.513;0.036;-0.051;0.108;0.27;TECH;TECH;13;0.513;0.036;0.108;-0.051;0.21052631578947367;-0.09941520467836257
HubSpot (US);G7;2019;TECH;0.678;0.048;-0.057;0.142;0.29;TECH;TECH;14;0.678;0.048;0.142;-0.057;0.20943952802359878;-0.08407079646017698
HubSpot (US);G7;2020;TECH;0.883;0.063;-0.041;0.181;0.32;TECH;TECH;15;0.883;0.063;0.181;-0.041;0.20498301245753114;-0.04643261608154021
HubSpot (US);G7;2021;TECH;1.301;0.082;0.002;0.235;0.35;TECH;TECH;16;1.301;0.082;0.235;0.002;0.180630284396618;0.0015372790161414297
HubSpot (US);G7;2022;TECH;1.731;0.105;-0.045;0.31;0.39;TECH;TECH;17;1.731;0.105;0.31;-0.045;0.17908723281340264;-0.025996533795493933
HubSpot (US);G7;2023;TECH;2.174;0.135;0.052;0.395;0.43;TECH;TECH;18;2.174;0.135;0.395;0.052;0.1816927322907084;0.02391904323827047
HubSpot (US);G7;2024;TECH;2.61;0.165;0.12;0.485;0.47;TECH;TECH;19;2.61;0.165;0.485;0.12;0.18582375478927204;0.04597701149425287
Hundsun Technologies;China;2005;TECH;0.63;0.16;0.11;0.1;1.98;TECH;TECH;0;0.63;0.16;0.1;0.11;0.15873015873015875;0.1746031746031746
Hundsun Technologies;China;2006;TECH;0.69;0.17;0.12;0.1;2.13;TECH;TECH;1;0.69;0.17;0.1;0.12;0.1449275362318841;0.17391304347826086
Hundsun Technologies;China;2007;TECH;0.78;0.18;0.13;0.11;2.28;TECH;TECH;2;0.78;0.18;0.11;0.13;0.14102564102564102;0.16666666666666666
Hundsun Technologies;China;2008;TECH;0.83;0.19;0.14;0.11;2.38;TECH;TECH;3;0.83;0.19;0.11;0.14;0.13253012048192772;0.16867469879518074
Hundsun Technologies;China;2009;TECH;0.81;0.2;0.15;0.11;2.46;TECH;TECH;4;0.81;0.2;0.11;0.15;0.13580246913580246;0.18518518518518517
Hundsun Technologies;China;2010;TECH;0.95;0.21;0.26;0.11;2.61;TECH;TECH;5;0.95;0.21;0.11;0.26;0.11578947368421053;0.2736842105263158
Hundsun Technologies;China;2011;TECH;0.88;0.22;0.21;0.12;2.74;TECH;TECH;6;0.88;0.22;0.12;0.21;0.13636363636363635;0.23863636363636362
Hundsun Technologies;China;2012;TECH;0.96;0.24;0.24;0.13;2.91;TECH;TECH;7;0.96;0.24;0.13;0.24;0.13541666666666669;0.25
Hundsun Technologies;China;2013;TECH;1.04;0.26;0.25;0.13;3.07;TECH;TECH;8;1.04;0.26;0.13;0.25;0.125;0.24038461538461536
Hundsun Technologies;China;2014;TECH;1.14;0.28;0.28;0.14;3.27;TECH;TECH;9;1.14;0.28;0.14;0.28;0.12280701754385967;0.24561403508771934
Hundsun Technologies;China;2015;TECH;0.6;0.2;0.1;0.2;0.6;TECH;TECH;10;0.6;0.2;0.2;0.1;0.33333333333333337;0.16666666666666669
Hundsun Technologies;China;2016;TECH;0.6;0.2;0.1;0.2;0.6;TECH;TECH;11;0.6;0.2;0.2;0.1;0.33333333333333337;0.16666666666666669
Hundsun Technologies;China;2017;TECH;0.7;0.2;0.1;0.3;0.7;TECH;TECH;12;0.7;0.2;0.3;0.1;0.4285714285714286;0.14285714285714288
Hundsun Technologies;China;2018;TECH;0.8;0.2;0.1;0.3;0.8;TECH;TECH;13;0.8;0.2;0.3;0.1;0.37499999999999994;0.125
Hundsun Technologies;China;2019;TECH;0.9;0.2;0.2;0.4;0.8;TECH;TECH;14;0.9;0.2;0.4;0.2;0.4444444444444445;0.22222222222222224
Hundsun Technologies;China;2020;TECH;1.0;0.2;0.2;0.4;0.9;TECH;TECH;15;1.0;0.2;0.4;0.2;0.4;0.2
Hundsun Technologies;China;2021;TECH;1.4;0.3;0.2;0.5;1.0;TECH;TECH;16;1.4;0.3;0.5;0.2;0.35714285714285715;0.14285714285714288
Hundsun Technologies;China;2022;TECH;1.7;0.3;0.3;0.6;1.2;TECH;TECH;17;1.7;0.3;0.6;0.3;0.35294117647058826;0.17647058823529413
Hundsun Technologies;China;2023;TECH;2.0;0.3;0.4;0.7;1.1;TECH;TECH;18;2.0;0.3;0.7;0.4;0.35;0.2
Hundsun Technologies;China;2024;TECH;1.9;0.4;0.3;0.7;1.1;TECH;TECH;19;1.9;0.4;0.7;0.3;0.3684210526315789;0.15789473684210525
Hytera Comm;China;2005;TECH;0.84;0.22;0.07;0.08;1.98;TECH;INDUS;0;0.84;0.22;0.08;0.07;0.09523809523809525;0.08333333333333334
Hytera Comm;China;2006;TECH;0.97;0.24;0.08;0.08;2.15;TECH;INDUS;1;0.97;0.24;0.08;0.08;0.08247422680412371;0.08247422680412371
Hytera Comm;China;2007;TECH;1.1;0.26;0.09;0.08;2.27;TECH;INDUS;2;1.1;0.26;0.08;0.09;0.07272727272727272;0.0818181818181818
Hytera Comm;China;2008;TECH;1.24;0.28;0.1;0.08;2.44;TECH;INDUS;3;1.24;0.28;0.08;0.1;0.06451612903225806;0.08064516129032259
Hytera Comm;China;2009;TECH;1.22;0.31;0.11;0.08;2.59;TECH;INDUS;4;1.22;0.31;0.08;0.11;0.06557377049180328;0.09016393442622951
Hytera Comm;China;2010;TECH;1.32;0.33;0.18;0.08;2.77;TECH;INDUS;5;1.32;0.33;0.08;0.18;0.06060606060606061;0.13636363636363635
Hytera Comm;China;2011;TECH;1.22;0.36;0.14;0.08;2.94;TECH;INDUS;6;1.22;0.36;0.08;0.14;0.06557377049180328;0.11475409836065575
Hytera Comm;China;2012;TECH;1.31;0.39;0.15;0.09;3.16;TECH;INDUS;7;1.31;0.39;0.09;0.15;0.06870229007633587;0.11450381679389313
Hytera Comm;China;2013;TECH;1.49;0.43;0.18;0.1;3.45;TECH;INDUS;8;1.49;0.43;0.1;0.18;0.06711409395973154;0.12080536912751677
Hytera Comm;China;2014;TECH;1.62;0.46;0.19;0.11;3.7;TECH;INDUS;9;1.62;0.46;0.11;0.19;0.06790123456790123;0.11728395061728394
Hytera Comm;China;2015;INDUS;0.7;0.2;0.1;0.1;0.6;INDUS;INDUS;10;0.7;0.2;0.1;0.1;0.14285714285714288;0.14285714285714288
Hytera Comm;China;2016;INDUS;0.9;0.3;0.1;0.1;0.7;INDUS;INDUS;11;0.9;0.3;0.1;0.1;0.11111111111111112;0.11111111111111112
Hytera Comm;China;2017;INDUS;1.3;0.5;0.1;0.2;1.0;INDUS;INDUS;12;1.3;0.5;0.2;0.1;0.15384615384615385;0.07692307692307693
Hytera Comm;China;2018;INDUS;1.7;0.6;0.2;0.3;1.1;INDUS;INDUS;13;1.7;0.6;0.3;0.2;0.17647058823529413;0.11764705882352942
Hytera Comm;China;2019;INDUS;1.9;0.8;0.0;0.3;1.2;INDUS;INDUS;14;1.9;0.8;0.3;0.0;0.15789473684210525;0.0
Hytera Comm;China;2020;INDUS;1.5;0.9;-0.0;0.3;1.0;INDUS;INDUS;15;1.5;0.9;0.3;-0.0;0.19999999999999998;-0.0
Hytera Comm;China;2021;INDUS;1.4;0.8;0.0;0.2;0.9;INDUS;INDUS;16;1.4;0.8;0.2;0.0;0.14285714285714288;0.0
Hytera Comm;China;2022;INDUS;1.5;0.8;0.1;0.2;0.8;INDUS;INDUS;17;1.5;0.8;0.2;0.1;0.13333333333333333;0.06666666666666667
Hytera Comm;China;2023;INDUS;1.6;0.7;0.2;0.3;0.8;INDUS;INDUS;18;1.6;0.7;0.3;0.2;0.18749999999999997;0.125
Hytera Comm;China;2024;INDUS;1.7;0.7;0.2;0.3;0.8;INDUS;INDUS;19;1.7;0.7;0.3;0.2;0.17647058823529413;0.11764705882352942
Hyundai Mobis (KR);G7;2005;INDUS;21.01;5.35;0.99;0.45;2.32;INDUS;INDUS;0;21.01;5.35;0.45;0.99;0.021418372203712517;0.04712041884816753
Hyundai Mobis (KR);G7;2006;INDUS;22.29;5.49;1.1;0.46;2.38;INDUS;INDUS;1;22.29;5.49;0.46;1.1;0.020637056976222524;0.0493494840735756
Hyundai Mobis (KR);G7;2007;INDUS;22.89;5.58;1.1;0.47;2.39;INDUS;INDUS;2;22.89;5.58;0.47;1.1;0.020532983835736127;0.048055919615552646
Hyundai Mobis (KR);G7;2008;INDUS;23.61;5.69;1.14;0.49;2.46;INDUS;INDUS;3;23.61;5.69;0.49;1.14;0.02075391783142736;0.048284625158831
Hyundai Mobis (KR);G7;2009;INDUS;23.15;5.82;1.2;0.5;2.52;INDUS;INDUS;4;23.15;5.82;0.5;1.2;0.021598272138228944;0.05183585313174946
Hyundai Mobis (KR);G7;2010;INDUS;32.71;5.89;3.09;0.5;2.6;INDUS;INDUS;5;32.71;5.89;0.5;3.09;0.01528584530724549;0.09446652399877713
Hyundai Mobis (KR);G7;2011;INDUS;30.29;6.05;2.47;0.51;2.67;INDUS;INDUS;6;30.29;6.05;0.51;2.47;0.01683724001320568;0.08154506437768241
Hyundai Mobis (KR);G7;2012;INDUS;30.85;6.27;2.5;0.53;2.72;INDUS;INDUS;7;30.85;6.27;0.53;2.5;0.017179902755267422;0.08103727714748785
Hyundai Mobis (KR);G7;2013;INDUS;31.14;6.47;2.55;0.54;2.75;INDUS;INDUS;8;31.14;6.47;0.54;2.55;0.017341040462427747;0.08188824662813102
Hyundai Mobis (KR);G7;2014;INDUS;31.93;6.64;2.71;0.55;2.82;INDUS;INDUS;9;31.93;6.64;0.55;2.71;0.017225180081428124;0.0848731600375822
Hyundai Mobis (KR);G7;2015;INDUS;32.5;6.85;2.65;0.55;2.85;INDUS;INDUS;10;32.5;6.85;0.55;2.65;0.016923076923076926;0.08153846153846153
Hyundai Mobis (KR);G7;2016;INDUS;33.15;7.15;2.55;0.62;2.95;INDUS;INDUS;11;33.15;7.15;0.62;2.55;0.01870286576168929;0.07692307692307693
Hyundai Mobis (KR);G7;2017;INDUS;31.52;7.5;1.85;0.72;3.15;INDUS;INDUS;12;31.52;7.5;0.72;1.85;0.02284263959390863;0.05869289340101523
Hyundai Mobis (KR);G7;2018;INDUS;31.45;7.85;1.82;0.78;3.25;INDUS;INDUS;13;31.45;7.85;0.78;1.82;0.02480127186009539;0.057869634340222575
Hyundai Mobis (KR);G7;2019;INDUS;32.6;8.25;2.05;0.85;3.35;INDUS;INDUS;14;32.6;8.25;0.85;2.05;0.02607361963190184;0.06288343558282208
Hyundai Mobis (KR);G7;2020;INDUS;30.85;8.5;1.55;0.88;3.42;INDUS;INDUS;15;30.85;8.5;0.88;1.55;0.02852512155591572;0.050243111831442464
Hyundai Mobis (KR);G7;2021;INDUS;37.2;8.85;1.75;1.05;3.55;INDUS;INDUS;16;37.2;8.85;1.05;1.75;0.028225806451612902;0.04704301075268817
Hyundai Mobis (KR);G7;2022;INDUS;40.15;9.25;1.65;1.25;3.65;INDUS;INDUS;17;40.15;9.25;1.25;1.65;0.031133250311332503;0.0410958904109589
Hyundai Mobis (KR);G7;2023;INDUS;44.55;9.85;1.85;1.45;3.85;INDUS;INDUS;18;44.55;9.85;1.45;1.85;0.032547699214365886;0.0415263748597082
Hyundai Mobis (KR);G7;2024;INDUS;46.2;10.25;2.15;1.65;4.1;INDUS;INDUS;19;46.2;10.25;1.65;2.15;0.03571428571428571;0.04653679653679653
Hyundai Motor (KR);G7;2005;INDUS;50.12;19.1;1.94;1.53;8.9;AUTO;AUTO;0;50.12;19.1;1.53;1.94;0.030526735833998404;0.03870710295291301
Hyundai Motor (KR);G7;2006;INDUS;51.13;19.6;2.06;1.56;8.97;AUTO;AUTO;1;51.13;19.6;1.56;2.06;0.030510463524349697;0.040289458243692546
Hyundai Motor (KR);G7;2007;INDUS;52.07;19.87;2.09;1.56;9.32;AUTO;AUTO;2;52.07;19.87;1.56;2.09;0.029959669675436913;0.04013827539850201
Hyundai Motor (KR);G7;2008;INDUS;54.02;20.52;2.24;1.57;9.45;AUTO;AUTO;3;54.02;20.52;1.57;2.24;0.029063309885227692;0.04146612365790448
Hyundai Motor (KR);G7;2009;INDUS;52.96;21.1;2.36;1.62;9.6;AUTO;AUTO;4;52.96;21.1;1.62;2.36;0.03058912386706949;0.0445619335347432
Hyundai Motor (KR);G7;2010;INDUS;75.29;21.81;5.09;1.65;9.92;AUTO;AUTO;5;75.29;21.81;1.65;5.09;0.021915260990835433;0.06760525966263779
Hyundai Motor (KR);G7;2011;INDUS;69.71;21.79;4.07;1.68;10.13;AUTO;AUTO;6;69.71;21.79;1.68;4.07;0.024099842203414146;0.058384736766604516
Hyundai Motor (KR);G7;2012;INDUS;70.31;22.5;4.28;1.74;10.4;AUTO;AUTO;7;70.31;22.5;1.74;4.28;0.024747546579433934;0.0608732754942398
Hyundai Motor (KR);G7;2013;INDUS;71.47;23.19;4.57;1.77;10.6;AUTO;AUTO;8;71.47;23.19;1.77;4.57;0.024765635931159928;0.06394291311039597
Hyundai Motor (KR);G7;2014;INDUS;77.54;23.75;5.07;1.8;10.93;AUTO;AUTO;9;77.54;23.75;1.8;5.07;0.02321382512251741;0.06538560742842403
Hyundai Motor (KR);G7;2015;INDUS;82.5;24.2;5.6;1.8;11.2;AUTO;AUTO;10;82.5;24.2;1.8;5.6;0.02181818181818182;0.06787878787878787
Hyundai Motor (KR);G7;2016;INDUS;84.1;25.1;5.2;2.1;11.5;AUTO;AUTO;11;84.1;25.1;2.1;5.2;0.024970273483947685;0.061831153388822835
Hyundai Motor (KR);G7;2017;INDUS;85.8;26.4;4.1;2.3;11.8;AUTO;AUTO;12;85.8;26.4;2.3;4.1;0.026806526806526804;0.047785547785547784
Hyundai Motor (KR);G7;2018;INDUS;86.5;27.8;2.1;2.5;12.0;AUTO;AUTO;13;86.5;27.8;2.5;2.1;0.028901734104046242;0.024277456647398846
Hyundai Motor (KR);G7;2019;INDUS;91.2;29.5;3.2;2.7;12.1;AUTO;AUTO;14;91.2;29.5;2.7;3.2;0.02960526315789474;0.03508771929824561
Hyundai Motor (KR);G7;2020;INDUS;88.4;31.2;2.1;2.8;12.2;AUTO;AUTO;15;88.4;31.2;2.8;2.1;0.03167420814479638;0.023755656108597284
Hyundai Motor (KR);G7;2021;INDUS;105.1;33.5;5.8;3.0;12.3;AUTO;AUTO;16;105.1;33.5;3.0;5.8;0.028544243577545196;0.05518553758325404
Hyundai Motor (KR);G7;2022;INDUS;118.5;35.8;8.5;3.3;12.2;AUTO;AUTO;17;118.5;35.8;3.3;8.5;0.027848101265822784;0.07172995780590717
Hyundai Motor (KR);G7;2023;INDUS;135.2;38.4;12.5;3.6;12.4;AUTO;AUTO;18;135.2;38.4;3.6;12.5;0.026627218934911247;0.09245562130177516
Hyundai Motor (KR);G7;2024;INDUS;142.1;41.2;13.2;4.0;12.5;AUTO;AUTO;19;142.1;41.2;4.0;13.2;0.028149190710767068;0.09289232934553132
IBM (US);G7;2005;INDUS;49.82;5.93;6.35;3.44;23.4;TECH;TECH;0;49.82;5.93;3.44;6.35;0.06904857486953031;0.12745885186672018
IBM (US);G7;2006;INDUS;54.2;6.25;6.65;3.6;24.34;TECH;TECH;1;54.2;6.25;3.6;6.65;0.06642066420664207;0.12269372693726938
IBM (US);G7;2007;INDUS;58.57;6.51;7.43;3.71;25.18;TECH;TECH;2;58.57;6.51;3.71;7.43;0.0633430083660577;0.12685675260372203
IBM (US);G7;2008;INDUS;62.89;6.99;7.89;3.93;26.38;TECH;TECH;3;62.89;6.99;3.93;7.89;0.06249006201303864;0.1254571474002226
IBM (US);G7;2009;INDUS;61.66;7.4;8.3;4.07;27.45;TECH;TECH;4;61.66;7.4;4.07;8.3;0.06600713590658451;0.13460914693480378
IBM (US);G7;2010;INDUS;65.02;7.93;14.76;4.22;29.15;TECH;TECH;5;65.02;7.93;4.22;14.76;0.0649031067363888;0.22700707474623194
IBM (US);G7;2011;INDUS;60.2;8.35;11.81;4.36;30.33;TECH;TECH;6;60.2;8.35;4.36;11.81;0.07242524916943521;0.19617940199335548
IBM (US);G7;2012;INDUS;64.11;8.9;12.25;4.58;31.84;TECH;TECH;7;64.11;8.9;4.58;12.25;0.07143971299329278;0.19107783497114336
IBM (US);G7;2013;INDUS;70.13;9.42;13.59;4.79;33.87;TECH;TECH;8;70.13;9.42;4.79;13.59;0.06830172536717526;0.1937829744759732
IBM (US);G7;2014;INDUS;76.24;9.97;14.94;5.0;35.66;TECH;TECH;9;76.24;9.97;5.0;14.94;0.06558237145855195;0.1959601259181532
IBM (US);G7;2015;INDUS;81.7;10.7;15.9;5.2;37.8;TECH;TECH;10;81.7;10.7;5.2;15.9;0.06364749082007344;0.19461444308445533
IBM (US);G7;2016;INDUS;79.9;10.8;13.0;5.4;38.0;TECH;TECH;11;79.9;10.8;5.4;13.0;0.06758448060075094;0.16270337922403003
IBM (US);G7;2017;INDUS;79.1;11.1;11.4;5.6;36.7;TECH;TECH;12;79.1;11.1;5.6;11.4;0.07079646017699115;0.14412136536030343
IBM (US);G7;2018;INDUS;79.6;10.8;11.3;5.4;35.1;TECH;TECH;13;79.6;10.8;5.4;11.3;0.06783919597989951;0.1419597989949749
IBM (US);G7;2019;INDUS;77.1;10.1;10.2;6.0;35.3;TECH;TECH;14;77.1;10.1;6.0;10.2;0.07782101167315175;0.13229571984435798
IBM (US);G7;2020;INDUS;55.2;8.5;3.9;6.3;29.0;TECH;TECH;15;55.2;8.5;6.3;3.9;0.11413043478260869;0.07065217391304347
IBM (US);G7;2021;INDUS;57.4;8.3;4.7;6.5;28.2;TECH;TECH;16;57.4;8.3;6.5;4.7;0.1132404181184669;0.0818815331010453
IBM (US);G7;2022;INDUS;60.5;8.1;5.4;6.6;28.8;TECH;TECH;17;60.5;8.1;6.6;5.4;0.10909090909090909;0.08925619834710745
IBM (US);G7;2023;INDUS;61.9;8.0;7.6;6.7;28.2;TECH;TECH;18;61.9;8.0;6.7;7.6;0.10823909531502424;0.12277867528271405
IBM (US);G7;2024;INDUS;63.2;8.2;8.4;7.1;28.5;TECH;TECH;19;63.2;8.2;7.1;8.4;0.11234177215189872;0.13291139240506328
IKD Co Ltd;China;2005;INDUS;0.38;0.16;0.03;0.05;1.48;INDUS;INDUS;0;0.38;0.16;0.05;0.03;0.13157894736842105;0.07894736842105263
IKD Co Ltd;China;2006;INDUS;0.42;0.17;0.03;0.05;1.6;INDUS;INDUS;1;0.42;0.17;0.05;0.03;0.11904761904761905;0.07142857142857142
IKD Co Ltd;China;2007;INDUS;0.47;0.19;0.03;0.05;1.71;INDUS;INDUS;2;0.47;0.19;0.05;0.03;0.10638297872340427;0.06382978723404255
IKD Co Ltd;China;2008;INDUS;0.53;0.21;0.03;0.05;1.81;INDUS;INDUS;3;0.53;0.21;0.05;0.03;0.09433962264150944;0.056603773584905655
IKD Co Ltd;China;2009;INDUS;0.52;0.23;0.03;0.05;1.94;INDUS;INDUS;4;0.52;0.23;0.05;0.03;0.09615384615384616;0.05769230769230769
IKD Co Ltd;China;2010;INDUS;0.62;0.25;0.07;0.05;2.1;INDUS;INDUS;5;0.62;0.25;0.05;0.07;0.08064516129032259;0.11290322580645162
IKD Co Ltd;China;2011;INDUS;0.57;0.28;0.06;0.05;2.28;INDUS;INDUS;6;0.57;0.28;0.05;0.06;0.08771929824561404;0.10526315789473685
IKD Co Ltd;China;2012;INDUS;0.63;0.31;0.07;0.05;2.45;INDUS;INDUS;7;0.63;0.31;0.05;0.07;0.07936507936507937;0.11111111111111112
IKD Co Ltd;China;2013;INDUS;0.71;0.34;0.08;0.05;2.62;INDUS;INDUS;8;0.71;0.34;0.05;0.08;0.07042253521126761;0.11267605633802817
IKD Co Ltd;China;2014;INDUS;0.79;0.37;0.09;0.05;2.81;INDUS;INDUS;9;0.79;0.37;0.05;0.09;0.06329113924050633;0.11392405063291139
IKD Co Ltd;China;2015;INDUS;0.3;0.2;0.1;0.0;0.2;INDUS;INDUS;10;0.3;0.2;0.0;0.1;0.0;0.33333333333333337
IKD Co Ltd;China;2016;INDUS;0.4;0.2;0.1;0.0;0.3;INDUS;INDUS;11;0.4;0.2;0.0;0.1;0.0;0.25
IKD Co Ltd;China;2017;INDUS;0.5;0.2;0.1;0.0;0.3;INDUS;INDUS;12;0.5;0.2;0.0;0.1;0.0;0.2
IKD Co Ltd;China;2018;INDUS;0.5;0.3;0.1;0.0;0.4;INDUS;INDUS;13;0.5;0.3;0.0;0.1;0.0;0.2
IKD Co Ltd;China;2019;INDUS;0.5;0.3;0.1;0.0;0.4;INDUS;INDUS;14;0.5;0.3;0.0;0.1;0.0;0.2
IKD Co Ltd;China;2020;INDUS;0.6;0.4;0.1;0.0;0.4;INDUS;INDUS;15;0.6;0.4;0.0;0.1;0.0;0.16666666666666669
IKD Co Ltd;China;2021;INDUS;0.8;0.5;0.1;0.0;0.4;INDUS;INDUS;16;0.8;0.5;0.0;0.1;0.0;0.125
IKD Co Ltd;China;2022;INDUS;1.1;0.6;0.2;0.1;0.4;INDUS;INDUS;17;1.1;0.6;0.1;0.2;0.09090909090909091;0.18181818181818182
IKD Co Ltd;China;2023;INDUS;1.4;0.8;0.2;0.1;0.5;INDUS;INDUS;18;1.4;0.8;0.1;0.2;0.07142857142857144;0.14285714285714288
IKD Co Ltd;China;2024;INDUS;1.7;1.0;0.3;0.1;0.5;INDUS;INDUS;19;1.7;1.0;0.1;0.3;0.05882352941176471;0.17647058823529413
Illinois Tool Works (US);G7;2005;INDUS;9.06;1.22;1.53;0.36;3.94;INDUS;INDUS;0;9.06;1.22;0.36;1.53;0.03973509933774834;0.16887417218543047
Illinois Tool Works (US);G7;2006;INDUS;9.38;1.24;1.54;0.36;3.99;INDUS;INDUS;1;9.38;1.24;0.36;1.54;0.038379530916844345;0.16417910447761194
Illinois Tool Works (US);G7;2007;INDUS;10.15;1.27;1.64;0.36;4.09;INDUS;INDUS;2;10.15;1.27;0.36;1.64;0.0354679802955665;0.16157635467980294
Illinois Tool Works (US);G7;2008;INDUS;10.49;1.31;1.62;0.36;4.21;INDUS;INDUS;3;10.49;1.31;0.36;1.62;0.034318398474737846;0.1544327931363203
Illinois Tool Works (US);G7;2009;INDUS;10.28;1.33;1.71;0.37;4.25;INDUS;INDUS;4;10.28;1.33;0.37;1.71;0.03599221789883269;0.1663424124513619
Illinois Tool Works (US);G7;2010;INDUS;12.52;1.36;3.02;0.38;4.34;INDUS;INDUS;5;12.52;1.36;0.38;3.02;0.030351437699680513;0.24121405750798722
Illinois Tool Works (US);G7;2011;INDUS;11.59;1.41;2.42;0.38;4.45;INDUS;INDUS;6;11.59;1.41;0.38;2.42;0.03278688524590164;0.2088006902502157
Illinois Tool Works (US);G7;2012;INDUS;12.22;1.43;2.57;0.39;4.47;INDUS;INDUS;7;12.22;1.43;0.39;2.57;0.031914893617021274;0.21031096563011453
Illinois Tool Works (US);G7;2013;INDUS;12.39;1.47;2.66;0.4;4.57;INDUS;INDUS;8;12.39;1.47;0.4;2.66;0.03228410008071025;0.21468926553672316
Illinois Tool Works (US);G7;2014;INDUS;12.72;1.5;2.87;0.41;4.69;INDUS;INDUS;9;12.72;1.5;0.41;2.87;0.03223270440251572;0.22562893081761007
Illinois Tool Works (US);G7;2015;INDUS;13.41;1.52;3.15;0.42;4.8;INDUS;INDUS;10;13.41;1.52;0.42;3.15;0.03131991051454139;0.2348993288590604
Illinois Tool Works (US);G7;2016;INDUS;13.59;1.55;3.25;0.43;5.0;INDUS;INDUS;11;13.59;1.55;0.43;3.25;0.03164091243561442;0.23914643119941134
Illinois Tool Works (US);G7;2017;INDUS;14.31;1.62;3.55;0.45;5.0;INDUS;INDUS;12;14.31;1.62;0.45;3.55;0.031446540880503145;0.24807826694619145
Illinois Tool Works (US);G7;2018;INDUS;14.77;1.75;3.65;0.48;4.8;INDUS;INDUS;13;14.77;1.75;0.48;3.65;0.03249830737982397;0.24712254570074477
Illinois Tool Works (US);G7;2019;INDUS;14.11;1.85;3.45;0.46;4.5;INDUS;INDUS;14;14.11;1.85;0.46;3.45;0.032600992204110564;0.24450744153082923
Illinois Tool Works (US);G7;2020;INDUS;12.57;1.82;2.85;0.42;4.3;INDUS;INDUS;15;12.57;1.82;0.42;2.85;0.03341288782816229;0.22673031026252982
Illinois Tool Works (US);G7;2021;INDUS;14.45;1.95;3.55;0.48;4.5;INDUS;INDUS;16;14.45;1.95;0.48;3.55;0.03321799307958478;0.24567474048442905
Illinois Tool Works (US);G7;2022;INDUS;15.92;2.15;3.85;0.52;4.6;INDUS;INDUS;17;15.92;2.15;0.52;3.85;0.032663316582914576;0.24183417085427136
Illinois Tool Works (US);G7;2023;INDUS;16.11;2.25;4.05;0.55;4.5;INDUS;INDUS;18;16.11;2.25;0.55;4.05;0.03414028553693359;0.25139664804469275
Illinois Tool Works (US);G7;2024;INDUS;16.52;2.35;4.25;0.58;4.6;INDUS;INDUS;19;16.52;2.35;0.58;4.25;0.035108958837772396;0.2572639225181598
Illumina (US);G7;2005;TECH;1.64;0.58;0.27;0.33;0.36;PHARMA;PHARMA;0;1.64;0.58;0.33;0.27;0.20121951219512196;0.16463414634146342
Illumina (US);G7;2006;TECH;1.71;0.6;0.28;0.33;0.37;PHARMA;PHARMA;1;1.71;0.6;0.33;0.28;0.1929824561403509;0.16374269005847955
Illumina (US);G7;2007;TECH;1.79;0.63;0.31;0.34;0.38;PHARMA;PHARMA;2;1.79;0.63;0.34;0.31;0.1899441340782123;0.17318435754189943
Illumina (US);G7;2008;TECH;1.82;0.65;0.32;0.35;0.39;PHARMA;PHARMA;3;1.82;0.65;0.35;0.32;0.1923076923076923;0.1758241758241758
Illumina (US);G7;2009;TECH;1.78;0.7;0.34;0.36;0.41;PHARMA;PHARMA;4;1.78;0.7;0.36;0.34;0.20224719101123595;0.1910112359550562
Illumina (US);G7;2010;TECH;1.95;0.73;0.54;0.37;0.41;PHARMA;PHARMA;5;1.95;0.73;0.37;0.54;0.18974358974358974;0.27692307692307694
Illumina (US);G7;2011;TECH;1.81;0.75;0.43;0.37;0.42;PHARMA;PHARMA;6;1.81;0.75;0.37;0.43;0.20441988950276244;0.23756906077348064
Illumina (US);G7;2012;TECH;1.93;0.78;0.44;0.38;0.43;PHARMA;PHARMA;7;1.93;0.78;0.38;0.44;0.19689119170984457;0.22797927461139897
Illumina (US);G7;2013;TECH;2.01;0.81;0.46;0.4;0.44;PHARMA;PHARMA;8;2.01;0.81;0.4;0.46;0.19900497512437815;0.22885572139303487
Illumina (US);G7;2014;TECH;2.07;0.84;0.49;0.41;0.45;PHARMA;PHARMA;9;2.07;0.84;0.41;0.49;0.19806763285024154;0.23671497584541065
Illumina (US);G7;2015;TECH;2.22;0.85;0.52;0.42;0.46;PHARMA;PHARMA;10;2.22;0.85;0.42;0.52;0.18918918918918917;0.23423423423423423
Illumina (US);G7;2016;TECH;2.4;0.92;0.58;0.51;0.54;PHARMA;PHARMA;11;2.4;0.92;0.51;0.58;0.21250000000000002;0.24166666666666667
Illumina (US);G7;2017;TECH;2.75;1.05;0.72;0.55;0.58;PHARMA;PHARMA;12;2.75;1.05;0.55;0.72;0.2;0.2618181818181818
Illumina (US);G7;2018;TECH;3.33;1.25;0.85;0.62;0.73;PHARMA;PHARMA;13;3.33;1.25;0.62;0.85;0.18618618618618618;0.2552552552552552
Illumina (US);G7;2019;TECH;3.54;1.45;0.95;0.65;0.77;PHARMA;PHARMA;14;3.54;1.45;0.65;0.95;0.18361581920903955;0.2683615819209039
Illumina (US);G7;2020;TECH;3.24;1.65;0.65;0.68;0.78;PHARMA;PHARMA;15;3.24;1.65;0.68;0.65;0.20987654320987653;0.2006172839506173
Illumina (US);G7;2021;TECH;4.53;2.15;0.82;1.15;0.91;PHARMA;PHARMA;16;4.53;2.15;1.15;0.82;0.2538631346578366;0.18101545253863133
Illumina (US);G7;2022;TECH;4.58;2.45;0.52;1.35;1.02;PHARMA;PHARMA;17;4.58;2.45;1.35;0.52;0.29475982532751094;0.11353711790393013
Illumina (US);G7;2023;TECH;4.5;2.65;-0.15;1.45;0.95;PHARMA;PHARMA;18;4.5;2.65;1.45;-0.15;0.3222222222222222;-0.03333333333333333
Illumina (US);G7;2024;TECH;4.85;2.85;0.45;1.52;1.05;PHARMA;PHARMA;19;4.85;2.85;1.52;0.45;0.31340206185567016;0.09278350515463918
Ingersoll Rand (US);G7;2005;INDUS;9.19;3.35;0.78;0.31;45.27;INDUS;INDUS;0;9.19;3.35;0.31;0.78;0.03373231773667029;0.08487486398258978
Ingersoll Rand (US);G7;2006;INDUS;9.39;3.42;0.83;0.32;45.74;INDUS;INDUS;1;9.39;3.42;0.32;0.83;0.034078807241746535;0.08839190628328007
Ingersoll Rand (US);G7;2007;INDUS;9.53;3.51;0.88;0.32;47.29;INDUS;INDUS;2;9.53;3.51;0.32;0.88;0.033578174186778595;0.09233997901364115
Ingersoll Rand (US);G7;2008;INDUS;10.01;3.59;0.94;0.33;48.99;INDUS;INDUS;3;10.01;3.59;0.33;0.94;0.03296703296703297;0.0939060939060939
Ingersoll Rand (US);G7;2009;INDUS;9.81;3.67;0.99;0.34;50.28;INDUS;INDUS;4;9.81;3.67;0.34;0.99;0.034658511722731905;0.10091743119266054
Ingersoll Rand (US);G7;2010;INDUS;12.15;3.8;1.76;0.35;51.09;INDUS;INDUS;5;12.15;3.8;0.35;1.76;0.028806584362139915;0.1448559670781893
Ingersoll Rand (US);G7;2011;INDUS;11.25;3.86;1.41;0.36;53.31;INDUS;INDUS;6;11.25;3.86;0.36;1.41;0.032;0.12533333333333332
Ingersoll Rand (US);G7;2012;INDUS;11.91;3.96;1.55;0.37;55.22;INDUS;INDUS;7;11.91;3.96;0.37;1.55;0.031066330814441646;0.13014273719563393
Ingersoll Rand (US);G7;2013;INDUS;11.8;4.02;1.55;0.38;57.05;INDUS;INDUS;8;11.8;4.02;0.38;1.55;0.03220338983050847;0.1313559322033898
Ingersoll Rand (US);G7;2014;INDUS;12.33;4.1;1.62;0.38;58.23;INDUS;INDUS;9;12.33;4.1;0.38;1.62;0.030819140308191405;0.13138686131386862
Ingersoll Rand (US);G7;2015;INDUS;13.31;2.15;1.85;0.45;4.5;INDUS;INDUS;10;13.31;2.15;0.45;1.85;0.033809166040571;0.13899323816679188
Ingersoll Rand (US);G7;2016;INDUS;13.51;2.05;1.92;0.46;4.5;INDUS;INDUS;11;13.51;2.05;0.46;1.92;0.034048852701702444;0.14211695040710584
Ingersoll Rand (US);G7;2017;INDUS;14.2;2.12;2.15;0.48;4.6;INDUS;INDUS;12;14.2;2.12;0.48;2.15;0.033802816901408454;0.15140845070422534
Ingersoll Rand (US);G7;2018;INDUS;15.67;2.25;2.45;0.52;4.9;INDUS;INDUS;13;15.67;2.25;0.52;2.45;0.03318442884492661;0.1563497128270581
Ingersoll Rand (US);G7;2019;INDUS;16.63;2.45;2.65;0.55;5.1;INDUS;INDUS;14;16.63;2.45;0.55;2.65;0.03307276007215875;0.15935057125676488
Ingersoll Rand (US);G7;2020;INDUS;5.41;0.85;0.75;0.22;1.6;INDUS;INDUS;15;5.41;0.85;0.22;0.75;0.04066543438077634;0.13863216266173753
Ingersoll Rand (US);G7;2021;INDUS;5.15;0.82;0.85;0.25;1.6;INDUS;INDUS;16;5.15;0.82;0.25;0.85;0.04854368932038835;0.16504854368932037
Ingersoll Rand (US);G7;2022;INDUS;5.92;0.88;1.05;0.28;1.7;INDUS;INDUS;17;5.92;0.88;0.28;1.05;0.0472972972972973;0.17736486486486489
Ingersoll Rand (US);G7;2023;INDUS;6.88;0.95;1.35;0.32;1.8;INDUS;INDUS;18;6.88;0.95;0.32;1.35;0.046511627906976744;0.19622093023255816
Ingersoll Rand (US);G7;2024;INDUS;7.25;1.05;1.45;0.35;1.9;INDUS;INDUS;19;7.25;1.05;0.35;1.45;0.04827586206896552;0.19999999999999998
Inovance Tech;CN;2015;INDUS;0.73;0.22;0.11;0.07;;INDUS;INDUS;10;0.73;0.22;0.07;0.11;0.09589041095890412;0.1506849315068493
Inovance Tech;CN;2020;INDUS;2.88;0.86;0.46;0.29;;INDUS;INDUS;15;2.88;0.86;0.29;0.46;0.10069444444444445;0.15972222222222224
Inovance Tech;CN;2024;INDUS;9.02;2.71;1.44;0.9;;INDUS;INDUS;19;9.02;2.71;0.9;1.44;0.09977827050997784;0.15964523281596452
Inspur Electronic;China;2005;TECH;4.88;1.42;0.17;0.26;7.45;TECH;TECH;0;4.88;1.42;0.26;0.17;0.05327868852459017;0.034836065573770496
Inspur Electronic;China;2006;TECH;5.45;1.54;0.19;0.27;8.13;TECH;TECH;1;5.45;1.54;0.27;0.19;0.04954128440366973;0.03486238532110092
Inspur Electronic;China;2007;TECH;5.89;1.65;0.2;0.28;8.78;TECH;TECH;2;5.89;1.65;0.28;0.2;0.04753820033955858;0.03395585738539898
Inspur Electronic;China;2008;TECH;6.33;1.8;0.23;0.29;9.51;TECH;TECH;3;6.33;1.8;0.29;0.23;0.045813586097946286;0.036334913112164295
Inspur Electronic;China;2009;TECH;6.21;1.91;0.24;0.3;10.22;TECH;TECH;4;6.21;1.91;0.3;0.24;0.04830917874396135;0.03864734299516908
Inspur Electronic;China;2010;TECH;6.62;2.07;0.39;0.31;10.92;TECH;TECH;5;6.62;2.07;0.31;0.39;0.04682779456193353;0.05891238670694864
Inspur Electronic;China;2011;TECH;6.13;2.21;0.31;0.33;11.57;TECH;TECH;6;6.13;2.21;0.33;0.31;0.05383360522022839;0.05057096247960848
Inspur Electronic;China;2012;TECH;6.91;2.43;0.34;0.35;12.26;TECH;TECH;7;6.91;2.43;0.35;0.34;0.05065123010130246;0.049204052098408106
Inspur Electronic;China;2013;TECH;7.85;2.61;0.4;0.36;13.33;TECH;TECH;8;7.85;2.61;0.36;0.4;0.04585987261146497;0.050955414012738856
Inspur Electronic;China;2014;TECH;8.94;2.79;0.46;0.38;14.13;TECH;TECH;9;8.94;2.79;0.38;0.46;0.042505592841163314;0.05145413870246086
Inspur Electronic;China;2015;INDUS;2.7;0.3;0.1;0.2;0.8;TECH;TECH;10;2.7;0.3;0.2;0.1;0.07407407407407407;0.037037037037037035
Inspur Electronic;China;2016;INDUS;3.3;0.4;0.1;0.3;1.0;TECH;TECH;11;3.3;0.4;0.3;0.1;0.09090909090909091;0.030303030303030307
Inspur Electronic;China;2017;INDUS;6.3;0.5;0.2;0.4;1.2;TECH;TECH;12;6.3;0.5;0.4;0.2;0.0634920634920635;0.03174603174603175
Inspur Electronic;China;2018;INDUS;11.5;0.6;0.3;0.5;1.4;TECH;TECH;13;11.5;0.6;0.5;0.3;0.043478260869565216;0.02608695652173913
Inspur Electronic;China;2019;INDUS;12.7;0.8;0.3;0.5;1.5;TECH;TECH;14;12.7;0.8;0.5;0.3;0.03937007874015748;0.023622047244094488
Inspur Electronic;China;2020;INDUS;15.7;1.0;0.5;0.6;1.8;TECH;TECH;15;15.7;1.0;0.6;0.5;0.03821656050955414;0.03184713375796178
Inspur Electronic;China;2021;INDUS;16.8;1.1;0.5;0.7;2.1;TECH;TECH;16;16.8;1.1;0.7;0.5;0.041666666666666664;0.02976190476190476
Inspur Electronic;China;2022;INDUS;18.3;1.3;0.6;0.8;2.4;TECH;TECH;17;18.3;1.3;0.8;0.6;0.04371584699453552;0.032786885245901634
Inspur Electronic;China;2023;INDUS;18.1;1.6;0.6;0.9;2.2;TECH;TECH;18;18.1;1.6;0.9;0.6;0.049723756906077346;0.03314917127071823
Inspur Electronic;China;2024;INDUS;22.3;1.8;0.8;1.2;2.6;TECH;TECH;19;22.3;1.8;1.2;0.8;0.05381165919282511;0.03587443946188341
Intel (US);G7;2005;TECH;32.47;17.18;5.62;8.03;6.26;TECH;TECH;0;32.47;17.18;8.03;5.62;0.24730520480443485;0.17308284570372653
Intel (US);G7;2006;TECH;35.1;18.57;6.39;8.42;6.62;TECH;TECH;1;35.1;18.57;8.42;6.39;0.23988603988603988;0.18205128205128204
Intel (US);G7;2007;TECH;37.66;19.27;6.71;8.89;7.02;TECH;TECH;2;37.66;19.27;8.89;6.71;0.23605947955390338;0.1781731279872544
Intel (US);G7;2008;TECH;40.05;20.29;7.24;9.21;7.37;TECH;TECH;3;40.05;20.29;9.21;7.24;0.22996254681647943;0.18077403245942575
Intel (US);G7;2009;TECH;39.26;21.37;7.62;9.57;7.85;TECH;TECH;4;39.26;21.37;9.57;7.62;0.2437595517065716;0.19409067753438616
Intel (US);G7;2010;TECH;43.42;22.69;12.2;9.92;8.24;TECH;TECH;5;43.42;22.69;9.92;12.2;0.2284661446338093;0.2809765085214187
Intel (US);G7;2011;TECH;40.2;23.88;9.76;10.31;8.74;TECH;TECH;6;40.2;23.88;10.31;9.76;0.2564676616915423;0.24278606965174127
Intel (US);G7;2012;TECH;43.46;25.28;10.19;10.85;9.17;TECH;TECH;7;43.46;25.28;10.85;10.19;0.2496548550391164;0.2344684767602393
Intel (US);G7;2013;TECH;47.46;27.06;11.14;11.24;9.52;TECH;TECH;8;47.46;27.06;11.24;11.14;0.23683101559207753;0.23472397808680995
Intel (US);G7;2014;TECH;52.45;29.01;12.62;11.73;10.04;TECH;TECH;9;52.45;29.01;11.73;12.62;0.22364156339370828;0.2406101048617731
Intel (US);G7;2015;TECH;55.4;31.5;14.0;12.1;10.7;TECH;TECH;10;55.4;31.5;12.1;14.0;0.2184115523465704;0.2527075812274368
Intel (US);G7;2016;TECH;59.4;34.2;12.9;12.7;10.6;TECH;TECH;11;59.4;34.2;12.7;12.9;0.2138047138047138;0.21717171717171718
Intel (US);G7;2017;TECH;62.8;38.5;17.9;13.1;10.2;TECH;TECH;12;62.8;38.5;13.1;17.9;0.2085987261146497;0.28503184713375795
Intel (US);G7;2018;TECH;70.8;43.2;23.3;13.5;10.7;TECH;TECH;13;70.8;43.2;13.5;23.3;0.19067796610169493;0.32909604519774016
Intel (US);G7;2019;TECH;72.0;48.5;22.0;13.4;11.1;TECH;TECH;14;72.0;48.5;13.4;22.0;0.18611111111111112;0.3055555555555556
Intel (US);G7;2020;TECH;77.9;52.1;20.9;13.6;11.0;TECH;TECH;15;77.9;52.1;13.6;20.9;0.17458279845956354;0.26829268292682923
Intel (US);G7;2021;TECH;79.0;56.8;19.5;15.2;12.1;TECH;TECH;16;79.0;56.8;15.2;19.5;0.19240506329113924;0.2468354430379747
Intel (US);G7;2022;TECH;63.1;60.2;2.3;17.5;13.1;TECH;TECH;17;63.1;60.2;17.5;2.3;0.277337559429477;0.03645007923930269
Intel (US);G7;2023;TECH;54.2;65.5;0.1;16.0;12.4;TECH;TECH;18;54.2;65.5;16.0;0.1;0.2952029520295203;0.0018450184501845018
Intel (US);G7;2024;TECH;56.5;72.1;0.8;16.5;12.0;TECH;TECH;19;56.5;72.1;16.5;0.8;0.2920353982300885;0.014159292035398232
Intuit (US);G7;2005;TECH;2.65;0.33;0.45;0.55;0.51;TECH;TECH;0;2.65;0.33;0.55;0.45;0.2075471698113208;0.169811320754717
Intuit (US);G7;2006;TECH;2.82;0.35;0.47;0.57;0.53;TECH;TECH;1;2.82;0.35;0.57;0.47;0.20212765957446807;0.16666666666666666
Intuit (US);G7;2007;TECH;3.07;0.37;0.52;0.59;0.55;TECH;TECH;2;3.07;0.37;0.59;0.52;0.19218241042345277;0.1693811074918567
Intuit (US);G7;2008;TECH;3.19;0.39;0.53;0.61;0.57;TECH;TECH;3;3.19;0.39;0.61;0.53;0.19122257053291536;0.16614420062695925
Intuit (US);G7;2009;TECH;3.13;0.42;0.56;0.64;0.6;TECH;TECH;4;3.13;0.42;0.64;0.56;0.20447284345047925;0.17891373801916935
Intuit (US);G7;2010;TECH;3.56;0.45;1.07;0.66;0.63;TECH;TECH;5;3.56;0.45;0.66;1.07;0.1853932584269663;0.300561797752809
Intuit (US);G7;2011;TECH;3.3;0.47;0.86;0.69;0.66;TECH;TECH;6;3.3;0.47;0.69;0.86;0.20909090909090908;0.2606060606060606
Intuit (US);G7;2012;TECH;3.51;0.5;0.94;0.72;0.69;TECH;TECH;7;3.51;0.5;0.72;0.94;0.20512820512820512;0.2678062678062678
Intuit (US);G7;2013;TECH;3.79;0.54;1.01;0.74;0.71;TECH;TECH;8;3.79;0.54;0.74;1.01;0.19525065963060687;0.26649076517150394
Intuit (US);G7;2014;TECH;4.02;0.57;1.1;0.77;0.75;TECH;TECH;9;4.02;0.57;0.77;1.1;0.19154228855721395;0.27363184079601993
Intuit (US);G7;2015;TECH;4.2;0.6;1.2;0.8;0.8;TECH;TECH;10;4.2;0.6;0.8;1.2;0.19047619047619047;0.2857142857142857
Intuit (US);G7;2016;TECH;4.7;0.7;1.3;0.9;0.8;TECH;TECH;11;4.7;0.7;0.9;1.3;0.19148936170212766;0.2765957446808511
Intuit (US);G7;2017;TECH;5.2;0.7;1.4;1.0;0.8;TECH;TECH;12;5.2;0.7;1.0;1.4;0.1923076923076923;0.2692307692307692
Intuit (US);G7;2018;TECH;6.0;0.7;1.6;1.2;0.9;TECH;TECH;13;6.0;0.7;1.2;1.6;0.19999999999999998;0.26666666666666666
Intuit (US);G7;2019;TECH;6.8;0.8;1.9;1.4;0.9;TECH;TECH;14;6.8;0.8;1.4;1.9;0.20588235294117646;0.27941176470588236
Intuit (US);G7;2020;TECH;7.7;0.8;2.2;1.7;1.1;TECH;TECH;15;7.7;0.8;1.7;2.2;0.22077922077922077;0.28571428571428575
Intuit (US);G7;2021;TECH;9.6;1.1;2.5;2.1;1.4;TECH;TECH;16;9.6;1.1;2.1;2.5;0.21875000000000003;0.2604166666666667
Intuit (US);G7;2022;TECH;12.7;1.2;2.6;2.5;1.7;TECH;TECH;17;12.7;1.2;2.5;2.6;0.1968503937007874;0.20472440944881892
Intuit (US);G7;2023;TECH;14.4;1.3;3.1;2.8;1.8;TECH;TECH;18;14.4;1.3;2.8;3.1;0.19444444444444442;0.2152777777777778
Intuit (US);G7;2024;TECH;16.3;1.4;3.8;3.2;1.9;TECH;TECH;19;16.3;1.4;3.2;3.8;0.19631901840490798;0.2331288343558282
Intuitive Surgical (US);G7;2005;TECH;1.48;0.25;0.36;0.14;0.21;PHARMA;PHARMA;0;1.48;0.25;0.14;0.36;0.0945945945945946;0.24324324324324323
Intuitive Surgical (US);G7;2006;TECH;1.55;0.26;0.37;0.14;0.22;PHARMA;PHARMA;1;1.55;0.26;0.14;0.37;0.0903225806451613;0.23870967741935484
Intuitive Surgical (US);G7;2007;TECH;1.61;0.27;0.37;0.15;0.23;PHARMA;PHARMA;2;1.61;0.27;0.15;0.37;0.09316770186335403;0.22981366459627328
Intuitive Surgical (US);G7;2008;TECH;1.75;0.29;0.4;0.16;0.24;PHARMA;PHARMA;3;1.75;0.29;0.16;0.4;0.09142857142857143;0.2285714285714286
Intuitive Surgical (US);G7;2009;TECH;1.72;0.31;0.42;0.17;0.25;PHARMA;PHARMA;4;1.72;0.31;0.17;0.42;0.09883720930232559;0.2441860465116279
Intuitive Surgical (US);G7;2010;TECH;1.91;0.33;0.88;0.17;0.26;PHARMA;PHARMA;5;1.91;0.33;0.17;0.88;0.08900523560209425;0.46073298429319376
Intuitive Surgical (US);G7;2011;TECH;1.77;0.35;0.7;0.18;0.27;PHARMA;PHARMA;6;1.77;0.35;0.18;0.7;0.10169491525423728;0.39548022598870053
Intuitive Surgical (US);G7;2012;TECH;1.88;0.38;0.72;0.19;0.28;PHARMA;PHARMA;7;1.88;0.38;0.19;0.72;0.10106382978723405;0.3829787234042553
Intuitive Surgical (US);G7;2013;TECH;2.02;0.41;0.75;0.2;0.29;PHARMA;PHARMA;8;2.02;0.41;0.2;0.75;0.09900990099009901;0.3712871287128713
Intuitive Surgical (US);G7;2014;TECH;2.18;0.43;0.79;0.21;0.3;PHARMA;PHARMA;9;2.18;0.43;0.21;0.79;0.09633027522935779;0.3623853211009174
Intuitive Surgical (US);G7;2015;TECH;2.38;0.45;0.85;0.22;0.32;PHARMA;PHARMA;10;2.38;0.45;0.22;0.85;0.09243697478991597;0.35714285714285715
Intuitive Surgical (US);G7;2016;TECH;2.7;0.52;1.05;0.25;0.38;PHARMA;PHARMA;11;2.7;0.52;0.25;1.05;0.09259259259259259;0.3888888888888889
Intuitive Surgical (US);G7;2017;TECH;3.13;0.65;1.25;0.32;0.44;PHARMA;PHARMA;12;3.13;0.65;0.32;1.25;0.10223642172523963;0.3993610223642173
Intuitive Surgical (US);G7;2018;TECH;3.72;0.85;1.45;0.42;0.55;PHARMA;PHARMA;13;3.72;0.85;0.42;1.45;0.1129032258064516;0.3897849462365591
Intuitive Surgical (US);G7;2019;TECH;4.48;1.15;1.65;0.55;0.73;PHARMA;PHARMA;14;4.48;1.15;0.55;1.65;0.12276785714285714;0.3683035714285714
Intuitive Surgical (US);G7;2020;TECH;4.36;1.45;1.25;0.58;0.81;PHARMA;PHARMA;15;4.36;1.45;0.58;1.25;0.1330275229357798;0.286697247706422
Intuitive Surgical (US);G7;2021;TECH;5.71;1.85;2.15;0.68;0.98;PHARMA;PHARMA;16;5.71;1.85;0.68;2.15;0.11908931698774082;0.3765323992994746
Intuitive Surgical (US);G7;2022;TECH;6.22;2.15;2.45;0.85;1.25;PHARMA;PHARMA;17;6.22;2.15;0.85;2.45;0.13665594855305466;0.3938906752411576
Intuitive Surgical (US);G7;2023;TECH;7.12;2.45;2.85;1.05;1.35;PHARMA;PHARMA;18;7.12;2.45;1.05;2.85;0.14747191011235955;0.4002808988764045
Intuitive Surgical (US);G7;2024;TECH;8.15;2.85;3.15;1.25;1.45;PHARMA;PHARMA;19;8.15;2.85;1.25;3.15;0.15337423312883436;0.38650306748466257
Isuzu Motors (JP);G7;2005;INDUS;11.09;3.54;0.49;0.59;2.13;AUTO;AUTO;0;11.09;3.54;0.59;0.49;0.05320108205590622;0.04418394950405771
Isuzu Motors (JP);G7;2006;INDUS;11.61;3.63;0.51;0.6;2.19;AUTO;AUTO;1;11.61;3.63;0.6;0.51;0.0516795865633075;0.043927648578811374
Isuzu Motors (JP);G7;2007;INDUS;11.78;3.76;0.51;0.62;2.25;AUTO;AUTO;2;11.78;3.76;0.62;0.51;0.052631578947368425;0.04329371816638371
Isuzu Motors (JP);G7;2008;INDUS;12.22;3.87;0.54;0.63;2.31;AUTO;AUTO;3;12.22;3.87;0.63;0.54;0.05155482815057283;0.044189852700491
Isuzu Motors (JP);G7;2009;INDUS;11.98;4.0;0.57;0.65;2.38;AUTO;AUTO;4;11.98;4.0;0.65;0.57;0.05425709515859766;0.04757929883138564
Isuzu Motors (JP);G7;2010;INDUS;14.74;4.1;1.57;0.66;2.42;AUTO;AUTO;5;14.74;4.1;0.66;1.57;0.04477611940298508;0.10651289009497965
Isuzu Motors (JP);G7;2011;INDUS;13.65;4.26;1.26;0.68;2.52;AUTO;AUTO;6;13.65;4.26;0.68;1.26;0.04981684981684982;0.09230769230769231
Isuzu Motors (JP);G7;2012;INDUS;14.52;4.4;1.3;0.7;2.6;AUTO;AUTO;7;14.52;4.4;0.7;1.3;0.048209366391184574;0.08953168044077135
Isuzu Motors (JP);G7;2013;INDUS;14.8;4.55;1.32;0.71;2.68;AUTO;AUTO;8;14.8;4.55;0.71;1.32;0.04797297297297297;0.0891891891891892
Isuzu Motors (JP);G7;2014;INDUS;15.77;4.74;1.41;0.73;2.78;AUTO;AUTO;9;15.77;4.74;0.73;1.41;0.046290424857324035;0.08941027266962587
Isuzu Motors (JP);G7;2015;INDUS;16.2;4.85;1.45;0.75;2.85;AUTO;AUTO;10;16.2;4.85;0.75;1.45;0.0462962962962963;0.08950617283950617
Isuzu Motors (JP);G7;2016;INDUS;17.85;5.12;1.55;0.78;2.95;AUTO;AUTO;11;17.85;5.12;0.78;1.55;0.043697478991596636;0.08683473389355742
Isuzu Motors (JP);G7;2017;INDUS;18.15;5.25;1.62;0.82;3.15;AUTO;AUTO;12;18.15;5.25;0.82;1.62;0.045179063360881545;0.08925619834710745
Isuzu Motors (JP);G7;2018;INDUS;19.5;5.55;1.55;0.85;3.45;AUTO;AUTO;13;19.5;5.55;0.85;1.55;0.04358974358974359;0.0794871794871795
Isuzu Motors (JP);G7;2019;INDUS;19.85;5.85;1.42;0.92;3.65;AUTO;AUTO;14;19.85;5.85;0.92;1.42;0.04634760705289672;0.07153652392947102
Isuzu Motors (JP);G7;2020;INDUS;16.85;6.15;1.15;0.88;3.55;AUTO;AUTO;15;16.85;6.15;0.88;1.15;0.052225519287833824;0.06824925816023737
Isuzu Motors (JP);G7;2021;INDUS;22.5;7.15;1.65;0.95;4.25;AUTO;AUTO;16;22.5;7.15;0.95;1.65;0.042222222222222223;0.07333333333333333
Isuzu Motors (JP);G7;2022;INDUS;25.15;7.85;1.85;1.15;4.55;AUTO;AUTO;17;25.15;7.85;1.15;1.85;0.04572564612326044;0.07355864811133202
Isuzu Motors (JP);G7;2023;INDUS;22.85;8.15;1.95;1.25;4.45;AUTO;AUTO;18;22.85;8.15;1.25;1.95;0.05470459518599562;0.08533916849015316
Isuzu Motors (JP);G7;2024;INDUS;24.25;8.5;2.15;1.35;4.65;AUTO;AUTO;19;24.25;8.5;1.35;2.15;0.05567010309278351;0.08865979381443298
JCET Group;China;2005;TECH;1.52;0.69;0.06;0.11;10.38;TECH;INDUS;0;1.52;0.69;0.11;0.06;0.07236842105263158;0.039473684210526314
JCET Group;China;2006;TECH;1.69;0.74;0.06;0.12;11.19;TECH;INDUS;1;1.69;0.74;0.12;0.06;0.07100591715976332;0.03550295857988166
JCET Group;China;2007;TECH;1.92;0.8;0.07;0.13;11.96;TECH;INDUS;2;1.92;0.8;0.13;0.07;0.06770833333333334;0.036458333333333336
JCET Group;China;2008;TECH;2.18;0.86;0.08;0.13;12.95;TECH;INDUS;3;2.18;0.86;0.13;0.08;0.059633027522935776;0.03669724770642201
JCET Group;China;2009;TECH;2.14;0.92;0.08;0.14;13.91;TECH;INDUS;4;2.14;0.92;0.14;0.08;0.06542056074766356;0.037383177570093455
JCET Group;China;2010;TECH;2.31;1.0;0.16;0.15;14.74;TECH;INDUS;5;2.31;1.0;0.15;0.16;0.06493506493506493;0.06926406926406926
JCET Group;China;2011;TECH;2.14;1.09;0.13;0.16;15.83;TECH;INDUS;6;2.14;1.09;0.16;0.13;0.07476635514018691;0.06074766355140187
JCET Group;China;2012;TECH;2.28;1.17;0.15;0.17;16.77;TECH;INDUS;7;2.28;1.17;0.17;0.15;0.07456140350877194;0.06578947368421052
JCET Group;China;2013;TECH;2.58;1.25;0.17;0.18;17.77;TECH;INDUS;8;2.58;1.25;0.18;0.17;0.06976744186046512;0.06589147286821706
JCET Group;China;2014;TECH;2.88;1.37;0.19;0.19;18.62;TECH;INDUS;9;2.88;1.37;0.19;0.19;0.06597222222222222;0.06597222222222222
JCET Group;China;2015;INDUS;2.9;2.3;-0.1;0.2;1.8;INDUS;INDUS;10;2.9;2.3;0.2;-0.1;0.06896551724137931;-0.034482758620689655
JCET Group;China;2016;INDUS;4.9;3.2;0.0;0.3;2.1;INDUS;INDUS;11;4.9;3.2;0.3;0.0;0.06122448979591836;0.0
JCET Group;China;2017;INDUS;5.9;3.9;0.1;0.4;2.4;INDUS;INDUS;12;5.9;3.9;0.4;0.1;0.06779661016949153;0.01694915254237288
JCET Group;China;2018;INDUS;5.8;4.4;-0.2;0.4;2.2;INDUS;INDUS;13;5.8;4.4;0.4;-0.2;0.06896551724137931;-0.034482758620689655
JCET Group;China;2019;INDUS;5.8;4.8;0.0;0.4;2.1;INDUS;INDUS;14;5.8;4.8;0.4;0.0;0.06896551724137931;0.0
JCET Group;China;2020;INDUS;6.6;5.3;0.4;0.5;2.4;INDUS;INDUS;15;6.6;5.3;0.5;0.4;0.07575757575757576;0.060606060606060615
JCET Group;China;2021;INDUS;7.6;6.1;0.8;0.5;2.6;INDUS;INDUS;16;7.6;6.1;0.5;0.8;0.06578947368421052;0.10526315789473685
JCET Group;China;2022;INDUS;8.9;7.4;0.9;0.6;2.8;INDUS;INDUS;17;8.9;7.4;0.6;0.9;0.06741573033707865;0.10112359550561797
JCET Group;China;2023;INDUS;8.1;8.5;0.4;0.6;2.4;INDUS;INDUS;18;8.1;8.5;0.6;0.4;0.07407407407407407;0.04938271604938272
JCET Group;China;2024;INDUS;9.1;9.8;0.6;0.7;2.6;INDUS;INDUS;19;9.1;9.8;0.7;0.6;0.07692307692307693;0.06593406593406594
JTEKT (JP);G7;2005;INDUS;8.07;2.2;0.28;0.31;3.86;INDUS;INDUS;0;8.07;2.2;0.31;0.28;0.03841387856257745;0.03469640644361834
JTEKT (JP);G7;2006;INDUS;8.22;2.25;0.3;0.31;3.86;INDUS;INDUS;1;8.22;2.25;0.31;0.3;0.03771289537712895;0.0364963503649635
JTEKT (JP);G7;2007;INDUS;8.57;2.3;0.3;0.32;3.92;INDUS;INDUS;2;8.57;2.3;0.32;0.3;0.03733955659276546;0.03500583430571762
JTEKT (JP);G7;2008;INDUS;8.69;2.3;0.3;0.32;3.96;INDUS;INDUS;3;8.69;2.3;0.32;0.3;0.03682393555811277;0.03452243958573072
JTEKT (JP);G7;2009;INDUS;8.52;2.36;0.32;0.33;4.02;INDUS;INDUS;4;8.52;2.36;0.33;0.32;0.03873239436619719;0.03755868544600939
JTEKT (JP);G7;2010;INDUS;11.01;2.39;0.75;0.33;4.02;INDUS;INDUS;5;11.01;2.39;0.33;0.75;0.029972752043596732;0.0681198910081744
JTEKT (JP);G7;2011;INDUS;10.19;2.45;0.6;0.34;4.09;INDUS;INDUS;6;10.19;2.45;0.34;0.6;0.03336604514229637;0.058881256133464184
JTEKT (JP);G7;2012;INDUS;10.71;2.47;0.61;0.34;4.19;INDUS;INDUS;7;10.71;2.47;0.34;0.61;0.031746031746031744;0.05695611577964518
JTEKT (JP);G7;2013;INDUS;11.2;2.48;0.67;0.34;4.29;INDUS;INDUS;8;11.2;2.48;0.34;0.67;0.03035714285714286;0.05982142857142858
JTEKT (JP);G7;2014;INDUS;11.68;2.52;0.68;0.34;4.29;INDUS;INDUS;9;11.68;2.52;0.34;0.68;0.029109589041095892;0.058219178082191785
JTEKT (JP);G7;2015;INDUS;11.55;2.55;0.65;0.35;4.4;INDUS;INDUS;10;11.55;2.55;0.35;0.65;0.0303030303030303;0.05627705627705627
JTEKT (JP);G7;2016;INDUS;11.1;2.45;0.58;0.32;4.45;INDUS;INDUS;11;11.1;2.45;0.32;0.58;0.02882882882882883;0.05225225225225225
JTEKT (JP);G7;2017;INDUS;11.85;2.65;0.72;0.38;4.55;INDUS;INDUS;12;11.85;2.65;0.38;0.72;0.032067510548523206;0.060759493670886074
JTEKT (JP);G7;2018;INDUS;12.5;2.85;0.75;0.42;4.85;INDUS;INDUS;13;12.5;2.85;0.42;0.75;0.0336;0.06
JTEKT (JP);G7;2019;INDUS;12.15;2.95;0.35;0.38;4.95;INDUS;INDUS;14;12.15;2.95;0.38;0.35;0.031275720164609055;0.028806584362139915
JTEKT (JP);G7;2020;INDUS;10.25;3.05;0.12;0.35;4.8;INDUS;INDUS;15;10.25;3.05;0.35;0.12;0.03414634146341463;0.011707317073170732
JTEKT (JP);G7;2021;INDUS;11.85;3.15;0.35;0.32;4.75;INDUS;INDUS;16;11.85;3.15;0.32;0.35;0.0270042194092827;0.029535864978902954
JTEKT (JP);G7;2022;INDUS;11.25;3.25;0.45;0.35;4.65;INDUS;INDUS;17;11.25;3.25;0.35;0.45;0.03111111111111111;0.04
JTEKT (JP);G7;2023;INDUS;11.45;3.45;0.55;0.38;4.55;INDUS;INDUS;18;11.45;3.45;0.38;0.55;0.03318777292576419;0.0480349344978166
JTEKT (JP);G7;2024;INDUS;12.1;3.65;0.65;0.42;4.65;INDUS;INDUS;19;12.1;3.65;0.42;0.65;0.03471074380165289;0.05371900826446281
Jereh Oilfield;China;2005;INDUS;0.99;0.45;0.14;0.07;2.67;INDUS;INDUS;0;0.99;0.45;0.07;0.14;0.07070707070707072;0.14141414141414144
Jereh Oilfield;China;2006;INDUS;1.08;0.49;0.16;0.07;2.9;INDUS;INDUS;1;1.08;0.49;0.07;0.16;0.06481481481481481;0.14814814814814814
Jereh Oilfield;China;2007;INDUS;1.23;0.54;0.19;0.07;3.13;INDUS;INDUS;2;1.23;0.54;0.07;0.19;0.05691056910569106;0.15447154471544716
Jereh Oilfield;China;2008;INDUS;1.42;0.59;0.21;0.08;3.38;INDUS;INDUS;3;1.42;0.59;0.08;0.21;0.056338028169014086;0.14788732394366197
Jereh Oilfield;China;2009;INDUS;1.39;0.64;0.22;0.09;3.62;INDUS;INDUS;4;1.39;0.64;0.09;0.22;0.06474820143884892;0.15827338129496404
Jereh Oilfield;China;2010;INDUS;1.74;0.71;0.4;0.1;3.95;INDUS;INDUS;5;1.74;0.71;0.1;0.4;0.0574712643678161;0.2298850574712644
Jereh Oilfield;China;2011;INDUS;1.61;0.76;0.32;0.11;4.25;INDUS;INDUS;6;1.61;0.76;0.11;0.32;0.06832298136645962;0.19875776397515527
Jereh Oilfield;China;2012;INDUS;1.77;0.84;0.36;0.12;4.64;INDUS;INDUS;7;1.77;0.84;0.12;0.36;0.06779661016949153;0.20338983050847456
Jereh Oilfield;China;2013;INDUS;2.0;0.93;0.42;0.13;5.04;INDUS;INDUS;8;2.0;0.93;0.13;0.42;0.065;0.21
Jereh Oilfield;China;2014;INDUS;2.27;1.01;0.47;0.14;5.49;INDUS;INDUS;9;2.27;1.01;0.14;0.47;0.061674008810572695;0.20704845814977973
Jereh Oilfield;China;2015;INDUS;0.8;0.6;0.0;0.0;0.4;INDUS;INDUS;10;0.8;0.6;0.0;0.0;0.0;0.0
Jereh Oilfield;China;2016;INDUS;0.7;0.6;0.0;0.0;0.4;INDUS;INDUS;11;0.7;0.6;0.0;0.0;0.0;0.0
Jereh Oilfield;China;2017;INDUS;0.8;0.7;0.0;0.0;0.4;INDUS;INDUS;12;0.8;0.7;0.0;0.0;0.0;0.0
Jereh Oilfield;China;2018;INDUS;1.1;0.8;0.2;0.1;0.6;INDUS;INDUS;13;1.1;0.8;0.1;0.2;0.09090909090909091;0.18181818181818182
Jereh Oilfield;China;2019;INDUS;1.7;0.9;0.3;0.1;0.6;INDUS;INDUS;14;1.7;0.9;0.1;0.3;0.05882352941176471;0.17647058823529413
Jereh Oilfield;China;2020;INDUS;2.1;1.1;0.5;0.1;0.7;INDUS;INDUS;15;2.1;1.1;0.1;0.5;0.047619047619047616;0.23809523809523808
Jereh Oilfield;China;2021;INDUS;2.2;1.4;0.4;0.1;0.8;INDUS;INDUS;16;2.2;1.4;0.1;0.4;0.045454545454545456;0.18181818181818182
Jereh Oilfield;China;2022;INDUS;3.0;1.8;0.3;0.2;0.8;INDUS;INDUS;17;3.0;1.8;0.2;0.3;0.06666666666666667;0.09999999999999999
Jereh Oilfield;China;2023;INDUS;3.8;2.2;0.7;0.2;0.9;INDUS;INDUS;18;3.8;2.2;0.2;0.7;0.052631578947368425;0.18421052631578946
Jereh Oilfield;China;2024;INDUS;4.3;2.4;0.8;0.3;1.0;INDUS;INDUS;19;4.3;2.4;0.3;0.8;0.06976744186046512;0.186046511627907
Jiangling Motors;China;2005;AUTO;1.52;0.88;0.07;0.07;8.98;INDUS;INDUS;0;1.52;0.88;0.07;0.07;0.04605263157894737;0.04605263157894737
Jiangling Motors;China;2006;AUTO;1.71;0.96;0.08;0.07;9.94;INDUS;INDUS;1;1.71;0.96;0.07;0.08;0.04093567251461989;0.046783625730994156
Jiangling Motors;China;2007;AUTO;1.93;1.06;0.09;0.07;10.59;INDUS;INDUS;2;1.93;1.06;0.07;0.09;0.036269430051813475;0.046632124352331605
Jiangling Motors;China;2008;AUTO;2.12;1.14;0.1;0.08;11.55;INDUS;INDUS;3;2.12;1.14;0.08;0.1;0.03773584905660377;0.04716981132075472
Jiangling Motors;China;2009;AUTO;2.08;1.25;0.1;0.09;12.49;INDUS;INDUS;4;2.08;1.25;0.09;0.1;0.04326923076923077;0.04807692307692308
Jiangling Motors;China;2010;AUTO;2.97;1.37;0.31;0.1;13.41;INDUS;INDUS;5;2.97;1.37;0.1;0.31;0.03367003367003367;0.10437710437710437
Jiangling Motors;China;2011;AUTO;2.75;1.48;0.25;0.11;14.5;INDUS;INDUS;6;2.75;1.48;0.11;0.25;0.04;0.09090909090909091
Jiangling Motors;China;2012;AUTO;3.13;1.62;0.28;0.12;15.63;INDUS;INDUS;7;3.13;1.62;0.12;0.28;0.038338658146964855;0.08945686900958467
Jiangling Motors;China;2013;AUTO;3.5;1.77;0.32;0.13;17.1;INDUS;INDUS;8;3.5;1.77;0.13;0.32;0.037142857142857144;0.09142857142857143
Jiangling Motors;China;2014;AUTO;3.91;1.94;0.34;0.14;18.27;INDUS;INDUS;9;3.91;1.94;0.14;0.34;0.03580562659846548;0.08695652173913043
Jiangling Motors;China;2015;INDUS;6.5;1.5;0.7;0.4;1.4;INDUS;INDUS;10;6.5;1.5;0.4;0.7;0.06153846153846154;0.10769230769230768
Jiangling Motors;China;2016;INDUS;6.9;1.6;0.4;0.5;1.6;INDUS;INDUS;11;6.9;1.6;0.5;0.4;0.07246376811594203;0.057971014492753624
Jiangling Motors;China;2017;INDUS;7.8;1.8;0.2;0.5;1.8;INDUS;INDUS;12;7.8;1.8;0.5;0.2;0.06410256410256411;0.025641025641025644
Jiangling Motors;China;2018;INDUS;6.9;1.8;0.0;0.5;1.8;INDUS;INDUS;13;6.9;1.8;0.5;0.0;0.07246376811594203;0.0
Jiangling Motors;China;2019;INDUS;7.2;1.9;0.1;0.4;1.6;INDUS;INDUS;14;7.2;1.9;0.4;0.1;0.05555555555555556;0.01388888888888889
Jiangling Motors;China;2020;INDUS;8.2;2.0;0.1;0.4;1.6;INDUS;INDUS;15;8.2;2.0;0.4;0.1;0.04878048780487806;0.012195121951219514
Jiangling Motors;China;2021;INDUS;8.8;2.1;0.0;0.4;1.4;INDUS;INDUS;16;8.8;2.1;0.4;0.0;0.045454545454545456;0.0
Jiangling Motors;China;2022;INDUS;7.9;2.2;-0.1;0.4;1.4;INDUS;INDUS;17;7.9;2.2;0.4;-0.1;0.05063291139240506;-0.012658227848101266
Jiangling Motors;China;2023;INDUS;9.1;2.4;0.5;0.4;1.4;INDUS;INDUS;18;9.1;2.4;0.4;0.5;0.04395604395604396;0.054945054945054944
Jiangling Motors;China;2024;INDUS;10.1;2.5;0.5;0.5;1.5;INDUS;INDUS;19;10.1;2.5;0.5;0.5;0.04950495049504951;0.04950495049504951
Johnson & Johnson (US);G7;2005;PHARMA;49.03;11.54;10.17;6.67;9.14;PHARMA;PHARMA;0;49.03;11.54;6.67;10.17;0.13603915969814398;0.20742402610646543
Johnson & Johnson (US);G7;2006;PHARMA;52.31;12.21;10.41;6.82;9.26;PHARMA;PHARMA;1;52.31;12.21;6.82;10.41;0.1303766010323074;0.19900592620913782
Johnson & Johnson (US);G7;2007;PHARMA;52.5;12.69;9.99;7.03;9.45;PHARMA;PHARMA;2;52.5;12.69;7.03;9.99;0.13390476190476192;0.19028571428571428
Johnson & Johnson (US);G7;2008;PHARMA;55.47;13.17;10.9;7.2;9.99;PHARMA;PHARMA;3;55.47;13.17;7.2;10.9;0.12979989183342347;0.19650261402559943
Johnson & Johnson (US);G7;2009;PHARMA;54.38;13.52;11.47;7.41;10.12;PHARMA;PHARMA;4;54.38;13.52;7.41;11.47;0.13626333210739242;0.21092313350496505
Johnson & Johnson (US);G7;2010;PHARMA;62.45;14.03;19.5;7.67;10.56;PHARMA;PHARMA;5;62.45;14.03;7.67;19.5;0.12281825460368294;0.3122497998398719
Johnson & Johnson (US);G7;2011;PHARMA;57.82;14.31;15.6;7.95;10.97;PHARMA;PHARMA;6;57.82;14.31;7.95;15.6;0.13749567623659634;0.2698028363887928
Johnson & Johnson (US);G7;2012;PHARMA;63.23;14.91;16.54;8.26;11.3;PHARMA;PHARMA;7;63.23;14.91;8.26;16.54;0.13063419263008066;0.26158469081132374
Johnson & Johnson (US);G7;2013;PHARMA;65.19;15.34;16.44;8.61;11.69;PHARMA;PHARMA;8;65.19;15.34;8.61;16.44;0.1320754716981132;0.252185918085596
Johnson & Johnson (US);G7;2014;PHARMA;67.92;16.03;17.76;8.84;12.02;PHARMA;PHARMA;9;67.92;16.03;8.84;17.76;0.13015312131919904;0.26148409893992935
Johnson & Johnson (US);G7;2015;PHARMA;70.1;16.5;19.2;9.0;12.7;PHARMA;PHARMA;10;70.1;16.5;9.0;19.2;0.12838801711840228;0.2738944365192582
Johnson & Johnson (US);G7;2016;PHARMA;71.9;17.1;19.8;9.1;12.8;PHARMA;PHARMA;11;71.9;17.1;9.1;19.8;0.12656467315716272;0.2753824756606398
Johnson & Johnson (US);G7;2017;PHARMA;76.5;17.8;20.5;10.6;13.4;PHARMA;PHARMA;12;76.5;17.8;10.6;20.5;0.13856209150326798;0.2679738562091503
Johnson & Johnson (US);G7;2018;PHARMA;81.6;18.2;21.2;10.8;13.5;PHARMA;PHARMA;13;81.6;18.2;10.8;21.2;0.13235294117647062;0.25980392156862747
Johnson & Johnson (US);G7;2019;PHARMA;82.1;18.5;21.0;11.4;13.2;PHARMA;PHARMA;14;82.1;18.5;11.4;21.0;0.13885505481120586;0.2557856272838003
Johnson & Johnson (US);G7;2020;PHARMA;82.6;18.8;20.1;12.2;13.4;PHARMA;PHARMA;15;82.6;18.8;12.2;20.1;0.1476997578692494;0.24334140435835355
Johnson & Johnson (US);G7;2021;PHARMA;93.8;20.1;24.8;14.7;14.2;PHARMA;PHARMA;16;93.8;20.1;14.7;24.8;0.15671641791044777;0.26439232409381663
Johnson & Johnson (US);G7;2022;PHARMA;94.9;20.8;24.2;15.1;15.2;PHARMA;PHARMA;17;94.9;20.8;15.1;24.2;0.15911485774499473;0.25500526870389884
Johnson & Johnson (US);G7;2023;PHARMA;85.2;21.1;22.8;15.4;15.0;PHARMA;PHARMA;18;85.2;21.1;15.4;22.8;0.1807511737089202;0.2676056338028169
Johnson & Johnson (US);G7;2024;PHARMA;89.5;21.4;23.5;15.8;15.2;PHARMA;PHARMA;19;89.5;21.4;15.8;23.5;0.17653631284916202;0.26256983240223464
Joyoung;China;2005;INDUS;0.62;0.22;0.05;0.06;2.47;INDUS;INDUS;0;0.62;0.22;0.06;0.05;0.0967741935483871;0.08064516129032259
Joyoung;China;2006;INDUS;0.66;0.23;0.05;0.06;2.56;INDUS;INDUS;1;0.66;0.23;0.06;0.05;0.0909090909090909;0.07575757575757576
Joyoung;China;2007;INDUS;0.72;0.24;0.05;0.06;2.73;INDUS;INDUS;2;0.72;0.24;0.06;0.05;0.08333333333333333;0.06944444444444445
Joyoung;China;2008;INDUS;0.8;0.26;0.06;0.06;2.89;INDUS;INDUS;3;0.8;0.26;0.06;0.06;0.075;0.075
Joyoung;China;2009;INDUS;0.78;0.27;0.06;0.06;3.03;INDUS;INDUS;4;0.78;0.27;0.06;0.06;0.07692307692307691;0.07692307692307691
Joyoung;China;2010;INDUS;0.93;0.29;0.15;0.06;3.17;INDUS;INDUS;5;0.93;0.29;0.06;0.15;0.06451612903225806;0.16129032258064516
Joyoung;China;2011;INDUS;0.86;0.31;0.12;0.06;3.31;INDUS;INDUS;6;0.86;0.31;0.06;0.12;0.06976744186046512;0.13953488372093023
Joyoung;China;2012;INDUS;0.9;0.33;0.12;0.06;3.48;INDUS;INDUS;7;0.9;0.33;0.06;0.12;0.06666666666666667;0.13333333333333333
Joyoung;China;2013;INDUS;1.0;0.35;0.13;0.06;3.66;INDUS;INDUS;8;1.0;0.35;0.06;0.13;0.06;0.13
Joyoung;China;2014;INDUS;1.1;0.38;0.14;0.06;3.82;INDUS;INDUS;9;1.1;0.38;0.06;0.14;0.054545454545454536;0.1272727272727273
Joyoung;China;2015;INDUS;1.9;0.3;0.2;0.1;0.4;INDUS;INDUS;10;1.9;0.3;0.1;0.2;0.052631578947368425;0.10526315789473685
Joyoung;China;2016;INDUS;1.9;0.3;0.2;0.1;0.4;INDUS;INDUS;11;1.9;0.3;0.1;0.2;0.052631578947368425;0.10526315789473685
Joyoung;China;2017;INDUS;1.8;0.3;0.2;0.1;0.4;INDUS;INDUS;12;1.8;0.3;0.1;0.2;0.05555555555555556;0.11111111111111112
Joyoung;China;2018;INDUS;2.0;0.4;0.2;0.1;0.4;INDUS;INDUS;13;2.0;0.4;0.1;0.2;0.05;0.1
Joyoung;China;2019;INDUS;2.3;0.4;0.3;0.1;0.5;INDUS;INDUS;14;2.3;0.4;0.1;0.3;0.04347826086956522;0.13043478260869565
Joyoung;China;2020;INDUS;2.8;0.5;0.3;0.1;0.5;INDUS;INDUS;15;2.8;0.5;0.1;0.3;0.03571428571428572;0.10714285714285715
Joyoung;China;2021;INDUS;2.6;0.6;0.2;0.1;0.6;INDUS;INDUS;16;2.6;0.6;0.1;0.2;0.038461538461538464;0.07692307692307693
Joyoung;China;2022;INDUS;2.7;0.7;0.2;0.1;0.5;INDUS;INDUS;17;2.7;0.7;0.1;0.2;0.037037037037037035;0.07407407407407407
Joyoung;China;2023;INDUS;2.7;0.8;0.2;0.2;0.5;INDUS;INDUS;18;2.7;0.8;0.2;0.2;0.07407407407407407;0.07407407407407407
Joyoung;China;2024;INDUS;3.0;0.9;0.2;0.2;0.5;INDUS;INDUS;19;3.0;0.9;0.2;0.2;0.06666666666666667;0.06666666666666667
Juniper Networks (US);G7;2005;TECH;2.48;0.64;0.26;0.37;5.55;TECH;TECH;0;2.48;0.64;0.37;0.26;0.14919354838709678;0.10483870967741936
Juniper Networks (US);G7;2006;TECH;2.79;0.68;0.29;0.39;5.86;TECH;TECH;1;2.79;0.68;0.39;0.29;0.13978494623655915;0.1039426523297491
Juniper Networks (US);G7;2007;TECH;2.99;0.73;0.33;0.41;6.23;TECH;TECH;2;2.99;0.73;0.41;0.33;0.13712374581939799;0.11036789297658862
Juniper Networks (US);G7;2008;TECH;3.34;0.78;0.37;0.42;6.47;TECH;TECH;3;3.34;0.78;0.42;0.37;0.12574850299401197;0.11077844311377245
Juniper Networks (US);G7;2009;TECH;3.27;0.83;0.39;0.44;6.71;TECH;TECH;4;3.27;0.83;0.44;0.39;0.1345565749235474;0.11926605504587157
Juniper Networks (US);G7;2010;TECH;3.61;0.88;0.74;0.46;7.02;TECH;TECH;5;3.61;0.88;0.46;0.74;0.12742382271468145;0.20498614958448755
Juniper Networks (US);G7;2011;TECH;3.34;0.93;0.59;0.48;7.34;TECH;TECH;6;3.34;0.93;0.48;0.59;0.1437125748502994;0.17664670658682635
Juniper Networks (US);G7;2012;TECH;3.57;0.98;0.63;0.5;7.72;TECH;TECH;7;3.57;0.98;0.5;0.63;0.1400560224089636;0.17647058823529413
Juniper Networks (US);G7;2013;TECH;3.82;1.05;0.65;0.53;8.17;TECH;TECH;8;3.82;1.05;0.53;0.65;0.1387434554973822;0.17015706806282724
Juniper Networks (US);G7;2014;TECH;4.25;1.12;0.73;0.57;8.64;TECH;TECH;9;4.25;1.12;0.57;0.73;0.1341176470588235;0.17176470588235293
Juniper Networks (US);G7;2015;TECH;4.86;0.45;0.85;0.95;0.9;TECH;TECH;10;4.86;0.45;0.95;0.85;0.19547325102880656;0.17489711934156377
Juniper Networks (US);G7;2016;TECH;4.99;0.48;0.88;0.98;0.92;TECH;TECH;11;4.99;0.48;0.98;0.88;0.19639278557114226;0.17635270541082163
Juniper Networks (US);G7;2017;TECH;5.03;0.52;0.92;1.05;0.98;TECH;TECH;12;5.03;0.52;1.05;0.92;0.20874751491053678;0.18290258449304175
Juniper Networks (US);G7;2018;TECH;4.65;0.55;0.75;0.98;0.92;TECH;TECH;13;4.65;0.55;0.98;0.75;0.21075268817204298;0.16129032258064516
Juniper Networks (US);G7;2019;TECH;4.45;0.58;0.65;0.95;0.88;TECH;TECH;14;4.45;0.58;0.95;0.65;0.21348314606741572;0.14606741573033707
Juniper Networks (US);G7;2020;TECH;4.45;0.62;0.62;0.92;0.92;TECH;TECH;15;4.45;0.62;0.92;0.62;0.20674157303370785;0.1393258426966292
Juniper Networks (US);G7;2021;TECH;4.74;0.65;0.72;1.02;0.95;TECH;TECH;16;4.74;0.65;1.02;0.72;0.2151898734177215;0.15189873417721517
Juniper Networks (US);G7;2022;TECH;5.3;0.72;0.82;1.12;1.02;TECH;TECH;17;5.3;0.72;1.12;0.82;0.21132075471698117;0.15471698113207547
Juniper Networks (US);G7;2023;TECH;5.56;0.75;0.85;1.2;1.05;TECH;TECH;18;5.56;0.75;1.2;0.85;0.21582733812949642;0.1528776978417266
Juniper Networks (US);G7;2024;TECH;5.6;0.82;0.92;1.25;1.1;TECH;TECH;19;5.6;0.82;1.25;0.92;0.22321428571428573;0.1642857142857143
KLA Corp (US);G7;2005;TECH;1.67;0.25;0.28;0.32;0.36;TECH;TECH;0;1.67;0.25;0.32;0.28;0.19161676646706588;0.16766467065868265
KLA Corp (US);G7;2006;TECH;1.8;0.26;0.31;0.33;0.38;TECH;TECH;1;1.8;0.26;0.33;0.31;0.18333333333333335;0.17222222222222222
KLA Corp (US);G7;2007;TECH;1.94;0.27;0.34;0.35;0.41;TECH;TECH;2;1.94;0.27;0.35;0.34;0.18041237113402062;0.1752577319587629
KLA Corp (US);G7;2008;TECH;2.12;0.29;0.37;0.36;0.43;TECH;TECH;3;2.12;0.29;0.36;0.37;0.16981132075471697;0.17452830188679244
KLA Corp (US);G7;2009;TECH;2.08;0.3;0.39;0.38;0.45;TECH;TECH;4;2.08;0.3;0.38;0.39;0.18269230769230768;0.1875
KLA Corp (US);G7;2010;TECH;2.29;0.32;0.71;0.4;0.46;TECH;TECH;5;2.29;0.32;0.4;0.71;0.17467248908296945;0.31004366812227074
KLA Corp (US);G7;2011;TECH;2.12;0.34;0.57;0.41;0.49;TECH;TECH;6;2.12;0.34;0.41;0.57;0.19339622641509432;0.2688679245283018
KLA Corp (US);G7;2012;TECH;2.3;0.36;0.63;0.43;0.52;TECH;TECH;7;2.3;0.36;0.43;0.63;0.18695652173913044;0.2739130434782609
KLA Corp (US);G7;2013;TECH;2.46;0.38;0.7;0.44;0.54;TECH;TECH;8;2.46;0.38;0.44;0.7;0.17886178861788618;0.2845528455284553
KLA Corp (US);G7;2014;TECH;2.65;0.39;0.77;0.47;0.57;TECH;TECH;9;2.65;0.39;0.47;0.77;0.17735849056603772;0.29056603773584905
KLA Corp (US);G7;2015;TECH;2.81;0.42;0.85;0.48;0.6;TECH;TECH;10;2.81;0.42;0.48;0.85;0.17081850533807827;0.30249110320284694
KLA Corp (US);G7;2016;TECH;2.98;0.45;0.95;0.52;0.6;TECH;TECH;11;2.98;0.45;0.52;0.95;0.174496644295302;0.3187919463087248
KLA Corp (US);G7;2017;TECH;3.48;0.48;1.25;0.55;0.7;TECH;TECH;12;3.48;0.48;0.55;1.25;0.15804597701149425;0.35919540229885055
KLA Corp (US);G7;2018;TECH;4.04;0.55;1.52;0.62;0.8;TECH;TECH;13;4.04;0.55;0.62;1.52;0.15346534653465346;0.37623762376237624
KLA Corp (US);G7;2019;TECH;4.57;0.85;1.45;0.75;1.0;TECH;TECH;14;4.57;0.85;0.75;1.45;0.16411378555798686;0.3172866520787746
KLA Corp (US);G7;2020;TECH;5.81;0.95;2.15;0.85;1.1;TECH;TECH;15;5.81;0.95;0.85;2.15;0.14629948364888123;0.3700516351118761
KLA Corp (US);G7;2021;TECH;6.92;1.15;2.85;0.95;1.2;TECH;TECH;16;6.92;1.15;0.95;2.85;0.13728323699421965;0.411849710982659
KLA Corp (US);G7;2022;TECH;9.21;1.45;3.85;1.12;1.4;TECH;TECH;17;9.21;1.45;1.12;3.85;0.12160694896851248;0.41802388707926164
KLA Corp (US);G7;2023;TECH;10.5;1.65;4.25;1.25;1.5;TECH;TECH;18;10.5;1.65;1.25;4.25;0.11904761904761904;0.40476190476190477
KLA Corp (US);G7;2024;TECH;10.82;1.85;4.55;1.32;1.6;TECH;TECH;19;10.82;1.85;1.32;4.55;0.12199630314232902;0.42051756007393715
Kakao (KR);G7;2005;INDUS;0.37;0.09;0.04;0.08;0.17;TECH;TECH;0;0.37;0.09;0.08;0.04;0.21621621621621623;0.10810810810810811
Kakao (KR);G7;2006;INDUS;0.42;0.1;0.04;0.08;0.18;TECH;TECH;1;0.42;0.1;0.08;0.04;0.1904761904761905;0.09523809523809525
Kakao (KR);G7;2007;INDUS;0.47;0.11;0.04;0.08;0.19;TECH;TECH;2;0.47;0.11;0.08;0.04;0.17021276595744683;0.08510638297872342
Kakao (KR);G7;2008;INDUS;0.52;0.12;0.04;0.08;0.2;TECH;TECH;3;0.52;0.12;0.08;0.04;0.15384615384615385;0.07692307692307693
Kakao (KR);G7;2009;INDUS;0.51;0.13;0.04;0.08;0.21;TECH;TECH;4;0.51;0.13;0.08;0.04;0.1568627450980392;0.0784313725490196
Kakao (KR);G7;2010;INDUS;0.59;0.14;0.09;0.09;0.22;TECH;TECH;5;0.59;0.14;0.09;0.09;0.15254237288135594;0.15254237288135594
Kakao (KR);G7;2011;INDUS;0.55;0.15;0.07;0.09;0.23;TECH;TECH;6;0.55;0.15;0.09;0.07;0.1636363636363636;0.1272727272727273
Kakao (KR);G7;2012;INDUS;0.61;0.16;0.08;0.09;0.25;TECH;TECH;7;0.61;0.16;0.09;0.08;0.14754098360655737;0.13114754098360656
Kakao (KR);G7;2013;INDUS;0.64;0.17;0.08;0.09;0.26;TECH;TECH;8;0.64;0.17;0.09;0.08;0.140625;0.125
Kakao (KR);G7;2014;INDUS;0.73;0.18;0.09;0.09;0.28;TECH;TECH;9;0.73;0.18;0.09;0.09;0.1232876712328767;0.1232876712328767
Kakao (KR);G7;2015;INDUS;0.8;0.2;0.1;0.1;0.3;TECH;TECH;10;0.8;0.2;0.1;0.1;0.125;0.125
Kakao (KR);G7;2016;INDUS;1.3;0.3;0.1;0.2;0.5;TECH;TECH;11;1.3;0.3;0.2;0.1;0.15384615384615385;0.07692307692307693
Kakao (KR);G7;2017;INDUS;1.7;0.4;0.1;0.3;0.6;TECH;TECH;12;1.7;0.4;0.3;0.1;0.17647058823529413;0.05882352941176471
Kakao (KR);G7;2018;INDUS;2.1;0.5;0.1;0.4;0.7;TECH;TECH;13;2.1;0.5;0.4;0.1;0.19047619047619047;0.047619047619047616
Kakao (KR);G7;2019;INDUS;2.6;0.8;0.2;0.5;0.9;TECH;TECH;14;2.6;0.8;0.5;0.2;0.1923076923076923;0.07692307692307693
Kakao (KR);G7;2020;INDUS;3.6;1.2;0.4;0.6;1.1;TECH;TECH;15;3.6;1.2;0.6;0.4;0.16666666666666666;0.11111111111111112
Kakao (KR);G7;2021;INDUS;5.2;1.5;0.5;0.8;1.3;TECH;TECH;16;5.2;1.5;0.8;0.5;0.15384615384615385;0.09615384615384615
Kakao (KR);G7;2022;INDUS;5.5;1.8;0.4;0.8;1.4;TECH;TECH;17;5.5;1.8;0.8;0.4;0.14545454545454548;0.07272727272727274
Kakao (KR);G7;2023;INDUS;6.8;2.1;0.4;1.0;1.4;TECH;TECH;18;6.8;2.1;1.0;0.4;0.14705882352941177;0.05882352941176471
Kakao (KR);G7;2024;INDUS;7.2;2.3;0.5;1.2;1.5;TECH;TECH;19;7.2;2.3;1.2;0.5;0.16666666666666666;0.06944444444444445
Kao Corp (JP);G7;2005;INDUS;9.14;4.28;0.62;0.28;29.47;INDUS;INDUS;0;9.14;4.28;0.28;0.62;0.03063457330415755;0.06783369803063456
Kao Corp (JP);G7;2006;INDUS;8.98;4.36;0.59;0.29;29.97;INDUS;INDUS;1;8.98;4.36;0.29;0.59;0.03229398663697104;0.06570155902004454
Kao Corp (JP);G7;2007;INDUS;9.0;4.51;0.58;0.29;30.43;INDUS;INDUS;2;9.0;4.51;0.29;0.58;0.03222222222222222;0.06444444444444444
Kao Corp (JP);G7;2008;INDUS;9.3;4.57;0.6;0.29;30.66;INDUS;INDUS;3;9.3;4.57;0.29;0.6;0.031182795698924726;0.06451612903225806
Kao Corp (JP);G7;2009;INDUS;9.12;4.69;0.63;0.29;30.97;INDUS;INDUS;4;9.12;4.69;0.29;0.63;0.03179824561403509;0.06907894736842106
Kao Corp (JP);G7;2010;INDUS;12.02;4.78;1.27;0.29;31.28;INDUS;INDUS;5;12.02;4.78;0.29;1.27;0.024126455906821963;0.10565723793677205
Kao Corp (JP);G7;2011;INDUS;11.13;4.89;1.02;0.29;32.07;INDUS;INDUS;6;11.13;4.89;0.29;1.02;0.026055705300988316;0.09164420485175202
Kao Corp (JP);G7;2012;INDUS;11.28;5.0;1.04;0.29;32.35;INDUS;INDUS;7;11.28;5.0;0.29;1.04;0.025709219858156027;0.0921985815602837
Kao Corp (JP);G7;2013;INDUS;11.67;5.09;1.07;0.29;32.32;INDUS;INDUS;8;11.67;5.09;0.29;1.07;0.024850042844901454;0.09168808911739504
Kao Corp (JP);G7;2014;INDUS;11.86;5.12;1.1;0.3;32.71;INDUS;INDUS;9;11.86;5.12;0.3;1.1;0.025295109612141653;0.0927487352445194
Kao Corp (JP);G7;2015;INDUS;12.15;3.85;1.45;0.45;3.25;INDUS;INDUS;10;12.15;3.85;0.45;1.45;0.037037037037037035;0.11934156378600823
Kao Corp (JP);G7;2016;INDUS;12.45;3.95;1.55;0.48;3.35;INDUS;INDUS;11;12.45;3.95;0.48;1.55;0.03855421686746988;0.1244979919678715
Kao Corp (JP);G7;2017;INDUS;12.85;4.15;1.75;0.52;3.45;INDUS;INDUS;12;12.85;4.15;0.52;1.75;0.04046692607003891;0.13618677042801558
Kao Corp (JP);G7;2018;INDUS;13.15;4.25;1.85;0.55;3.55;INDUS;INDUS;13;13.15;4.25;0.55;1.85;0.041825095057034224;0.14068441064638784
Kao Corp (JP);G7;2019;INDUS;13.45;4.35;1.95;0.58;3.65;INDUS;INDUS;14;13.45;4.35;0.58;1.95;0.04312267657992565;0.1449814126394052
Kao Corp (JP);G7;2020;INDUS;12.52;4.45;1.52;0.55;3.45;INDUS;INDUS;15;12.52;4.45;0.55;1.52;0.0439297124600639;0.12140575079872205
Kao Corp (JP);G7;2021;INDUS;12.85;4.55;1.65;0.58;3.35;INDUS;INDUS;16;12.85;4.55;0.58;1.65;0.045136186770428015;0.12840466926070038
Kao Corp (JP);G7;2022;INDUS;13.42;4.75;1.45;0.62;3.42;INDUS;INDUS;17;13.42;4.75;0.62;1.45;0.046199701937406856;0.10804769001490312
Kao Corp (JP);G7;2023;INDUS;12.15;4.85;0.85;0.58;3.3;INDUS;INDUS;18;12.15;4.85;0.58;0.85;0.04773662551440329;0.06995884773662552
Kao Corp (JP);G7;2024;INDUS;12.85;5.05;1.15;0.65;3.45;INDUS;INDUS;19;12.85;5.05;0.65;1.15;0.05058365758754864;0.08949416342412451
Kawasaki Heavy (JP);G7;2005;INDUS;8.22;3.1;0.27;0.35;3.02;INDUS;INDUS;0;8.22;3.1;0.35;0.27;0.04257907542579075;0.032846715328467155
Kawasaki Heavy (JP);G7;2006;INDUS;8.65;3.19;0.28;0.35;3.05;INDUS;INDUS;1;8.65;3.19;0.35;0.28;0.040462427745664734;0.0323699421965318
Kawasaki Heavy (JP);G7;2007;INDUS;8.77;3.25;0.3;0.35;3.13;INDUS;INDUS;2;8.77;3.25;0.35;0.3;0.039908779931584946;0.03420752565564424
Kawasaki Heavy (JP);G7;2008;INDUS;8.84;3.33;0.3;0.35;3.19;INDUS;INDUS;3;8.84;3.33;0.35;0.3;0.03959276018099547;0.033936651583710405
Kawasaki Heavy (JP);G7;2009;INDUS;8.67;3.39;0.32;0.35;3.27;INDUS;INDUS;4;8.67;3.39;0.35;0.32;0.040369088811995385;0.03690888119953864
Kawasaki Heavy (JP);G7;2010;INDUS;11.91;3.47;0.88;0.35;3.32;INDUS;INDUS;5;11.91;3.47;0.35;0.88;0.02938706968933669;0.07388748950461797
Kawasaki Heavy (JP);G7;2011;INDUS;11.03;3.6;0.7;0.36;3.36;INDUS;INDUS;6;11.03;3.6;0.36;0.7;0.032638259292837715;0.06346328195829555
Kawasaki Heavy (JP);G7;2012;INDUS;11.54;3.7;0.76;0.37;3.49;INDUS;INDUS;7;11.54;3.7;0.37;0.76;0.032062391681109186;0.0658578856152513
Kawasaki Heavy (JP);G7;2013;INDUS;12.05;3.77;0.76;0.37;3.53;INDUS;INDUS;8;12.05;3.77;0.37;0.76;0.030705394190871368;0.06307053941908713
Kawasaki Heavy (JP);G7;2014;INDUS;12.3;3.82;0.8;0.37;3.51;INDUS;INDUS;9;12.3;3.82;0.37;0.8;0.030081300813008128;0.06504065040650406
Kawasaki Heavy (JP);G7;2015;INDUS;13.15;3.85;0.82;0.38;3.55;INDUS;INDUS;10;13.15;3.85;0.38;0.82;0.028897338403041824;0.0623574144486692
Kawasaki Heavy (JP);G7;2016;INDUS;13.52;4.05;0.75;0.41;3.6;INDUS;INDUS;11;13.52;4.05;0.41;0.75;0.030325443786982247;0.05547337278106509
Kawasaki Heavy (JP);G7;2017;INDUS;14.2;4.25;0.62;0.42;3.65;INDUS;INDUS;12;14.2;4.25;0.42;0.62;0.029577464788732393;0.04366197183098592
Kawasaki Heavy (JP);G7;2018;INDUS;14.55;4.45;0.58;0.45;3.7;INDUS;INDUS;13;14.55;4.45;0.45;0.58;0.03092783505154639;0.03986254295532646
Kawasaki Heavy (JP);G7;2019;INDUS;14.85;4.65;0.55;0.48;3.75;INDUS;INDUS;14;14.85;4.65;0.48;0.55;0.03232323232323232;0.03703703703703704
Kawasaki Heavy (JP);G7;2020;INDUS;13.92;4.85;0.25;0.45;3.65;INDUS;INDUS;15;13.92;4.85;0.45;0.25;0.032327586206896554;0.017959770114942528
Kawasaki Heavy (JP);G7;2021;INDUS;13.15;4.95;0.35;0.42;3.6;INDUS;INDUS;16;13.15;4.95;0.42;0.35;0.03193916349809886;0.026615969581749048
Kawasaki Heavy (JP);G7;2022;INDUS;14.25;5.15;0.65;0.48;3.7;INDUS;INDUS;17;14.25;5.15;0.48;0.65;0.03368421052631579;0.0456140350877193
Kawasaki Heavy (JP);G7;2023;INDUS;13.8;5.35;0.75;0.52;3.8;INDUS;INDUS;18;13.8;5.35;0.52;0.75;0.03768115942028986;0.05434782608695652
Kawasaki Heavy (JP);G7;2024;INDUS;14.45;5.55;0.85;0.55;3.85;INDUS;INDUS;19;14.45;5.55;0.55;0.85;0.03806228373702423;0.058823529411764705
Keboda;China;2005;AUTO;0.3;0.14;0.03;0.06;1.53;INDUS;INDUS;0;0.3;0.14;0.06;0.03;0.2;0.1
Keboda;China;2006;AUTO;0.35;0.16;0.03;0.06;1.68;INDUS;INDUS;1;0.35;0.16;0.06;0.03;0.17142857142857143;0.08571428571428572
Keboda;China;2007;AUTO;0.4;0.18;0.04;0.06;1.79;INDUS;INDUS;2;0.4;0.18;0.06;0.04;0.15;0.09999999999999999
Keboda;China;2008;AUTO;0.48;0.2;0.04;0.06;1.97;INDUS;INDUS;3;0.48;0.2;0.06;0.04;0.125;0.08333333333333334
Keboda;China;2009;AUTO;0.47;0.22;0.04;0.06;2.09;INDUS;INDUS;4;0.47;0.22;0.06;0.04;0.1276595744680851;0.08510638297872342
Keboda;China;2010;AUTO;0.67;0.25;0.09;0.06;2.3;INDUS;INDUS;5;0.67;0.25;0.06;0.09;0.08955223880597014;0.13432835820895522
Keboda;China;2011;AUTO;0.62;0.28;0.07;0.06;2.49;INDUS;INDUS;6;0.62;0.28;0.06;0.07;0.0967741935483871;0.11290322580645162
Keboda;China;2012;AUTO;0.72;0.3;0.08;0.06;2.71;INDUS;INDUS;7;0.72;0.3;0.06;0.08;0.08333333333333333;0.11111111111111112
Keboda;China;2013;AUTO;0.83;0.33;0.09;0.06;2.95;INDUS;INDUS;8;0.83;0.33;0.06;0.09;0.07228915662650602;0.10843373493975904
Keboda;China;2014;AUTO;0.95;0.37;0.11;0.07;3.2;INDUS;INDUS;9;0.95;0.37;0.07;0.11;0.0736842105263158;0.11578947368421053
Keboda;China;2015;INDUS;0.3;0.1;0.1;0.0;0.2;INDUS;INDUS;10;0.3;0.1;0.0;0.1;0.0;0.33333333333333337
Keboda;China;2016;INDUS;0.4;0.1;0.1;0.0;0.2;INDUS;INDUS;11;0.4;0.1;0.0;0.1;0.0;0.25
Keboda;China;2017;INDUS;0.6;0.1;0.1;0.0;0.2;INDUS;INDUS;12;0.6;0.1;0.0;0.1;0.0;0.16666666666666669
Keboda;China;2018;INDUS;0.7;0.1;0.2;0.1;0.2;INDUS;INDUS;13;0.7;0.1;0.1;0.2;0.14285714285714288;0.28571428571428575
Keboda;China;2019;INDUS;0.7;0.2;0.2;0.1;0.3;INDUS;INDUS;14;0.7;0.2;0.1;0.2;0.14285714285714288;0.28571428571428575
Keboda;China;2020;INDUS;0.7;0.2;0.2;0.1;0.3;INDUS;INDUS;15;0.7;0.2;0.1;0.2;0.14285714285714288;0.28571428571428575
Keboda;China;2021;INDUS;0.7;0.2;0.1;0.1;0.3;INDUS;INDUS;16;0.7;0.2;0.1;0.1;0.14285714285714288;0.14285714285714288
Keboda;China;2022;INDUS;0.9;0.3;0.2;0.1;0.4;INDUS;INDUS;17;0.9;0.3;0.1;0.2;0.11111111111111112;0.22222222222222224
Keboda;China;2023;INDUS;1.2;0.3;0.2;0.1;0.4;INDUS;INDUS;18;1.2;0.3;0.1;0.2;0.08333333333333334;0.16666666666666669
Keboda;China;2024;INDUS;1.5;0.4;0.3;0.1;0.5;INDUS;INDUS;19;1.5;0.4;0.1;0.3;0.06666666666666667;0.19999999999999998
Keyence (JP);G7;2005;INDUS;2.26;0.1;0.61;0.1;0.39;INDUS;INDUS;0;2.26;0.1;0.1;0.61;0.044247787610619475;0.2699115044247788
Keyence (JP);G7;2006;INDUS;2.37;0.1;0.66;0.1;0.41;INDUS;INDUS;1;2.37;0.1;0.1;0.66;0.04219409282700422;0.27848101265822783
Keyence (JP);G7;2007;INDUS;2.45;0.1;0.69;0.1;0.42;INDUS;INDUS;2;2.45;0.1;0.1;0.69;0.04081632653061224;0.2816326530612244
Keyence (JP);G7;2008;INDUS;2.55;0.1;0.72;0.1;0.43;INDUS;INDUS;3;2.55;0.1;0.1;0.72;0.03921568627450981;0.2823529411764706
Keyence (JP);G7;2009;INDUS;2.5;0.1;0.76;0.1;0.45;INDUS;INDUS;4;2.5;0.1;0.1;0.76;0.04;0.304
Keyence (JP);G7;2010;INDUS;3.01;0.1;1.86;0.1;0.46;INDUS;INDUS;5;3.01;0.1;0.1;1.86;0.03322259136212625;0.6179401993355482
Keyence (JP);G7;2011;INDUS;2.79;0.1;1.49;0.1;0.48;INDUS;INDUS;6;2.79;0.1;0.1;1.49;0.035842293906810034;0.5340501792114696
Keyence (JP);G7;2012;INDUS;2.9;0.1;1.58;0.1;0.48;INDUS;INDUS;7;2.9;0.1;0.1;1.58;0.034482758620689655;0.5448275862068966
Keyence (JP);G7;2013;INDUS;2.95;0.1;1.59;0.1;0.48;INDUS;INDUS;8;2.95;0.1;0.1;1.59;0.03389830508474576;0.5389830508474576
Keyence (JP);G7;2014;INDUS;3.1;0.1;1.62;0.1;0.49;INDUS;INDUS;9;3.1;0.1;0.1;1.62;0.03225806451612903;0.5225806451612903
Keyence (JP);G7;2015;INDUS;3.2;0.1;1.7;0.1;0.5;INDUS;INDUS;10;3.2;0.1;0.1;1.7;0.03125;0.53125
Keyence (JP);G7;2016;INDUS;3.5;0.1;1.8;0.1;0.5;INDUS;INDUS;11;3.5;0.1;0.1;1.8;0.028571428571428574;0.5142857142857143
Keyence (JP);G7;2017;INDUS;4.4;0.2;2.4;0.1;0.6;INDUS;INDUS;12;4.4;0.2;0.1;2.4;0.022727272727272728;0.5454545454545454
Keyence (JP);G7;2018;INDUS;5.0;0.2;2.8;0.1;0.7;INDUS;INDUS;13;5.0;0.2;0.1;2.8;0.02;0.5599999999999999
Keyence (JP);G7;2019;INDUS;4.8;0.2;2.4;0.1;0.8;INDUS;INDUS;14;4.8;0.2;0.1;2.4;0.020833333333333336;0.5
Keyence (JP);G7;2020;INDUS;4.6;0.2;2.2;0.1;0.8;INDUS;INDUS;15;4.6;0.2;0.1;2.2;0.02173913043478261;0.47826086956521746
Keyence (JP);G7;2021;INDUS;6.2;0.3;3.4;0.1;0.9;INDUS;INDUS;16;6.2;0.3;0.1;3.4;0.016129032258064516;0.5483870967741935
Keyence (JP);G7;2022;INDUS;7.3;0.3;4.0;0.2;1.0;INDUS;INDUS;17;7.3;0.3;0.2;4.0;0.027397260273972605;0.547945205479452
Keyence (JP);G7;2023;INDUS;7.8;0.4;4.2;0.2;1.1;INDUS;INDUS;18;7.8;0.4;0.2;4.2;0.025641025641025644;0.5384615384615385
Keyence (JP);G7;2024;INDUS;8.2;0.4;4.4;0.2;1.2;INDUS;INDUS;19;8.2;0.4;0.2;4.4;0.02439024390243903;0.5365853658536587
Keysight (US);G7;2005;TECH;1.42;0.41;0.13;0.29;6.24;TECH;TECH;0;1.42;0.41;0.29;0.13;0.20422535211267606;0.09154929577464789
Keysight (US);G7;2006;TECH;1.57;0.44;0.15;0.31;6.68;TECH;TECH;1;1.57;0.44;0.31;0.15;0.19745222929936304;0.09554140127388534
Keysight (US);G7;2007;TECH;1.79;0.48;0.17;0.33;7.17;TECH;TECH;2;1.79;0.48;0.33;0.17;0.18435754189944134;0.09497206703910616
Keysight (US);G7;2008;TECH;1.95;0.52;0.19;0.35;7.73;TECH;TECH;3;1.95;0.52;0.35;0.19;0.1794871794871795;0.09743589743589744
Keysight (US);G7;2009;TECH;1.91;0.55;0.2;0.37;8.12;TECH;TECH;4;1.91;0.55;0.37;0.2;0.193717277486911;0.10471204188481677
Keysight (US);G7;2010;TECH;2.03;0.61;0.35;0.39;8.69;TECH;TECH;5;2.03;0.61;0.39;0.35;0.19211822660098524;0.1724137931034483
Keysight (US);G7;2011;TECH;1.88;0.66;0.28;0.42;9.35;TECH;TECH;6;1.88;0.66;0.42;0.28;0.22340425531914895;0.14893617021276598
Keysight (US);G7;2012;TECH;2.07;0.71;0.32;0.44;10.17;TECH;TECH;7;2.07;0.71;0.44;0.32;0.21256038647342998;0.15458937198067635
Keysight (US);G7;2013;TECH;2.38;0.77;0.39;0.46;10.75;TECH;TECH;8;2.38;0.77;0.46;0.39;0.19327731092436976;0.1638655462184874
Keysight (US);G7;2014;TECH;2.63;0.84;0.43;0.48;11.39;TECH;TECH;9;2.63;0.84;0.48;0.43;0.18250950570342206;0.1634980988593156
Keysight (US);G7;2015;TECH;2.85;0.45;0.45;0.38;1.0;TECH;TECH;10;2.85;0.45;0.38;0.45;0.13333333333333333;0.15789473684210525
Keysight (US);G7;2016;TECH;2.91;0.48;0.48;0.41;1.1;TECH;TECH;11;2.91;0.48;0.41;0.48;0.14089347079037798;0.16494845360824742
Keysight (US);G7;2017;TECH;3.18;0.52;0.52;0.58;1.2;TECH;TECH;12;3.18;0.52;0.58;0.52;0.18238993710691823;0.16352201257861634
Keysight (US);G7;2018;TECH;3.88;0.55;0.85;0.62;1.3;TECH;TECH;13;3.88;0.55;0.62;0.85;0.1597938144329897;0.2190721649484536
Keysight (US);G7;2019;TECH;4.3;0.58;1.05;0.68;1.4;TECH;TECH;14;4.3;0.58;0.68;1.05;0.15813953488372096;0.24418604651162792
Keysight (US);G7;2020;TECH;4.22;0.62;0.95;0.72;1.4;TECH;TECH;15;4.22;0.62;0.72;0.95;0.17061611374407584;0.22511848341232227
Keysight (US);G7;2021;TECH;4.94;0.68;1.25;0.85;1.5;TECH;TECH;16;4.94;0.68;0.85;1.25;0.1720647773279352;0.25303643724696356
Keysight (US);G7;2022;TECH;5.42;0.72;1.45;0.91;1.5;TECH;TECH;17;5.42;0.72;0.91;1.45;0.16789667896678967;0.26752767527675275
Keysight (US);G7;2023;TECH;5.46;0.78;1.52;0.95;1.5;TECH;TECH;18;5.46;0.78;0.95;1.52;0.17399267399267399;0.2783882783882784
Keysight (US);G7;2024;TECH;5.65;0.82;1.65;1.02;1.55;TECH;TECH;19;5.65;0.82;1.02;1.65;0.18053097345132743;0.29203539823008845
Kia (KR);G7;2005;AUTO;14.86328125;4.0234375;0.634765625;0.595703125;;AUTO;AUTO;0;14.86328125;4.0234375;0.595703125;0.634765625;0.04007884362680683;0.042706964520367936
Kia (KR);G7;2006;AUTO;17.557651991614257;4.559748427672956;0.3668763102725367;0.7127882599580713;;AUTO;AUTO;1;17.557651991614257;4.559748427672956;0.7127882599580713;0.3668763102725367;0.04059701492537313;0.0208955223880597
Kia (KR);G7;2007;AUTO;18.945102260495155;4.865446716899893;0.2368137782561894;0.77502691065662;;AUTO;AUTO;2;18.945102260495155;4.865446716899893;0.77502691065662;0.2368137782561894;0.04090909090909091;0.012499999999999999
Kia (KR);G7;2008;AUTO;15.340599455040872;4.268846503178929;0.1362397820163488;0.6267029972752044;;AUTO;AUTO;3;15.340599455040872;4.268846503178929;0.6267029972752044;0.1362397820163488;0.04085257548845471;0.008880994671403198
Kia (KR);G7;2009;AUTO;16.183385579937305;3.996865203761756;0.799373040752351;0.5877742946708464;;AUTO;AUTO;4;16.183385579937305;3.996865203761756;0.5877742946708464;0.799373040752351;0.03631961259079903;0.04939467312348668
Kia (KR);G7;2010;AUTO;20.034602076124568;5.060553633217993;1.773356401384083;0.7612456747404844;;AUTO;AUTO;5;20.034602076124568;5.060553633217993;0.7612456747404844;1.773356401384083;0.037996545768566495;0.0885146804835924
Kia (KR);G7;2011;AUTO;24.449458483754512;5.866425992779783;3.167870036101083;0.9205776173285198;;AUTO;AUTO;6;24.449458483754512;5.866425992779783;0.9205776173285198;3.167870036101083;0.03765227021040975;0.12956810631229237
Kia (KR);G7;2012;AUTO;38.26086956521739;7.187222715173026;3.1233362910381546;1.109139307897072;;AUTO;AUTO;7;38.26086956521739;7.187222715173026;1.109139307897072;3.1233362910381546;0.028988868274582563;0.0816326530612245
Kia (KR);G7;2013;AUTO;41.77168949771689;8.082191780821917;3.269406392694064;1.2602739726027397;;AUTO;AUTO;8;41.77168949771689;8.082191780821917;1.2602739726027397;3.269406392694064;0.030170529077393968;0.07826847398338435
Kia (KR);G7;2014;AUTO;47.03703703703704;8.974358974358974;2.4406457739791074;1.44349477682811;;AUTO;AUTO;9;47.03703703703704;8.974358974358974;1.44349477682811;2.4406457739791074;0.030688471633353517;0.05188774480113063
Kia (KR);G7;2015;AUTO;43.7842617152962;8.974358974358974;2.086648983200708;1.4588859416445623;;AUTO;AUTO;10;43.7842617152962;8.974358974358974;1.4588859416445623;2.086648983200708;0.033319870759289175;0.04765751211631664
Kia (KR);G7;2016;AUTO;45.400516795865634;9.30232558139535;2.118863049095608;1.533161068044789;;AUTO;AUTO;11;45.400516795865634;9.30232558139535;1.533161068044789;2.118863049095608;0.03376968317207361;0.04667046101309052
Kia (KR);G7;2017;AUTO;47.33863837312113;9.902740937223696;0.583554376657825;1.635720601237843;;AUTO;AUTO;12;47.33863837312113;9.902740937223696;1.635720601237843;0.583554376657825;0.034553604781471806;0.012327231976092642
Kia (KR);G7;2018;AUTO;49.24545454545454;10.5;1.0545454545454545;1.7454545454545454;;AUTO;AUTO;13;49.24545454545454;10.5;1.7454545454545454;1.0545454545454545;0.03544397267860439;0.021414066826656822
Kia (KR);G7;2019;AUTO;49.91416309012875;10.3862660944206;1.725321888412017;1.6995708154506437;;AUTO;AUTO;14;49.91416309012875;10.3862660944206;1.6995708154506437;1.725321888412017;0.03404987102321582;0.03456577815993121
Kia (KR);G7;2020;AUTO;50.13559322033898;10.889830508474576;1.7542372881355932;1.7796610169491525;;AUTO;AUTO;15;50.13559322033898;10.889830508474576;1.7796610169491525;1.7542372881355932;0.035496957403651115;0.03498985801217039
Kia (KR);G7;2021;AUTO;61.01310043668122;11.965065502183409;4.419213973799127;2.052401746724891;;AUTO;AUTO;16;61.01310043668122;11.965065502183409;2.052401746724891;4.419213973799127;0.03363870598339536;0.07243057543658746
Kia (KR);G7;2022;AUTO;66.9969040247678;11.455108359133128;5.595975232198143;2.051083591331269;;AUTO;AUTO;17;66.9969040247678;11.455108359133128;2.051083591331269;5.595975232198143;0.030614602587800365;0.08352587800369686
Kia (KR);G7;2023;AUTO;76.42419601837672;12.17457886676876;8.889739663093415;2.2817764165390506;;AUTO;AUTO;18;76.42419601837672;12.17457886676876;2.2817764165390506;8.889739663093415;0.0298567277827873;0.11632100991884582
Kia (KR);G7;2024;AUTO;79.5925925925926;12.48148148148148;9.385185185185184;2.4074074074074074;;AUTO;AUTO;19;79.5925925925926;12.48148148148148;2.4074074074074074;9.385185185185184;0.03024662633783155;0.11791530944625406
Kinaxis (CA);G7;2005;TECH;0.1;0.01;0.02;0.04;0.05;TECH;TECH;0;0.1;0.01;0.04;0.02;0.39999999999999997;0.19999999999999998
Kinaxis (CA);G7;2006;TECH;0.11;0.01;0.02;0.04;0.05;TECH;TECH;1;0.11;0.01;0.04;0.02;0.36363636363636365;0.18181818181818182
Kinaxis (CA);G7;2007;TECH;0.12;0.01;0.02;0.04;0.05;TECH;TECH;2;0.12;0.01;0.04;0.02;0.33333333333333337;0.16666666666666669
Kinaxis (CA);G7;2008;TECH;0.13;0.01;0.02;0.04;0.05;TECH;TECH;3;0.13;0.01;0.04;0.02;0.3076923076923077;0.15384615384615385
Kinaxis (CA);G7;2009;TECH;0.13;0.01;0.02;0.04;0.05;TECH;TECH;4;0.13;0.01;0.04;0.02;0.3076923076923077;0.15384615384615385
Kinaxis (CA);G7;2010;TECH;0.15;0.01;0.04;0.04;0.05;TECH;TECH;5;0.15;0.01;0.04;0.04;0.26666666666666666;0.26666666666666666
Kinaxis (CA);G7;2011;TECH;0.14;0.01;0.03;0.04;0.05;TECH;TECH;6;0.14;0.01;0.04;0.03;0.2857142857142857;0.21428571428571425
Kinaxis (CA);G7;2012;TECH;0.15;0.01;0.03;0.04;0.05;TECH;TECH;7;0.15;0.01;0.04;0.03;0.26666666666666666;0.2
Kinaxis (CA);G7;2013;TECH;0.16;0.01;0.03;0.04;0.05;TECH;TECH;8;0.16;0.01;0.04;0.03;0.25;0.1875
Kinaxis (CA);G7;2014;TECH;0.17;0.01;0.03;0.04;0.05;TECH;TECH;9;0.17;0.01;0.04;0.03;0.23529411764705882;0.1764705882352941
Kinaxis (CA);G7;2015;TECH;0.18;0.0;0.03;0.04;0.05;TECH;TECH;10;0.18;0.0;0.04;0.03;0.22222222222222224;0.16666666666666666
Kinaxis (CA);G7;2016;TECH;0.2;0.0;0.03;0.05;0.06;TECH;TECH;11;0.2;0.0;0.05;0.03;0.25;0.15
Kinaxis (CA);G7;2017;TECH;0.23;0.0;0.03;0.06;0.06;TECH;TECH;12;0.23;0.0;0.06;0.03;0.2608695652173913;0.13043478260869565
Kinaxis (CA);G7;2018;TECH;0.25;0.01;0.04;0.06;0.07;TECH;TECH;13;0.25;0.01;0.06;0.04;0.24;0.16
Kinaxis (CA);G7;2019;TECH;0.28;0.01;0.04;0.07;0.07;TECH;TECH;14;0.28;0.01;0.07;0.04;0.25;0.14285714285714285
Kinaxis (CA);G7;2020;TECH;0.32;0.01;0.05;0.08;0.08;TECH;TECH;15;0.32;0.01;0.08;0.05;0.25;0.15625
Kinaxis (CA);G7;2021;TECH;0.36;0.01;0.05;0.09;0.08;TECH;TECH;16;0.36;0.01;0.09;0.05;0.25;0.1388888888888889
Kinaxis (CA);G7;2022;TECH;0.4;0.01;0.06;0.1;0.09;TECH;TECH;17;0.4;0.01;0.1;0.06;0.25;0.15
Kinaxis (CA);G7;2023;TECH;0.45;0.01;0.07;0.11;0.09;TECH;TECH;18;0.45;0.01;0.11;0.07;0.24444444444444444;0.15555555555555556
Kinaxis (CA);G7;2024;TECH;0.5;0.01;0.07;0.12;0.1;TECH;TECH;19;0.5;0.01;0.12;0.07;0.24;0.14
Kingdee Intl;CN;2005;TECH;0.021;0.006;0.003;0.004;;TECH;TECH;0;0.021;0.006;0.004;0.003;0.19047619047619047;0.14285714285714285
Kingdee Intl;CN;2006;TECH;0.031;0.008;0.005;0.006;;TECH;TECH;1;0.031;0.008;0.006;0.005;0.1935483870967742;0.16129032258064516
Kingdee Intl;CN;2007;TECH;0.043;0.011;0.007;0.008;;TECH;TECH;2;0.043;0.011;0.008;0.007;0.186046511627907;0.16279069767441862
Kingdee Intl;CN;2008;TECH;0.059;0.015;0.009;0.011;;TECH;TECH;3;0.059;0.015;0.011;0.009;0.1864406779661017;0.15254237288135594
Kingdee Intl;CN;2009;TECH;0.074;0.019;0.012;0.014;;TECH;TECH;4;0.074;0.019;0.014;0.012;0.1891891891891892;0.16216216216216217
Kingdee Intl;CN;2010;TECH;0.094;0.024;0.015;0.018;;TECH;TECH;5;0.094;0.024;0.018;0.015;0.19148936170212766;0.15957446808510636
Kingdee Intl;CN;2011;TECH;0.116;0.03;0.019;0.022;;TECH;TECH;6;0.116;0.03;0.022;0.019;0.1896551724137931;0.16379310344827586
Kingdee Intl;CN;2012;TECH;0.127;0.033;0.02;0.024;;TECH;TECH;7;0.127;0.033;0.024;0.02;0.1889763779527559;0.15748031496062992
Kingdee Intl;CN;2013;TECH;0.145;0.038;0.023;0.027;;TECH;TECH;8;0.145;0.038;0.027;0.023;0.18620689655172415;0.15862068965517243
Kingdee Intl;CN;2014;TECH;0.172;0.045;0.027;0.032;;TECH;TECH;9;0.172;0.045;0.032;0.027;0.186046511627907;0.1569767441860465
Kingdee Intl;CN;2015;TECH;0.196;0.051;0.031;0.036;;TECH;TECH;10;0.196;0.051;0.036;0.031;0.18367346938775508;0.15816326530612243
Kingdee Intl;CN;2016;TECH;0.227;0.059;0.036;0.042;;TECH;TECH;11;0.227;0.059;0.042;0.036;0.18502202643171806;0.15859030837004404
Kingdee Intl;CN;2017;TECH;0.286;0.074;0.045;0.053;;TECH;TECH;12;0.286;0.074;0.053;0.045;0.1853146853146853;0.15734265734265734
Kingdee Intl;CN;2018;TECH;0.351;0.091;0.055;0.065;;TECH;TECH;13;0.351;0.091;0.065;0.055;0.1851851851851852;0.1566951566951567
Kingdee Intl;CN;2019;TECH;0.41;0.107;0.064;0.076;;TECH;TECH;14;0.41;0.107;0.076;0.064;0.18536585365853658;0.15609756097560976
Kingdee Intl;CN;2020;TECH;0.403;0.105;0.063;0.075;;TECH;TECH;15;0.403;0.105;0.075;0.063;0.18610421836228286;0.15632754342431762
Kingdee Intl;CN;2021;TECH;0.515;0.134;0.08;0.095;;TECH;TECH;16;0.515;0.134;0.095;0.08;0.18446601941747573;0.1553398058252427
Kingdee Intl;CN;2022;TECH;0.608;0.158;0.095;0.112;;TECH;TECH;17;0.608;0.158;0.112;0.095;0.1842105263157895;0.15625
Kingdee Intl;CN;2023;TECH;0.71;0.185;0.111;0.131;;TECH;TECH;18;0.71;0.185;0.131;0.111;0.18450704225352113;0.1563380281690141
Kingdee Intl;CN;2024;TECH;0.87;0.226;0.136;0.161;;TECH;TECH;19;0.87;0.226;0.161;0.136;0.18505747126436783;0.1563218390804598
Kingsoft;China;2005;TECH;0.34;0.1;0.05;0.06;2.18;TECH;TECH;0;0.34;0.1;0.06;0.05;0.1764705882352941;0.14705882352941177
Kingsoft;China;2006;TECH;0.39;0.11;0.06;0.07;2.36;TECH;TECH;1;0.39;0.11;0.07;0.06;0.1794871794871795;0.15384615384615383
Kingsoft;China;2007;TECH;0.44;0.12;0.07;0.07;2.57;TECH;TECH;2;0.44;0.12;0.07;0.07;0.15909090909090912;0.15909090909090912
Kingsoft;China;2008;TECH;0.52;0.13;0.08;0.07;2.8;TECH;TECH;3;0.52;0.13;0.07;0.08;0.13461538461538464;0.15384615384615385
Kingsoft;China;2009;TECH;0.51;0.14;0.08;0.07;2.98;TECH;TECH;4;0.51;0.14;0.07;0.08;0.13725490196078433;0.1568627450980392
Kingsoft;China;2010;TECH;0.55;0.15;0.15;0.08;3.25;TECH;TECH;5;0.55;0.15;0.08;0.15;0.14545454545454545;0.2727272727272727
Kingsoft;China;2011;TECH;0.51;0.17;0.12;0.08;3.53;TECH;TECH;6;0.51;0.17;0.08;0.12;0.1568627450980392;0.23529411764705882
Kingsoft;China;2012;TECH;0.58;0.19;0.14;0.09;3.86;TECH;TECH;7;0.58;0.19;0.09;0.14;0.15517241379310345;0.24137931034482762
Kingsoft;China;2013;TECH;0.66;0.21;0.15;0.1;4.17;TECH;TECH;8;0.66;0.21;0.1;0.15;0.15151515151515152;0.22727272727272727
Kingsoft;China;2014;TECH;0.77;0.23;0.18;0.11;4.58;TECH;TECH;9;0.77;0.23;0.11;0.18;0.14285714285714285;0.23376623376623376
Kingsoft;China;2015;INDUS;1.5;0.3;0.1;0.4;0.5;TECH;TECH;10;1.5;0.3;0.4;0.1;0.26666666666666666;0.06666666666666667
Kingsoft;China;2016;INDUS;2.1;0.4;0.2;0.5;0.6;TECH;TECH;11;2.1;0.4;0.5;0.2;0.23809523809523808;0.09523809523809523
Kingsoft;China;2017;INDUS;2.8;0.5;0.2;0.6;0.8;TECH;TECH;12;2.8;0.5;0.6;0.2;0.2142857142857143;0.07142857142857144
Kingsoft;China;2018;INDUS;3.3;0.6;0.3;0.6;1.0;TECH;TECH;13;3.3;0.6;0.6;0.3;0.18181818181818182;0.09090909090909091
Kingsoft;China;2019;INDUS;3.9;0.8;0.4;0.8;1.1;TECH;TECH;14;3.9;0.8;0.8;0.4;0.20512820512820515;0.10256410256410257
Kingsoft;China;2020;INDUS;3.0;1.0;0.5;0.9;1.0;TECH;TECH;15;3.0;1.0;0.9;0.5;0.3;0.16666666666666666
Kingsoft;China;2021;INDUS;3.7;1.1;0.7;1.0;1.0;TECH;TECH;16;3.7;1.1;1.0;0.7;0.27027027027027023;0.18918918918918917
Kingsoft;China;2022;INDUS;4.2;1.3;0.8;1.3;1.1;TECH;TECH;17;4.2;1.3;1.3;0.8;0.30952380952380953;0.19047619047619047
Kingsoft;China;2023;INDUS;4.9;1.6;0.9;1.4;1.2;TECH;TECH;18;4.9;1.6;1.4;0.9;0.2857142857142857;0.18367346938775508
Kingsoft;China;2024;INDUS;5.5;1.8;1.2;1.7;1.4;TECH;TECH;19;5.5;1.8;1.7;1.2;0.3090909090909091;0.21818181818181817
Knorr-Bremse (EU);G7;2005;INDUS;5.26212;1.19424;0.4353999999999999;0.311;1.97;INDUS;INDUS;0;5.26212;1.19424;0.311;0.4353999999999999;0.05910165484633569;0.08274231678486996
Knorr-Bremse (EU);G7;2006;INDUS;5.513839999999999;1.24344;0.45216;0.32656;2.03;INDUS;INDUS;1;5.513839999999999;1.24344;0.32656;0.45216;0.059225512528473814;0.08200455580865605
Knorr-Bremse (EU);G7;2007;INDUS;6.443700000000001;1.371;0.53469;0.37017;2.1;INDUS;INDUS;2;6.443700000000001;1.371;0.37017;0.53469;0.05744680851063829;0.08297872340425531
Knorr-Bremse (EU);G7;2008;INDUS;6.92841;1.50042;0.57369;0.39717;2.16;INDUS;INDUS;3;6.92841;1.50042;0.39717;0.57369;0.05732484076433121;0.08280254777070063
Knorr-Bremse (EU);G7;2009;INDUS;6.44028;1.44976;0.5715399999999999;0.37638;2.21;INDUS;INDUS;4;6.44028;1.44976;0.37638;0.5715399999999999;0.05844155844155845;0.08874458874458874
Knorr-Bremse (EU);G7;2010;INDUS;7.53168;1.4188200000000002;1.6575000000000002;0.37128;2.27;INDUS;INDUS;5;7.53168;1.4188200000000002;0.37128;1.6575000000000002;0.04929577464788733;0.2200704225352113
Knorr-Bremse (EU);G7;2011;INDUS;7.321919999999999;1.55904;1.392;0.38976;2.3;INDUS;INDUS;6;7.321919999999999;1.55904;0.38976;1.392;0.05323193916349811;0.19011406844106465
Knorr-Bremse (EU);G7;2012;INDUS;7.17588;1.49176;1.29886;0.37294;2.33;INDUS;INDUS;7;7.17588;1.49176;0.37294;1.29886;0.05197132616487455;0.18100358422939067
Knorr-Bremse (EU);G7;2013;INDUS;7.675840000000001;1.60688;1.4209600000000002;0.3984;2.36;INDUS;INDUS;8;7.675840000000001;1.60688;0.3984;1.4209600000000002;0.0519031141868512;0.185121107266436
Knorr-Bremse (EU);G7;2014;INDUS;8.13348;1.64796;1.51506;0.4119899999999999;2.41;INDUS;INDUS;9;8.13348;1.64796;0.4119899999999999;1.51506;0.05065359477124182;0.18627450980392157
Knorr-Bremse (EU);G7;2015;INDUS;7.1595;1.3875000000000002;1.2765;0.3552;2.45;INDUS;INDUS;10;7.1595;1.3875000000000002;0.3552;1.2765;0.04961240310077519;0.17829457364341084
Knorr-Bremse (EU);G7;2016;INDUS;6.808050000000001;1.35054;1.16235;0.34317;2.42;INDUS;INDUS;11;6.808050000000001;1.35054;0.34317;1.16235;0.050406504065040644;0.17073170731707316
Knorr-Bremse (EU);G7;2017;INDUS;7.853499999999999;1.4464;1.2656;0.3954999999999999;2.75;INDUS;INDUS;12;7.853499999999999;1.4464;0.3954999999999999;1.2656;0.050359712230215826;0.1611510791366907
Knorr-Bremse (EU);G7;2018;INDUS;9.23542;1.5943500000000002;1.51168;0.44878;2.85;INDUS;INDUS;13;9.23542;1.5943500000000002;0.44878;1.51168;0.04859335038363172;0.16368286445012786
Knorr-Bremse (EU);G7;2019;INDUS;8.67225;1.5889799999999998;1.32042;0.4699799999999999;2.9;INDUS;INDUS;14;8.67225;1.5889799999999998;0.4699799999999999;1.32042;0.054193548387096765;0.15225806451612903
Knorr-Bremse (EU);G7;2020;INDUS;7.822699999999999;1.7358399999999998;0.9707;0.5139;2.95;INDUS;INDUS;15;7.822699999999999;1.7358399999999998;0.5139;0.9707;0.06569343065693431;0.12408759124087593
Knorr-Bremse (EU);G7;2021;INDUS;9.36936;1.95195;1.36045;0.56784;3.05;INDUS;INDUS;16;9.36936;1.95195;0.56784;1.36045;0.06060606060606061;0.1452020202020202
Knorr-Bremse (EU);G7;2022;INDUS;7.950149999999999;1.84275;1.07406;0.5475599999999999;3.15;INDUS;INDUS;17;7.950149999999999;1.84275;0.5475599999999999;1.07406;0.06887417218543046;0.1350993377483444
Knorr-Bremse (EU);G7;2023;INDUS;9.2511;2.0017;1.3525;0.62756;3.3;INDUS;INDUS;18;9.2511;2.0017;0.62756;1.3525;0.06783625730994153;0.14619883040935674
Knorr-Bremse (EU);G7;2024;INDUS;9.5757;2.1099;1.4607;0.67084;3.45;INDUS;INDUS;19;9.5757;2.1099;0.67084;1.4607;0.07005649717514124;0.15254237288135594
Koito Manufacturing (JP);G7;2005;INDUS;4.18;1.18;0.29;0.25;2.17;INDUS;INDUS;0;4.18;1.18;0.25;0.29;0.059808612440191394;0.06937799043062201
Koito Manufacturing (JP);G7;2006;INDUS;4.4;1.2;0.31;0.25;2.23;INDUS;INDUS;1;4.4;1.2;0.25;0.31;0.056818181818181816;0.07045454545454545
Koito Manufacturing (JP);G7;2007;INDUS;4.48;1.2;0.3;0.25;2.28;INDUS;INDUS;2;4.48;1.2;0.25;0.3;0.055803571428571425;0.06696428571428571
Koito Manufacturing (JP);G7;2008;INDUS;4.6;1.21;0.3;0.25;2.28;INDUS;INDUS;3;4.6;1.21;0.25;0.3;0.05434782608695653;0.06521739130434782
Koito Manufacturing (JP);G7;2009;INDUS;4.51;1.23;0.32;0.25;2.34;INDUS;INDUS;4;4.51;1.23;0.25;0.32;0.05543237250554324;0.07095343680709534
Koito Manufacturing (JP);G7;2010;INDUS;5.86;1.25;0.79;0.25;2.37;INDUS;INDUS;5;5.86;1.25;0.25;0.79;0.04266211604095563;0.1348122866894198
Koito Manufacturing (JP);G7;2011;INDUS;5.43;1.27;0.63;0.25;2.41;INDUS;INDUS;6;5.43;1.27;0.25;0.63;0.04604051565377532;0.11602209944751382
Koito Manufacturing (JP);G7;2012;INDUS;5.67;1.28;0.63;0.25;2.41;INDUS;INDUS;7;5.67;1.28;0.25;0.63;0.04409171075837742;0.11111111111111112
Koito Manufacturing (JP);G7;2013;INDUS;5.86;1.31;0.67;0.25;2.49;INDUS;INDUS;8;5.86;1.31;0.25;0.67;0.04266211604095563;0.11433447098976109
Koito Manufacturing (JP);G7;2014;INDUS;5.74;1.32;0.65;0.25;2.53;INDUS;INDUS;9;5.74;1.32;0.25;0.65;0.04355400696864111;0.1132404181184669
Koito Manufacturing (JP);G7;2015;INDUS;5.85;1.35;0.65;0.25;2.55;INDUS;INDUS;10;5.85;1.35;0.25;0.65;0.042735042735042736;0.11111111111111112
Koito Manufacturing (JP);G7;2016;INDUS;6.15;1.42;0.72;0.28;2.65;INDUS;INDUS;11;6.15;1.42;0.28;0.72;0.04552845528455285;0.11707317073170731
Koito Manufacturing (JP);G7;2017;INDUS;6.85;1.55;0.85;0.32;2.82;INDUS;INDUS;12;6.85;1.55;0.32;0.85;0.04671532846715329;0.12408759124087591
Koito Manufacturing (JP);G7;2018;INDUS;7.25;1.65;0.95;0.35;2.9;INDUS;INDUS;13;7.25;1.65;0.35;0.95;0.04827586206896552;0.13103448275862067
Koito Manufacturing (JP);G7;2019;INDUS;7.15;1.75;0.82;0.38;2.85;INDUS;INDUS;14;7.15;1.75;0.38;0.82;0.05314685314685314;0.11468531468531468
Koito Manufacturing (JP);G7;2020;INDUS;6.25;1.82;0.45;0.35;2.75;INDUS;INDUS;15;6.25;1.82;0.35;0.45;0.055999999999999994;0.07200000000000001
Koito Manufacturing (JP);G7;2021;INDUS;6.82;1.88;0.55;0.32;2.8;INDUS;INDUS;16;6.82;1.88;0.32;0.55;0.0469208211143695;0.08064516129032258
Koito Manufacturing (JP);G7;2022;INDUS;6.15;1.95;0.45;0.35;2.85;INDUS;INDUS;17;6.15;1.95;0.35;0.45;0.05691056910569105;0.07317073170731707
Koito Manufacturing (JP);G7;2023;INDUS;6.25;2.05;0.65;0.38;2.92;INDUS;INDUS;18;6.25;2.05;0.38;0.65;0.0608;0.10400000000000001
Koito Manufacturing (JP);G7;2024;INDUS;6.45;2.15;0.75;0.42;3.05;INDUS;INDUS;19;6.45;2.15;0.42;0.75;0.06511627906976744;0.11627906976744186
Komatsu (JP);G7;2005;INDUS;11.58;5.4;0.71;0.49;3.82;INDUS;INDUS;0;11.58;5.4;0.49;0.71;0.04231433506044905;0.06131260794473229
Komatsu (JP);G7;2006;INDUS;11.92;5.41;0.75;0.5;3.88;INDUS;INDUS;1;11.92;5.41;0.5;0.75;0.04194630872483222;0.06291946308724833
Komatsu (JP);G7;2007;INDUS;12.34;5.54;0.77;0.52;3.88;INDUS;INDUS;2;12.34;5.54;0.52;0.77;0.042139384116693684;0.06239870340356564
Komatsu (JP);G7;2008;INDUS;13.11;5.55;0.84;0.53;3.99;INDUS;INDUS;3;13.11;5.55;0.53;0.84;0.04042715484363082;0.06407322654462243
Komatsu (JP);G7;2009;INDUS;12.85;5.73;0.88;0.55;4.08;INDUS;INDUS;4;12.85;5.73;0.55;0.88;0.04280155642023347;0.06848249027237355
Komatsu (JP);G7;2010;INDUS;17.27;5.82;2.21;0.56;4.2;INDUS;INDUS;5;17.27;5.82;0.56;2.21;0.032426172553561096;0.12796757382744645
Komatsu (JP);G7;2011;INDUS;15.99;6.01;1.77;0.57;4.32;INDUS;INDUS;6;15.99;6.01;0.57;1.77;0.03564727954971857;0.11069418386491557
Komatsu (JP);G7;2012;INDUS;16.54;6.12;1.93;0.57;4.36;INDUS;INDUS;7;16.54;6.12;0.57;1.93;0.03446191051995163;0.11668681983071343
Komatsu (JP);G7;2013;INDUS;17.09;6.26;2.02;0.57;4.49;INDUS;INDUS;8;17.09;6.26;0.57;2.02;0.033352837916910474;0.1181977764774722
Komatsu (JP);G7;2014;INDUS;17.55;6.37;2.12;0.59;4.58;INDUS;INDUS;9;17.55;6.37;0.59;2.12;0.033618233618233614;0.1207977207977208
Komatsu (JP);G7;2015;INDUS;18.2;6.5;2.1;0.6;4.7;INDUS;INDUS;10;18.2;6.5;0.6;2.1;0.03296703296703297;0.11538461538461539
Komatsu (JP);G7;2016;INDUS;17.5;6.3;1.5;0.6;4.7;INDUS;INDUS;11;17.5;6.3;0.6;1.5;0.03428571428571429;0.08571428571428572
Komatsu (JP);G7;2017;INDUS;22.5;7.1;2.5;0.7;5.9;INDUS;INDUS;12;22.5;7.1;0.7;2.5;0.03111111111111111;0.1111111111111111
Komatsu (JP);G7;2018;INDUS;24.8;7.5;3.5;0.7;6.2;INDUS;INDUS;13;24.8;7.5;0.7;3.5;0.0282258064516129;0.1411290322580645
Komatsu (JP);G7;2019;INDUS;22.4;7.8;2.2;0.7;6.3;INDUS;INDUS;14;22.4;7.8;0.7;2.2;0.03125;0.09821428571428573
Komatsu (JP);G7;2020;INDUS;19.5;8.2;1.5;0.7;6.1;INDUS;INDUS;15;19.5;8.2;0.7;1.5;0.035897435897435895;0.07692307692307693
Komatsu (JP);G7;2021;INDUS;23.2;8.5;2.8;0.8;6.3;INDUS;INDUS;16;23.2;8.5;0.8;2.8;0.034482758620689655;0.12068965517241378
Komatsu (JP);G7;2022;INDUS;27.5;8.8;3.5;0.8;6.4;INDUS;INDUS;17;27.5;8.8;0.8;3.5;0.02909090909090909;0.12727272727272726
Komatsu (JP);G7;2023;INDUS;28.8;9.1;3.8;0.9;6.4;INDUS;INDUS;18;28.8;9.1;0.9;3.8;0.03125;0.13194444444444445
Komatsu (JP);G7;2024;INDUS;30.2;9.5;4.1;0.9;6.5;INDUS;INDUS;19;30.2;9.5;0.9;4.1;0.02980132450331126;0.1357615894039735
Kubota (JP);G7;2005;INDUS;11.23;2.67;0.95;0.29;3.01;INDUS;INDUS;0;11.23;2.67;0.29;0.95;0.02582368655387355;0.08459483526268922
Kubota (JP);G7;2006;INDUS;11.46;2.77;0.95;0.29;3.05;INDUS;INDUS;1;11.46;2.77;0.29;0.95;0.025305410122164047;0.08289703315881325
Kubota (JP);G7;2007;INDUS;11.65;2.77;0.94;0.29;3.1;INDUS;INDUS;2;11.65;2.77;0.29;0.94;0.02489270386266094;0.08068669527896995
Kubota (JP);G7;2008;INDUS;11.81;2.81;0.96;0.3;3.18;INDUS;INDUS;3;11.81;2.81;0.3;0.96;0.02540220152413209;0.08128704487722269
Kubota (JP);G7;2009;INDUS;11.58;2.89;1.01;0.3;3.26;INDUS;INDUS;4;11.58;2.89;0.3;1.01;0.025906735751295335;0.08721934369602763
Kubota (JP);G7;2010;INDUS;13.86;2.94;1.84;0.31;3.29;INDUS;INDUS;5;13.86;2.94;0.31;1.84;0.022366522366522368;0.13275613275613277
Kubota (JP);G7;2011;INDUS;12.83;2.96;1.47;0.31;3.33;INDUS;INDUS;6;12.83;2.96;0.31;1.47;0.024162120031176928;0.11457521434138737
Kubota (JP);G7;2012;INDUS;13.09;3.04;1.56;0.31;3.39;INDUS;INDUS;7;13.09;3.04;0.31;1.56;0.023682200152788387;0.11917494270435447
Kubota (JP);G7;2013;INDUS;12.96;3.13;1.58;0.31;3.45;INDUS;INDUS;8;12.96;3.13;0.31;1.58;0.023919753086419752;0.12191358024691358
Kubota (JP);G7;2014;INDUS;13.1;3.14;1.61;0.3;3.53;INDUS;INDUS;9;13.1;3.14;0.3;1.61;0.022900763358778626;0.12290076335877864
Kubota (JP);G7;2015;INDUS;13.5;3.2;1.7;0.3;3.6;INDUS;INDUS;10;13.5;3.2;0.3;1.7;0.022222222222222223;0.1259259259259259
Kubota (JP);G7;2016;INDUS;14.1;3.4;1.6;0.4;3.8;INDUS;INDUS;11;14.1;3.4;0.4;1.6;0.028368794326241138;0.11347517730496455
Kubota (JP);G7;2017;INDUS;15.8;3.6;1.8;0.4;4.0;INDUS;INDUS;12;15.8;3.6;0.4;1.8;0.02531645569620253;0.11392405063291139
Kubota (JP);G7;2018;INDUS;16.5;3.8;1.7;0.4;4.2;INDUS;INDUS;13;16.5;3.8;0.4;1.7;0.024242424242424242;0.10303030303030303
Kubota (JP);G7;2019;INDUS;17.2;4.1;1.8;0.5;4.3;INDUS;INDUS;14;17.2;4.1;0.5;1.8;0.029069767441860465;0.10465116279069768
Kubota (JP);G7;2020;INDUS;16.8;4.3;1.6;0.5;4.4;INDUS;INDUS;15;16.8;4.3;0.5;1.6;0.02976190476190476;0.09523809523809523
Kubota (JP);G7;2021;INDUS;19.8;4.6;2.1;0.6;4.6;INDUS;INDUS;16;19.8;4.6;0.6;2.1;0.0303030303030303;0.10606060606060606
Kubota (JP);G7;2022;INDUS;21.5;4.9;2.3;0.6;5.0;INDUS;INDUS;17;21.5;4.9;0.6;2.3;0.027906976744186046;0.10697674418604651
Kubota (JP);G7;2023;INDUS;22.4;5.2;2.5;0.7;5.2;INDUS;INDUS;18;22.4;5.2;0.7;2.5;0.03125;0.11160714285714286
Kubota (JP);G7;2024;INDUS;23.5;5.5;2.7;0.8;5.3;INDUS;INDUS;19;23.5;5.5;0.8;2.7;0.03404255319148936;0.11489361702127661
Kyocera (JP);G7;2005;INDUS;8.77;2.34;0.27;0.43;6.09;INDUS;INDUS;0;8.77;2.34;0.43;0.27;0.049030786773090085;0.030786773090079822
Kyocera (JP);G7;2006;INDUS;8.75;2.41;0.28;0.43;6.17;INDUS;INDUS;1;8.75;2.41;0.43;0.28;0.04914285714285714;0.032
Kyocera (JP);G7;2007;INDUS;8.9;2.46;0.29;0.44;6.33;INDUS;INDUS;2;8.9;2.46;0.44;0.29;0.04943820224719101;0.03258426966292134
Kyocera (JP);G7;2008;INDUS;9.25;2.5;0.32;0.45;6.34;INDUS;INDUS;3;9.25;2.5;0.45;0.32;0.04864864864864865;0.034594594594594595
Kyocera (JP);G7;2009;INDUS;9.07;2.52;0.34;0.46;6.49;INDUS;INDUS;4;9.07;2.52;0.46;0.34;0.05071664829106946;0.037486218302094816
Kyocera (JP);G7;2010;INDUS;11.74;2.55;0.83;0.46;6.56;INDUS;INDUS;5;11.74;2.55;0.46;0.83;0.039182282793867124;0.0706984667802385
Kyocera (JP);G7;2011;INDUS;10.87;2.62;0.66;0.47;6.69;INDUS;INDUS;6;10.87;2.62;0.47;0.66;0.04323827046918123;0.060717571297148124
Kyocera (JP);G7;2012;INDUS;11.29;2.63;0.69;0.47;6.71;INDUS;INDUS;7;11.29;2.63;0.47;0.69;0.04162976085031001;0.06111603188662533
Kyocera (JP);G7;2013;INDUS;11.49;2.7;0.7;0.48;6.8;INDUS;INDUS;8;11.49;2.7;0.48;0.7;0.04177545691906005;0.060922541340295906
Kyocera (JP);G7;2014;INDUS;11.93;2.77;0.74;0.49;6.84;INDUS;INDUS;9;11.93;2.77;0.49;0.74;0.04107292539815591;0.06202849958088852
Kyocera (JP);G7;2015;INDUS;12.5;2.8;0.8;0.5;6.9;INDUS;INDUS;10;12.5;2.8;0.5;0.8;0.04;0.064
Kyocera (JP);G7;2016;INDUS;12.2;3.1;0.8;0.5;7.0;INDUS;INDUS;11;12.2;3.1;0.5;0.8;0.04098360655737705;0.06557377049180328
Kyocera (JP);G7;2017;INDUS;13.8;3.4;0.9;0.5;7.5;INDUS;INDUS;12;13.8;3.4;0.5;0.9;0.036231884057971016;0.06521739130434782
Kyocera (JP);G7;2018;INDUS;14.5;3.6;0.8;0.6;7.7;INDUS;INDUS;13;14.5;3.6;0.6;0.8;0.041379310344827586;0.055172413793103454
Kyocera (JP);G7;2019;INDUS;14.2;3.8;0.8;0.7;7.6;INDUS;INDUS;14;14.2;3.8;0.7;0.8;0.04929577464788732;0.05633802816901409
Kyocera (JP);G7;2020;INDUS;13.8;4.1;0.6;0.7;7.6;INDUS;INDUS;15;13.8;4.1;0.7;0.6;0.05072463768115942;0.043478260869565216
Kyocera (JP);G7;2021;INDUS;16.5;4.5;1.2;0.8;7.8;INDUS;INDUS;16;16.5;4.5;0.8;1.2;0.048484848484848485;0.07272727272727272
Kyocera (JP);G7;2022;INDUS;15.2;4.8;1.0;0.8;8.1;INDUS;INDUS;17;15.2;4.8;0.8;1.0;0.052631578947368425;0.06578947368421052
Kyocera (JP);G7;2023;INDUS;14.8;5.2;0.8;0.9;8.0;INDUS;INDUS;18;14.8;5.2;0.9;0.8;0.06081081081081081;0.05405405405405406
Kyocera (JP);G7;2024;INDUS;15.5;5.5;1.1;1.0;8.1;INDUS;INDUS;19;15.5;5.5;1.0;1.1;0.06451612903225806;0.07096774193548387
LG Corp (KR);G7;2005;INDUS;3.59;0.29;0.39;0.0;0.1;INDUS;INDUS;0;3.59;0.29;0.0;0.39;0.0;0.10863509749303622
LG Corp (KR);G7;2006;INDUS;3.6;0.3;0.4;0.0;0.1;INDUS;INDUS;1;3.6;0.3;0.0;0.4;0.0;0.11111111111111112
LG Corp (KR);G7;2007;INDUS;3.76;0.31;0.43;0.0;0.1;INDUS;INDUS;2;3.76;0.31;0.0;0.43;0.0;0.11436170212765957
LG Corp (KR);G7;2008;INDUS;3.9;0.32;0.43;0.0;0.1;INDUS;INDUS;3;3.9;0.32;0.0;0.43;0.0;0.11025641025641025
LG Corp (KR);G7;2009;INDUS;3.82;0.33;0.45;0.0;0.1;INDUS;INDUS;4;3.82;0.33;0.0;0.45;0.0;0.11780104712041886
LG Corp (KR);G7;2010;INDUS;4.95;0.34;1.01;0.0;0.1;INDUS;INDUS;5;4.95;0.34;0.0;1.01;0.0;0.20404040404040402
LG Corp (KR);G7;2011;INDUS;4.58;0.35;0.81;0.0;0.1;INDUS;INDUS;6;4.58;0.35;0.0;0.81;0.0;0.17685589519650655
LG Corp (KR);G7;2012;INDUS;4.67;0.36;0.8;0.0;0.1;INDUS;INDUS;7;4.67;0.36;0.0;0.8;0.0;0.17130620985010708
LG Corp (KR);G7;2013;INDUS;4.84;0.38;0.82;0.0;0.1;INDUS;INDUS;8;4.84;0.38;0.0;0.82;0.0;0.16942148760330578
LG Corp (KR);G7;2014;INDUS;4.96;0.39;0.84;0.0;0.1;INDUS;INDUS;9;4.96;0.39;0.0;0.84;0.0;0.1693548387096774
LG Corp (KR);G7;2015;INDUS;5.1;0.4;0.9;0.0;0.1;INDUS;INDUS;10;5.1;0.4;0.0;0.9;0.0;0.17647058823529413
LG Corp (KR);G7;2016;INDUS;5.3;0.4;1.1;0.0;0.1;INDUS;INDUS;11;5.3;0.4;0.0;1.1;0.0;0.2075471698113208
LG Corp (KR);G7;2017;INDUS;5.8;0.5;1.2;0.0;0.1;INDUS;INDUS;12;5.8;0.5;0.0;1.2;0.0;0.20689655172413793
LG Corp (KR);G7;2018;INDUS;6.2;0.6;1.4;0.0;0.1;INDUS;INDUS;13;6.2;0.6;0.0;1.4;0.0;0.2258064516129032
LG Corp (KR);G7;2019;INDUS;6.1;0.8;1.0;0.0;0.1;INDUS;INDUS;14;6.1;0.8;0.0;1.0;0.0;0.1639344262295082
LG Corp (KR);G7;2020;INDUS;6.5;1.1;1.7;0.0;0.1;INDUS;INDUS;15;6.5;1.1;0.0;1.7;0.0;0.26153846153846155
LG Corp (KR);G7;2021;INDUS;6.8;1.3;2.1;0.0;0.1;INDUS;INDUS;16;6.8;1.3;0.0;2.1;0.0;0.3088235294117647
LG Corp (KR);G7;2022;INDUS;6.4;1.5;1.6;0.0;0.1;INDUS;INDUS;17;6.4;1.5;0.0;1.6;0.0;0.25
LG Corp (KR);G7;2023;INDUS;6.2;1.6;1.4;0.0;0.1;INDUS;INDUS;18;6.2;1.6;0.0;1.4;0.0;0.2258064516129032
LG Corp (KR);G7;2024;INDUS;6.5;1.8;1.8;0.0;0.1;INDUS;INDUS;19;6.5;1.8;0.0;1.8;0.0;0.27692307692307694
LG Display (KR);G7;2005;INDUS;11.13;6.71;0.53;0.7;1.73;TECH;TECH;0;11.13;6.71;0.7;0.53;0.06289308176100628;0.047619047619047616
LG Display (KR);G7;2006;INDUS;12.44;7.23;0.57;0.75;1.83;TECH;TECH;1;12.44;7.23;0.75;0.57;0.06028938906752412;0.04581993569131833
LG Display (KR);G7;2007;INDUS;14.29;7.86;0.64;0.8;1.97;TECH;TECH;2;14.29;7.86;0.8;0.64;0.05598320503848846;0.04478656403079077
LG Display (KR);G7;2008;INDUS;15.92;8.49;0.71;0.84;2.07;TECH;TECH;3;15.92;8.49;0.84;0.71;0.052763819095477386;0.04459798994974874
LG Display (KR);G7;2009;INDUS;15.61;9.3;0.75;0.88;2.19;TECH;TECH;4;15.61;9.3;0.88;0.75;0.05637411915438822;0.048046124279308135
LG Display (KR);G7;2010;INDUS;17.54;10.12;1.23;0.92;2.37;TECH;TECH;5;17.54;10.12;0.92;1.23;0.052451539338654506;0.0701254275940707
LG Display (KR);G7;2011;INDUS;16.24;11.07;0.98;0.98;2.54;TECH;TECH;6;16.24;11.07;0.98;0.98;0.0603448275862069;0.0603448275862069
LG Display (KR);G7;2012;INDUS;18.08;11.97;1.06;1.04;2.66;TECH;TECH;7;18.08;11.97;1.04;1.06;0.057522123893805316;0.058628318584070804
LG Display (KR);G7;2013;INDUS;20.0;12.99;1.21;1.1;2.89;TECH;TECH;8;20.0;12.99;1.1;1.21;0.05500000000000001;0.0605
LG Display (KR);G7;2014;INDUS;22.46;14.09;1.33;1.16;3.08;TECH;TECH;9;22.46;14.09;1.16;1.33;0.0516473731077471;0.05921638468388246
LG Display (KR);G7;2015;INDUS;24.2;15.2;1.4;1.2;3.3;TECH;TECH;10;24.2;15.2;1.2;1.4;0.049586776859504134;0.05785123966942148
LG Display (KR);G7;2016;INDUS;23.1;16.8;1.1;1.3;3.2;TECH;TECH;11;23.1;16.8;1.3;1.1;0.05627705627705627;0.04761904761904762
LG Display (KR);G7;2017;INDUS;24.5;18.4;2.1;1.5;3.3;TECH;TECH;12;24.5;18.4;1.5;2.1;0.061224489795918366;0.08571428571428572
LG Display (KR);G7;2018;INDUS;21.2;20.1;-0.1;1.8;3.1;TECH;TECH;13;21.2;20.1;1.8;-0.1;0.0849056603773585;-0.004716981132075472
LG Display (KR);G7;2019;INDUS;20.5;22.4;-1.2;1.9;2.9;TECH;TECH;14;20.5;22.4;1.9;-1.2;0.09268292682926829;-0.058536585365853655
LG Display (KR);G7;2020;INDUS;21.8;20.8;-0.1;2.0;2.8;TECH;TECH;15;21.8;20.8;2.0;-0.1;0.09174311926605504;-0.0045871559633027525
LG Display (KR);G7;2021;INDUS;26.5;19.5;1.9;1.8;2.7;TECH;TECH;16;26.5;19.5;1.8;1.9;0.06792452830188679;0.07169811320754717
LG Display (KR);G7;2022;INDUS;22.1;18.2;-2.1;1.7;2.6;TECH;TECH;17;22.1;18.2;1.7;-2.1;0.07692307692307691;-0.09502262443438914
LG Display (KR);G7;2023;INDUS;18.5;16.5;-1.8;1.6;2.5;TECH;TECH;18;18.5;16.5;1.6;-1.8;0.08648648648648649;-0.0972972972972973
LG Display (KR);G7;2024;INDUS;20.2;17.1;0.2;1.7;2.6;TECH;TECH;19;20.2;17.1;1.7;0.2;0.08415841584158416;0.009900990099009901
LG Energy Solution (KR);G7;2005;INDUS;2.23;1.21;0.05;0.19;0.41;INDUS;INDUS;0;2.23;1.21;0.19;0.05;0.08520179372197309;0.022421524663677132
LG Energy Solution (KR);G7;2006;INDUS;2.29;1.21;0.05;0.19;0.43;INDUS;INDUS;1;2.29;1.21;0.19;0.05;0.08296943231441048;0.02183406113537118
LG Energy Solution (KR);G7;2007;INDUS;2.41;1.23;0.06;0.19;0.44;INDUS;INDUS;2;2.41;1.23;0.19;0.06;0.07883817427385892;0.024896265560165973
LG Energy Solution (KR);G7;2008;INDUS;2.43;1.27;0.06;0.19;0.44;INDUS;INDUS;3;2.43;1.27;0.19;0.06;0.07818930041152262;0.024691358024691357
LG Energy Solution (KR);G7;2009;INDUS;2.38;1.28;0.06;0.19;0.45;INDUS;INDUS;4;2.38;1.28;0.19;0.06;0.07983193277310925;0.025210084033613446
LG Energy Solution (KR);G7;2010;INDUS;2.89;1.31;0.12;0.19;0.45;INDUS;INDUS;5;2.89;1.31;0.19;0.12;0.0657439446366782;0.04152249134948097
LG Energy Solution (KR);G7;2011;INDUS;2.68;1.35;0.1;0.19;0.46;INDUS;INDUS;6;2.68;1.35;0.19;0.1;0.0708955223880597;0.03731343283582089
LG Energy Solution (KR);G7;2012;INDUS;2.6;1.41;0.1;0.19;0.47;INDUS;INDUS;7;2.6;1.41;0.19;0.1;0.07307692307692308;0.038461538461538464
LG Energy Solution (KR);G7;2013;INDUS;2.61;1.44;0.1;0.19;0.48;INDUS;INDUS;8;2.61;1.44;0.19;0.1;0.07279693486590039;0.03831417624521073
LG Energy Solution (KR);G7;2014;INDUS;2.67;1.46;0.1;0.19;0.49;INDUS;INDUS;9;2.67;1.46;0.19;0.1;0.07116104868913858;0.03745318352059925
LG Energy Solution (KR);G7;2015;INDUS;2.8;1.5;0.1;0.2;0.5;INDUS;INDUS;10;2.8;1.5;0.2;0.1;0.07142857142857144;0.03571428571428572
LG Energy Solution (KR);G7;2016;INDUS;3.2;2.1;0.1;0.3;0.6;INDUS;INDUS;11;3.2;2.1;0.3;0.1;0.09374999999999999;0.03125
LG Energy Solution (KR);G7;2017;INDUS;4.1;3.2;0.1;0.4;0.8;INDUS;INDUS;12;4.1;3.2;0.4;0.1;0.09756097560975611;0.02439024390243903
LG Energy Solution (KR);G7;2018;INDUS;5.8;4.8;0.2;0.5;1.0;INDUS;INDUS;13;5.8;4.8;0.5;0.2;0.08620689655172414;0.034482758620689655
LG Energy Solution (KR);G7;2019;INDUS;7.2;7.5;0.4;0.6;1.2;INDUS;INDUS;14;7.2;7.5;0.6;0.4;0.08333333333333333;0.05555555555555556
LG Energy Solution (KR);G7;2020;INDUS;11.1;10.5;0.4;0.8;1.5;INDUS;INDUS;15;11.1;10.5;0.8;0.4;0.07207207207207207;0.036036036036036036
LG Energy Solution (KR);G7;2021;INDUS;15.2;14.2;0.6;0.9;2.0;INDUS;INDUS;16;15.2;14.2;0.9;0.6;0.05921052631578948;0.039473684210526314
LG Energy Solution (KR);G7;2022;INDUS;20.5;18.8;1.0;1.1;2.5;INDUS;INDUS;17;20.5;18.8;1.1;1.0;0.05365853658536586;0.04878048780487805
LG Energy Solution (KR);G7;2023;INDUS;25.8;22.4;1.7;1.3;2.8;INDUS;INDUS;18;25.8;22.4;1.3;1.7;0.050387596899224806;0.06589147286821705
LG Energy Solution (KR);G7;2024;INDUS;24.2;25.1;1.2;1.4;2.7;INDUS;INDUS;19;24.2;25.1;1.4;1.2;0.05785123966942148;0.049586776859504134
Lam Research (US);G7;2005;TECH;2.98;0.29;0.37;0.54;0.39;TECH;TECH;0;2.98;0.29;0.54;0.37;0.18120805369127518;0.12416107382550336
Lam Research (US);G7;2006;TECH;3.31;0.31;0.42;0.56;0.41;TECH;TECH;1;3.31;0.31;0.56;0.42;0.1691842900302115;0.1268882175226586
Lam Research (US);G7;2007;TECH;3.57;0.33;0.46;0.58;0.43;TECH;TECH;2;3.57;0.33;0.58;0.46;0.16246498599439776;0.1288515406162465
Lam Research (US);G7;2008;TECH;3.77;0.35;0.47;0.61;0.46;TECH;TECH;3;3.77;0.35;0.61;0.47;0.16180371352785144;0.1246684350132626
Lam Research (US);G7;2009;TECH;3.7;0.37;0.49;0.63;0.49;TECH;TECH;4;3.7;0.37;0.63;0.49;0.17027027027027025;0.1324324324324324
Lam Research (US);G7;2010;TECH;4.22;0.39;0.91;0.65;0.52;TECH;TECH;5;4.22;0.39;0.65;0.91;0.15402843601895735;0.21563981042654032
Lam Research (US);G7;2011;TECH;3.91;0.41;0.73;0.68;0.56;TECH;TECH;6;3.91;0.41;0.68;0.73;0.17391304347826086;0.1867007672634271
Lam Research (US);G7;2012;TECH;4.15;0.44;0.78;0.72;0.59;TECH;TECH;7;4.15;0.44;0.72;0.78;0.17349397590361443;0.18795180722891566
Lam Research (US);G7;2013;TECH;4.54;0.46;0.85;0.76;0.63;TECH;TECH;8;4.54;0.46;0.76;0.85;0.16740088105726872;0.1872246696035242
Lam Research (US);G7;2014;TECH;4.85;0.49;0.95;0.79;0.66;TECH;TECH;9;4.85;0.49;0.79;0.95;0.16288659793814436;0.1958762886597938
Lam Research (US);G7;2015;TECH;5.26;0.52;1.05;0.82;0.7;TECH;TECH;10;5.26;0.52;0.82;1.05;0.155893536121673;0.19961977186311788
Lam Research (US);G7;2016;TECH;5.88;0.55;1.25;0.92;0.8;TECH;TECH;11;5.88;0.55;0.92;1.25;0.1564625850340136;0.21258503401360546
Lam Research (US);G7;2017;TECH;8.01;0.65;2.15;1.15;0.9;TECH;TECH;12;8.01;0.65;1.15;2.15;0.14357053682896379;0.26841448189762795
Lam Research (US);G7;2018;TECH;11.08;0.85;3.25;1.25;1.1;TECH;TECH;13;11.08;0.85;1.25;3.25;0.11281588447653429;0.2933212996389892
Lam Research (US);G7;2019;TECH;9.65;0.95;2.55;1.18;1.1;TECH;TECH;14;9.65;0.95;1.18;2.55;0.12227979274611397;0.26424870466321243
Lam Research (US);G7;2020;TECH;10.04;1.15;2.85;1.25;1.2;TECH;TECH;15;10.04;1.15;1.25;2.85;0.12450199203187252;0.28386454183266935
Lam Research (US);G7;2021;TECH;14.62;1.45;4.52;1.45;1.4;TECH;TECH;16;14.62;1.45;1.45;4.52;0.09917920656634747;0.30916552667578656
Lam Research (US);G7;2022;TECH;17.22;1.65;5.15;1.65;1.8;TECH;TECH;17;17.22;1.65;1.65;5.15;0.09581881533101046;0.2990708478513357
Lam Research (US);G7;2023;TECH;17.43;1.85;5.45;1.72;1.7;TECH;TECH;18;17.43;1.85;1.72;5.45;0.09868043602983362;0.31267928858290306
Lam Research (US);G7;2024;TECH;18.15;2.15;5.85;1.85;1.85;TECH;TECH;19;18.15;2.15;1.85;5.85;0.1019283746556474;0.32231404958677684
Lear Corp (US);G7;2005;INDUS;12.14;1.44;0.61;0.48;10.74;AUTO;AUTO;0;12.14;1.44;0.48;0.61;0.039538714991762765;0.05024711696869851
Lear Corp (US);G7;2006;INDUS;12.36;1.47;0.62;0.49;11.13;AUTO;AUTO;1;12.36;1.47;0.49;0.62;0.03964401294498382;0.05016181229773463
Lear Corp (US);G7;2007;INDUS;12.36;1.52;0.61;0.5;11.39;AUTO;AUTO;2;12.36;1.52;0.5;0.61;0.04045307443365696;0.04935275080906149
Lear Corp (US);G7;2008;INDUS;12.28;1.56;0.59;0.51;11.47;AUTO;AUTO;3;12.28;1.56;0.51;0.59;0.04153094462540717;0.04804560260586319
Lear Corp (US);G7;2009;INDUS;12.04;1.59;0.62;0.51;11.62;AUTO;AUTO;4;12.04;1.59;0.51;0.62;0.04235880398671097;0.051495016611295685
Lear Corp (US);G7;2010;INDUS;17.18;1.65;1.4;0.51;11.74;AUTO;AUTO;5;17.18;1.65;0.51;1.4;0.029685681024447033;0.08149010477299184
Lear Corp (US);G7;2011;INDUS;15.91;1.68;1.12;0.51;12.02;AUTO;AUTO;6;15.91;1.68;0.51;1.12;0.03205531112507857;0.07039597737272156
Lear Corp (US);G7;2012;INDUS;16.28;1.73;1.14;0.52;12.45;AUTO;AUTO;7;16.28;1.73;0.52;1.14;0.03194103194103194;0.07002457002457001
Lear Corp (US);G7;2013;INDUS;16.65;1.78;1.17;0.53;12.61;AUTO;AUTO;8;16.65;1.78;0.53;1.17;0.03183183183183184;0.07027027027027027
Lear Corp (US);G7;2014;INDUS;17.42;1.79;1.2;0.54;12.99;AUTO;AUTO;9;17.42;1.79;0.54;1.2;0.03099885189437428;0.06888633754305395
Lear Corp (US);G7;2015;INDUS;18.21;1.85;1.25;0.55;13.6;AUTO;AUTO;10;18.21;1.85;0.55;1.25;0.030203185063152116;0.0686436024162548
Lear Corp (US);G7;2016;INDUS;18.56;1.92;1.45;0.58;15.0;AUTO;AUTO;11;18.56;1.92;0.58;1.45;0.03125;0.078125
Lear Corp (US);G7;2017;INDUS;20.46;2.05;1.75;0.62;16.5;AUTO;AUTO;12;20.46;2.05;0.62;1.75;0.0303030303030303;0.0855327468230694
Lear Corp (US);G7;2018;INDUS;21.15;2.15;1.65;0.65;16.9;AUTO;AUTO;13;21.15;2.15;0.65;1.65;0.030732860520094565;0.07801418439716312
Lear Corp (US);G7;2019;INDUS;19.81;2.25;1.25;0.68;16.4;AUTO;AUTO;14;19.81;2.25;0.68;1.25;0.034326097930338216;0.06309944472488642
Lear Corp (US);G7;2020;INDUS;17.04;2.35;0.65;0.71;17.4;AUTO;AUTO;15;17.04;2.35;0.71;0.65;0.041666666666666664;0.03814553990610329
Lear Corp (US);G7;2021;INDUS;19.26;2.45;0.85;0.75;16.1;AUTO;AUTO;16;19.26;2.45;0.75;0.85;0.03894080996884735;0.04413291796469366
Lear Corp (US);G7;2022;INDUS;20.89;2.55;0.95;0.78;16.8;AUTO;AUTO;17;20.89;2.55;0.78;0.95;0.03733843944471039;0.04547630445189085
Lear Corp (US);G7;2023;INDUS;23.47;2.75;1.25;0.82;18.2;AUTO;AUTO;18;23.47;2.75;0.82;1.25;0.03493821900298253;0.053259480187473375
Lear Corp (US);G7;2024;INDUS;23.8;2.85;1.35;0.85;18.5;AUTO;AUTO;19;23.8;2.85;0.85;1.35;0.03571428571428571;0.05672268907563025
Lenovo Group;CN;2005;TECH;4.7;0.2;0.145;0.12;;TECH;TECH;0;4.7;0.2;0.12;0.145;0.02553191489361702;0.03085106382978723
Lenovo Group;CN;2006;TECH;5.2;0.22;0.16;0.13;;TECH;TECH;1;5.2;0.22;0.13;0.16;0.025;0.030769230769230767
Lenovo Group;CN;2007;TECH;5.7;0.25;0.18;0.145;;TECH;TECH;2;5.7;0.25;0.145;0.18;0.025438596491228066;0.031578947368421054
Lenovo Group;CN;2008;TECH;6.2;0.28;0.195;0.16;;TECH;TECH;3;6.2;0.28;0.16;0.195;0.025806451612903226;0.031451612903225803
Lenovo Group;CN;2009;TECH;5.8;0.26;0.17;0.15;;TECH;TECH;4;5.8;0.26;0.15;0.17;0.02586206896551724;0.02931034482758621
Lenovo Group;CN;2010;TECH;7.0;0.3;0.21;0.17;;TECH;TECH;5;7.0;0.3;0.17;0.21;0.02428571428571429;0.03
Lenovo Group;CN;2011;TECH;8.2;0.35;0.25;0.2;;TECH;TECH;6;8.2;0.35;0.2;0.25;0.02439024390243903;0.030487804878048783
Lenovo Group;CN;2012;TECH;9.5;0.4;0.29;0.23;;TECH;TECH;7;9.5;0.4;0.23;0.29;0.024210526315789474;0.030526315789473683
Lenovo Group;CN;2013;TECH;10.8;0.45;0.33;0.26;;TECH;TECH;8;10.8;0.45;0.26;0.33;0.024074074074074074;0.030555555555555555
Lenovo Group;CN;2014;TECH;12.0;0.5;0.37;0.29;;TECH;TECH;9;12.0;0.5;0.29;0.37;0.024166666666666666;0.030833333333333334
Lenovo Group;CN;2015;TECH;13.0;0.55;0.4;0.32;;TECH;TECH;10;13.0;0.55;0.32;0.4;0.024615384615384615;0.03076923076923077
Lenovo Group;CN;2016;TECH;12.5;0.53;0.38;0.31;;TECH;TECH;11;12.5;0.53;0.31;0.38;0.0248;0.0304
Lenovo Group;CN;2017;TECH;13.5;0.58;0.42;0.34;;TECH;TECH;12;13.5;0.58;0.34;0.42;0.025185185185185185;0.03111111111111111
Lenovo Group;CN;2018;TECH;15.0;0.65;0.47;0.38;;TECH;TECH;13;15.0;0.65;0.38;0.47;0.025333333333333333;0.03133333333333333
Lenovo Group;CN;2019;TECH;16.5;0.72;0.52;0.42;;TECH;TECH;14;16.5;0.72;0.42;0.52;0.025454545454545452;0.03151515151515152
Lenovo Group;CN;2020;TECH;18.0;0.8;0.57;0.46;;TECH;TECH;15;18.0;0.8;0.46;0.57;0.025555555555555557;0.03166666666666666
Lenovo Group;CN;2021;TECH;20.0;0.88;0.63;0.51;;TECH;TECH;16;20.0;0.88;0.51;0.63;0.025500000000000002;0.0315
Lenovo Group;CN;2022;TECH;19.0;0.85;0.6;0.49;;TECH;TECH;17;19.0;0.85;0.49;0.6;0.025789473684210525;0.031578947368421054
Lenovo Group;CN;2023;TECH;18.5;0.83;0.58;0.48;;TECH;TECH;18;18.5;0.83;0.48;0.58;0.025945945945945945;0.03135135135135135
Lenovo Group;CN;2024;TECH;19.5;0.87;0.61;0.5;;TECH;TECH;19;19.5;0.87;0.5;0.61;0.02564102564102564;0.03128205128205128
Lens Tech;China;2005;TECH;4.32;1.67;0.23;0.24;47.15;TECH;INDUS;0;4.32;1.67;0.24;0.23;0.05555555555555555;0.05324074074074074
Lens Tech;China;2006;TECH;4.76;1.77;0.26;0.25;49.24;TECH;INDUS;1;4.76;1.77;0.25;0.26;0.052521008403361345;0.054621848739495805
Lens Tech;China;2007;TECH;5.23;1.87;0.29;0.26;51.45;TECH;INDUS;2;5.23;1.87;0.26;0.29;0.049713193116634795;0.05544933078393881
Lens Tech;China;2008;TECH;5.52;2.0;0.32;0.28;54.94;TECH;INDUS;3;5.52;2.0;0.28;0.32;0.05072463768115943;0.05797101449275363
Lens Tech;China;2009;TECH;5.41;2.14;0.34;0.3;57.25;TECH;INDUS;4;5.41;2.14;0.3;0.34;0.055452865064695;0.06284658040665435
Lens Tech;China;2010;TECH;5.84;2.29;0.75;0.32;59.66;TECH;INDUS;5;5.84;2.29;0.32;0.75;0.05479452054794521;0.1284246575342466
Lens Tech;China;2011;TECH;5.41;2.5;0.6;0.33;63.65;TECH;INDUS;6;5.41;2.5;0.33;0.6;0.06099815157116451;0.11090573012939
Lens Tech;China;2012;TECH;5.88;2.69;0.65;0.34;68.26;TECH;INDUS;7;5.88;2.69;0.34;0.65;0.05782312925170068;0.11054421768707484
Lens Tech;China;2013;TECH;6.28;2.82;0.73;0.36;71.3;TECH;INDUS;8;6.28;2.82;0.36;0.73;0.057324840764331204;0.1162420382165605
Lens Tech;China;2014;TECH;7.04;2.99;0.82;0.38;76.14;TECH;INDUS;9;7.04;2.99;0.38;0.82;0.05397727272727273;0.11647727272727272
Lens Tech;China;2015;INDUS;4.6;3.7;0.5;0.2;6.5;INDUS;INDUS;10;4.6;3.7;0.2;0.5;0.04347826086956522;0.10869565217391305
Lens Tech;China;2016;INDUS;3.9;4.2;0.3;0.2;6.8;INDUS;INDUS;11;3.9;4.2;0.2;0.3;0.05128205128205129;0.07692307692307693
Lens Tech;China;2017;INDUS;5.9;4.7;0.5;0.3;8.1;INDUS;INDUS;12;5.9;4.7;0.3;0.5;0.05084745762711864;0.0847457627118644
Lens Tech;China;2018;INDUS;6.5;5.2;0.2;0.4;9.2;INDUS;INDUS;13;6.5;5.2;0.4;0.2;0.06153846153846154;0.03076923076923077
Lens Tech;China;2019;INDUS;7.5;6.0;0.7;0.5;11.1;INDUS;INDUS;14;7.5;6.0;0.5;0.7;0.06666666666666667;0.09333333333333332
Lens Tech;China;2020;INDUS;9.2;7.0;1.3;0.6;14.5;INDUS;INDUS;15;9.2;7.0;0.6;1.3;0.06521739130434782;0.14130434782608697
Lens Tech;China;2021;INDUS;11.4;8.9;0.6;0.5;12.2;INDUS;INDUS;16;11.4;8.9;0.5;0.6;0.043859649122807015;0.05263157894736842
Lens Tech;China;2022;INDUS;12.3;11.1;0.8;0.6;11.8;INDUS;INDUS;17;12.3;11.1;0.6;0.8;0.048780487804878044;0.06504065040650406
Lens Tech;China;2023;INDUS;14.0;13.3;1.0;0.7;12.4;INDUS;INDUS;18;14.0;13.3;0.7;1.0;0.049999999999999996;0.07142857142857142
Lens Tech;China;2024;INDUS;15.6;15.4;1.2;0.8;13.1;INDUS;INDUS;19;15.6;15.4;0.8;1.2;0.05128205128205129;0.07692307692307693
Leonardo (EU);G7;2005;INDUS;10.93476;3.02292;0.39808;1.7913599999999998;4.05;INDUS;INDUS;0;10.93476;3.02292;1.7913599999999998;0.39808;0.1638225255972696;0.03640500568828214
Leonardo (EU);G7;2006;INDUS;11.29144;3.0772000000000004;0.41448;1.80864;4.11;INDUS;INDUS;1;11.29144;3.0772000000000004;1.80864;0.41448;0.16017797552836485;0.03670745272525028
Leonardo (EU);G7;2007;INDUS;12.873690000000002;3.45492;0.49356;1.97424;4.17;INDUS;INDUS;2;12.873690000000002;3.45492;1.97424;0.49356;0.15335463258785942;0.038338658146964855
Leonardo (EU);G7;2008;INDUS;14.09218;3.80989;0.54427;2.19179;4.22;INDUS;INDUS;3;14.09218;3.80989;2.19179;0.54427;0.15553235908141963;0.038622129436325675
Leonardo (EU);G7;2009;INDUS;13.08966;3.6941;0.54366;2.13282;4.18;INDUS;INDUS;4;13.08966;3.6941;2.13282;0.54366;0.16293929712460065;0.04153354632587859
Leonardo (EU);G7;2010;INDUS;17.62254;3.5271600000000003;1.326;2.0553000000000003;4.25;INDUS;INDUS;5;17.62254;3.5271600000000003;2.0553000000000003;1.326;0.11662904439428143;0.07524454477050414
Leonardo (EU);G7;2011;INDUS;17.13552;3.74448;1.1136;2.17152;4.33;INDUS;INDUS;6;17.13552;3.74448;2.17152;1.1136;0.12672623883021936;0.06498781478472786
Leonardo (EU);G7;2012;INDUS;16.795160000000003;3.49792;1.0931;1.9933;4.47;INDUS;INDUS;7;16.795160000000003;3.49792;1.9933;1.0931;0.11868300153139355;0.06508422664624808
Leonardo (EU);G7;2013;INDUS;17.27728;3.66528;1.11552;2.09824;4.52;INDUS;INDUS;8;17.27728;3.66528;2.09824;1.11552;0.12144504227517294;0.06456571867794005
Leonardo (EU);G7;2014;INDUS;17.22384;3.64146;1.1429399999999998;2.1264;4.62;INDUS;INDUS;9;17.22384;3.64146;2.1264;1.1429399999999998;0.12345679012345678;0.06635802469135801
Leonardo (EU);G7;2015;INDUS;14.652;3.108;0.999;1.7760000000000002;4.7;INDUS;INDUS;10;14.652;3.108;1.7760000000000002;0.999;0.12121212121212123;0.06818181818181819
Leonardo (EU);G7;2016;INDUS;13.8375;2.9889;1.107;1.7712;4.6;INDUS;INDUS;11;13.8375;2.9889;1.7712;1.107;0.128;0.08
Leonardo (EU);G7;2017;INDUS;13.220999999999998;2.938;0.904;1.6949999999999998;4.5;INDUS;INDUS;12;13.220999999999998;2.938;1.6949999999999998;0.904;0.12820512820512822;0.06837606837606838
Leonardo (EU);G7;2018;INDUS;14.4082;3.3068;1.2991;1.8896;4.6;INDUS;INDUS;13;14.4082;3.3068;1.8896;1.2991;0.13114754098360654;0.0901639344262295
Leonardo (EU);G7;2019;INDUS;15.4422;3.4689;1.3428;2.0142;4.9;INDUS;INDUS;14;15.4422;3.4689;2.0142;1.3428;0.13043478260869568;0.08695652173913043
Leonardo (EU);G7;2020;INDUS;15.3028;3.7685999999999993;1.0278;1.8272;5.0;INDUS;INDUS;15;15.3028;3.7685999999999993;1.8272;1.0278;0.11940298507462686;0.06716417910447761
Leonardo (EU);G7;2021;INDUS;16.6803;4.1405;1.3013;2.1294;5.0;INDUS;INDUS;16;16.6803;4.1405;2.1294;1.3013;0.12765957446808512;0.07801418439716312
Leonardo (EU);G7;2022;INDUS;15.4791;4.001399999999999;1.2635999999999998;2.106;5.1;INDUS;INDUS;17;15.4791;4.001399999999999;2.106;1.2635999999999998;0.13605442176870747;0.08163265306122447
Leonardo (EU);G7;2023;INDUS;16.5546;4.4362;1.4066;2.3804000000000003;5.4;INDUS;INDUS;18;16.5546;4.4362;2.3804000000000003;1.4066;0.14379084967320263;0.08496732026143791
Leonardo (EU);G7;2024;INDUS;17.5284;4.760800000000001;1.6230000000000002;2.5968;5.5;INDUS;INDUS;19;17.5284;4.760800000000001;2.5968;1.6230000000000002;0.14814814814814814;0.0925925925925926
Linamar (CA);G7;2005;INDUS;2.89;1.48;0.23;0.08;1.98;AUTO;AUTO;0;2.89;1.48;0.08;0.23;0.02768166089965398;0.07958477508650519
Linamar (CA);G7;2006;INDUS;3.04;1.51;0.24;0.08;1.99;AUTO;AUTO;1;3.04;1.51;0.08;0.24;0.02631578947368421;0.07894736842105263
Linamar (CA);G7;2007;INDUS;3.24;1.54;0.27;0.08;2.04;AUTO;AUTO;2;3.24;1.54;0.08;0.27;0.024691358024691357;0.08333333333333333
Linamar (CA);G7;2008;INDUS;3.31;1.58;0.28;0.08;2.11;AUTO;AUTO;3;3.31;1.58;0.08;0.28;0.02416918429003021;0.08459214501510574
Linamar (CA);G7;2009;INDUS;3.25;1.63;0.29;0.08;2.16;AUTO;AUTO;4;3.25;1.63;0.08;0.29;0.024615384615384615;0.08923076923076922
Linamar (CA);G7;2010;INDUS;3.84;1.66;0.51;0.08;2.17;AUTO;AUTO;5;3.84;1.66;0.08;0.51;0.020833333333333336;0.1328125
Linamar (CA);G7;2011;INDUS;3.56;1.7;0.41;0.08;2.2;AUTO;AUTO;6;3.56;1.7;0.08;0.41;0.02247191011235955;0.11516853932584269
Linamar (CA);G7;2012;INDUS;3.69;1.78;0.44;0.08;2.23;AUTO;AUTO;7;3.69;1.78;0.08;0.44;0.02168021680216802;0.11924119241192412
Linamar (CA);G7;2013;INDUS;3.97;1.81;0.49;0.08;2.28;AUTO;AUTO;8;3.97;1.81;0.08;0.49;0.020151133501259445;0.1234256926952141
Linamar (CA);G7;2014;INDUS;4.21;1.83;0.53;0.08;2.3;AUTO;AUTO;9;4.21;1.83;0.08;0.53;0.019002375296912115;0.12589073634204276
Linamar (CA);G7;2015;INDUS;4.25;1.85;0.55;0.08;2.35;AUTO;AUTO;10;4.25;1.85;0.08;0.55;0.018823529411764708;0.12941176470588237
Linamar (CA);G7;2016;INDUS;4.55;1.95;0.65;0.1;2.55;AUTO;AUTO;11;4.55;1.95;0.1;0.65;0.02197802197802198;0.14285714285714288
Linamar (CA);G7;2017;INDUS;5.15;2.15;0.72;0.12;2.85;AUTO;AUTO;12;5.15;2.15;0.12;0.72;0.023300970873786405;0.13980582524271842
Linamar (CA);G7;2018;INDUS;6.12;2.35;0.58;0.15;2.95;AUTO;AUTO;13;6.12;2.35;0.15;0.58;0.024509803921568627;0.09477124183006536
Linamar (CA);G7;2019;INDUS;5.85;2.55;0.45;0.14;2.85;AUTO;AUTO;14;5.85;2.55;0.14;0.45;0.023931623931623937;0.07692307692307693
Linamar (CA);G7;2020;INDUS;4.55;2.65;0.32;0.12;2.65;AUTO;AUTO;15;4.55;2.65;0.12;0.32;0.026373626373626374;0.07032967032967033
Linamar (CA);G7;2021;INDUS;5.25;2.75;0.48;0.15;2.75;AUTO;AUTO;16;5.25;2.75;0.15;0.48;0.02857142857142857;0.09142857142857143
Linamar (CA);G7;2022;INDUS;6.15;2.85;0.55;0.18;2.85;AUTO;AUTO;17;6.15;2.85;0.18;0.55;0.029268292682926828;0.08943089430894309
Linamar (CA);G7;2023;INDUS;7.25;3.15;0.65;0.22;3.15;AUTO;AUTO;18;7.25;3.15;0.22;0.65;0.030344827586206897;0.0896551724137931
Linamar (CA);G7;2024;INDUS;7.85;3.45;0.78;0.25;3.25;AUTO;AUTO;19;7.85;3.45;0.25;0.78;0.03184713375796178;0.09936305732484077
Linde (EU);G7;2005;INDUS;11.79;12.05;1.1;0.31;5.27;INDUS;INDUS;0;11.79;12.05;0.31;1.1;0.026293469041560647;0.09329940627650553
Linde (EU);G7;2006;INDUS;12.18;12.36;1.19;0.32;5.44;INDUS;INDUS;1;12.18;12.36;0.32;1.19;0.02627257799671593;0.09770114942528735
Linde (EU);G7;2007;INDUS;12.67;12.53;1.24;0.32;5.59;INDUS;INDUS;2;12.67;12.53;0.32;1.24;0.025256511444356748;0.0978689818468824
Linde (EU);G7;2008;INDUS;13.23;12.78;1.32;0.33;5.63;INDUS;INDUS;3;13.23;12.78;0.33;1.32;0.024943310657596373;0.09977324263038549
Linde (EU);G7;2009;INDUS;12.97;13.28;1.39;0.34;5.83;INDUS;INDUS;4;12.97;13.28;0.34;1.39;0.026214340786430226;0.10717039321511178
Linde (EU);G7;2010;INDUS;17.54;13.69;3.4;0.35;5.93;INDUS;INDUS;5;17.54;13.69;0.35;3.4;0.019954389965792473;0.19384264538198404
Linde (EU);G7;2011;INDUS;16.24;14.28;2.72;0.36;6.02;INDUS;INDUS;6;16.24;14.28;0.36;2.72;0.022167487684729065;0.16748768472906406
Linde (EU);G7;2012;INDUS;16.33;14.78;2.72;0.37;6.11;INDUS;INDUS;7;16.33;14.78;0.37;2.72;0.022657685241886102;0.16656460502143297
Linde (EU);G7;2013;INDUS;16.66;15.1;2.76;0.38;6.25;INDUS;INDUS;8;16.66;15.1;0.38;2.76;0.022809123649459785;0.16566626650660263
Linde (EU);G7;2014;INDUS;17.07;15.55;2.97;0.39;6.39;INDUS;INDUS;9;17.07;15.55;0.39;2.97;0.022847100175746926;0.1739894551845343
Linde (EU);G7;2015;INDUS;17.5;15.8;3.1;0.4;6.5;INDUS;INDUS;10;17.5;15.8;0.4;3.1;0.022857142857142857;0.17714285714285716
Linde (EU);G7;2016;INDUS;16.7;16.1;2.9;0.4;6.4;INDUS;INDUS;11;16.7;16.1;0.4;2.9;0.023952095808383235;0.17365269461077845
Linde (EU);G7;2017;INDUS;17.1;16.5;3.2;0.4;5.8;INDUS;INDUS;12;17.1;16.5;0.4;3.2;0.023391812865497075;0.1871345029239766
Linde (EU);G7;2018;INDUS;14.9;15.2;2.8;0.4;5.1;INDUS;INDUS;13;14.9;15.2;0.4;2.8;0.026845637583892617;0.1879194630872483
Linde (EU);G7;2019;INDUS;28.2;24.2;4.1;0.5;8.0;INDUS;INDUS;14;28.2;24.2;0.5;4.1;0.01773049645390071;0.1453900709219858
Linde (EU);G7;2020;INDUS;27.2;24.5;4.5;0.5;7.4;INDUS;INDUS;15;27.2;24.5;0.5;4.5;0.01838235294117647;0.16544117647058823
Linde (EU);G7;2021;INDUS;30.8;24.8;5.5;0.5;7.2;INDUS;INDUS;16;30.8;24.8;0.5;5.5;0.016233766233766232;0.17857142857142858
Linde (EU);G7;2022;INDUS;33.4;25.1;7.2;0.6;6.5;INDUS;INDUS;17;33.4;25.1;0.6;7.2;0.017964071856287425;0.2155688622754491
Linde (EU);G7;2023;INDUS;32.8;24.9;7.8;0.6;6.6;INDUS;INDUS;18;32.8;24.9;0.6;7.8;0.01829268292682927;0.2378048780487805
Linde (EU);G7;2024;INDUS;33.1;25.2;6.2;0.6;6.5;INDUS;INDUS;19;33.1;25.2;0.6;6.2;0.018126888217522657;0.18731117824773413
Luxshare Precision;CN;2005;TECH;0.05;0.01;0.002;0.002;;TECH;TECH;0;0.05;0.01;0.002;0.002;0.04;0.04
Luxshare Precision;CN;2006;TECH;0.08;0.018;0.003;0.003;;TECH;TECH;1;0.08;0.018;0.003;0.003;0.0375;0.0375
Luxshare Precision;CN;2007;TECH;0.12;0.025;0.005;0.005;;TECH;TECH;2;0.12;0.025;0.005;0.005;0.04166666666666667;0.04166666666666667
Luxshare Precision;CN;2008;TECH;0.18;0.038;0.008;0.008;;TECH;TECH;3;0.18;0.038;0.008;0.008;0.044444444444444446;0.044444444444444446
Luxshare Precision;CN;2009;TECH;0.25;0.052;0.012;0.012;;TECH;TECH;4;0.25;0.052;0.012;0.012;0.048;0.048
Luxshare Precision;CN;2010;TECH;0.38;0.078;0.018;0.018;;TECH;TECH;5;0.38;0.078;0.018;0.018;0.047368421052631574;0.047368421052631574
Luxshare Precision;CN;2011;TECH;0.55;0.115;0.026;0.026;;TECH;TECH;6;0.55;0.115;0.026;0.026;0.047272727272727265;0.047272727272727265
Luxshare Precision;CN;2012;TECH;0.85;0.18;0.04;0.04;;TECH;TECH;7;0.85;0.18;0.04;0.04;0.047058823529411764;0.047058823529411764
Luxshare Precision;CN;2013;TECH;1.2;0.25;0.058;0.058;;TECH;TECH;8;1.2;0.25;0.058;0.058;0.04833333333333334;0.04833333333333334
Luxshare Precision;CN;2014;TECH;1.75;0.36;0.085;0.085;;TECH;TECH;9;1.75;0.36;0.085;0.085;0.04857142857142858;0.04857142857142858
Luxshare Precision;CN;2015;TECH;2.45;0.5;0.12;0.12;;TECH;TECH;10;2.45;0.5;0.12;0.12;0.04897959183673469;0.04897959183673469
Luxshare Precision;CN;2016;TECH;3.3;0.68;0.165;0.165;;TECH;TECH;11;3.3;0.68;0.165;0.165;0.05;0.05
Luxshare Precision;CN;2017;TECH;4.5;0.92;0.225;0.225;;TECH;TECH;12;4.5;0.92;0.225;0.225;0.05;0.05
Luxshare Precision;CN;2018;TECH;6.2;1.25;0.31;0.31;;TECH;TECH;13;6.2;1.25;0.31;0.31;0.049999999999999996;0.049999999999999996
Luxshare Precision;CN;2019;TECH;8.5;1.7;0.42;0.42;;TECH;TECH;14;8.5;1.7;0.42;0.42;0.04941176470588235;0.04941176470588235
Luxshare Precision;CN;2020;TECH;11.5;2.3;0.58;0.58;;TECH;TECH;15;11.5;2.3;0.58;0.58;0.05043478260869565;0.05043478260869565
Luxshare Precision;CN;2021;TECH;15.8;3.1;0.79;0.79;;TECH;TECH;16;15.8;3.1;0.79;0.79;0.05;0.05
Luxshare Precision;CN;2022;TECH;14.5;2.9;0.72;0.72;;TECH;TECH;17;14.5;2.9;0.72;0.72;0.0496551724137931;0.0496551724137931
Luxshare Precision;CN;2023;TECH;15.2;3.02;0.755;0.755;;TECH;TECH;18;15.2;3.02;0.755;0.755;0.04967105263157895;0.04967105263157895
Luxshare Precision;CN;2024;TECH;16.0;3.15;0.79;0.79;;TECH;TECH;19;16.0;3.15;0.79;0.79;0.049375;0.049375
Maxscend Micro;CN;2015;TECH;1.14;0.03;0.31;0.16;;TECH;TECH;10;1.14;0.03;0.16;0.31;0.14035087719298248;0.2719298245614035
Maxscend Micro;CN;2020;TECH;0.24;0.02;-0.01;0.06;;TECH;TECH;15;0.24;0.02;0.06;-0.01;0.25;-0.04166666666666667
Maxscend Micro;CN;2024;TECH;0.2;0.02;-0.01;0.04;;TECH;TECH;19;0.2;0.02;0.04;-0.01;0.19999999999999998;-0.049999999999999996
Mazda (JP);G7;2005;INDUS;18.08;7.86;0.56;0.91;3.53;AUTO;AUTO;0;18.08;7.86;0.91;0.56;0.050331858407079655;0.030973451327433635
Mazda (JP);G7;2006;INDUS;19.06;8.13;0.61;0.95;3.6;AUTO;AUTO;1;19.06;8.13;0.95;0.61;0.049842602308499476;0.03200419727177335
Mazda (JP);G7;2007;INDUS;19.92;8.33;0.66;0.98;3.61;AUTO;AUTO;2;19.92;8.33;0.98;0.66;0.04919678714859437;0.03313253012048192
Mazda (JP);G7;2008;INDUS;20.82;8.64;0.7;0.99;3.69;AUTO;AUTO;3;20.82;8.64;0.99;0.7;0.04755043227665706;0.03362151777137368
Mazda (JP);G7;2009;INDUS;20.41;8.7;0.74;1.02;3.88;AUTO;AUTO;4;20.41;8.7;1.02;0.74;0.04997550220480157;0.036256736893679566
Mazda (JP);G7;2010;INDUS;28.79;8.91;2.12;1.04;3.96;AUTO;AUTO;5;28.79;8.91;1.04;2.12;0.03612365404654394;0.07363667940257035
Mazda (JP);G7;2011;INDUS;26.66;9.29;1.7;1.05;4.03;AUTO;AUTO;6;26.66;9.29;1.05;1.7;0.03938484621155289;0.06376594148537135
Mazda (JP);G7;2012;INDUS;27.33;9.56;1.8;1.08;4.12;AUTO;AUTO;7;27.33;9.56;1.08;1.8;0.03951701427003294;0.0658616904500549
Mazda (JP);G7;2013;INDUS;28.12;9.7;1.89;1.09;4.26;AUTO;AUTO;8;28.12;9.7;1.09;1.89;0.0387624466571835;0.06721194879089615
Mazda (JP);G7;2014;INDUS;27.95;10.0;1.81;1.09;4.32;AUTO;AUTO;9;27.95;10.0;1.09;1.81;0.03899821109123435;0.06475849731663685
Mazda (JP);G7;2015;INDUS;28.5;10.2;1.8;1.1;4.4;AUTO;AUTO;10;28.5;10.2;1.1;1.8;0.03859649122807018;0.06315789473684211
Mazda (JP);G7;2016;INDUS;29.4;10.5;1.5;1.1;4.5;AUTO;AUTO;11;29.4;10.5;1.1;1.5;0.037414965986394565;0.05102040816326531
Mazda (JP);G7;2017;INDUS;31.2;10.8;1.3;1.2;4.8;AUTO;AUTO;12;31.2;10.8;1.2;1.3;0.038461538461538464;0.04166666666666667
Mazda (JP);G7;2018;INDUS;32.5;11.2;0.7;1.2;5.0;AUTO;AUTO;13;32.5;11.2;1.2;0.7;0.03692307692307692;0.021538461538461538
Mazda (JP);G7;2019;INDUS;31.1;11.5;0.4;1.3;5.1;AUTO;AUTO;14;31.1;11.5;1.3;0.4;0.04180064308681672;0.012861736334405145
Mazda (JP);G7;2020;INDUS;26.4;10.8;0.1;1.2;5.0;AUTO;AUTO;15;26.4;10.8;1.2;0.1;0.045454545454545456;0.0037878787878787884
Mazda (JP);G7;2021;INDUS;28.2;10.5;0.9;1.1;4.9;AUTO;AUTO;16;28.2;10.5;1.1;0.9;0.03900709219858156;0.03191489361702128
Mazda (JP);G7;2022;INDUS;34.5;10.2;1.3;1.1;4.9;AUTO;AUTO;17;34.5;10.2;1.1;1.3;0.0318840579710145;0.03768115942028986
Mazda (JP);G7;2023;INDUS;43.1;10.8;2.3;1.2;5.0;AUTO;AUTO;18;43.1;10.8;1.2;2.3;0.027842227378190254;0.05336426914153131
Mazda (JP);G7;2024;INDUS;45.8;11.2;2.5;1.3;5.1;AUTO;AUTO;19;45.8;11.2;1.3;2.5;0.028384279475982536;0.05458515283842795
Medtronic (US);G7;2005;INDUS;12.77;3.0;1.41;1.47;6.02;PHARMA;PHARMA;0;12.77;3.0;1.47;1.41;0.11511354737666406;0.11041503523884103
Medtronic (US);G7;2006;INDUS;13.49;3.13;1.48;1.53;6.29;PHARMA;PHARMA;1;13.49;3.13;1.53;1.48;0.1134173461823573;0.10971089696071164
Medtronic (US);G7;2007;INDUS;14.43;3.3;1.55;1.59;6.47;PHARMA;PHARMA;2;14.43;3.3;1.59;1.55;0.1101871101871102;0.10741510741510742
Medtronic (US);G7;2008;INDUS;15.06;3.47;1.69;1.65;6.68;PHARMA;PHARMA;3;15.06;3.47;1.65;1.69;0.1095617529880478;0.11221779548472775
Medtronic (US);G7;2009;INDUS;14.76;3.61;1.78;1.71;7.0;PHARMA;PHARMA;4;14.76;3.61;1.71;1.78;0.11585365853658537;0.12059620596205962
Medtronic (US);G7;2010;INDUS;16.28;3.83;3.85;1.78;7.29;PHARMA;PHARMA;5;16.28;3.83;1.78;3.85;0.10933660933660933;0.23648648648648649
Medtronic (US);G7;2011;INDUS;15.07;4.06;3.08;1.82;7.42;PHARMA;PHARMA;6;15.07;4.06;1.82;3.08;0.12076974120769741;0.20437956204379562
Medtronic (US);G7;2012;INDUS;16.07;4.17;3.36;1.89;7.61;PHARMA;PHARMA;7;16.07;4.17;1.89;3.36;0.11761045426260111;0.20908525202240197
Medtronic (US);G7;2013;INDUS;17.16;4.35;3.58;1.92;7.88;PHARMA;PHARMA;8;17.16;4.35;1.92;3.58;0.11188811188811189;0.20862470862470864
Medtronic (US);G7;2014;INDUS;18.23;4.59;3.97;1.94;8.24;PHARMA;PHARMA;9;18.23;4.59;1.94;3.97;0.10641799232035107;0.21777290181020298
Medtronic (US);G7;2015;INDUS;20.2;4.8;4.2;2.0;8.5;PHARMA;PHARMA;10;20.2;4.8;2.0;4.2;0.09900990099009901;0.20792079207920794
Medtronic (US);G7;2016;INDUS;28.8;5.2;5.1;2.1;9.1;PHARMA;PHARMA;11;28.8;5.2;2.1;5.1;0.07291666666666667;0.17708333333333331
Medtronic (US);G7;2017;INDUS;29.7;5.5;5.4;2.2;9.3;PHARMA;PHARMA;12;29.7;5.5;2.2;5.4;0.07407407407407408;0.18181818181818182
Medtronic (US);G7;2018;INDUS;29.9;5.8;5.8;2.3;9.4;PHARMA;PHARMA;13;29.9;5.8;2.3;5.8;0.07692307692307693;0.1939799331103679
Medtronic (US);G7;2019;INDUS;30.5;6.1;6.2;2.3;9.5;PHARMA;PHARMA;14;30.5;6.1;2.3;6.2;0.07540983606557376;0.20327868852459016
Medtronic (US);G7;2020;INDUS;28.9;6.2;5.1;2.3;9.1;PHARMA;PHARMA;15;28.9;6.2;2.3;5.1;0.07958477508650519;0.1764705882352941
Medtronic (US);G7;2021;INDUS;30.1;6.4;5.8;2.5;9.2;PHARMA;PHARMA;16;30.1;6.4;2.5;5.8;0.08305647840531562;0.1926910299003322
Medtronic (US);G7;2022;INDUS;31.7;6.6;6.2;2.6;9.4;PHARMA;PHARMA;17;31.7;6.6;2.6;6.2;0.08201892744479496;0.19558359621451105
Medtronic (US);G7;2023;INDUS;31.2;6.8;6.0;2.6;9.5;PHARMA;PHARMA;18;31.2;6.8;2.6;6.0;0.08333333333333334;0.19230769230769232
Medtronic (US);G7;2024;INDUS;32.4;6.5;6.1;2.7;9.5;PHARMA;PHARMA;19;32.4;6.5;2.7;6.1;0.08333333333333334;0.1882716049382716
Mercedes-Benz (EU);G7;2005;INDUS;178.45;42.1;4.25;5.12;23.59;AUTO;AUTO;0;178.45;42.1;5.12;4.25;0.02869151022695433;0.023816195012608576
Mercedes-Benz (EU);G7;2006;INDUS;185.12;43.5;6.85;5.45;23.72;AUTO;AUTO;1;185.12;43.5;5.45;6.85;0.029440363007778737;0.037003025064822816
Mercedes-Benz (EU);G7;2007;INDUS;137.85;36.4;11.2;5.25;24.41;AUTO;AUTO;2;137.85;36.4;5.25;11.2;0.03808487486398259;0.08124773304316285
Mercedes-Benz (EU);G7;2008;INDUS;145.6;37.8;9.15;5.85;24.8;AUTO;AUTO;3;145.6;37.8;5.85;9.15;0.040178571428571425;0.06284340659340659
Mercedes-Benz (EU);G7;2009;INDUS;112.4;33.5;-2.1;4.82;25.08;AUTO;AUTO;4;112.4;33.5;4.82;-2.1;0.04288256227758007;-0.018683274021352312
Mercedes-Benz (EU);G7;2010;INDUS;133.2;35.1;9.85;5.72;25.37;AUTO;AUTO;5;133.2;35.1;5.72;9.85;0.042942942942942944;0.07394894894894895
Mercedes-Benz (EU);G7;2011;INDUS;145.8;38.4;12.45;6.45;25.71;AUTO;AUTO;6;145.8;38.4;6.45;12.45;0.044238683127572016;0.0853909465020576
Mercedes-Benz (EU);G7;2012;INDUS;146.5;40.2;11.15;7.1;26.49;AUTO;AUTO;7;146.5;40.2;7.1;11.15;0.048464163822525594;0.07610921501706484
Mercedes-Benz (EU);G7;2013;INDUS;153.2;42.8;10.85;7.62;27.21;AUTO;AUTO;8;153.2;42.8;7.62;10.85;0.04973890339425588;0.070822454308094
Mercedes-Benz (EU);G7;2014;INDUS;165.4;46.5;14.3;8.35;27.83;AUTO;AUTO;9;165.4;46.5;8.35;14.3;0.05048367593712212;0.08645707376058041
Mercedes-Benz (EU);G7;2015;INDUS;153.25;44.1;14.85;7.85;28.4;AUTO;AUTO;10;153.25;44.1;7.85;14.85;0.05122349102773246;0.09690048939641109
Mercedes-Benz (EU);G7;2016;INDUS;168.1;47.5;14.35;8.85;28.2;AUTO;AUTO;11;168.1;47.5;8.85;14.35;0.052647233789411066;0.08536585365853659
Mercedes-Benz (EU);G7;2017;INDUS;186.2;51.2;17.3;10.35;28.9;AUTO;AUTO;12;186.2;51.2;10.35;17.3;0.055585392051557464;0.0929108485499463
Mercedes-Benz (EU);G7;2018;INDUS;197.8;55.4;13.15;11.1;29.8;AUTO;AUTO;13;197.8;55.4;11.1;13.15;0.05611729019211324;0.06648129423660262
Mercedes-Benz (EU);G7;2019;INDUS;193.5;68.1;4.65;11.35;29.9;AUTO;AUTO;14;193.5;68.1;11.35;4.65;0.058656330749354;0.024031007751937988
Mercedes-Benz (EU);G7;2020;INDUS;176.4;63.2;18.85;10.85;28.8;AUTO;AUTO;15;176.4;63.2;10.85;18.85;0.061507936507936505;0.106859410430839
Mercedes-Benz (EU);G7;2021;INDUS;195.8;52.1;27.5;10.75;17.2;AUTO;AUTO;16;195.8;52.1;10.75;27.5;0.05490296220633299;0.14044943820224717
Mercedes-Benz (EU);G7;2022;INDUS;157.65;43.8;21.55;9.35;17.0;AUTO;AUTO;17;157.65;43.8;9.35;21.55;0.059308594988899455;0.13669521091024422
Mercedes-Benz (EU);G7;2023;INDUS;164.8;46.2;21.25;10.05;16.6;AUTO;AUTO;18;164.8;46.2;10.05;21.25;0.060983009708737865;0.12894417475728154
Mercedes-Benz (EU);G7;2024;INDUS;151.9;48.5;14.65;10.25;16.5;AUTO;AUTO;19;151.9;48.5;10.25;14.65;0.06747860434496379;0.09644502962475313
Merck KGaA (EU);G7;2005;PHARMA;11.43236;2.62484;1.20668;1.7415999999999998;3.36;PHARMA;PHARMA;0;11.43236;2.62484;1.7415999999999998;1.20668;0.15233949945593037;0.10554951033732318
Merck KGaA (EU);G7;2006;PHARMA;12.33392;2.77576;1.24344;1.80864;3.52;PHARMA;PHARMA;1;12.33392;2.77576;1.80864;1.24344;0.14663951120162932;0.10081466395112017
Merck KGaA (EU);G7;2007;PHARMA;14.36808;3.18072;1.42584;2.04279;3.63;PHARMA;PHARMA;2;14.36808;3.18072;2.04279;1.42584;0.14217557251908397;0.09923664122137404
Merck KGaA (EU);G7;2008;PHARMA;16.84295;3.6039500000000007;1.70636;2.25063;3.73;PHARMA;PHARMA;3;16.84295;3.6039500000000007;2.25063;1.70636;0.13362445414847163;0.10131004366812228
Merck KGaA (EU);G7;2009;PHARMA;15.65462;3.56864;1.7006799999999995;2.18858;3.92;PHARMA;PHARMA;4;15.65462;3.56864;2.18858;1.7006799999999995;0.13980409617097062;0.10863757791629561
Merck KGaA (EU);G7;2010;PHARMA;15.872220000000002;3.6067200000000006;2.90394;2.16138;4.12;PHARMA;PHARMA;5;15.872220000000002;3.6067200000000006;2.16138;2.90394;0.13617376775271509;0.18295739348370924
Merck KGaA (EU);G7;2011;PHARMA;15.42336;3.98112;2.436;2.32464;4.27;PHARMA;PHARMA;6;15.42336;3.98112;2.32464;2.436;0.15072202166064982;0.157942238267148
Merck KGaA (EU);G7;2012;PHARMA;15.0462;3.87086;2.3276600000000003;2.22478;4.48;PHARMA;PHARMA;7;15.0462;3.87086;2.22478;2.3276600000000003;0.14786324786324787;0.1547008547008547
Merck KGaA (EU);G7;2013;PHARMA;16.692960000000003;4.23632;2.57632;2.37712;4.69;PHARMA;PHARMA;8;16.692960000000003;4.23632;2.37712;2.57632;0.1424025457438345;0.15433571996817816
Merck KGaA (EU);G7;2014;PHARMA;17.95479;4.47873;2.76432;2.44536;4.83;PHARMA;PHARMA;9;17.95479;4.47873;2.44536;2.76432;0.13619541080680977;0.153960029607698
Merck KGaA (EU);G7;2015;PHARMA;15.762;3.885;2.3310000000000004;2.109;5.0;PHARMA;PHARMA;10;15.762;3.885;2.109;2.3310000000000004;0.13380281690140844;0.147887323943662
Merck KGaA (EU);G7;2016;PHARMA;18.2655;4.2066;2.7675;2.214;5.2;PHARMA;PHARMA;11;18.2655;4.2066;2.214;2.7675;0.12121212121212122;0.15151515151515152
Merck KGaA (EU);G7;2017;PHARMA;18.984;4.632999999999999;2.938;2.373;5.3;PHARMA;PHARMA;12;18.984;4.632999999999999;2.373;2.938;0.125;0.15476190476190477
Merck KGaA (EU);G7;2018;PHARMA;19.250300000000003;5.314500000000001;2.1258000000000004;2.5982000000000003;5.2;PHARMA;PHARMA;13;19.250300000000003;5.314500000000001;2.5982000000000003;2.1258000000000004;0.13496932515337423;0.11042944785276074
Merck KGaA (EU);G7;2019;PHARMA;19.5825;5.3712;2.4618;2.5737;5.7;PHARMA;PHARMA;14;19.5825;5.3712;2.5737;2.4618;0.13142857142857145;0.12571428571428572
Merck KGaA (EU);G7;2020;PHARMA;22.269;5.9384;3.5402;2.6265999999999994;5.8;PHARMA;PHARMA;15;22.269;5.9384;2.6265999999999994;3.5402;0.11794871794871793;0.158974358974359
Merck KGaA (EU);G7;2021;PHARMA;25.7894;6.8614;5.2052000000000005;2.9575;6.0;PHARMA;PHARMA;16;25.7894;6.8614;2.9575;5.2052000000000005;0.1146788990825688;0.2018348623853211
Merck KGaA (EU);G7;2022;PHARMA;25.4826;6.5286;5.054399999999999;2.7378;6.4;PHARMA;PHARMA;17;25.4826;6.5286;2.7378;5.054399999999999;0.10743801652892561;0.19834710743801648
Merck KGaA (EU);G7;2023;PHARMA;24.345;7.357600000000001;4.1116;2.8132;6.3;PHARMA;PHARMA;18;24.345;7.357600000000001;2.8132;4.1116;0.11555555555555556;0.1688888888888889
Merck KGaA (EU);G7;2024;PHARMA;24.994200000000003;7.790400000000001;4.4362;2.9214;6.2;PHARMA;PHARMA;19;24.994200000000003;7.790400000000001;2.9214;4.4362;0.11688311688311688;0.17748917748917747
Meta (US);G7;2012;TECH;5.09;1.78;0.53;1.54;1.09;TECH;TECH;7;5.09;1.78;1.54;0.53;0.3025540275049116;0.10412573673870335
Meta (US);G7;2013;TECH;7.87;2.12;2.87;1.73;1.15;TECH;TECH;8;7.87;2.12;1.73;2.87;0.21982210927573062;0.3646759847522236
Meta (US);G7;2014;TECH;12.47;3.42;4.97;2.8;1.22;TECH;TECH;9;12.47;3.42;2.8;4.97;0.22453889334402563;0.39855653568564553
Meta (US);G7;2015;TECH;17.93;6.85;6.23;4.79;1.3;TECH;TECH;10;17.93;6.85;4.79;6.23;0.2671500278862242;0.34746235359732297
Meta (US);G7;2016;TECH;27.64;13.9;12.42;5.9;1.7;TECH;TECH;11;27.64;13.9;5.9;12.42;0.21345875542691753;0.44934876989869754
Meta (US);G7;2017;TECH;40.65;21.46;20.2;7.75;2.5;TECH;TECH;12;40.65;21.46;7.75;20.2;0.1906519065190652;0.4969249692496925
Meta (US);G7;2018;TECH;55.84;34.4;23.49;10.27;3.6;TECH;TECH;13;55.84;34.4;10.27;23.49;0.1839183381088825;0.4206661891117478
Meta (US);G7;2019;TECH;70.69;43.99;23.99;13.6;4.5;TECH;TECH;14;70.69;43.99;13.6;23.99;0.19238930541802235;0.3393690762484085
Meta (US);G7;2020;TECH;85.96;51.34;32.67;18.45;5.9;TECH;TECH;15;85.96;51.34;18.45;32.67;0.21463471382038157;0.3800604932526757
Meta (US);G7;2021;TECH;117.93;68.57;46.75;24.66;7.2;TECH;TECH;16;117.93;68.57;24.66;46.75;0.2091070974306792;0.39642160603747983
Meta (US);G7;2022;TECH;116.61;87.52;28.94;35.34;8.6;TECH;TECH;17;116.61;87.52;35.34;28.94;0.3030614870079753;0.24817768630477663
Meta (US);G7;2023;TECH;134.9;98.85;46.75;38.49;6.7;TECH;TECH;18;134.9;98.85;38.49;46.75;0.28532246108228315;0.34655300222386953
Meta (US);G7;2024;TECH;164.5;115.4;61.2;42.1;6.9;TECH;TECH;19;164.5;115.4;42.1;61.2;0.2559270516717325;0.37203647416413377
Metso (EU);G7;2005;INDUS;2.74924;0.38564;0.23636;0.0622;0.94;INDUS;INDUS;0;2.74924;0.38564;0.0622;0.23636;0.02262443438914027;0.08597285067873303
Metso (EU);G7;2006;INDUS;2.826;0.40192;0.2512;0.0628;0.99;INDUS;INDUS;1;2.826;0.40192;0.0628;0.2512;0.02222222222222222;0.08888888888888888
Metso (EU);G7;2007;INDUS;3.2904;0.46614;0.30162;0.06855;1.02;INDUS;INDUS;2;3.2904;0.46614;0.06855;0.30162;0.020833333333333332;0.09166666666666666
Metso (EU);G7;2008;INDUS;3.64808;0.51485;0.33833;0.07355;1.04;INDUS;INDUS;3;3.64808;0.51485;0.07355;0.33833;0.020161290322580645;0.09274193548387097
Metso (EU);G7;2009;INDUS;3.38742;0.50184;0.3345599999999999;0.0697;1.07;INDUS;INDUS;4;3.38742;0.50184;0.0697;0.3345599999999999;0.0205761316872428;0.0987654320987654
Metso (EU);G7;2010;INDUS;3.92496;0.50388;0.57018;0.0663;1.08;INDUS;INDUS;5;3.92496;0.50388;0.0663;0.57018;0.016891891891891893;0.14527027027027029
Metso (EU);G7;2011;INDUS;3.81408;0.5568;0.47328;0.0696;1.12;INDUS;INDUS;6;3.81408;0.5568;0.0696;0.47328;0.01824817518248175;0.1240875912408759
Metso (EU);G7;2012;INDUS;3.71654;0.52726;0.4501;0.0643;1.16;INDUS;INDUS;7;3.71654;0.52726;0.0643;0.4501;0.017301038062283735;0.12110726643598616
Metso (EU);G7;2013;INDUS;4.07696;0.57104;0.47808;0.0664;1.18;INDUS;INDUS;8;4.07696;0.57104;0.0664;0.47808;0.016286644951140065;0.11726384364820848
Metso (EU);G7;2014;INDUS;4.1996400000000005;0.58476;0.49173;0.06645;1.21;INDUS;INDUS;9;4.1996400000000005;0.58476;0.06645;0.49173;0.01582278481012658;0.1170886075949367
Metso (EU);G7;2015;INDUS;3.6075;0.4995;0.4218;0.0555;1.25;INDUS;INDUS;10;3.6075;0.4995;0.0555;0.4218;0.015384615384615385;0.11692307692307692
Metso (EU);G7;2016;INDUS;3.15495;0.4649399999999999;0.30996;0.04428;1.15;INDUS;INDUS;11;3.15495;0.4649399999999999;0.04428;0.30996;0.014035087719298246;0.09824561403508772
Metso (EU);G7;2017;INDUS;3.4464999999999995;0.5423999999999999;0.3616;0.0564999999999999;1.22;INDUS;INDUS;12;3.4464999999999995;0.5423999999999999;0.0564999999999999;0.3616;0.016393442622950793;0.10491803278688526
Metso (EU);G7;2018;INDUS;4.39332;0.6495500000000001;0.49602;0.07086;1.3;INDUS;INDUS;13;4.39332;0.6495500000000001;0.07086;0.49602;0.016129032258064516;0.11290322580645161
Metso (EU);G7;2019;INDUS;4.53195;0.69378;0.61545;0.08952;1.55;INDUS;INDUS;14;4.53195;0.69378;0.08952;0.61545;0.019753086419753086;0.1358024691358025
Metso (EU);G7;2020;INDUS;3.9399;1.1991;0.3996999999999999;0.13704;1.54;INDUS;INDUS;15;3.9399;1.1991;0.13704;0.3996999999999999;0.034782608695652174;0.1014492753623188
Metso (EU);G7;2021;INDUS;5.38265;1.36045;0.6506500000000001;0.17745;1.56;INDUS;INDUS;16;5.38265;1.36045;0.17745;0.6506500000000001;0.03296703296703297;0.1208791208791209
Metso (EU);G7;2022;INDUS;5.73885;1.31625;0.78975;0.18954;1.62;INDUS;INDUS;17;5.73885;1.31625;0.18954;0.78975;0.03302752293577981;0.13761467889908255
Metso (EU);G7;2023;INDUS;6.3297;1.4607;0.9197;0.23804;1.68;INDUS;INDUS;18;6.3297;1.4607;0.23804;0.9197;0.037606837606837605;0.14529914529914528
Metso (EU);G7;2024;INDUS;6.654300000000001;1.5689;0.99544;0.2705;1.72;INDUS;INDUS;19;6.654300000000001;1.5689;0.2705;0.99544;0.04065040650406504;0.14959349593495933
Mettler-Toledo (US);G7;2005;INDUS;1.63;0.62;0.21;0.15;11.15;INDUS;PHARMA;0;1.63;0.62;0.15;0.21;0.09202453987730061;0.12883435582822086
Mettler-Toledo (US);G7;2006;INDUS;1.67;0.64;0.22;0.15;11.45;INDUS;PHARMA;1;1.67;0.64;0.15;0.22;0.08982035928143713;0.1317365269461078
Mettler-Toledo (US);G7;2007;INDUS;1.71;0.65;0.24;0.15;11.73;INDUS;PHARMA;2;1.71;0.65;0.15;0.24;0.08771929824561403;0.14035087719298245
Mettler-Toledo (US);G7;2008;INDUS;1.76;0.66;0.24;0.15;12.11;INDUS;PHARMA;3;1.76;0.66;0.15;0.24;0.08522727272727272;0.13636363636363635
Mettler-Toledo (US);G7;2009;INDUS;1.73;0.68;0.25;0.15;12.32;INDUS;PHARMA;4;1.73;0.68;0.15;0.25;0.08670520231213873;0.14450867052023122
Mettler-Toledo (US);G7;2010;INDUS;2.47;0.7;0.65;0.15;12.65;INDUS;PHARMA;5;2.47;0.7;0.15;0.65;0.060728744939271245;0.2631578947368421
Mettler-Toledo (US);G7;2011;INDUS;2.29;0.73;0.52;0.15;13.03;INDUS;PHARMA;6;2.29;0.73;0.15;0.52;0.06550218340611354;0.22707423580786026
Mettler-Toledo (US);G7;2012;INDUS;2.52;0.75;0.59;0.15;13.11;INDUS;PHARMA;7;2.52;0.75;0.15;0.59;0.05952380952380952;0.2341269841269841
Mettler-Toledo (US);G7;2013;INDUS;2.63;0.76;0.59;0.15;13.23;INDUS;PHARMA;8;2.63;0.76;0.15;0.59;0.057034220532319393;0.22433460076045628
Mettler-Toledo (US);G7;2014;INDUS;2.61;0.78;0.58;0.15;13.53;INDUS;PHARMA;9;2.61;0.78;0.15;0.58;0.05747126436781609;0.2222222222222222
Mettler-Toledo (US);G7;2015;INDUS;2.4;0.32;0.55;0.12;1.3;PHARMA;PHARMA;10;2.4;0.32;0.12;0.55;0.05;0.22916666666666669
Mettler-Toledo (US);G7;2016;INDUS;2.51;0.35;0.58;0.13;1.3;PHARMA;PHARMA;11;2.51;0.35;0.13;0.58;0.051792828685258974;0.2310756972111554
Mettler-Toledo (US);G7;2017;INDUS;2.67;0.38;0.65;0.14;1.5;PHARMA;PHARMA;12;2.67;0.38;0.14;0.65;0.052434456928838954;0.24344569288389514
Mettler-Toledo (US);G7;2018;INDUS;2.94;0.41;0.75;0.16;1.6;PHARMA;PHARMA;13;2.94;0.41;0.16;0.75;0.054421768707483;0.25510204081632654
Mettler-Toledo (US);G7;2019;INDUS;3.01;0.44;0.78;0.17;1.6;PHARMA;PHARMA;14;3.01;0.44;0.17;0.78;0.05647840531561463;0.25913621262458475
Mettler-Toledo (US);G7;2020;INDUS;3.08;0.48;0.82;0.18;1.6;PHARMA;PHARMA;15;3.08;0.48;0.18;0.82;0.05844155844155844;0.2662337662337662
Mettler-Toledo (US);G7;2021;INDUS;3.72;0.52;1.05;0.21;1.7;PHARMA;PHARMA;16;3.72;0.52;0.21;1.05;0.0564516129032258;0.282258064516129
Mettler-Toledo (US);G7;2022;INDUS;3.92;0.55;1.15;0.23;1.8;PHARMA;PHARMA;17;3.92;0.55;0.23;1.15;0.058673469387755105;0.2933673469387755
Mettler-Toledo (US);G7;2023;INDUS;3.79;0.58;1.08;0.24;1.7;PHARMA;PHARMA;18;3.79;0.58;0.24;1.08;0.06332453825857519;0.2849604221635884
Mettler-Toledo (US);G7;2024;INDUS;3.95;0.62;1.18;0.26;1.75;PHARMA;PHARMA;19;3.95;0.62;0.26;1.18;0.06582278481012659;0.29873417721518986
Micron (US);G7;2005;INDUS;9.01;6.92;0.87;1.06;1.91;TECH;TECH;0;9.01;6.92;1.06;0.87;0.11764705882352942;0.09655937846836848
Micron (US);G7;2006;INDUS;10.05;7.26;0.95;1.1;2.04;TECH;TECH;1;10.05;7.26;1.1;0.95;0.10945273631840796;0.09452736318407959
Micron (US);G7;2007;INDUS;11.0;7.75;1.06;1.14;2.14;TECH;TECH;2;11.0;7.75;1.14;1.06;0.10363636363636362;0.09636363636363637
Micron (US);G7;2008;INDUS;11.61;8.31;1.11;1.2;2.22;TECH;TECH;3;11.61;8.31;1.2;1.11;0.103359173126615;0.09560723514211887
Micron (US);G7;2009;INDUS;11.38;8.77;1.17;1.24;2.34;TECH;TECH;4;11.38;8.77;1.24;1.17;0.10896309314586994;0.10281195079086115
Micron (US);G7;2010;INDUS;12.6;9.36;2.24;1.29;2.44;TECH;TECH;5;12.6;9.36;1.29;2.24;0.10238095238095239;0.1777777777777778
Micron (US);G7;2011;INDUS;11.67;9.9;1.79;1.33;2.59;TECH;TECH;6;11.67;9.9;1.33;1.79;0.1139674378748929;0.1533847472150814
Micron (US);G7;2012;INDUS;12.59;10.49;1.93;1.36;2.72;TECH;TECH;7;12.59;10.49;1.36;1.93;0.10802223987291502;0.15329626687847497
Micron (US);G7;2013;INDUS;13.52;11.16;2.04;1.41;2.84;TECH;TECH;8;13.52;11.16;1.41;2.04;0.10428994082840236;0.15088757396449706
Micron (US);G7;2014;INDUS;14.96;11.86;2.36;1.46;2.98;TECH;TECH;9;14.96;11.86;1.46;2.36;0.09759358288770052;0.15775401069518716
Micron (US);G7;2015;INDUS;16.2;12.5;2.5;1.5;3.1;TECH;TECH;10;16.2;12.5;1.5;2.5;0.0925925925925926;0.154320987654321
Micron (US);G7;2016;INDUS;12.4;13.2;1.2;1.6;3.2;TECH;TECH;11;12.4;13.2;1.6;1.2;0.12903225806451613;0.0967741935483871
Micron (US);G7;2017;INDUS;20.3;15.8;5.8;1.8;3.4;TECH;TECH;12;20.3;15.8;1.8;5.8;0.08866995073891626;0.2857142857142857
Micron (US);G7;2018;INDUS;30.4;19.1;14.5;2.1;3.4;TECH;TECH;13;30.4;19.1;2.1;14.5;0.06907894736842106;0.4769736842105263
Micron (US);G7;2019;INDUS;23.4;22.5;6.2;2.3;3.7;TECH;TECH;14;23.4;22.5;2.3;6.2;0.09829059829059829;0.26495726495726496
Micron (US);G7;2020;INDUS;21.4;25.8;3.1;2.5;4.0;TECH;TECH;15;21.4;25.8;2.5;3.1;0.11682242990654207;0.14485981308411217
Micron (US);G7;2021;INDUS;27.7;28.5;6.8;2.6;4.3;TECH;TECH;16;27.7;28.5;2.6;6.8;0.09386281588447654;0.24548736462093862
Micron (US);G7;2022;INDUS;30.8;34.1;8.5;2.8;4.8;TECH;TECH;17;30.8;34.1;2.8;8.5;0.0909090909090909;0.275974025974026
Micron (US);G7;2023;INDUS;15.5;36.4;-1.2;3.0;4.3;TECH;TECH;18;15.5;36.4;3.0;-1.2;0.1935483870967742;-0.07741935483870968
Micron (US);G7;2024;INDUS;25.1;38.4;4.2;3.2;4.3;TECH;TECH;19;25.1;38.4;3.2;4.2;0.12749003984063745;0.16733067729083664
Microsoft (US);G7;2005;TECH;39.8;7.7;4.71;7.7;6.63;TECH;TECH;0;39.8;7.7;7.7;4.71;0.1934673366834171;0.11834170854271357
Microsoft (US);G7;2006;TECH;44.3;8.16;4.97;8.1;7.13;TECH;TECH;1;44.3;8.16;8.1;4.97;0.18284424379232506;0.11218961625282167
Microsoft (US);G7;2007;TECH;51.1;8.75;5.13;8.44;7.54;TECH;TECH;2;51.1;8.75;8.44;5.13;0.16516634050880624;0.10039138943248532
Microsoft (US);G7;2008;TECH;60.4;9.51;5.79;8.72;7.98;TECH;TECH;3;60.4;9.51;8.72;5.79;0.14437086092715234;0.09586092715231788
Microsoft (US);G7;2009;TECH;58.4;10.18;6.1;9.17;8.44;TECH;TECH;4;58.4;10.18;9.17;6.1;0.15702054794520548;0.10445205479452055
Microsoft (US);G7;2010;TECH;62.5;10.66;16.53;9.59;8.82;TECH;TECH;5;62.5;10.66;9.59;16.53;0.15344;0.26448
Microsoft (US);G7;2011;TECH;69.9;11.46;13.22;9.98;9.51;TECH;TECH;6;69.9;11.46;9.98;13.22;0.14277539341917023;0.18912732474964233
Microsoft (US);G7;2012;TECH;73.7;12.24;14.05;10.4;10.07;TECH;TECH;7;73.7;12.24;10.4;14.05;0.14111261872455902;0.19063772048846675
Microsoft (US);G7;2013;TECH;77.8;13.13;16.18;10.81;10.85;TECH;TECH;8;77.8;13.13;10.81;16.18;0.13894601542416454;0.20796915167095117
Microsoft (US);G7;2014;TECH;86.8;13.83;16.75;11.29;11.27;TECH;TECH;9;86.8;13.83;11.29;16.75;0.13006912442396312;0.19297235023041476
Microsoft (US);G7;2015;TECH;93.6;14.7;18.2;12.0;11.8;TECH;TECH;10;93.6;14.7;12.0;18.2;0.12820512820512822;0.19444444444444445
Microsoft (US);G7;2016;TECH;85.3;18.3;20.2;12.0;11.4;TECH;TECH;11;85.3;18.3;12.0;20.2;0.1406799531066823;0.23681125439624853
Microsoft (US);G7;2017;TECH;89.9;23.7;22.3;13.0;12.4;TECH;TECH;12;89.9;23.7;13.0;22.3;0.14460511679644047;0.24805339265850945
Microsoft (US);G7;2018;TECH;110.4;30.3;35.1;14.7;13.1;TECH;TECH;13;110.4;30.3;14.7;35.1;0.13315217391304346;0.3179347826086957
Microsoft (US);G7;2019;TECH;125.8;36.5;43.0;16.9;14.4;TECH;TECH;14;125.8;36.5;16.9;43.0;0.13434022257551667;0.34181240063593005
Microsoft (US);G7;2020;TECH;143.0;44.2;53.0;19.3;16.3;TECH;TECH;15;143.0;44.2;19.3;53.0;0.13496503496503498;0.3706293706293706
Microsoft (US);G7;2021;TECH;168.1;59.7;69.9;20.7;18.1;TECH;TECH;16;168.1;59.7;20.7;69.9;0.12314098750743604;0.4158239143367044
Microsoft (US);G7;2022;TECH;198.3;74.4;83.4;24.5;22.1;TECH;TECH;17;198.3;74.4;24.5;83.4;0.12355017650025214;0.4205748865355522
Microsoft (US);G7;2023;TECH;211.9;85.5;88.5;27.2;22.1;TECH;TECH;18;211.9;85.5;27.2;88.5;0.12836243511090137;0.4176498348277489
Microsoft (US);G7;2024;TECH;245.1;112.5;109.4;30.5;22.8;TECH;TECH;19;245.1;112.5;30.5;109.4;0.1244390044879641;0.44634842921256634
Mitsubishi Electric (JP);G7;2005;INDUS;26.84;4.67;0.89;1.51;10.94;INDUS;INDUS;0;26.84;4.67;1.51;0.89;0.05625931445603577;0.03315946348733234
Mitsubishi Electric (JP);G7;2006;INDUS;28.05;4.75;0.89;1.53;11.06;INDUS;INDUS;1;28.05;4.75;1.53;0.89;0.05454545454545454;0.031729055258467025
Mitsubishi Electric (JP);G7;2007;INDUS;28.91;4.83;0.89;1.55;11.35;INDUS;INDUS;2;28.91;4.83;1.55;0.89;0.05361466620546524;0.030785195434105846
Mitsubishi Electric (JP);G7;2008;INDUS;29.26;4.99;0.87;1.59;11.33;INDUS;INDUS;3;29.26;4.99;1.59;0.87;0.054340396445659606;0.029733424470266574
Mitsubishi Electric (JP);G7;2009;INDUS;28.69;5.1;0.92;1.59;11.59;INDUS;INDUS;4;28.69;5.1;1.59;0.92;0.05542000697107006;0.03206692227256884
Mitsubishi Electric (JP);G7;2010;INDUS;35.07;5.22;2.29;1.61;11.86;INDUS;INDUS;5;35.07;5.22;1.61;2.29;0.04590818363273454;0.06529797547761619
Mitsubishi Electric (JP);G7;2011;INDUS;32.47;5.33;1.83;1.63;12.1;INDUS;INDUS;6;32.47;5.33;1.63;1.83;0.05020018478595627;0.05635971666153373
Mitsubishi Electric (JP);G7;2012;INDUS;34.01;5.46;2.01;1.65;12.29;INDUS;INDUS;7;34.01;5.46;1.65;2.01;0.04851514260511614;0.05910026462805057
Mitsubishi Electric (JP);G7;2013;INDUS;35.35;5.61;2.15;1.67;12.51;INDUS;INDUS;8;35.35;5.61;1.67;2.15;0.04724186704384724;0.06082036775106082
Mitsubishi Electric (JP);G7;2014;INDUS;36.68;5.69;2.33;1.69;12.61;INDUS;INDUS;9;36.68;5.69;1.69;2.33;0.0460741548527808;0.06352235550708833
Mitsubishi Electric (JP);G7;2015;INDUS;36.5;5.8;2.4;1.7;12.9;INDUS;INDUS;10;36.5;5.8;1.7;2.4;0.04657534246575342;0.06575342465753424
Mitsubishi Electric (JP);G7;2016;INDUS;35.8;6.1;2.2;1.8;13.5;INDUS;INDUS;11;35.8;6.1;1.8;2.2;0.05027932960893855;0.06145251396648046
Mitsubishi Electric (JP);G7;2017;INDUS;38.2;6.4;2.6;1.9;13.9;INDUS;INDUS;12;38.2;6.4;1.9;2.6;0.049738219895287955;0.06806282722513089
Mitsubishi Electric (JP);G7;2018;INDUS;40.1;6.8;2.8;1.9;14.2;INDUS;INDUS;13;40.1;6.8;1.9;2.8;0.04738154613466334;0.06982543640897755
Mitsubishi Electric (JP);G7;2019;INDUS;40.5;7.1;2.2;1.9;14.6;INDUS;INDUS;14;40.5;7.1;1.9;2.2;0.046913580246913576;0.054320987654320994
Mitsubishi Electric (JP);G7;2020;INDUS;37.8;7.5;2.0;1.8;14.6;INDUS;INDUS;15;37.8;7.5;1.8;2.0;0.04761904761904762;0.052910052910052914
Mitsubishi Electric (JP);G7;2021;INDUS;38.5;7.8;1.9;1.8;14.5;INDUS;INDUS;16;38.5;7.8;1.8;1.9;0.046753246753246755;0.049350649350649346
Mitsubishi Electric (JP);G7;2022;INDUS;42.4;8.1;2.2;1.9;14.6;INDUS;INDUS;17;42.4;8.1;1.9;2.2;0.04481132075471698;0.0518867924528302
Mitsubishi Electric (JP);G7;2023;INDUS;44.8;8.5;2.6;2.1;14.9;INDUS;INDUS;18;44.8;8.5;2.1;2.6;0.04687500000000001;0.058035714285714295
Mitsubishi Electric (JP);G7;2024;INDUS;46.2;8.9;2.9;2.2;15.1;INDUS;INDUS;19;46.2;8.9;2.2;2.9;0.04761904761904762;0.06277056277056277
Modine (US);G7;2005;INDUS;1.07;0.28;0.05;0.05;0.51;INDUS;INDUS;0;1.07;0.28;0.05;0.05;0.04672897196261682;0.04672897196261682
Modine (US);G7;2006;INDUS;1.1;0.29;0.05;0.05;0.52;INDUS;INDUS;1;1.1;0.29;0.05;0.05;0.045454545454545456;0.045454545454545456
Modine (US);G7;2007;INDUS;1.11;0.29;0.05;0.05;0.54;INDUS;INDUS;2;1.11;0.29;0.05;0.05;0.04504504504504504;0.04504504504504504
Modine (US);G7;2008;INDUS;1.15;0.3;0.05;0.05;0.55;INDUS;INDUS;3;1.15;0.3;0.05;0.05;0.04347826086956522;0.04347826086956522
Modine (US);G7;2009;INDUS;1.13;0.31;0.05;0.05;0.56;INDUS;INDUS;4;1.13;0.31;0.05;0.05;0.044247787610619475;0.044247787610619475
Modine (US);G7;2010;INDUS;1.37;0.31;0.09;0.05;0.58;INDUS;INDUS;5;1.37;0.31;0.05;0.09;0.0364963503649635;0.0656934306569343
Modine (US);G7;2011;INDUS;1.27;0.32;0.07;0.05;0.6;INDUS;INDUS;6;1.27;0.32;0.05;0.07;0.03937007874015748;0.05511811023622048
Modine (US);G7;2012;INDUS;1.33;0.32;0.07;0.05;0.61;INDUS;INDUS;7;1.33;0.32;0.05;0.07;0.03759398496240601;0.052631578947368425
Modine (US);G7;2013;INDUS;1.35;0.33;0.08;0.05;0.62;INDUS;INDUS;8;1.35;0.33;0.05;0.08;0.037037037037037035;0.059259259259259255
Modine (US);G7;2014;INDUS;1.42;0.34;0.08;0.05;0.65;INDUS;INDUS;9;1.42;0.34;0.05;0.08;0.035211267605633804;0.056338028169014086
Modine (US);G7;2015;INDUS;1.47;0.35;0.08;0.05;0.65;INDUS;INDUS;10;1.47;0.35;0.05;0.08;0.034013605442176874;0.054421768707483
Modine (US);G7;2016;INDUS;1.35;0.32;0.07;0.05;0.62;INDUS;INDUS;11;1.35;0.32;0.05;0.07;0.037037037037037035;0.05185185185185185
Modine (US);G7;2017;INDUS;1.5;0.45;0.08;0.06;0.75;INDUS;INDUS;12;1.5;0.45;0.06;0.08;0.04;0.05333333333333334
Modine (US);G7;2018;INDUS;2.1;0.55;0.12;0.08;1.15;INDUS;INDUS;13;2.1;0.55;0.08;0.12;0.03809523809523809;0.05714285714285714
Modine (US);G7;2019;INDUS;2.21;0.58;0.15;0.09;1.2;INDUS;INDUS;14;2.21;0.58;0.09;0.15;0.04072398190045249;0.06787330316742081
Modine (US);G7;2020;INDUS;1.99;0.62;0.05;0.08;1.1;INDUS;INDUS;15;1.99;0.62;0.08;0.05;0.04020100502512563;0.02512562814070352
Modine (US);G7;2021;INDUS;1.81;0.58;0.12;0.09;1.05;INDUS;INDUS;16;1.81;0.58;0.09;0.12;0.049723756906077346;0.06629834254143646
Modine (US);G7;2022;INDUS;2.05;0.55;0.15;0.1;1.1;INDUS;INDUS;17;2.05;0.55;0.1;0.15;0.04878048780487806;0.07317073170731708
Modine (US);G7;2023;INDUS;2.3;0.58;0.21;0.12;1.15;INDUS;INDUS;18;2.3;0.58;0.12;0.21;0.052173913043478265;0.09130434782608696
Modine (US);G7;2024;INDUS;2.45;0.62;0.28;0.14;1.2;INDUS;INDUS;19;2.45;0.62;0.14;0.28;0.05714285714285714;0.11428571428571428
Murata (JP);G7;2005;INDUS;7.15;2.5;1.28;0.59;0.4;INDUS;INDUS;0;7.15;2.5;0.59;1.28;0.0825174825174825;0.17902097902097902
Murata (JP);G7;2006;INDUS;7.3;2.59;1.25;0.6;0.41;INDUS;INDUS;1;7.3;2.59;0.6;1.25;0.0821917808219178;0.17123287671232876
Murata (JP);G7;2007;INDUS;7.62;2.68;1.33;0.61;0.42;INDUS;INDUS;2;7.62;2.68;0.61;1.33;0.0800524934383202;0.17454068241469817
Murata (JP);G7;2008;INDUS;7.42;2.74;1.31;0.62;0.43;INDUS;INDUS;3;7.42;2.74;0.62;1.31;0.08355795148247978;0.1765498652291105
Murata (JP);G7;2009;INDUS;7.27;2.81;1.38;0.63;0.44;INDUS;INDUS;4;7.27;2.81;0.63;1.38;0.08665749656121045;0.18982118294360384
Murata (JP);G7;2010;INDUS;9.91;2.83;3.02;0.64;0.45;INDUS;INDUS;5;9.91;2.83;0.64;3.02;0.06458123107971746;0.30474268415741673
Murata (JP);G7;2011;INDUS;9.18;2.91;2.42;0.66;0.46;INDUS;INDUS;6;9.18;2.91;0.66;2.42;0.07189542483660132;0.2636165577342048
Murata (JP);G7;2012;INDUS;9.27;2.93;2.38;0.67;0.47;INDUS;INDUS;7;9.27;2.93;0.67;2.38;0.07227615965480044;0.25674217907227614
Murata (JP);G7;2013;INDUS;9.75;3.0;2.49;0.67;0.48;INDUS;INDUS;8;9.75;3.0;0.67;2.49;0.06871794871794872;0.25538461538461543
Murata (JP);G7;2014;INDUS;9.99;3.04;2.45;0.69;0.49;INDUS;INDUS;9;9.99;3.04;0.69;2.45;0.06906906906906907;0.24524524524524527
Murata (JP);G7;2015;INDUS;10.2;3.1;2.4;0.7;0.5;INDUS;INDUS;10;10.2;3.1;0.7;2.4;0.06862745098039216;0.23529411764705882
Murata (JP);G7;2016;INDUS;9.8;3.5;1.8;0.8;0.6;INDUS;INDUS;11;9.8;3.5;0.8;1.8;0.08163265306122448;0.18367346938775508
Murata (JP);G7;2017;INDUS;12.1;3.8;1.5;0.9;0.6;INDUS;INDUS;12;12.1;3.8;0.9;1.5;0.0743801652892562;0.12396694214876033
Murata (JP);G7;2018;INDUS;13.8;4.2;2.3;1.0;0.7;INDUS;INDUS;13;13.8;4.2;1.0;2.3;0.07246376811594203;0.16666666666666666
Murata (JP);G7;2019;INDUS;13.5;4.5;2.2;1.1;0.7;INDUS;INDUS;14;13.5;4.5;1.1;2.2;0.08148148148148149;0.16296296296296298
Murata (JP);G7;2020;INDUS;14.8;4.9;2.7;1.2;0.8;INDUS;INDUS;15;14.8;4.9;1.2;2.7;0.08108108108108107;0.18243243243243243
Murata (JP);G7;2021;INDUS;16.2;5.2;3.6;1.3;0.8;INDUS;INDUS;16;16.2;5.2;1.3;3.6;0.08024691358024692;0.22222222222222224
Murata (JP);G7;2022;INDUS;14.5;5.8;2.5;1.3;0.8;INDUS;INDUS;17;14.5;5.8;1.3;2.5;0.0896551724137931;0.1724137931034483
Murata (JP);G7;2023;INDUS;12.8;6.2;1.8;1.4;0.7;INDUS;INDUS;18;12.8;6.2;1.4;1.8;0.10937499999999999;0.140625
Murata (JP);G7;2024;INDUS;13.5;6.5;2.1;1.5;0.8;INDUS;INDUS;19;13.5;6.5;1.5;2.1;0.1111111111111111;0.15555555555555556
NARI Technology;CN;2015;INDUS;2.65;0.66;0.4;0.16;;INDUS;INDUS;10;2.65;0.66;0.16;0.4;0.06037735849056604;0.15094339622641512
NARI Technology;CN;2020;INDUS;9.6;2.4;1.44;0.58;;INDUS;INDUS;15;9.6;2.4;0.58;1.44;0.06041666666666667;0.15
NARI Technology;CN;2024;INDUS;14.63;3.66;2.19;0.88;;INDUS;INDUS;19;14.63;3.66;0.88;2.19;0.06015037593984962;0.14969241285030757
NCSoft (KR);G7;2005;TECH;0.41;0.11;0.08;0.14;0.11;TECH;TECH;0;0.41;0.11;0.14;0.08;0.34146341463414637;0.1951219512195122
NCSoft (KR);G7;2006;TECH;0.44;0.11;0.09;0.14;0.12;TECH;TECH;1;0.44;0.11;0.14;0.09;0.31818181818181823;0.20454545454545453
NCSoft (KR);G7;2007;TECH;0.47;0.12;0.09;0.14;0.13;TECH;TECH;2;0.47;0.12;0.14;0.09;0.29787234042553196;0.19148936170212766
NCSoft (KR);G7;2008;TECH;0.5;0.13;0.1;0.15;0.14;TECH;TECH;3;0.5;0.13;0.15;0.1;0.3;0.2
NCSoft (KR);G7;2009;TECH;0.49;0.14;0.11;0.15;0.15;TECH;TECH;4;0.49;0.14;0.15;0.11;0.30612244897959184;0.22448979591836735
NCSoft (KR);G7;2010;TECH;0.56;0.15;0.19;0.16;0.15;TECH;TECH;5;0.56;0.15;0.16;0.19;0.2857142857142857;0.33928571428571425
NCSoft (KR);G7;2011;TECH;0.52;0.16;0.15;0.17;0.16;TECH;TECH;6;0.52;0.16;0.17;0.15;0.3269230769230769;0.28846153846153844
NCSoft (KR);G7;2012;TECH;0.57;0.17;0.16;0.18;0.17;TECH;TECH;7;0.57;0.17;0.18;0.16;0.31578947368421056;0.28070175438596495
NCSoft (KR);G7;2013;TECH;0.61;0.18;0.17;0.19;0.18;TECH;TECH;8;0.61;0.18;0.19;0.17;0.3114754098360656;0.27868852459016397
NCSoft (KR);G7;2014;TECH;0.65;0.19;0.19;0.2;0.19;TECH;TECH;9;0.65;0.19;0.2;0.19;0.3076923076923077;0.2923076923076923
NCSoft (KR);G7;2015;TECH;0.7;0.2;0.2;0.2;0.2;TECH;TECH;10;0.7;0.2;0.2;0.2;0.28571428571428575;0.28571428571428575
NCSoft (KR);G7;2016;TECH;0.8;0.3;0.3;0.2;0.3;TECH;TECH;11;0.8;0.3;0.2;0.3;0.25;0.37499999999999994
NCSoft (KR);G7;2017;TECH;1.5;0.3;0.5;0.4;0.3;TECH;TECH;12;1.5;0.3;0.4;0.5;0.26666666666666666;0.3333333333333333
NCSoft (KR);G7;2018;TECH;1.6;0.4;0.5;0.4;0.3;TECH;TECH;13;1.6;0.4;0.4;0.5;0.25;0.3125
NCSoft (KR);G7;2019;TECH;1.4;0.4;0.4;0.4;0.4;TECH;TECH;14;1.4;0.4;0.4;0.4;0.28571428571428575;0.28571428571428575
NCSoft (KR);G7;2020;TECH;2.1;0.5;0.7;0.4;0.4;TECH;TECH;15;2.1;0.5;0.4;0.7;0.19047619047619047;0.3333333333333333
NCSoft (KR);G7;2021;TECH;1.9;0.5;0.3;0.4;0.5;TECH;TECH;16;1.9;0.5;0.4;0.3;0.2105263157894737;0.15789473684210525
NCSoft (KR);G7;2022;TECH;1.9;0.6;0.4;0.5;0.5;TECH;TECH;17;1.9;0.6;0.5;0.4;0.2631578947368421;0.2105263157894737
NCSoft (KR);G7;2023;TECH;1.3;0.6;0.1;0.4;0.5;TECH;TECH;18;1.3;0.6;0.4;0.1;0.3076923076923077;0.07692307692307693
NCSoft (KR);G7;2024;TECH;1.2;0.6;0.1;0.4;0.5;TECH;TECH;19;1.2;0.6;0.4;0.1;0.33333333333333337;0.08333333333333334
NEC Corp (JP);G7;2005;INDUS;14.06;2.66;0.25;0.91;7.1;TECH;TECH;0;14.06;2.66;0.91;0.25;0.06472261735419631;0.01778093883357041
NEC Corp (JP);G7;2006;INDUS;15.3;2.74;0.27;0.94;7.33;TECH;TECH;1;15.3;2.74;0.94;0.27;0.06143790849673202;0.01764705882352941
NEC Corp (JP);G7;2007;INDUS;16.25;2.85;0.3;0.97;7.61;TECH;TECH;2;16.25;2.85;0.97;0.3;0.05969230769230769;0.01846153846153846
NEC Corp (JP);G7;2008;INDUS;17.01;2.97;0.32;0.98;7.91;TECH;TECH;3;17.01;2.97;0.98;0.32;0.05761316872427983;0.0188124632569077
NEC Corp (JP);G7;2009;INDUS;16.68;3.09;0.34;1.01;8.13;TECH;TECH;4;16.68;3.09;1.01;0.34;0.0605515587529976;0.02038369304556355
NEC Corp (JP);G7;2010;INDUS;19.48;3.23;0.86;1.03;8.47;TECH;TECH;5;19.48;3.23;1.03;0.86;0.052874743326488706;0.04414784394250513
NEC Corp (JP);G7;2011;INDUS;18.04;3.38;0.69;1.07;8.74;TECH;TECH;6;18.04;3.38;1.07;0.69;0.05931263858093127;0.03824833702882483
NEC Corp (JP);G7;2012;INDUS;18.98;3.55;0.73;1.13;9.05;TECH;TECH;7;18.98;3.55;1.13;0.73;0.059536354056902;0.03846153846153846
NEC Corp (JP);G7;2013;INDUS;20.25;3.73;0.76;1.14;9.34;TECH;TECH;8;20.25;3.73;1.14;0.76;0.05629629629629629;0.037530864197530864
NEC Corp (JP);G7;2014;INDUS;22.08;3.87;0.83;1.17;9.61;TECH;TECH;9;22.08;3.87;1.17;0.83;0.05298913043478261;0.03759057971014493
NEC Corp (JP);G7;2015;INDUS;23.5;4.1;0.9;1.2;9.9;TECH;TECH;10;23.5;4.1;1.2;0.9;0.05106382978723404;0.03829787234042553
NEC Corp (JP);G7;2016;INDUS;22.1;3.8;0.4;1.1;9.8;TECH;TECH;11;22.1;3.8;1.1;0.4;0.0497737556561086;0.018099547511312215
NEC Corp (JP);G7;2017;INDUS;24.2;3.6;0.6;1.0;10.8;TECH;TECH;12;24.2;3.6;1.0;0.6;0.04132231404958678;0.024793388429752067
NEC Corp (JP);G7;2018;INDUS;25.3;3.7;0.5;1.0;11.0;TECH;TECH;13;25.3;3.7;1.0;0.5;0.039525691699604744;0.019762845849802372
NEC Corp (JP);G7;2019;INDUS;27.8;3.8;1.2;1.0;11.2;TECH;TECH;14;27.8;3.8;1.0;1.2;0.03597122302158273;0.043165467625899276
NEC Corp (JP);G7;2020;INDUS;26.5;4.1;1.4;1.0;11.5;TECH;TECH;15;26.5;4.1;1.0;1.4;0.03773584905660377;0.05283018867924528
NEC Corp (JP);G7;2021;INDUS;27.2;4.3;1.5;1.1;11.7;TECH;TECH;16;27.2;4.3;1.1;1.5;0.04044117647058824;0.05514705882352941
NEC Corp (JP);G7;2022;INDUS;23.5;4.2;1.1;0.9;11.9;TECH;TECH;17;23.5;4.2;0.9;1.1;0.03829787234042553;0.04680851063829788
NEC Corp (JP);G7;2023;INDUS;22.4;4.1;1.3;1.0;11.8;TECH;TECH;18;22.4;4.1;1.0;1.3;0.044642857142857144;0.058035714285714295
NEC Corp (JP);G7;2024;INDUS;23.8;4.2;1.5;1.1;12.0;TECH;TECH;19;23.8;4.2;1.1;1.5;0.046218487394957986;0.06302521008403361
NGK Spark Plug (JP);G7;2005;INDUS;2.43;0.95;0.26;0.17;1.28;INDUS;INDUS;0;2.43;0.95;0.17;0.26;0.06995884773662552;0.10699588477366255
NGK Spark Plug (JP);G7;2006;INDUS;2.46;0.98;0.26;0.17;1.3;INDUS;INDUS;1;2.46;0.98;0.17;0.26;0.06910569105691057;0.10569105691056911
NGK Spark Plug (JP);G7;2007;INDUS;2.52;0.99;0.25;0.18;1.32;INDUS;INDUS;2;2.52;0.99;0.18;0.25;0.07142857142857142;0.0992063492063492
NGK Spark Plug (JP);G7;2008;INDUS;2.56;1.01;0.24;0.18;1.34;INDUS;INDUS;3;2.56;1.01;0.18;0.24;0.0703125;0.09375
NGK Spark Plug (JP);G7;2009;INDUS;2.51;1.03;0.25;0.18;1.35;INDUS;INDUS;4;2.51;1.03;0.18;0.25;0.07171314741035857;0.09960159362549802
NGK Spark Plug (JP);G7;2010;INDUS;3.26;1.06;0.79;0.18;1.37;INDUS;INDUS;5;3.26;1.06;0.18;0.79;0.05521472392638037;0.2423312883435583
NGK Spark Plug (JP);G7;2011;INDUS;3.02;1.09;0.63;0.18;1.39;INDUS;INDUS;6;3.02;1.09;0.18;0.63;0.059602649006622516;0.20860927152317882
NGK Spark Plug (JP);G7;2012;INDUS;3.0;1.1;0.61;0.18;1.38;INDUS;INDUS;7;3.0;1.1;0.18;0.61;0.06;0.20333333333333334
NGK Spark Plug (JP);G7;2013;INDUS;3.08;1.11;0.61;0.18;1.38;INDUS;INDUS;8;3.08;1.11;0.18;0.61;0.05844155844155844;0.19805194805194803
NGK Spark Plug (JP);G7;2014;INDUS;3.14;1.13;0.63;0.18;1.39;INDUS;INDUS;9;3.14;1.13;0.18;0.63;0.057324840764331204;0.20063694267515922
NGK Spark Plug (JP);G7;2015;INDUS;3.25;1.15;0.65;0.18;1.42;INDUS;INDUS;10;3.25;1.15;0.18;0.65;0.05538461538461538;0.2
NGK Spark Plug (JP);G7;2016;INDUS;3.38;1.22;0.58;0.2;1.45;INDUS;INDUS;11;3.38;1.22;0.2;0.58;0.0591715976331361;0.17159763313609466
NGK Spark Plug (JP);G7;2017;INDUS;3.75;1.28;0.62;0.22;1.48;INDUS;INDUS;12;3.75;1.28;0.22;0.62;0.058666666666666666;0.16533333333333333
NGK Spark Plug (JP);G7;2018;INDUS;4.15;1.35;0.68;0.25;1.52;INDUS;INDUS;13;4.15;1.35;0.25;0.68;0.06024096385542168;0.163855421686747
NGK Spark Plug (JP);G7;2019;INDUS;4.05;1.42;0.58;0.24;1.55;INDUS;INDUS;14;4.05;1.42;0.24;0.58;0.05925925925925926;0.14320987654320988
NGK Spark Plug (JP);G7;2020;INDUS;3.95;1.48;0.42;0.22;1.61;INDUS;INDUS;15;3.95;1.48;0.22;0.42;0.05569620253164557;0.10632911392405063
NGK Spark Plug (JP);G7;2021;INDUS;4.45;1.55;0.75;0.25;1.64;INDUS;INDUS;16;4.45;1.55;0.25;0.75;0.056179775280898875;0.16853932584269662
NGK Spark Plug (JP);G7;2022;INDUS;4.25;1.62;0.78;0.28;1.62;INDUS;INDUS;17;4.25;1.62;0.28;0.78;0.06588235294117648;0.18352941176470589
NGK Spark Plug (JP);G7;2023;INDUS;4.15;1.68;0.82;0.32;1.6;INDUS;INDUS;18;4.15;1.68;0.32;0.82;0.07710843373493975;0.1975903614457831
NGK Spark Plug (JP);G7;2024;INDUS;4.35;1.75;0.92;0.35;1.63;INDUS;INDUS;19;4.35;1.75;0.35;0.92;0.08045977011494253;0.21149425287356324
Narada Power;CN;2015;INDUS;1.64;0.82;0.08;0.1;;INDUS;INDUS;10;1.64;0.82;0.1;0.08;0.06097560975609757;0.04878048780487805
Narada Power;CN;2020;INDUS;1.65;0.83;0.17;0.07;;INDUS;INDUS;15;1.65;0.83;0.07;0.17;0.042424242424242434;0.10303030303030304
Narada Power;CN;2024;INDUS;1.11;0.56;-0.13;0.06;;INDUS;INDUS;19;1.11;0.56;0.06;-0.13;0.05405405405405405;-0.11711711711711711
Naver (KR);G7;2005;TECH;1.61;0.29;0.21;0.56;0.11;TECH;TECH;0;1.61;0.29;0.56;0.21;0.34782608695652173;0.13043478260869565
Naver (KR);G7;2006;TECH;1.78;0.31;0.23;0.59;0.12;TECH;TECH;1;1.78;0.31;0.59;0.23;0.33146067415730335;0.12921348314606743
Naver (KR);G7;2007;TECH;1.97;0.33;0.25;0.61;0.13;TECH;TECH;2;1.97;0.33;0.61;0.25;0.3096446700507614;0.12690355329949238
Naver (KR);G7;2008;TECH;2.17;0.35;0.27;0.63;0.14;TECH;TECH;3;2.17;0.35;0.63;0.27;0.2903225806451613;0.12442396313364057
Naver (KR);G7;2009;TECH;2.13;0.37;0.28;0.65;0.15;TECH;TECH;4;2.13;0.37;0.65;0.28;0.3051643192488263;0.13145539906103287
Naver (KR);G7;2010;TECH;2.27;0.39;0.61;0.67;0.15;TECH;TECH;5;2.27;0.39;0.67;0.61;0.29515418502202645;0.2687224669603524
Naver (KR);G7;2011;TECH;2.1;0.41;0.49;0.69;0.16;TECH;TECH;6;2.1;0.41;0.69;0.49;0.3285714285714285;0.2333333333333333
Naver (KR);G7;2012;TECH;2.22;0.43;0.51;0.73;0.17;TECH;TECH;7;2.22;0.43;0.73;0.51;0.3288288288288288;0.22972972972972971
Naver (KR);G7;2013;TECH;2.42;0.46;0.58;0.76;0.18;TECH;TECH;8;2.42;0.46;0.76;0.58;0.3140495867768595;0.23966942148760328
Naver (KR);G7;2014;TECH;2.56;0.48;0.61;0.79;0.19;TECH;TECH;9;2.56;0.48;0.79;0.61;0.30859375;0.23828125
Naver (KR);G7;2015;TECH;2.8;0.5;0.7;0.8;0.2;TECH;TECH;10;2.8;0.5;0.8;0.7;0.28571428571428575;0.25
Naver (KR);G7;2016;TECH;3.4;0.6;0.9;0.9;0.3;TECH;TECH;11;3.4;0.6;0.9;0.9;0.2647058823529412;0.2647058823529412
Naver (KR);G7;2017;TECH;4.1;0.8;1.0;1.1;0.3;TECH;TECH;12;4.1;0.8;1.1;1.0;0.26829268292682934;0.24390243902439027
Naver (KR);G7;2018;TECH;4.8;1.1;0.8;1.4;0.4;TECH;TECH;13;4.8;1.1;1.4;0.8;0.2916666666666667;0.16666666666666669
Naver (KR);G7;2019;TECH;5.6;1.5;0.6;1.5;0.4;TECH;TECH;14;5.6;1.5;1.5;0.6;0.26785714285714285;0.10714285714285715
Naver (KR);G7;2020;TECH;4.5;1.8;1.0;1.6;0.4;TECH;TECH;15;4.5;1.8;1.6;1.0;0.35555555555555557;0.2222222222222222
Naver (KR);G7;2021;TECH;5.8;2.1;1.1;1.4;0.4;TECH;TECH;16;5.8;2.1;1.4;1.1;0.24137931034482757;0.18965517241379312
Naver (KR);G7;2022;TECH;6.4;2.4;1.0;1.5;0.5;TECH;TECH;17;6.4;2.4;1.5;1.0;0.234375;0.15625
Naver (KR);G7;2023;TECH;7.2;2.8;1.1;1.6;0.5;TECH;TECH;18;7.2;2.8;1.6;1.1;0.22222222222222224;0.1527777777777778
Naver (KR);G7;2024;TECH;7.8;3.2;1.4;1.8;0.5;TECH;TECH;19;7.8;3.2;1.8;1.4;0.23076923076923078;0.1794871794871795
Navistar (US);G7;2005;INDUS;7.68;0.67;0.04;0.23;1.08;INDUS;INDUS;0;7.68;0.67;0.23;0.04;0.029947916666666668;0.005208333333333334
Navistar (US);G7;2006;INDUS;7.84;0.69;0.04;0.23;1.1;INDUS;INDUS;1;7.84;0.69;0.23;0.04;0.029336734693877552;0.005102040816326531
Navistar (US);G7;2007;INDUS;8.0;0.7;0.04;0.23;1.13;INDUS;INDUS;2;8.0;0.7;0.23;0.04;0.02875;0.005
Navistar (US);G7;2008;INDUS;8.09;0.72;0.04;0.23;1.14;INDUS;INDUS;3;8.09;0.72;0.23;0.04;0.02843016069221261;0.004944375772558715
Navistar (US);G7;2009;INDUS;7.93;0.75;0.04;0.23;1.14;INDUS;INDUS;4;7.93;0.75;0.23;0.04;0.02900378310214376;0.005044136191677175
Navistar (US);G7;2010;INDUS;9.5;0.77;0.1;0.24;1.15;INDUS;INDUS;5;9.5;0.77;0.24;0.1;0.02526315789473684;0.010526315789473684
Navistar (US);G7;2011;INDUS;8.8;0.78;0.08;0.24;1.17;INDUS;INDUS;6;8.8;0.78;0.24;0.08;0.027272727272727268;0.00909090909090909
Navistar (US);G7;2012;INDUS;9.07;0.79;0.09;0.24;1.2;INDUS;INDUS;7;9.07;0.79;0.24;0.09;0.02646085997794928;0.00992282249173098
Navistar (US);G7;2013;INDUS;9.54;0.81;0.1;0.25;1.24;INDUS;INDUS;8;9.54;0.81;0.25;0.1;0.026205450733752623;0.01048218029350105
Navistar (US);G7;2014;INDUS;9.84;0.82;0.11;0.25;1.25;INDUS;INDUS;9;9.84;0.82;0.25;0.11;0.02540650406504065;0.011178861788617886
Navistar (US);G7;2015;INDUS;10.15;0.85;0.12;0.25;1.3;INDUS;INDUS;10;10.15;0.85;0.25;0.12;0.02463054187192118;0.011822660098522167
Navistar (US);G7;2016;INDUS;8.15;0.82;0.25;0.22;1.25;INDUS;INDUS;11;8.15;0.82;0.22;0.25;0.026993865030674847;0.03067484662576687
Navistar (US);G7;2017;INDUS;8.6;0.78;0.35;0.21;1.2;INDUS;INDUS;12;8.6;0.78;0.21;0.35;0.02441860465116279;0.04069767441860465
Navistar (US);G7;2018;INDUS;10.25;0.85;0.45;0.25;1.3;INDUS;INDUS;13;10.25;0.85;0.25;0.45;0.024390243902439025;0.04390243902439025
Navistar (US);G7;2019;INDUS;11.25;0.92;0.55;0.28;1.35;INDUS;INDUS;14;11.25;0.92;0.28;0.55;0.02488888888888889;0.04888888888888889
Navistar (US);G7;2020;INDUS;7.5;0.95;0.15;0.24;1.25;INDUS;INDUS;15;7.5;0.95;0.24;0.15;0.032;0.02
Navistar (US);G7;2021;INDUS;10.15;1.05;0.45;0.32;1.4;INDUS;INDUS;16;10.15;1.05;0.32;0.45;0.03152709359605911;0.04433497536945813
Navistar (US);G7;2022;INDUS;11.35;1.15;0.55;0.35;1.45;INDUS;INDUS;17;11.35;1.15;0.35;0.55;0.030837004405286344;0.04845814977973569
Navistar (US);G7;2023;INDUS;12.15;1.25;0.65;0.38;1.5;INDUS;INDUS;18;12.15;1.25;0.38;0.65;0.031275720164609055;0.053497942386831275
Navistar (US);G7;2024;INDUS;12.85;1.35;0.75;0.42;1.55;INDUS;INDUS;19;12.85;1.35;0.42;0.75;0.03268482490272374;0.058365758754863814
Nestlé (EU);G7;2005;INDUS;44.31648;15.959400000000002;4.26924;1.10952;24.45;INDUS;INDUS;0;44.31648;15.959400000000002;1.10952;4.26924;0.025036284470246736;0.09633526850507983
Nestlé (EU);G7;2006;INDUS;46.44800000000001;16.312;4.696000000000001;1.128;25.1;INDUS;INDUS;1;46.44800000000001;16.312;1.128;4.696000000000001;0.024285222183947634;0.10110230795728556
Nestlé (EU);G7;2007;INDUS;50.90995;17.585099999999997;4.9098;1.2024;26.27;INDUS;INDUS;2;50.90995;17.585099999999997;1.2024;4.9098;0.023618172871904212;0.09644087256027553
Nestlé (EU);G7;2008;INDUS;59.32881999999999;20.10346;5.96344;1.37048;26.9;INDUS;INDUS;3;59.32881999999999;20.10346;1.37048;5.96344;0.02309973466520993;0.10051506165131889
Nestlé (EU);G7;2009;INDUS;58.036440000000006;20.947080000000003;6.2647200000000005;1.386;27.86;INDUS;INDUS;4;58.036440000000006;20.947080000000003;1.386;6.2647200000000005;0.02388154752427957;0.10794459480974367
Nestlé (EU);G7;2010;INDUS;79.40348;22.5589;13.2275;1.45262;28.5;INDUS;INDUS;5;79.40348;22.5589;1.45262;13.2275;0.018294160407075356;0.1665858977465471
Nestlé (EU);G7;2011;INDUS;86.44233000000001;27.51723;12.441;1.71912;29.17;INDUS;INDUS;6;86.44233000000001;27.51723;1.71912;12.441;0.019887478738715162;0.14392254350385972
Nestlé (EU);G7;2012;INDUS;84.69687;26.86397;12.240049999999998;1.67833;30.11;INDUS;INDUS;7;84.69687;26.86397;1.67833;12.240049999999998;0.0198157263662754;0.14451596617442886
Nestlé (EU);G7;2013;INDUS;88.18667;28.31296;13.10985;1.74798;31.66;INDUS;INDUS;8;88.18667;28.31296;1.74798;13.10985;0.019821363024593173;0.14866022268444878
Nestlé (EU);G7;2014;INDUS;94.94991;29.76237;13.76496;1.7859599999999998;33.21;INDUS;INDUS;9;94.94991;29.76237;1.7859599999999998;13.76496;0.018809496501892415;0.1449707535267806
Nestlé (EU);G7;2015;INDUS;92.4408;29.6685;13.9494;1.7696999999999998;33.5;INDUS;INDUS;10;92.4408;29.6685;1.7696999999999998;13.9494;0.019144144144144143;0.15090090090090091
Nestlé (EU);G7;2016;INDUS;91.469;28.4116;14.0014;1.7374;32.8;INDUS;INDUS;11;91.469;28.4116;1.7374;14.0014;0.01899441340782123;0.15307262569832403
Nestlé (EU);G7;2017;INDUS;91.32659999999998;27.6624;13.5261;1.7289;32.3;INDUS;INDUS;12;91.32659999999998;27.6624;1.7289;13.5261;0.018930957683741652;0.14810690423162587
Nestlé (EU);G7;2018;INDUS;93.5936;28.16;14.131200000000002;1.7408;30.8;INDUS;INDUS;13;93.5936;28.16;1.7408;14.131200000000002;0.018599562363238512;0.15098468271334795
Nestlé (EU);G7;2019;INDUS;93.1556;28.3692;14.888800000000002;1.7102;29.1;INDUS;INDUS;14;93.1556;28.3692;1.7102;14.888800000000002;0.018358531317494597;0.15982721382289417
Nestlé (EU);G7;2020;INDUS;89.7795;29.607;15.123;1.704;27.3;INDUS;INDUS;15;89.7795;29.607;1.704;15.123;0.018979833926453145;0.16844602609727163
Nestlé (EU);G7;2021;INDUS;95.2874;30.7414;16.5194;1.8598;27.6;INDUS;INDUS;16;95.2874;30.7414;1.8598;16.5194;0.01951779563719862;0.17336394948335246
Nestlé (EU);G7;2022;INDUS;98.9312;30.1824;16.8728;1.8864;27.5;INDUS;INDUS;17;98.9312;30.1824;1.8864;16.8728;0.019067796610169493;0.17055084745762714
Nestlé (EU);G7;2023;INDUS;103.509;31.7205;17.6967;2.0034;27.0;INDUS;INDUS;18;103.509;31.7205;2.0034;17.6967;0.01935483870967742;0.17096774193548386
Nestlé (EU);G7;2024;INDUS;103.944;32.0352;17.835199999999997;2.0448;26.8;INDUS;INDUS;19;103.944;32.0352;2.0448;17.835199999999997;0.019672131147540982;0.17158469945355187
Netmarble (KR);G7;2005;TECH;0.67;0.1;0.1;0.19;0.26;TECH;TECH;0;0.67;0.1;0.19;0.1;0.2835820895522388;0.14925373134328357
Netmarble (KR);G7;2006;TECH;0.73;0.1;0.11;0.19;0.26;TECH;TECH;1;0.73;0.1;0.19;0.11;0.2602739726027397;0.1506849315068493
Netmarble (KR);G7;2007;TECH;0.78;0.1;0.12;0.19;0.26;TECH;TECH;2;0.78;0.1;0.19;0.12;0.24358974358974358;0.15384615384615383
Netmarble (KR);G7;2008;TECH;0.8;0.1;0.12;0.19;0.26;TECH;TECH;3;0.8;0.1;0.19;0.12;0.2375;0.15
Netmarble (KR);G7;2009;TECH;0.78;0.1;0.13;0.19;0.26;TECH;TECH;4;0.78;0.1;0.19;0.13;0.24358974358974358;0.16666666666666666
Netmarble (KR);G7;2010;TECH;0.93;0.1;0.24;0.19;0.27;TECH;TECH;5;0.93;0.1;0.19;0.24;0.2043010752688172;0.25806451612903225
Netmarble (KR);G7;2011;TECH;0.86;0.1;0.19;0.19;0.27;TECH;TECH;6;0.86;0.1;0.19;0.19;0.22093023255813954;0.22093023255813954
Netmarble (KR);G7;2012;TECH;0.86;0.1;0.19;0.19;0.28;TECH;TECH;7;0.86;0.1;0.19;0.19;0.22093023255813954;0.22093023255813954
Netmarble (KR);G7;2013;TECH;0.88;0.1;0.19;0.19;0.28;TECH;TECH;8;0.88;0.1;0.19;0.19;0.2159090909090909;0.2159090909090909
Netmarble (KR);G7;2014;TECH;0.93;0.1;0.2;0.19;0.29;TECH;TECH;9;0.93;0.1;0.19;0.2;0.2043010752688172;0.21505376344086022
Netmarble (KR);G7;2015;TECH;0.9;0.1;0.2;0.2;0.3;TECH;TECH;10;0.9;0.1;0.2;0.2;0.22222222222222224;0.22222222222222224
Netmarble (KR);G7;2016;TECH;1.3;0.1;0.2;0.3;0.4;TECH;TECH;11;1.3;0.1;0.3;0.2;0.23076923076923075;0.15384615384615385
Netmarble (KR);G7;2017;TECH;2.2;0.2;0.5;0.4;0.5;TECH;TECH;12;2.2;0.2;0.4;0.5;0.18181818181818182;0.22727272727272727
Netmarble (KR);G7;2018;TECH;1.8;0.2;0.2;0.5;0.6;TECH;TECH;13;1.8;0.2;0.5;0.2;0.2777777777777778;0.11111111111111112
Netmarble (KR);G7;2019;TECH;1.9;0.3;0.2;0.5;0.7;TECH;TECH;14;1.9;0.3;0.5;0.2;0.2631578947368421;0.10526315789473685
Netmarble (KR);G7;2020;TECH;2.1;0.4;0.2;0.5;0.7;TECH;TECH;15;2.1;0.4;0.5;0.2;0.23809523809523808;0.09523809523809523
Netmarble (KR);G7;2021;TECH;2.2;0.5;0.1;0.5;0.8;TECH;TECH;16;2.2;0.5;0.5;0.1;0.22727272727272727;0.045454545454545456
Netmarble (KR);G7;2022;TECH;2.1;0.6;-0.1;0.7;0.8;TECH;TECH;17;2.1;0.6;0.7;-0.1;0.3333333333333333;-0.047619047619047616
Netmarble (KR);G7;2023;TECH;1.9;0.6;0.0;0.6;0.8;TECH;TECH;18;1.9;0.6;0.6;0.0;0.3157894736842105;0.0
Netmarble (KR);G7;2024;TECH;2.1;0.7;0.1;0.6;0.8;TECH;TECH;19;2.1;0.7;0.6;0.1;0.2857142857142857;0.047619047619047616
Nintendo (JP);G7;2005;INDUS;2.63;0.18;0.08;0.28;0.31;TECH;TECH;0;2.63;0.18;0.28;0.08;0.1064638783269962;0.030418250950570346
Nintendo (JP);G7;2006;INDUS;2.87;0.19;0.09;0.29;0.33;TECH;TECH;1;2.87;0.19;0.29;0.09;0.10104529616724738;0.0313588850174216
Nintendo (JP);G7;2007;INDUS;3.19;0.2;0.1;0.3;0.34;TECH;TECH;2;3.19;0.2;0.3;0.1;0.09404388714733543;0.031347962382445145
Nintendo (JP);G7;2008;INDUS;3.34;0.21;0.1;0.31;0.36;TECH;TECH;3;3.34;0.21;0.31;0.1;0.09281437125748504;0.029940119760479045
Nintendo (JP);G7;2009;INDUS;3.27;0.22;0.11;0.32;0.38;TECH;TECH;4;3.27;0.22;0.32;0.11;0.09785932721712538;0.03363914373088685
Nintendo (JP);G7;2010;INDUS;3.68;0.23;0.28;0.34;0.39;TECH;TECH;5;3.68;0.23;0.34;0.28;0.0923913043478261;0.07608695652173914
Nintendo (JP);G7;2011;INDUS;3.41;0.24;0.22;0.35;0.41;TECH;TECH;6;3.41;0.24;0.35;0.22;0.10263929618768328;0.06451612903225806
Nintendo (JP);G7;2012;INDUS;3.63;0.25;0.24;0.36;0.43;TECH;TECH;7;3.63;0.25;0.36;0.24;0.09917355371900827;0.06611570247933884
Nintendo (JP);G7;2013;INDUS;3.88;0.27;0.25;0.38;0.45;TECH;TECH;8;3.88;0.27;0.38;0.25;0.0979381443298969;0.06443298969072166
Nintendo (JP);G7;2014;INDUS;4.22;0.28;0.28;0.39;0.48;TECH;TECH;9;4.22;0.28;0.39;0.28;0.09241706161137442;0.06635071090047394
Nintendo (JP);G7;2015;INDUS;4.6;0.3;0.3;0.4;0.5;TECH;TECH;10;4.6;0.3;0.4;0.3;0.08695652173913045;0.06521739130434782
Nintendo (JP);G7;2016;INDUS;4.1;0.3;0.3;0.5;0.5;TECH;TECH;11;4.1;0.3;0.5;0.3;0.12195121951219513;0.07317073170731708
Nintendo (JP);G7;2017;INDUS;4.4;0.4;0.3;0.6;0.5;TECH;TECH;12;4.4;0.4;0.6;0.3;0.13636363636363635;0.06818181818181818
Nintendo (JP);G7;2018;INDUS;9.5;0.5;1.6;0.6;0.6;TECH;TECH;13;9.5;0.5;0.6;1.6;0.06315789473684211;0.16842105263157894
Nintendo (JP);G7;2019;INDUS;10.8;0.6;2.3;0.7;0.6;TECH;TECH;14;10.8;0.6;0.7;2.3;0.06481481481481481;0.21296296296296294
Nintendo (JP);G7;2020;INDUS;12.1;0.8;3.3;0.8;0.6;TECH;TECH;15;12.1;0.8;0.8;3.3;0.06611570247933884;0.2727272727272727
Nintendo (JP);G7;2021;INDUS;16.5;0.9;6.1;0.9;0.7;TECH;TECH;16;16.5;0.9;0.9;6.1;0.05454545454545455;0.3696969696969697
Nintendo (JP);G7;2022;INDUS;15.3;1.1;5.5;1.0;0.7;TECH;TECH;17;15.3;1.1;1.0;5.5;0.06535947712418301;0.35947712418300654
Nintendo (JP);G7;2023;INDUS;14.2;1.2;4.5;1.1;0.7;TECH;TECH;18;14.2;1.2;1.1;4.5;0.07746478873239437;0.31690140845070425
Nintendo (JP);G7;2024;INDUS;12.5;1.3;3.8;1.2;0.8;TECH;TECH;19;12.5;1.3;1.2;3.8;0.096;0.304
Novartis (EU);G7;2005;PHARMA;36.23;12.12;5.51;7.03;8.63;PHARMA;PHARMA;0;36.23;12.12;7.03;5.51;0.194038089980679;0.1520839083632349
Novartis (EU);G7;2006;PHARMA;37.59;12.49;5.57;7.22;9.01;PHARMA;PHARMA;1;37.59;12.49;7.22;5.57;0.192072359670125;0.14817770683692472
Novartis (EU);G7;2007;PHARMA;39.79;12.93;5.86;7.32;9.38;PHARMA;PHARMA;2;39.79;12.93;7.32;5.86;0.18396582055792915;0.14727318421714
Novartis (EU);G7;2008;PHARMA;41.92;13.45;6.07;7.47;9.69;PHARMA;PHARMA;3;41.92;13.45;7.47;6.07;0.17819656488549618;0.1447996183206107
Novartis (EU);G7;2009;PHARMA;41.1;13.88;6.39;7.66;10.06;PHARMA;PHARMA;4;41.1;13.88;7.66;6.39;0.18637469586374694;0.1554744525547445
Novartis (EU);G7;2010;PHARMA;43.63;14.45;12.11;7.86;10.27;PHARMA;PHARMA;5;43.63;14.45;7.86;12.11;0.18015127206050882;0.27756131102452436
Novartis (EU);G7;2011;PHARMA;40.4;14.94;9.69;8.01;10.63;PHARMA;PHARMA;6;40.4;14.94;8.01;9.69;0.19826732673267328;0.23985148514851484
Novartis (EU);G7;2012;PHARMA;43.52;15.41;10.12;8.13;10.81;PHARMA;PHARMA;7;43.52;15.41;8.13;10.12;0.1868106617647059;0.23253676470588233
Novartis (EU);G7;2013;PHARMA;46.27;15.82;10.97;8.35;11.19;PHARMA;PHARMA;8;46.27;15.82;8.35;10.97;0.18046250270153444;0.2370866652258483
Novartis (EU);G7;2014;PHARMA;48.12;16.3;11.71;8.78;11.59;PHARMA;PHARMA;9;48.12;16.3;8.78;11.71;0.1824605153782211;0.24334995843724028
Novartis (EU);G7;2015;PHARMA;49.41;16.85;12.15;8.95;11.8;PHARMA;PHARMA;10;49.41;16.85;8.95;12.15;0.18113742157458004;0.24590163934426232
Novartis (EU);G7;2016;PHARMA;48.52;17.25;11.85;9.01;12.1;PHARMA;PHARMA;11;48.52;17.25;9.01;11.85;0.18569661995053585;0.24422918384171474
Novartis (EU);G7;2017;PHARMA;49.11;17.85;12.45;8.97;12.6;PHARMA;PHARMA;12;49.11;17.85;8.97;12.45;0.1826511912034209;0.2535125229077581
Novartis (EU);G7;2018;PHARMA;51.9;18.45;13.15;9.05;12.5;PHARMA;PHARMA;13;51.9;18.45;9.05;13.15;0.174373795761079;0.2533718689788054
Novartis (EU);G7;2019;PHARMA;47.45;19.15;12.85;9.42;10.4;PHARMA;PHARMA;14;47.45;19.15;9.42;12.85;0.19852476290832455;0.27081138040042146
Novartis (EU);G7;2020;PHARMA;48.66;19.85;13.15;8.95;10.6;PHARMA;PHARMA;15;48.66;19.85;8.95;13.15;0.18392930538429922;0.270242498972462
Novartis (EU);G7;2021;PHARMA;51.63;20.15;14.85;9.52;10.8;PHARMA;PHARMA;16;51.63;20.15;9.52;14.85;0.18438892116986247;0.28762347472399763
Novartis (EU);G7;2022;PHARMA;50.54;19.52;13.45;9.15;10.2;PHARMA;PHARMA;17;50.54;19.52;9.15;13.45;0.1810447170557974;0.26612584091808467
Novartis (EU);G7;2023;PHARMA;45.44;18.85;11.15;8.6;7.6;PHARMA;PHARMA;18;45.44;18.85;8.6;11.15;0.1892605633802817;0.2453785211267606
Novartis (EU);G7;2024;PHARMA;48.15;19.45;12.45;8.85;7.8;PHARMA;PHARMA;19;48.15;19.45;8.85;12.45;0.1838006230529595;0.2585669781931464
Novo Nordisk (EU);G7;2005;INDUS;2.06245;0.55444;0.43253;0.2672;2.97;PHARMA;PHARMA;0;2.06245;0.55444;0.2672;0.43253;0.12955465587044535;0.2097165991902834
Novo Nordisk (EU);G7;2006;INDUS;2.18568;0.5728800000000001;0.44856;0.2772;3.04;PHARMA;PHARMA;1;2.18568;0.5728800000000001;0.2772;0.44856;0.12682551883166795;0.20522674865488086
Novo Nordisk (EU);G7;2007;INDUS;2.53;0.64768;0.50968;0.30912;3.18;PHARMA;PHARMA;2;2.53;0.64768;0.30912;0.50968;0.1221818181818182;0.20145454545454547
Novo Nordisk (EU);G7;2008;INDUS;2.80528;0.7092;0.57721;0.3349;3.24;PHARMA;PHARMA;3;2.80528;0.7092;0.3349;0.57721;0.1193820224719101;0.20575842696629212
Novo Nordisk (EU);G7;2009;INDUS;2.61052;0.70873;0.57596;0.32725;3.32;PHARMA;PHARMA;4;2.61052;0.70873;0.32725;0.57596;0.12535816618911175;0.22063037249283668
Novo Nordisk (EU);G7;2010;INDUS;2.74654;0.69598;1.4329;0.31862;3.43;PHARMA;PHARMA;5;2.74654;0.69598;0.31862;1.4329;0.11600777705767985;0.5217109526895658
Novo Nordisk (EU);G7;2011;INDUS;2.65794;0.7477199999999999;1.19784;0.34224;3.56;PHARMA;PHARMA;6;2.65794;0.7477199999999999;0.34224;1.19784;0.12876137158852344;0.45066480055983205
Novo Nordisk (EU);G7;2012;INDUS;2.55348;0.71276;1.19024;0.32524;3.68;PHARMA;PHARMA;7;2.55348;0.71276;0.32524;1.19024;0.12737127371273713;0.46612466124661245
Novo Nordisk (EU);G7;2013;INDUS;2.73052;0.75828;1.21752;0.3435399999999999;3.79;PHARMA;PHARMA;8;2.73052;0.75828;0.3435399999999999;1.21752;0.12581486310299866;0.44589308996088656
Novo Nordisk (EU);G7;2014;INDUS;2.7768;0.77786;1.1926;0.35244;3.95;PHARMA;PHARMA;9;2.7768;0.77786;0.35244;1.1926;0.12692307692307692;0.4294871794871795
Novo Nordisk (EU);G7;2015;INDUS;2.3989000000000003;0.6705;1.0578999999999998;0.298;4.1;PHARMA;PHARMA;10;2.3989000000000003;0.6705;0.298;1.0578999999999998;0.12422360248447203;0.44099378881987567
Novo Nordisk (EU);G7;2016;INDUS;2.5032;0.7598999999999999;1.1026;0.3278;4.2;PHARMA;PHARMA;11;2.5032;0.7598999999999999;0.3278;1.1026;0.13095238095238093;0.44047619047619047
Novo Nordisk (EU);G7;2017;INDUS;2.5519;0.8757999999999999;1.1325;0.3171;4.2;PHARMA;PHARMA;12;2.5519;0.8757999999999999;0.3171;1.1325;0.12426035502958581;0.44378698224852076
Novo Nordisk (EU);G7;2018;INDUS;2.607;1.027;1.2008;0.3634;4.3;PHARMA;PHARMA;13;2.607;1.027;0.3634;1.2008;0.13939393939393938;0.46060606060606063
Novo Nordisk (EU);G7;2019;INDUS;2.73;1.08;1.17;0.315;4.3;PHARMA;PHARMA;14;2.73;1.08;0.315;1.17;0.11538461538461539;0.42857142857142855
Novo Nordisk (EU);G7;2020;INDUS;2.9681999999999995;1.1934;1.2546;0.3519;4.5;PHARMA;PHARMA;15;2.9681999999999995;1.1934;0.3519;1.2546;0.11855670103092786;0.4226804123711341
Novo Nordisk (EU);G7;2021;INDUS;3.3708;1.3515;1.3992000000000002;0.3975;4.8;PHARMA;PHARMA;16;3.3708;1.3515;0.3975;1.3992000000000002;0.1179245283018868;0.4150943396226416
Novo Nordisk (EU);G7;2022;INDUS;3.5391;1.3818;1.5650999999999995;0.4512;5.5;PHARMA;PHARMA;17;3.5391;1.3818;0.4512;1.5650999999999995;0.12749003984063745;0.44223107569721104
Novo Nordisk (EU);G7;2023;INDUS;4.900999999999999;1.8125;2.204;0.696;6.4;PHARMA;PHARMA;18;4.900999999999999;1.8125;0.696;2.204;0.14201183431952666;0.44970414201183445
Novo Nordisk (EU);G7;2024;INDUS;5.5825;2.291;2.6825;0.7975;7.2;PHARMA;PHARMA;19;5.5825;2.291;0.7975;2.6825;0.14285714285714288;0.48051948051948057
Nvidia (US);G7;2005;TECH;2.37;0.23;0.17;0.74;0.48;TECH;TECH;0;2.37;0.23;0.74;0.17;0.3122362869198312;0.07172995780590717
Nvidia (US);G7;2006;TECH;2.6;0.25;0.19;0.78;0.51;TECH;TECH;1;2.6;0.25;0.78;0.19;0.3;0.07307692307692308
Nvidia (US);G7;2007;TECH;2.89;0.27;0.21;0.82;0.55;TECH;TECH;2;2.89;0.27;0.82;0.21;0.28373702422145325;0.07266435986159168
Nvidia (US);G7;2008;TECH;3.14;0.29;0.23;0.87;0.58;TECH;TECH;3;3.14;0.29;0.87;0.23;0.2770700636942675;0.0732484076433121
Nvidia (US);G7;2009;TECH;3.08;0.32;0.24;0.93;0.62;TECH;TECH;4;3.08;0.32;0.93;0.24;0.30194805194805197;0.07792207792207792
Nvidia (US);G7;2010;TECH;3.4;0.35;0.51;0.99;0.65;TECH;TECH;5;3.4;0.35;0.99;0.51;0.2911764705882353;0.15
Nvidia (US);G7;2011;TECH;3.15;0.37;0.41;1.04;0.69;TECH;TECH;6;3.15;0.37;1.04;0.41;0.3301587301587302;0.13015873015873017
Nvidia (US);G7;2012;TECH;3.65;0.4;0.49;1.1;0.73;TECH;TECH;7;3.65;0.4;1.1;0.49;0.30136986301369867;0.13424657534246576
Nvidia (US);G7;2013;TECH;4.04;0.43;0.55;1.16;0.78;TECH;TECH;8;4.04;0.43;1.16;0.55;0.2871287128712871;0.13613861386138615
Nvidia (US);G7;2014;TECH;4.53;0.46;0.64;1.23;0.85;TECH;TECH;9;4.53;0.46;1.23;0.64;0.271523178807947;0.141280353200883
Nvidia (US);G7;2015;TECH;5.0;0.5;0.7;1.3;0.9;TECH;TECH;10;5.0;0.5;1.3;0.7;0.26;0.13999999999999999
Nvidia (US);G7;2016;TECH;6.9;0.5;1.9;1.5;1.0;TECH;TECH;11;6.9;0.5;1.5;1.9;0.21739130434782608;0.27536231884057966
Nvidia (US);G7;2017;TECH;9.7;0.6;3.2;1.8;1.1;TECH;TECH;12;9.7;0.6;1.8;3.2;0.18556701030927836;0.3298969072164949
Nvidia (US);G7;2018;TECH;11.7;0.6;3.8;2.4;1.3;TECH;TECH;13;11.7;0.6;2.4;3.8;0.20512820512820512;0.3247863247863248
Nvidia (US);G7;2019;TECH;10.9;0.7;2.8;2.8;1.4;TECH;TECH;14;10.9;0.7;2.8;2.8;0.2568807339449541;0.2568807339449541
Nvidia (US);G7;2020;TECH;16.7;1.1;4.5;3.9;1.9;TECH;TECH;15;16.7;1.1;3.9;4.5;0.23353293413173654;0.2694610778443114
Nvidia (US);G7;2021;TECH;26.9;1.4;10.0;5.3;2.2;TECH;TECH;16;26.9;1.4;5.3;10.0;0.1970260223048327;0.3717472118959108
Nvidia (US);G7;2022;TECH;27.0;1.5;5.6;7.3;2.6;TECH;TECH;17;27.0;1.5;7.3;5.6;0.27037037037037037;0.2074074074074074
Nvidia (US);G7;2023;TECH;60.9;1.6;33.0;8.6;3.0;TECH;TECH;18;60.9;1.6;8.6;33.0;0.1412151067323481;0.541871921182266
Nvidia (US);G7;2024;TECH;96.0;1.8;55.0;10.5;3.2;TECH;TECH;19;96.0;1.8;10.5;55.0;0.109375;0.5729166666666666
Olympus (JP);G7;2005;INDUS;4.11;0.92;0.29;0.41;2.16;PHARMA;PHARMA;0;4.11;0.92;0.41;0.29;0.0997566909975669;0.07055961070559609
Olympus (JP);G7;2006;INDUS;4.34;0.96;0.31;0.43;2.25;PHARMA;PHARMA;1;4.34;0.96;0.43;0.31;0.09907834101382489;0.07142857142857142
Olympus (JP);G7;2007;INDUS;4.65;1.02;0.32;0.44;2.33;PHARMA;PHARMA;2;4.65;1.02;0.44;0.32;0.09462365591397849;0.06881720430107527
Olympus (JP);G7;2008;INDUS;4.99;1.08;0.33;0.45;2.47;PHARMA;PHARMA;3;4.99;1.08;0.45;0.33;0.09018036072144288;0.06613226452905811
Olympus (JP);G7;2009;INDUS;4.89;1.16;0.35;0.47;2.6;PHARMA;PHARMA;4;4.89;1.16;0.47;0.35;0.09611451942740286;0.07157464212678936
Olympus (JP);G7;2010;INDUS;5.58;1.21;0.72;0.49;2.72;PHARMA;PHARMA;5;5.58;1.21;0.49;0.72;0.08781362007168458;0.12903225806451613
Olympus (JP);G7;2011;INDUS;5.17;1.27;0.58;0.5;2.85;PHARMA;PHARMA;6;5.17;1.27;0.5;0.58;0.09671179883945842;0.11218568665377175
Olympus (JP);G7;2012;INDUS;5.57;1.32;0.65;0.53;3.0;PHARMA;PHARMA;7;5.57;1.32;0.53;0.65;0.09515260323159784;0.11669658886894076
Olympus (JP);G7;2013;INDUS;5.9;1.38;0.7;0.55;3.09;PHARMA;PHARMA;8;5.9;1.38;0.55;0.7;0.09322033898305085;0.11864406779661016
Olympus (JP);G7;2014;INDUS;6.35;1.45;0.75;0.57;3.18;PHARMA;PHARMA;9;6.35;1.45;0.57;0.75;0.08976377952755905;0.11811023622047245
Olympus (JP);G7;2015;INDUS;6.8;1.5;0.8;0.6;3.3;PHARMA;PHARMA;10;6.8;1.5;0.6;0.8;0.08823529411764706;0.11764705882352942
Olympus (JP);G7;2016;INDUS;6.2;1.4;0.6;0.6;3.3;PHARMA;PHARMA;11;6.2;1.4;0.6;0.6;0.0967741935483871;0.0967741935483871
Olympus (JP);G7;2017;INDUS;6.8;1.5;0.7;0.7;3.5;PHARMA;PHARMA;12;6.8;1.5;0.7;0.7;0.10294117647058823;0.10294117647058823
Olympus (JP);G7;2018;INDUS;7.1;1.6;0.7;0.7;3.5;PHARMA;PHARMA;13;7.1;1.6;0.7;0.7;0.09859154929577464;0.09859154929577464
Olympus (JP);G7;2019;INDUS;6.5;1.7;0.8;0.7;3.5;PHARMA;PHARMA;14;6.5;1.7;0.7;0.8;0.10769230769230768;0.12307692307692308
Olympus (JP);G7;2020;INDUS;6.3;1.8;0.8;0.6;3.4;PHARMA;PHARMA;15;6.3;1.8;0.6;0.8;0.09523809523809523;0.126984126984127
Olympus (JP);G7;2021;INDUS;6.8;1.9;1.1;0.5;3.1;PHARMA;PHARMA;16;6.8;1.9;0.5;1.1;0.07352941176470588;0.16176470588235295
Olympus (JP);G7;2022;INDUS;6.2;1.6;1.2;0.4;3.1;PHARMA;PHARMA;17;6.2;1.6;0.4;1.2;0.06451612903225806;0.1935483870967742
Olympus (JP);G7;2023;INDUS;6.0;1.5;1.3;0.4;3.2;PHARMA;PHARMA;18;6.0;1.5;0.4;1.3;0.06666666666666667;0.21666666666666667
Olympus (JP);G7;2024;INDUS;6.4;1.7;1.4;0.5;3.3;PHARMA;PHARMA;19;6.4;1.7;0.5;1.4;0.078125;0.21874999999999997
Omron (JP);G7;2005;INDUS;5.0;2.12;0.2;0.32;30.17;INDUS;INDUS;0;5.0;2.12;0.32;0.2;0.064;0.04
Omron (JP);G7;2006;INDUS;5.45;2.16;0.22;0.33;31.03;INDUS;INDUS;1;5.45;2.16;0.33;0.22;0.060550458715596334;0.04036697247706422
Omron (JP);G7;2007;INDUS;5.56;2.25;0.22;0.34;31.58;INDUS;INDUS;2;5.56;2.25;0.34;0.22;0.061151079136690656;0.03956834532374101
Omron (JP);G7;2008;INDUS;5.78;2.32;0.23;0.36;32.88;INDUS;INDUS;3;5.78;2.32;0.36;0.23;0.06228373702422145;0.039792387543252594
Omron (JP);G7;2009;INDUS;5.67;2.36;0.24;0.37;33.69;INDUS;INDUS;4;5.67;2.36;0.37;0.24;0.06525573192239859;0.042328042328042326
Omron (JP);G7;2010;INDUS;6.73;2.44;0.65;0.38;34.34;INDUS;INDUS;5;6.73;2.44;0.38;0.65;0.05646359583952451;0.09658246656760773
Omron (JP);G7;2011;INDUS;6.23;2.5;0.52;0.38;34.69;INDUS;INDUS;6;6.23;2.5;0.38;0.52;0.060995184590690206;0.08346709470304976
Omron (JP);G7;2012;INDUS;6.49;2.54;0.54;0.39;35.59;INDUS;INDUS;7;6.49;2.54;0.39;0.54;0.060092449922958396;0.08320493066255778
Omron (JP);G7;2013;INDUS;6.89;2.64;0.57;0.39;37.04;INDUS;INDUS;8;6.89;2.64;0.39;0.57;0.05660377358490566;0.08272859216255442
Omron (JP);G7;2014;INDUS;7.29;2.72;0.6;0.39;37.22;INDUS;INDUS;9;7.29;2.72;0.39;0.6;0.053497942386831275;0.0823045267489712
Omron (JP);G7;2015;INDUS;6.85;1.15;0.75;0.42;3.7;INDUS;INDUS;10;6.85;1.15;0.42;0.75;0.061313868613138686;0.10948905109489052
Omron (JP);G7;2016;INDUS;6.52;1.12;0.65;0.41;3.6;INDUS;INDUS;11;6.52;1.12;0.41;0.65;0.06288343558282208;0.09969325153374234
Omron (JP);G7;2017;INDUS;7.15;1.18;0.82;0.45;3.6;INDUS;INDUS;12;7.15;1.18;0.45;0.82;0.06293706293706293;0.11468531468531468
Omron (JP);G7;2018;INDUS;7.85;1.22;0.85;0.48;3.5;INDUS;INDUS;13;7.85;1.22;0.48;0.85;0.061146496815286625;0.10828025477707007
Omron (JP);G7;2019;INDUS;6.32;1.25;0.52;0.46;2.8;INDUS;INDUS;14;6.32;1.25;0.46;0.52;0.07278481012658228;0.08227848101265822
Omron (JP);G7;2020;INDUS;6.15;1.28;0.55;0.48;2.8;INDUS;INDUS;15;6.15;1.28;0.48;0.55;0.07804878048780486;0.08943089430894309
Omron (JP);G7;2021;INDUS;6.95;1.32;0.85;0.52;2.9;INDUS;INDUS;16;6.95;1.32;0.52;0.85;0.07482014388489208;0.12230215827338128
Omron (JP);G7;2022;INDUS;7.82;1.38;0.95;0.55;2.9;INDUS;INDUS;17;7.82;1.38;0.55;0.95;0.07033248081841433;0.12148337595907928
Omron (JP);G7;2023;INDUS;7.52;1.42;0.85;0.58;2.85;INDUS;INDUS;18;7.52;1.42;0.58;0.85;0.07712765957446809;0.11303191489361702
Omron (JP);G7;2024;INDUS;7.85;1.45;0.92;0.62;2.9;INDUS;INDUS;19;7.85;1.45;0.62;0.92;0.07898089171974522;0.11719745222929938
Oracle (US);G7;2005;TECH;15.98;1.3;3.8;3.13;7.39;TECH;TECH;0;15.98;1.3;3.13;3.8;0.19586983729662077;0.23779724655819773
Oracle (US);G7;2006;TECH;17.49;1.42;4.11;3.28;7.69;TECH;TECH;1;17.49;1.42;3.28;4.11;0.18753573470554602;0.234991423670669
Oracle (US);G7;2007;TECH;19.25;1.53;4.4;3.48;8.3;TECH;TECH;2;19.25;1.53;3.48;4.4;0.1807792207792208;0.2285714285714286
Oracle (US);G7;2008;TECH;22.13;1.68;5.14;3.66;8.85;TECH;TECH;3;22.13;1.68;3.66;5.14;0.16538635336647087;0.23226389516493448
Oracle (US);G7;2009;TECH;21.7;1.79;5.41;3.87;9.42;TECH;TECH;4;21.7;1.79;3.87;5.41;0.1783410138248848;0.24930875576036868
Oracle (US);G7;2010;TECH;25.35;1.96;11.03;4.09;10.03;TECH;TECH;5;25.35;1.96;4.09;11.03;0.16134122287968442;0.4351084812623274
Oracle (US);G7;2011;TECH;23.47;2.11;8.82;4.39;10.73;TECH;TECH;6;23.47;2.11;4.39;8.82;0.18704729441840648;0.37579889220281215
Oracle (US);G7;2012;TECH;26.47;2.26;9.96;4.64;11.4;TECH;TECH;7;26.47;2.26;4.64;9.96;0.1752927842840952;0.37627502833396304
Oracle (US);G7;2013;TECH;30.44;2.44;11.95;4.93;12.04;TECH;TECH;8;30.44;2.44;4.93;11.95;0.16195795006570302;0.39257555847568987
Oracle (US);G7;2014;TECH;33.78;2.64;12.72;5.2;12.87;TECH;TECH;9;33.78;2.64;5.2;12.72;0.15393724097098876;0.3765541740674956
Oracle (US);G7;2015;TECH;38.2;2.8;13.8;5.5;13.5;TECH;TECH;10;38.2;2.8;5.5;13.8;0.14397905759162302;0.3612565445026178
Oracle (US);G7;2016;TECH;37.0;2.6;12.6;5.8;13.6;TECH;TECH;11;37.0;2.6;5.8;12.6;0.15675675675675677;0.3405405405405405
Oracle (US);G7;2017;TECH;37.8;2.4;12.7;6.2;13.8;TECH;TECH;12;37.8;2.4;6.2;12.7;0.16402116402116404;0.335978835978836
Oracle (US);G7;2018;TECH;39.8;2.2;13.7;6.0;13.7;TECH;TECH;13;39.8;2.2;6.0;13.7;0.15075376884422112;0.3442211055276382
Oracle (US);G7;2019;TECH;39.5;2.1;13.5;6.0;13.6;TECH;TECH;14;39.5;2.1;6.0;13.5;0.1518987341772152;0.34177215189873417
Oracle (US);G7;2020;TECH;39.1;1.9;13.9;6.1;13.5;TECH;TECH;15;39.1;1.9;6.1;13.9;0.15601023017902813;0.3554987212276215
Oracle (US);G7;2021;TECH;40.5;2.1;15.2;6.5;13.2;TECH;TECH;16;40.5;2.1;6.5;15.2;0.16049382716049382;0.3753086419753086
Oracle (US);G7;2022;TECH;42.4;3.5;11.0;7.2;14.3;TECH;TECH;17;42.4;3.5;7.2;11.0;0.169811320754717;0.25943396226415094
Oracle (US);G7;2023;TECH;50.0;4.8;13.1;8.6;16.4;TECH;TECH;18;50.0;4.8;8.6;13.1;0.172;0.262
Oracle (US);G7;2024;TECH;53.0;5.5;15.4;9.2;15.9;TECH;TECH;19;53.0;5.5;9.2;15.4;0.17358490566037735;0.29056603773584905
Oshkosh (US);G7;2005;INDUS;4.17;0.39;0.14;0.12;0.99;INDUS;INDUS;0;4.17;0.39;0.12;0.14;0.028776978417266185;0.03357314148681056
Oshkosh (US);G7;2006;INDUS;4.25;0.4;0.15;0.12;1.01;INDUS;INDUS;1;4.25;0.4;0.12;0.15;0.028235294117647056;0.03529411764705882
Oshkosh (US);G7;2007;INDUS;4.54;0.41;0.16;0.12;1.06;INDUS;INDUS;2;4.54;0.41;0.12;0.16;0.026431718061674006;0.03524229074889868
Oshkosh (US);G7;2008;INDUS;4.81;0.42;0.17;0.12;1.08;INDUS;INDUS;3;4.81;0.42;0.12;0.17;0.02494802494802495;0.035343035343035345
Oshkosh (US);G7;2009;INDUS;4.72;0.44;0.18;0.12;1.11;INDUS;INDUS;4;4.72;0.44;0.12;0.18;0.025423728813559324;0.038135593220338986
Oshkosh (US);G7;2010;INDUS;5.67;0.46;0.45;0.12;1.13;INDUS;INDUS;5;5.67;0.46;0.12;0.45;0.021164021164021163;0.07936507936507937
Oshkosh (US);G7;2011;INDUS;5.25;0.48;0.36;0.12;1.17;INDUS;INDUS;6;5.25;0.48;0.12;0.36;0.022857142857142857;0.06857142857142857
Oshkosh (US);G7;2012;INDUS;5.48;0.5;0.36;0.12;1.2;INDUS;INDUS;7;5.48;0.5;0.12;0.36;0.0218978102189781;0.0656934306569343
Oshkosh (US);G7;2013;INDUS;5.92;0.52;0.4;0.12;1.24;INDUS;INDUS;8;5.92;0.52;0.12;0.4;0.02027027027027027;0.06756756756756757
Oshkosh (US);G7;2014;INDUS;6.06;0.53;0.42;0.12;1.28;INDUS;INDUS;9;6.06;0.53;0.12;0.42;0.019801980198019802;0.06930693069306931
Oshkosh (US);G7;2015;INDUS;6.1;0.55;0.42;0.12;1.33;INDUS;INDUS;10;6.1;0.55;0.12;0.42;0.019672131147540985;0.06885245901639345
Oshkosh (US);G7;2016;INDUS;6.28;0.58;0.48;0.14;1.35;INDUS;INDUS;11;6.28;0.58;0.14;0.48;0.02229299363057325;0.07643312101910828
Oshkosh (US);G7;2017;INDUS;6.83;0.62;0.52;0.18;1.47;INDUS;INDUS;12;6.83;0.62;0.18;0.52;0.026354319180087845;0.07613469985358712
Oshkosh (US);G7;2018;INDUS;7.71;0.65;0.65;0.22;1.52;INDUS;INDUS;13;7.71;0.65;0.22;0.65;0.028534370946822308;0.08430609597924774
Oshkosh (US);G7;2019;INDUS;8.38;0.72;0.82;0.25;1.55;INDUS;INDUS;14;8.38;0.72;0.25;0.82;0.029832935560859187;0.09785202863961813
Oshkosh (US);G7;2020;INDUS;6.86;0.75;0.45;0.28;1.43;INDUS;INDUS;15;6.86;0.75;0.28;0.45;0.04081632653061225;0.06559766763848396
Oshkosh (US);G7;2021;INDUS;7.95;0.82;0.62;0.32;1.51;INDUS;INDUS;16;7.95;0.82;0.32;0.62;0.04025157232704402;0.0779874213836478
Oshkosh (US);G7;2022;INDUS;8.28;0.88;0.51;0.35;1.55;INDUS;INDUS;17;8.28;0.88;0.35;0.51;0.042270531400966184;0.06159420289855073
Oshkosh (US);G7;2023;INDUS;9.66;0.95;0.85;0.38;1.68;INDUS;INDUS;18;9.66;0.95;0.38;0.85;0.039337474120082816;0.08799171842650103
Oshkosh (US);G7;2024;INDUS;10.45;1.05;0.95;0.42;1.75;INDUS;INDUS;19;10.45;1.05;0.42;0.95;0.04019138755980861;0.09090909090909091
POSCO (KR);G7;2005;INDUS;34.09;25.02;0.82;0.34;2.84;INDUS;INDUS;0;34.09;25.02;0.34;0.82;0.009973599295981225;0.0240539747726606
POSCO (KR);G7;2006;INDUS;33.78;25.27;0.8;0.35;2.84;INDUS;INDUS;1;33.78;25.27;0.35;0.8;0.010361160449970395;0.023682652457075192
POSCO (KR);G7;2007;INDUS;35.28;25.74;0.83;0.35;2.87;INDUS;INDUS;2;35.28;25.74;0.35;0.83;0.00992063492063492;0.023526077097505666
POSCO (KR);G7;2008;INDUS;36.96;25.96;0.83;0.35;2.95;INDUS;INDUS;3;36.96;25.96;0.35;0.83;0.009469696969696968;0.022456709956709956
POSCO (KR);G7;2009;INDUS;36.24;26.7;0.87;0.35;3.02;INDUS;INDUS;4;36.24;26.7;0.35;0.87;0.00965783664459161;0.02400662251655629
POSCO (KR);G7;2010;INDUS;48.52;27.4;2.23;0.36;3.07;INDUS;INDUS;5;48.52;27.4;0.36;2.23;0.007419620774938169;0.045960428689200326
POSCO (KR);G7;2011;INDUS;44.93;27.6;1.78;0.37;3.14;INDUS;INDUS;6;44.93;27.6;0.37;1.78;0.00823503227242377;0.039617182283552196
POSCO (KR);G7;2012;INDUS;45.38;27.91;1.86;0.37;3.23;INDUS;INDUS;7;45.38;27.91;0.37;1.86;0.008153371529308064;0.04098721903922433
POSCO (KR);G7;2013;INDUS;47.17;28.32;2.03;0.38;3.27;INDUS;INDUS;8;47.17;28.32;0.38;2.03;0.008055967776128894;0.043035827856688566
POSCO (KR);G7;2014;INDUS;50.59;28.42;2.14;0.39;3.33;INDUS;INDUS;9;50.59;28.42;0.39;2.14;0.007709033405811425;0.04230084997034987
POSCO (KR);G7;2015;INDUS;51.2;28.5;2.1;0.4;3.4;INDUS;INDUS;10;51.2;28.5;0.4;2.1;0.0078125;0.041015625
POSCO (KR);G7;2016;INDUS;48.5;26.8;2.5;0.4;3.3;INDUS;INDUS;11;48.5;26.8;0.4;2.5;0.008247422680412371;0.05154639175257732
POSCO (KR);G7;2017;INDUS;53.2;25.5;4.1;0.5;3.2;INDUS;INDUS;12;53.2;25.5;0.5;4.1;0.009398496240601503;0.07706766917293233
POSCO (KR);G7;2018;INDUS;58.4;24.1;4.8;0.5;3.2;INDUS;INDUS;13;58.4;24.1;0.5;4.8;0.008561643835616438;0.0821917808219178
POSCO (KR);G7;2019;INDUS;57.1;24.5;3.4;0.5;3.3;INDUS;INDUS;14;57.1;24.5;0.5;3.4;0.008756567425569177;0.0595446584938704
POSCO (KR);G7;2020;INDUS;48.2;23.8;2.1;0.5;3.2;INDUS;INDUS;15;48.2;23.8;0.5;2.1;0.01037344398340249;0.043568464730290454
POSCO (KR);G7;2021;INDUS;68.5;25.1;8.5;0.6;3.2;INDUS;INDUS;16;68.5;25.1;0.6;8.5;0.00875912408759124;0.12408759124087591
POSCO (KR);G7;2022;INDUS;75.2;26.4;4.3;0.6;3.3;INDUS;INDUS;17;75.2;26.4;0.6;4.3;0.007978723404255319;0.05718085106382978
POSCO (KR);G7;2023;INDUS;65.8;28.2;3.2;0.7;3.4;INDUS;INDUS;18;65.8;28.2;0.7;3.2;0.010638297872340425;0.04863221884498481
POSCO (KR);G7;2024;INDUS;62.5;29.5;3.8;0.7;3.4;INDUS;INDUS;19;62.5;29.5;0.7;3.8;0.0112;0.0608
Paccar (US);G7;2005;INDUS;12.62;2.35;1.03;0.19;1.83;AUTO;AUTO;0;12.62;2.35;0.19;1.03;0.015055467511885896;0.08161648177496039
Paccar (US);G7;2006;INDUS;13.24;2.39;1.07;0.19;1.89;AUTO;AUTO;1;13.24;2.39;0.19;1.07;0.014350453172205438;0.08081570996978853
Paccar (US);G7;2007;INDUS;14.04;2.43;1.19;0.2;1.92;AUTO;AUTO;2;14.04;2.43;0.2;1.19;0.014245014245014247;0.08475783475783476
Paccar (US);G7;2008;INDUS;14.26;2.5;1.19;0.2;1.95;AUTO;AUTO;3;14.26;2.5;0.2;1.19;0.014025245441795233;0.08345021037868162
Paccar (US);G7;2009;INDUS;13.98;2.55;1.25;0.21;2.03;AUTO;AUTO;4;13.98;2.55;0.21;1.25;0.01502145922746781;0.08941344778254649
Paccar (US);G7;2010;INDUS;17.76;2.61;2.4;0.22;2.07;AUTO;AUTO;5;17.76;2.61;0.22;2.4;0.012387387387387386;0.13513513513513511
Paccar (US);G7;2011;INDUS;16.44;2.69;1.92;0.22;2.14;AUTO;AUTO;6;16.44;2.69;0.22;1.92;0.01338199513381995;0.1167883211678832
Paccar (US);G7;2012;INDUS;17.53;2.74;2.1;0.22;2.17;AUTO;AUTO;7;17.53;2.74;0.22;2.1;0.012549914432401596;0.11979463776383342
Paccar (US);G7;2013;INDUS;18.36;2.77;2.18;0.22;2.21;AUTO;AUTO;8;18.36;2.77;0.22;2.18;0.011982570806100218;0.11873638344226581
Paccar (US);G7;2014;INDUS;18.21;2.8;2.23;0.23;2.27;AUTO;AUTO;9;18.21;2.8;0.23;2.23;0.012630422844590884;0.12246018671059856
Paccar (US);G7;2015;INDUS;19.12;2.85;2.25;0.24;2.3;AUTO;AUTO;10;19.12;2.85;0.24;2.25;0.012552301255230124;0.11767782426778242
Paccar (US);G7;2016;INDUS;17.03;2.75;1.85;0.25;2.3;AUTO;AUTO;11;17.03;2.75;0.25;1.85;0.01467997651203758;0.1086318261890781
Paccar (US);G7;2017;INDUS;19.46;2.95;2.45;0.26;2.5;AUTO;AUTO;12;19.46;2.95;0.26;2.45;0.013360739979445015;0.12589928057553956
Paccar (US);G7;2018;INDUS;23.5;3.25;3.15;0.31;2.8;AUTO;AUTO;13;23.5;3.25;0.31;3.15;0.013191489361702127;0.13404255319148936
Paccar (US);G7;2019;INDUS;25.6;3.55;3.45;0.33;2.7;AUTO;AUTO;14;25.6;3.55;0.33;3.45;0.012890625;0.134765625
Paccar (US);G7;2020;INDUS;18.73;3.65;1.85;0.28;2.6;AUTO;AUTO;15;18.73;3.65;0.28;1.85;0.014949279231179927;0.09877202349172451
Paccar (US);G7;2021;INDUS;23.52;3.85;2.55;0.32;2.8;AUTO;AUTO;16;23.52;3.85;0.32;2.55;0.01360544217687075;0.10841836734693877
Paccar (US);G7;2022;INDUS;28.82;4.15;3.85;0.34;3.1;AUTO;AUTO;17;28.82;4.15;0.34;3.85;0.01179736294240111;0.13358778625954199
Paccar (US);G7;2023;INDUS;35.13;4.85;5.25;0.41;3.2;AUTO;AUTO;18;35.13;4.85;0.41;5.25;0.011670936521491601;0.14944491887275832
Paccar (US);G7;2024;INDUS;36.25;5.15;5.45;0.45;3.3;AUTO;AUTO;19;36.25;5.15;0.45;5.45;0.012413793103448275;0.1503448275862069
Palo Alto (US);G7;2010;INDUS;0.118;0.015;0.005;0.026;0.21;TECH;TECH;5;0.118;0.015;0.026;0.005;0.22033898305084745;0.04237288135593221
Palo Alto (US);G7;2011;INDUS;0.201;0.022;0.022;0.038;0.22;TECH;TECH;6;0.201;0.022;0.038;0.022;0.18905472636815918;0.10945273631840795
Palo Alto (US);G7;2012;INDUS;0.255;0.031;-0.02;0.052;0.24;TECH;TECH;7;0.255;0.031;0.052;-0.02;0.20392156862745098;-0.0784313725490196
Palo Alto (US);G7;2013;INDUS;0.415;0.045;-0.028;0.078;0.26;TECH;TECH;8;0.415;0.045;0.078;-0.028;0.18795180722891566;-0.06746987951807229
Palo Alto (US);G7;2014;INDUS;0.598;0.062;-0.045;0.108;0.28;TECH;TECH;9;0.598;0.062;0.108;-0.045;0.18060200668896323;-0.07525083612040134
Palo Alto (US);G7;2015;INDUS;0.928;0.085;-0.13;0.155;0.3;TECH;TECH;10;0.928;0.085;0.155;-0.13;0.1670258620689655;-0.1400862068965517
Palo Alto (US);G7;2016;INDUS;1.378;0.115;-0.17;0.22;0.4;TECH;TECH;11;1.378;0.115;0.22;-0.17;0.15965166908563136;-0.12336719883889698
Palo Alto (US);G7;2017;INDUS;1.79;0.15;-0.19;0.29;0.5;TECH;TECH;12;1.79;0.15;0.29;-0.19;0.16201117318435754;-0.10614525139664804
Palo Alto (US);G7;2018;INDUS;2.26;0.195;-0.12;0.37;0.6;TECH;TECH;13;2.26;0.195;0.37;-0.12;0.16371681415929204;-0.05309734513274337
Palo Alto (US);G7;2019;INDUS;2.9;0.255;-0.035;0.47;0.7;TECH;TECH;14;2.9;0.255;0.47;-0.035;0.16206896551724137;-0.012068965517241381
Palo Alto (US);G7;2020;INDUS;3.4;0.32;0.045;0.58;0.8;TECH;TECH;15;3.4;0.32;0.58;0.045;0.17058823529411765;0.013235294117647059
Palo Alto (US);G7;2021;INDUS;4.256;0.4;0.12;0.71;1.0;TECH;TECH;16;4.256;0.4;0.71;0.12;0.16682330827067668;0.02819548872180451
Palo Alto (US);G7;2022;INDUS;5.502;0.49;0.23;0.86;1.3;TECH;TECH;17;5.502;0.49;0.86;0.23;0.1563067975281716;0.04180298073427845
Palo Alto (US);G7;2023;INDUS;6.89;0.59;0.74;1.02;1.4;TECH;TECH;18;6.89;0.59;1.02;0.74;0.14804063860667635;0.10740203193033382
Palo Alto (US);G7;2024;INDUS;8.03;0.7;1.15;1.21;1.5;TECH;TECH;19;8.03;0.7;1.21;1.15;0.15068493150684933;0.1432129514321295
Panasonic (JP);G7;2005;INDUS;41.6;11.59;1.13;3.91;22.27;INDUS;INDUS;0;41.6;11.59;3.91;1.13;0.09399038461538461;0.027163461538461536
Panasonic (JP);G7;2006;INDUS;43.97;11.84;1.24;3.93;22.67;INDUS;INDUS;1;43.97;11.84;3.93;1.24;0.08937912212872413;0.02820104616784171
Panasonic (JP);G7;2007;INDUS;46.32;12.26;1.31;3.96;23.66;INDUS;INDUS;2;46.32;12.26;3.96;1.31;0.08549222797927461;0.028281519861830744
Panasonic (JP);G7;2008;INDUS;48.56;12.36;1.34;3.96;24.16;INDUS;INDUS;3;48.56;12.36;3.96;1.34;0.0815485996705107;0.02759472817133443
Panasonic (JP);G7;2009;INDUS;47.61;12.75;1.41;3.98;24.37;INDUS;INDUS;4;47.61;12.75;3.98;1.41;0.08359588321781139;0.02961562696912413
Panasonic (JP);G7;2010;INDUS;64.3;13.03;3.44;3.91;24.45;INDUS;INDUS;5;64.3;13.03;3.91;3.44;0.06080870917573873;0.05349922239502333
Panasonic (JP);G7;2011;INDUS;59.54;13.37;2.75;3.92;24.5;INDUS;INDUS;6;59.54;13.37;3.92;2.75;0.0658380920389654;0.04618743701713134
Panasonic (JP);G7;2012;INDUS;60.51;13.69;2.8;3.98;24.53;INDUS;INDUS;7;60.51;13.69;3.98;2.8;0.0657742521897207;0.04627334324904974
Panasonic (JP);G7;2013;INDUS;63.09;13.79;2.89;4.03;24.71;INDUS;INDUS;8;63.09;13.79;4.03;2.89;0.06387700110952607;0.045807576478047236
Panasonic (JP);G7;2014;INDUS;64.08;13.78;3.08;4.06;25.12;INDUS;INDUS;9;64.08;13.78;4.06;3.08;0.06335830212234707;0.048064918851435705
Panasonic (JP);G7;2015;INDUS;65.2;14.1;3.1;4.1;25.4;INDUS;INDUS;10;65.2;14.1;4.1;3.1;0.06288343558282208;0.047546012269938646
Panasonic (JP);G7;2016;INDUS;63.5;13.8;2.8;4.0;24.8;INDUS;INDUS;11;63.5;13.8;4.0;2.8;0.06299212598425197;0.04409448818897638
Panasonic (JP);G7;2017;INDUS;67.1;13.5;3.5;4.2;25.1;INDUS;INDUS;12;67.1;13.5;4.2;3.5;0.06259314456035768;0.05216095380029807
Panasonic (JP);G7;2018;INDUS;68.2;13.2;3.8;4.3;25.5;INDUS;INDUS;13;68.2;13.2;4.3;3.8;0.06304985337243402;0.055718475073313775
Panasonic (JP);G7;2019;INDUS;65.8;12.9;3.2;4.2;25.1;INDUS;INDUS;14;65.8;12.9;4.2;3.2;0.06382978723404256;0.04863221884498481
Panasonic (JP);G7;2020;INDUS;56.2;12.1;2.1;4.0;24.2;INDUS;INDUS;15;56.2;12.1;4.0;2.1;0.07117437722419928;0.037366548042704624
Panasonic (JP);G7;2021;INDUS;60.5;12.4;2.5;4.1;24.5;INDUS;INDUS;16;60.5;12.4;4.1;2.5;0.06776859504132231;0.04132231404958678
Panasonic (JP);G7;2022;INDUS;65.2;12.8;3.2;4.2;24.8;INDUS;INDUS;17;65.2;12.8;4.2;3.2;0.06441717791411043;0.049079754601226995
Panasonic (JP);G7;2023;INDUS;62.5;13.1;3.4;4.1;23.5;INDUS;INDUS;18;62.5;13.1;4.1;3.4;0.06559999999999999;0.0544
Panasonic (JP);G7;2024;INDUS;58.5;12.5;3.5;3.8;23.2;INDUS;INDUS;19;58.5;12.5;3.8;3.5;0.06495726495726495;0.05982905982905983
Parker-Hannifin (US);G7;2005;INDUS;9.69;1.39;0.7;0.29;4.25;INDUS;INDUS;0;9.69;1.39;0.29;0.7;0.029927760577915376;0.07223942208462332
Parker-Hannifin (US);G7;2006;INDUS;9.82;1.46;0.74;0.29;4.38;INDUS;INDUS;1;9.82;1.46;0.29;0.74;0.029531568228105903;0.07535641547861507
Parker-Hannifin (US);G7;2007;INDUS;10.3;1.49;0.78;0.29;4.55;INDUS;INDUS;2;10.3;1.49;0.29;0.78;0.028155339805825238;0.07572815533980583
Parker-Hannifin (US);G7;2008;INDUS;10.76;1.53;0.79;0.3;4.7;INDUS;INDUS;3;10.76;1.53;0.3;0.79;0.027881040892193308;0.07342007434944238
Parker-Hannifin (US);G7;2009;INDUS;10.55;1.54;0.83;0.31;4.85;INDUS;INDUS;4;10.55;1.54;0.31;0.83;0.02938388625592417;0.07867298578199051
Parker-Hannifin (US);G7;2010;INDUS;12.5;1.59;1.85;0.32;4.98;INDUS;INDUS;5;12.5;1.59;0.32;1.85;0.0256;0.14800000000000002
Parker-Hannifin (US);G7;2011;INDUS;11.57;1.64;1.48;0.32;5.02;INDUS;INDUS;6;11.57;1.64;0.32;1.48;0.027657735522904063;0.12791702679343128
Parker-Hannifin (US);G7;2012;INDUS;12.28;1.72;1.62;0.33;5.09;INDUS;INDUS;7;12.28;1.72;0.33;1.62;0.02687296416938111;0.13192182410423453
Parker-Hannifin (US);G7;2013;INDUS;12.35;1.77;1.57;0.34;5.21;INDUS;INDUS;8;12.35;1.77;0.34;1.57;0.02753036437246964;0.1271255060728745
Parker-Hannifin (US);G7;2014;INDUS;12.19;1.81;1.49;0.34;5.37;INDUS;INDUS;9;12.19;1.81;0.34;1.49;0.027891714520098445;0.12223133716160788
Parker-Hannifin (US);G7;2015;INDUS;12.72;1.85;1.52;0.34;5.5;INDUS;INDUS;10;12.72;1.85;0.34;1.52;0.026729559748427674;0.11949685534591195
Parker-Hannifin (US);G7;2016;INDUS;11.35;1.75;1.35;0.33;5.2;INDUS;INDUS;11;11.35;1.75;0.33;1.35;0.029074889867841413;0.11894273127753305
Parker-Hannifin (US);G7;2017;INDUS;12.03;1.95;1.65;0.35;5.7;INDUS;INDUS;12;12.03;1.95;0.35;1.65;0.029093931837073983;0.1371571072319202
Parker-Hannifin (US);G7;2018;INDUS;14.3;2.15;2.05;0.42;5.8;INDUS;INDUS;13;14.3;2.15;0.42;2.05;0.02937062937062937;0.14335664335664333
Parker-Hannifin (US);G7;2019;INDUS;14.32;2.35;2.12;0.45;5.9;INDUS;INDUS;14;14.32;2.35;0.45;2.12;0.031424581005586594;0.14804469273743018
Parker-Hannifin (US);G7;2020;INDUS;13.7;2.45;1.85;0.48;5.7;INDUS;INDUS;15;13.7;2.45;0.48;1.85;0.035036496350364967;0.13503649635036497
Parker-Hannifin (US);G7;2021;INDUS;14.35;2.55;2.25;0.52;5.5;INDUS;INDUS;16;14.35;2.55;0.52;2.25;0.03623693379790941;0.15679442508710803
Parker-Hannifin (US);G7;2022;INDUS;15.86;2.85;2.45;0.58;5.5;INDUS;INDUS;17;15.86;2.85;0.58;2.45;0.03656998738965952;0.15447667087011352
Parker-Hannifin (US);G7;2023;INDUS;19.07;3.45;3.15;0.72;6.2;INDUS;INDUS;18;19.07;3.45;0.72;3.15;0.03775563712637651;0.1651809124278972
Parker-Hannifin (US);G7;2024;INDUS;20.15;3.65;3.45;0.78;6.4;INDUS;INDUS;19;20.15;3.65;0.78;3.45;0.03870967741935484;0.17121588089330028
Pfizer (US);G7;2005;PHARMA;30.88;8.91;3.88;5.65;6.28;PHARMA;PHARMA;0;30.88;8.91;5.65;3.88;0.18296632124352333;0.12564766839378239
Pfizer (US);G7;2006;PHARMA;32.83;9.32;4.19;5.86;6.64;PHARMA;PHARMA;1;32.83;9.32;5.86;4.19;0.17849527870849835;0.12762717027109352
Pfizer (US);G7;2007;PHARMA;34.55;9.7;4.42;6.03;6.94;PHARMA;PHARMA;2;34.55;9.7;6.03;4.42;0.17452966714905935;0.12793053545586108
Pfizer (US);G7;2008;PHARMA;36.78;10.12;4.8;6.22;7.29;PHARMA;PHARMA;3;36.78;10.12;6.22;4.8;0.16911364872213158;0.13050570962479607
Pfizer (US);G7;2009;PHARMA;36.06;10.4;5.05;6.43;7.67;PHARMA;PHARMA;4;36.06;10.4;6.43;5.05;0.1783139212423738;0.14004437049362173
Pfizer (US);G7;2010;PHARMA;38.45;11.02;11.68;6.66;8.07;PHARMA;PHARMA;5;38.45;11.02;6.66;11.68;0.1732119635890767;0.3037711313394018
Pfizer (US);G7;2011;PHARMA;35.6;11.45;9.34;6.88;8.21;PHARMA;PHARMA;6;35.6;11.45;6.88;9.34;0.1932584269662921;0.2623595505617977
Pfizer (US);G7;2012;PHARMA;38.24;12.02;10.08;6.95;8.5;PHARMA;PHARMA;7;38.24;12.02;6.95;10.08;0.1817468619246862;0.2635983263598326
Pfizer (US);G7;2013;PHARMA;40.84;12.25;10.34;7.22;8.98;PHARMA;PHARMA;8;40.84;12.25;7.22;10.34;0.17678746327130263;0.2531831537708129
Pfizer (US);G7;2014;PHARMA;44.43;12.98;11.8;7.47;9.33;PHARMA;PHARMA;9;44.43;12.98;7.47;11.8;0.16812964213369344;0.2655863155525546
Pfizer (US);G7;2015;PHARMA;48.9;13.5;13.1;7.7;9.7;PHARMA;PHARMA;10;48.9;13.5;7.7;13.1;0.15746421267893662;0.26789366053169733
Pfizer (US);G7;2016;PHARMA;52.8;13.8;11.5;7.8;9.6;PHARMA;PHARMA;11;52.8;13.8;7.8;11.5;0.14772727272727273;0.2178030303030303
Pfizer (US);G7;2017;PHARMA;52.5;14.2;12.2;7.7;9.0;PHARMA;PHARMA;12;52.5;14.2;7.7;12.2;0.14666666666666667;0.23238095238095235
Pfizer (US);G7;2018;PHARMA;53.6;14.8;13.5;8.0;9.2;PHARMA;PHARMA;13;53.6;14.8;8.0;13.5;0.14925373134328357;0.251865671641791
Pfizer (US);G7;2019;PHARMA;51.8;14.1;12.1;8.6;8.8;PHARMA;PHARMA;14;51.8;14.1;8.6;12.1;0.16602316602316602;0.2335907335907336
Pfizer (US);G7;2020;PHARMA;41.9;13.5;10.2;9.4;7.8;PHARMA;PHARMA;15;41.9;13.5;9.4;10.2;0.22434367541766112;0.24343675417661098
Pfizer (US);G7;2021;PHARMA;81.3;15.2;33.5;13.8;7.9;PHARMA;PHARMA;16;81.3;15.2;13.8;33.5;0.16974169741697417;0.41205412054120544
Pfizer (US);G7;2022;PHARMA;100.3;16.8;43.5;11.4;8.3;PHARMA;PHARMA;17;100.3;16.8;11.4;43.5;0.11365902293120639;0.4336989032901296
Pfizer (US);G7;2023;PHARMA;58.5;17.5;4.1;10.7;8.8;PHARMA;PHARMA;18;58.5;17.5;10.7;4.1;0.1829059829059829;0.07008547008547009
Pfizer (US);G7;2024;PHARMA;61.2;18.2;8.5;11.2;9.0;PHARMA;PHARMA;19;61.2;18.2;11.2;8.5;0.1830065359477124;0.1388888888888889
Philips (EU);G7;2005;INDUS;20.23988;2.83632;0.7215199999999999;1.8038;8.31;PHARMA;PHARMA;0;20.23988;2.83632;1.8038;0.7215199999999999;0.08912108174554395;0.035648432698217575
Philips (EU);G7;2006;INDUS;21.82928;2.92648;0.80384;1.87144;8.58;PHARMA;PHARMA;1;21.82928;2.92648;1.87144;0.80384;0.0857307249712313;0.03682393555811277
Philips (EU);G7;2007;INDUS;25.21269;3.30411;0.90486;2.08392;8.93;PHARMA;PHARMA;2;25.21269;3.30411;2.08392;0.90486;0.0826536160957042;0.03588907014681893
Philips (EU);G7;2008;INDUS;27.93429;3.69221;1.01499;2.29476;9.17;PHARMA;PHARMA;3;27.93429;3.69221;2.29476;1.01499;0.08214849921011058;0.036334913112164295
Philips (EU);G7;2009;INDUS;25.95628;3.6104599999999993;1.01762;2.21646;9.57;PHARMA;PHARMA;4;25.95628;3.6104599999999993;2.21646;1.01762;0.0853920515574651;0.03920515574650913
Philips (EU);G7;2010;INDUS;27.48798;3.5271600000000003;1.93596;2.17464;9.67;PHARMA;PHARMA;5;27.48798;3.5271600000000003;2.17464;1.93596;0.07911239749155813;0.07042932947419199
Philips (EU);G7;2011;INDUS;26.71248;3.85584;1.62864;2.32464;10.0;PHARMA;PHARMA;6;26.71248;3.85584;2.32464;1.62864;0.0870244919228765;0.060969254820218866
Philips (EU);G7;2012;INDUS;25.95148;3.6651;1.56892;2.19906;10.4;PHARMA;PHARMA;7;25.95148;3.6651;2.19906;1.56892;0.08473736372646183;0.060455896927651145
Philips (EU);G7;2013;INDUS;29.12304;3.9176000000000006;1.7795200000000002;2.33728;10.75;PHARMA;PHARMA;8;29.12304;3.9176000000000006;2.33728;1.7795200000000002;0.08025535795713634;0.06110351117191063
Philips (EU);G7;2014;INDUS;30.63345;4.08003;1.84731;2.43207;10.99;PHARMA;PHARMA;9;30.63345;4.08003;2.43207;1.84731;0.07939262472885032;0.06030368763557484
Philips (EU);G7;2015;INDUS;26.862;3.5520000000000005;1.665;2.109;11.3;PHARMA;PHARMA;10;26.862;3.5520000000000005;2.109;1.665;0.07851239669421488;0.061983471074380174
Philips (EU);G7;2016;INDUS;27.1215;3.4317;2.214;1.9926;11.4;PHARMA;PHARMA;11;27.1215;3.4317;1.9926;2.214;0.07346938775510203;0.08163265306122448
Philips (EU);G7;2017;INDUS;20.114;2.486;1.6949999999999998;2.034;7.4;PHARMA;PHARMA;12;20.114;2.486;2.034;1.6949999999999998;0.10112359550561796;0.0842696629213483
Philips (EU);G7;2018;INDUS;21.3761;2.7163;2.0077;2.1258000000000004;7.7;PHARMA;PHARMA;13;21.3761;2.7163;2.1258000000000004;2.0077;0.0994475138121547;0.09392265193370164
Philips (EU);G7;2019;INDUS;21.8205;2.7975;1.7904;2.1261;8.1;PHARMA;PHARMA;14;21.8205;2.7975;2.1261;1.7904;0.09743589743589745;0.08205128205128205
Philips (EU);G7;2020;INDUS;22.269;3.1976;1.713;2.1697999999999995;8.2;PHARMA;PHARMA;15;22.269;3.1976;2.1697999999999995;1.713;0.09743589743589742;0.07692307692307693
Philips (EU);G7;2021;INDUS;20.3476;3.0758;0.7098;2.1294;7.8;PHARMA;PHARMA;16;20.3476;3.0758;2.1294;0.7098;0.10465116279069767;0.03488372093023256
Philips (EU);G7;2022;INDUS;18.7434;2.8431;-1.5795;1.7900999999999998;7.7;PHARMA;PHARMA;17;18.7434;2.8431;1.7900999999999998;-1.5795;0.09550561797752807;-0.0842696629213483
Philips (EU);G7;2023;INDUS;19.6924;3.1378;1.7312000000000003;1.8394;7.1;PHARMA;PHARMA;18;19.6924;3.1378;1.8394;1.7312000000000003;0.09340659340659341;0.08791208791208793
Philips (EU);G7;2024;INDUS;20.017000000000003;3.3542000000000005;1.9476;1.8394;7.0;PHARMA;PHARMA;19;20.017000000000003;3.3542000000000005;1.8394;1.9476;0.09189189189189187;0.09729729729729729
Procter & Gamble (US);G7;2005;INDUS;42.24;13.72;6.26;1.54;8.48;INDUS;INDUS;0;42.24;13.72;1.54;6.26;0.036458333333333336;0.14820075757575757
Procter & Gamble (US);G7;2006;INDUS;44.82;14.49;6.84;1.57;8.67;INDUS;INDUS;1;44.82;14.49;1.57;6.84;0.03502900490852298;0.15261044176706826
Procter & Gamble (US);G7;2007;INDUS;47.22;14.95;7.56;1.6;8.83;INDUS;INDUS;2;47.22;14.95;1.6;7.56;0.03388394747988141;0.16010165184243963
Procter & Gamble (US);G7;2008;INDUS;50.39;15.17;7.81;1.62;9.05;INDUS;INDUS;3;50.39;15.17;1.62;7.81;0.03214923595951578;0.15499106965667792
Procter & Gamble (US);G7;2009;INDUS;49.4;15.61;8.22;1.67;9.37;INDUS;INDUS;4;49.4;15.61;1.67;8.22;0.033805668016194335;0.16639676113360324
Procter & Gamble (US);G7;2010;INDUS;68.02;16.22;16.98;1.71;9.71;INDUS;INDUS;5;68.02;16.22;1.71;16.98;0.025139664804469275;0.24963246104087036
Procter & Gamble (US);G7;2011;INDUS;62.98;16.94;13.58;1.74;10.0;INDUS;INDUS;6;62.98;16.94;1.74;13.58;0.027627818355033345;0.21562400762146713
Procter & Gamble (US);G7;2012;INDUS;65.64;17.47;14.36;1.78;10.24;INDUS;INDUS;7;65.64;17.47;1.78;14.36;0.027117611212675197;0.21876904326630103
Procter & Gamble (US);G7;2013;INDUS;68.74;18.35;14.57;1.81;10.48;INDUS;INDUS;8;68.74;18.35;1.81;14.57;0.026331102705848125;0.21195810299679954
Procter & Gamble (US);G7;2014;INDUS;69.93;18.9;14.66;1.9;10.8;INDUS;INDUS;9;69.93;18.9;1.9;14.66;0.027170027170027165;0.20963820963820962
Procter & Gamble (US);G7;2015;INDUS;70.75;19.65;14.25;1.95;11.0;INDUS;INDUS;10;70.75;19.65;1.95;14.25;0.02756183745583039;0.20141342756183744
Procter & Gamble (US);G7;2016;INDUS;65.3;19.25;13.45;1.92;10.5;INDUS;INDUS;11;65.3;19.25;1.92;13.45;0.029402756508422664;0.20597243491577336
Procter & Gamble (US);G7;2017;INDUS;65.1;19.85;13.95;1.95;9.5;INDUS;INDUS;12;65.1;19.85;1.95;13.95;0.029953917050691246;0.2142857142857143
Procter & Gamble (US);G7;2018;INDUS;66.83;20.15;14.25;2.01;9.2;INDUS;INDUS;13;66.83;20.15;2.01;14.25;0.03007631303306898;0.21322759239862338
Procter & Gamble (US);G7;2019;INDUS;67.68;20.52;14.85;2.05;9.7;INDUS;INDUS;14;67.68;20.52;2.05;14.85;0.03028959810874704;0.21941489361702124
Procter & Gamble (US);G7;2020;INDUS;70.95;21.15;15.82;2.15;10.1;INDUS;INDUS;15;70.95;21.15;2.15;15.82;0.0303030303030303;0.2229739252995067
Procter & Gamble (US);G7;2021;INDUS;76.12;22.45;17.85;2.25;10.1;INDUS;INDUS;16;76.12;22.45;2.25;17.85;0.02955859169732002;0.23449816079873884
Procter & Gamble (US);G7;2022;INDUS;80.19;22.85;18.15;2.35;10.6;INDUS;INDUS;17;80.19;22.85;2.35;18.15;0.029305399675770047;0.22633744855967078
Procter & Gamble (US);G7;2023;INDUS;82.01;23.45;18.45;2.45;10.7;INDUS;INDUS;18;82.01;23.45;2.45;18.45;0.029874405560297523;0.2249725643214242
Procter & Gamble (US);G7;2024;INDUS;84.15;24.15;19.15;2.55;10.8;INDUS;INDUS;19;84.15;24.15;2.55;19.15;0.0303030303030303;0.2275698158051099
Qualcomm (US);G7;2005;TECH;15.83;1.7;2.01;3.86;2.29;TECH;TECH;0;15.83;1.7;3.86;2.01;0.24384080859128238;0.1269740998104864
Qualcomm (US);G7;2006;TECH;16.96;1.78;2.25;4.06;2.34;TECH;TECH;1;16.96;1.78;4.06;2.25;0.23938679245283015;0.13266509433962265
Qualcomm (US);G7;2007;TECH;18.53;1.9;2.42;4.19;2.46;TECH;TECH;2;18.53;1.9;4.19;2.42;0.22611980572045332;0.13059902860226658
Qualcomm (US);G7;2008;TECH;19.6;2.0;2.66;4.33;2.58;TECH;TECH;3;19.6;2.0;4.33;2.66;0.22091836734693876;0.1357142857142857
Qualcomm (US);G7;2009;TECH;19.22;2.07;2.8;4.41;2.63;TECH;TECH;4;19.22;2.07;4.41;2.8;0.22944849115504684;0.14568158168574402
Qualcomm (US);G7;2010;TECH;21.5;2.19;5.31;4.5;2.74;TECH;TECH;5;21.5;2.19;4.5;5.31;0.20930232558139536;0.24697674418604648
Qualcomm (US);G7;2011;TECH;19.91;2.29;4.25;4.67;2.84;TECH;TECH;6;19.91;2.29;4.67;4.25;0.2345554997488699;0.21346057257659468
Qualcomm (US);G7;2012;TECH;21.28;2.41;4.74;4.87;2.95;TECH;TECH;7;21.28;2.41;4.87;4.74;0.22885338345864661;0.22274436090225563
Qualcomm (US);G7;2013;TECH;22.77;2.56;5.13;5.08;3.02;TECH;TECH;8;22.77;2.56;5.08;5.13;0.2231005709266579;0.22529644268774704
Qualcomm (US);G7;2014;TECH;24.36;2.66;5.42;5.24;3.1;TECH;TECH;9;24.36;2.66;5.24;5.42;0.21510673234811167;0.22249589490968802
Qualcomm (US);G7;2015;TECH;25.2;2.8;5.8;5.5;3.3;TECH;TECH;10;25.2;2.8;5.5;5.8;0.21825396825396826;0.23015873015873015
Qualcomm (US);G7;2016;TECH;23.5;3.0;6.5;5.2;3.1;TECH;TECH;11;23.5;3.0;5.2;6.5;0.22127659574468087;0.2765957446808511
Qualcomm (US);G7;2017;TECH;22.3;3.2;5.4;5.5;3.4;TECH;TECH;12;22.3;3.2;5.5;5.4;0.24663677130044842;0.242152466367713
Qualcomm (US);G7;2018;TECH;22.7;3.4;4.8;5.6;3.5;TECH;TECH;13;22.7;3.4;5.6;4.8;0.24669603524229075;0.21145374449339208
Qualcomm (US);G7;2019;TECH;24.3;3.5;5.1;6.0;3.7;TECH;TECH;14;24.3;3.5;6.0;5.1;0.24691358024691357;0.20987654320987653
Qualcomm (US);G7;2020;TECH;23.5;3.6;6.2;6.0;4.1;TECH;TECH;15;23.5;3.6;6.0;6.2;0.2553191489361702;0.26382978723404255
Qualcomm (US);G7;2021;TECH;33.6;3.8;9.8;7.2;4.5;TECH;TECH;16;33.6;3.8;7.2;9.8;0.21428571428571427;0.2916666666666667
Qualcomm (US);G7;2022;TECH;44.2;4.1;12.5;8.2;5.1;TECH;TECH;17;44.2;4.1;8.2;12.5;0.1855203619909502;0.2828054298642534
Qualcomm (US);G7;2023;TECH;35.8;4.3;9.4;8.5;5.0;TECH;TECH;18;35.8;4.3;8.5;9.4;0.2374301675977654;0.2625698324022347
Qualcomm (US);G7;2024;TECH;38.5;4.2;10.5;8.8;5.1;TECH;TECH;19;38.5;4.2;8.8;10.5;0.2285714285714286;0.2727272727272727
Regeneron (US);G7;2005;PHARMA;2.63;0.81;0.39;0.99;0.33;PHARMA;PHARMA;0;2.63;0.81;0.99;0.39;0.376425855513308;0.14828897338403044
Regeneron (US);G7;2006;PHARMA;2.8;0.83;0.43;1.02;0.34;PHARMA;PHARMA;1;2.8;0.83;1.02;0.43;0.3642857142857143;0.15357142857142858
Regeneron (US);G7;2007;PHARMA;2.89;0.87;0.45;1.05;0.35;PHARMA;PHARMA;2;2.89;0.87;1.05;0.45;0.3633217993079585;0.15570934256055363
Regeneron (US);G7;2008;PHARMA;3.0;0.89;0.49;1.08;0.36;PHARMA;PHARMA;3;3.0;0.89;1.08;0.49;0.36000000000000004;0.16333333333333333
Regeneron (US);G7;2009;PHARMA;2.94;0.92;0.52;1.11;0.37;PHARMA;PHARMA;4;2.94;0.92;1.11;0.52;0.3775510204081633;0.17687074829931973
Regeneron (US);G7;2010;PHARMA;3.34;0.94;1.02;1.15;0.38;PHARMA;PHARMA;5;3.34;0.94;1.15;1.02;0.344311377245509;0.30538922155688625
Regeneron (US);G7;2011;PHARMA;3.09;0.98;0.82;1.17;0.39;PHARMA;PHARMA;6;3.09;0.98;1.17;0.82;0.3786407766990291;0.26537216828478966
Regeneron (US);G7;2012;PHARMA;3.34;1.02;0.85;1.19;0.4;PHARMA;PHARMA;7;3.34;1.02;1.19;0.85;0.3562874251497006;0.25449101796407186
Regeneron (US);G7;2013;PHARMA;3.49;1.07;0.9;1.23;0.41;PHARMA;PHARMA;8;3.49;1.07;1.23;0.9;0.35243553008595985;0.25787965616045844
Regeneron (US);G7;2014;PHARMA;3.69;1.1;0.98;1.24;0.42;PHARMA;PHARMA;9;3.69;1.1;1.24;0.98;0.33604336043360433;0.26558265582655827
Regeneron (US);G7;2015;PHARMA;4.1;1.15;1.05;1.25;0.43;PHARMA;PHARMA;10;4.1;1.15;1.25;1.05;0.30487804878048785;0.25609756097560976
Regeneron (US);G7;2016;PHARMA;4.86;1.45;1.15;1.52;0.54;PHARMA;PHARMA;11;4.86;1.45;1.52;1.15;0.3127572016460905;0.23662551440329216
Regeneron (US);G7;2017;PHARMA;5.87;1.82;1.52;2.15;0.62;PHARMA;PHARMA;12;5.87;1.82;2.15;1.52;0.3662691652470187;0.25894378194207834
Regeneron (US);G7;2018;PHARMA;6.71;2.15;2.05;2.25;0.74;PHARMA;PHARMA;13;6.71;2.15;2.25;2.05;0.3353204172876304;0.3055141579731743
Regeneron (US);G7;2019;PHARMA;7.86;2.45;2.25;2.52;0.81;PHARMA;PHARMA;14;7.86;2.45;2.52;2.25;0.32061068702290074;0.2862595419847328
Regeneron (US);G7;2020;PHARMA;8.5;2.85;2.85;3.15;0.91;PHARMA;PHARMA;15;8.5;2.85;3.15;2.85;0.37058823529411766;0.33529411764705885
Regeneron (US);G7;2021;PHARMA;16.07;3.42;7.15;3.85;1.03;PHARMA;PHARMA;16;16.07;3.42;3.85;7.15;0.23957685127566894;0.4449284380833852
Regeneron (US);G7;2022;PHARMA;12.17;4.15;5.15;4.15;1.18;PHARMA;PHARMA;17;12.17;4.15;4.15;5.15;0.3410024650780608;0.42317173377156947
Regeneron (US);G7;2023;PHARMA;13.12;4.65;5.45;4.45;1.34;PHARMA;PHARMA;18;13.12;4.65;4.45;5.45;0.33917682926829273;0.4153963414634147
Regeneron (US);G7;2024;PHARMA;14.25;5.15;5.85;4.85;1.45;PHARMA;PHARMA;19;14.25;5.15;4.85;5.85;0.3403508771929824;0.4105263157894737
Renault (EU);G7;2005;AUTO;51.2616;20.3608;2.6288;2.604;;AUTO;AUTO;0;51.2616;20.3608;2.604;2.6288;0.05079825834542816;0.05128205128205128
Renault (EU);G7;2006;AUTO;54.7722;21.483;2.457;2.709;;AUTO;AUTO;1;54.7722;21.483;2.709;2.457;0.04945939728548424;0.04485852311939268
Renault (EU);G7;2007;AUTO;55.73160000000001;24.386000000000003;2.3975;3.0140000000000007;;AUTO;AUTO;2;55.73160000000001;24.386000000000003;3.0140000000000007;2.3975;0.054080629301868244;0.043018682399213366
Renault (EU);G7;2008;AUTO;55.5513;25.284;0.8525999999999999;3.2046;;AUTO;AUTO;3;55.5513;25.284;3.2046;0.8525999999999999;0.05768721884096322;0.015347975654935167
Renault (EU);G7;2009;AUTO;43.9518;21.962;0.1251;2.0155;;AUTO;AUTO;4;43.9518;21.962;2.0155;0.1251;0.04585705249841872;0.0028462998102466793
Renault (EU);G7;2010;AUTO;51.8301;21.2135;2.0881000000000003;2.0216000000000003;;AUTO;AUTO;5;51.8301;21.2135;2.0216000000000003;2.0881000000000003;0.03900436232999744;0.04028740056453683
Renault (EU);G7;2011;AUTO;59.2557;23.074;2.2518;2.1962;;AUTO;AUTO;6;59.2557;23.074;2.1962;2.2518;0.037063101102509974;0.038001407459535536
Renault (EU);G7;2012;AUTO;53.2383;21.801;1.4834999999999998;1.9995;;AUTO;AUTO;7;53.2383;21.801;1.9995;1.4834999999999998;0.03755754785558517;0.027865277441240607
Renault (EU);G7;2013;AUTO;54.4369;22.2775;1.6226;2.0748;;AUTO;AUTO;8;54.4369;22.2775;2.0748;1.6226;0.038113852919618864;0.02980698753970193
Renault (EU);G7;2014;AUTO;54.5965;22.370600000000003;2.1147;2.128;;AUTO;AUTO;9;54.5965;22.370600000000003;2.128;2.1147;0.038976857490864804;0.038733252131546894
Renault (EU);G7;2015;AUTO;50.316300000000005;18.981;2.3532;1.8204;;AUTO;AUTO;10;50.316300000000005;18.981;1.8204;2.3532;0.036179130818442526;0.046768144716523276
Renault (EU);G7;2016;AUTO;56.8764;20.424;3.6408;1.9425;;AUTO;AUTO;11;56.8764;20.424;1.9425;3.6408;0.03415300546448088;0.06401249024199844
Renault (EU);G7;2017;AUTO;66.4101;22.4305;4.350499999999999;2.1244;;AUTO;AUTO;12;66.4101;22.4305;2.1244;4.350499999999999;0.031989110090182064;0.06550961374851114
Renault (EU);G7;2018;AUTO;67.732;23.718;3.6108;2.3717999999999995;;AUTO;AUTO;13;67.732;23.718;2.3717999999999995;3.6108;0.03501742160278745;0.05331010452961672
Renault (EU);G7;2019;AUTO;62.22720000000001;26.208;2.934400000000001;2.3520000000000003;;AUTO;AUTO;14;62.22720000000001;26.208;2.3520000000000003;2.934400000000001;0.03779697624190065;0.04715622750179987
Renault (EU);G7;2020;AUTO;49.5558;25.992;-2.2686;1.881;;AUTO;AUTO;15;49.5558;25.992;1.881;-2.2686;0.03795721187025535;-0.045778697952611004
Renault (EU);G7;2021;AUTO;54.5278;25.37;1.2036;1.9824;;AUTO;AUTO;16;54.5278;25.37;1.9824;1.2036;0.036355767149967536;0.02207314434105172
Renault (EU);G7;2022;AUTO;48.709500000000006;21.840000000000003;2.3625000000000003;1.806;;AUTO;AUTO;17;48.709500000000006;21.840000000000003;1.806;2.3625000000000003;0.03707695624056909;0.04850183229144212
Renault (EU);G7;2023;AUTO;56.57040000000001;22.896;4.4496;1.998;;AUTO;AUTO;18;56.57040000000001;22.896;1.998;4.4496;0.03531882397861779;0.07865597556319205
Renault (EU);G7;2024;AUTO;60.7284;23.598000000000003;4.6008;2.0736;;AUTO;AUTO;19;60.7284;23.598000000000003;2.0736;4.6008;0.03414547394629201;0.0757602703183354
Renesas (JP);G7;2005;TECH;3.1;0.81;0.24;0.55;1.09;TECH;TECH;0;3.1;0.81;0.55;0.24;0.1774193548387097;0.07741935483870967
Renesas (JP);G7;2006;TECH;3.33;0.86;0.26;0.58;1.14;TECH;TECH;1;3.33;0.86;0.58;0.26;0.17417417417417416;0.07807807807807808
Renesas (JP);G7;2007;TECH;3.67;0.91;0.3;0.59;1.21;TECH;TECH;2;3.67;0.91;0.59;0.3;0.16076294277929154;0.08174386920980926
Renesas (JP);G7;2008;TECH;4.08;0.97;0.32;0.63;1.28;TECH;TECH;3;4.08;0.97;0.63;0.32;0.15441176470588236;0.0784313725490196
Renesas (JP);G7;2009;TECH;4.0;1.04;0.34;0.65;1.37;TECH;TECH;4;4.0;1.04;0.65;0.34;0.1625;0.085
Renesas (JP);G7;2010;TECH;4.65;1.1;0.78;0.68;1.44;TECH;TECH;5;4.65;1.1;0.68;0.78;0.14623655913978495;0.16774193548387095
Renesas (JP);G7;2011;TECH;4.31;1.16;0.62;0.7;1.53;TECH;TECH;6;4.31;1.16;0.7;0.62;0.16241299303944315;0.14385150812064967
Renesas (JP);G7;2012;TECH;4.64;1.24;0.65;0.73;1.61;TECH;TECH;7;4.64;1.24;0.73;0.65;0.15732758620689655;0.14008620689655174
Renesas (JP);G7;2013;TECH;5.15;1.33;0.75;0.76;1.72;TECH;TECH;8;5.15;1.33;0.76;0.75;0.14757281553398058;0.14563106796116504
Renesas (JP);G7;2014;TECH;5.72;1.4;0.81;0.8;1.81;TECH;TECH;9;5.72;1.4;0.8;0.81;0.13986013986013987;0.14160839160839161
Renesas (JP);G7;2015;TECH;6.15;1.52;0.85;0.82;1.9;TECH;TECH;10;6.15;1.52;0.82;0.85;0.13333333333333333;0.1382113821138211
Renesas (JP);G7;2016;TECH;5.85;1.45;0.75;0.78;1.9;TECH;TECH;11;5.85;1.45;0.78;0.75;0.13333333333333336;0.12820512820512822
Renesas (JP);G7;2017;TECH;7.12;1.85;1.15;0.92;2.0;TECH;TECH;12;7.12;1.85;0.92;1.15;0.12921348314606743;0.16151685393258425
Renesas (JP);G7;2018;TECH;7.25;2.15;1.05;1.15;2.1;TECH;TECH;13;7.25;2.15;1.15;1.05;0.1586206896551724;0.14482758620689656
Renesas (JP);G7;2019;TECH;6.52;2.45;0.65;1.05;1.9;TECH;TECH;14;6.52;2.45;1.05;0.65;0.1610429447852761;0.09969325153374234
Renesas (JP);G7;2020;TECH;6.85;2.85;0.85;1.12;1.9;TECH;TECH;15;6.85;2.85;1.12;0.85;0.16350364963503652;0.12408759124087591
Renesas (JP);G7;2021;TECH;8.85;3.25;1.85;1.25;2.1;TECH;TECH;16;8.85;3.25;1.25;1.85;0.14124293785310735;0.2090395480225989
Renesas (JP);G7;2022;TECH;11.45;3.85;3.25;1.45;2.1;TECH;TECH;17;11.45;3.85;1.45;3.25;0.12663755458515286;0.2838427947598253
Renesas (JP);G7;2023;TECH;10.52;4.15;2.85;1.35;2.05;TECH;TECH;18;10.52;4.15;1.35;2.85;0.12832699619771865;0.2709125475285171
Renesas (JP);G7;2024;TECH;11.12;4.45;3.15;1.42;2.15;TECH;TECH;19;11.12;4.45;1.42;3.15;0.12769784172661872;0.28327338129496404
Renishaw (EU);G7;2005;INDUS;0.59712;0.16172;0.07464;0.1244;0.36;INDUS;INDUS;0;0.59712;0.16172;0.1244;0.07464;0.20833333333333334;0.125
Renishaw (EU);G7;2006;INDUS;0.64056;0.16328;0.07536;0.1256;0.36;INDUS;INDUS;1;0.64056;0.16328;0.1256;0.07536;0.196078431372549;0.1176470588235294
Renishaw (EU);G7;2007;INDUS;0.72663;0.19194;0.08226;0.1371;0.37;INDUS;INDUS;2;0.72663;0.19194;0.1371;0.08226;0.18867924528301888;0.11320754716981132
Renishaw (EU);G7;2008;INDUS;0.79434;0.20594;0.08826;0.1471;0.38;INDUS;INDUS;3;0.79434;0.20594;0.1471;0.08826;0.18518518518518517;0.1111111111111111
Renishaw (EU);G7;2009;INDUS;0.73882;0.19516;0.0836399999999999;0.1394;0.39;INDUS;INDUS;4;0.73882;0.19516;0.1394;0.0836399999999999;0.18867924528301885;0.11320754716981117
Renishaw (EU);G7;2010;INDUS;0.8619000000000001;0.18564;0.21216;0.1326;0.4;INDUS;INDUS;5;0.8619000000000001;0.18564;0.1326;0.21216;0.15384615384615383;0.2461538461538461
Renishaw (EU);G7;2011;INDUS;0.8351999999999999;0.19488;0.1809599999999999;0.1392;0.41;INDUS;INDUS;6;0.8351999999999999;0.19488;0.1392;0.1809599999999999;0.16666666666666666;0.21666666666666656
Renishaw (EU);G7;2012;INDUS;0.78446;0.18004;0.16718;0.1286;0.42;INDUS;INDUS;7;0.78446;0.18004;0.1286;0.16718;0.16393442622950818;0.21311475409836064
Renishaw (EU);G7;2013;INDUS;0.83664;0.18592;0.17264;0.1328;0.42;INDUS;INDUS;8;0.83664;0.18592;0.1328;0.17264;0.15873015873015872;0.2063492063492063
Renishaw (EU);G7;2014;INDUS;0.86385;0.18606;0.17277;0.1329;0.42;INDUS;INDUS;9;0.86385;0.18606;0.1329;0.17277;0.15384615384615383;0.2
Renishaw (EU);G7;2015;INDUS;0.7659;0.1554;0.1554;0.111;0.43;INDUS;INDUS;10;0.7659;0.1554;0.111;0.1554;0.14492753623188406;0.2028985507246377
Renishaw (EU);G7;2016;INDUS;0.78597;0.15498;0.15498;0.12177;0.43;INDUS;INDUS;11;0.78597;0.15498;0.12177;0.15498;0.15492957746478875;0.1971830985915493
Renishaw (EU);G7;2017;INDUS;0.8248999999999999;0.1694999999999999;0.1694999999999999;0.1243;0.44;INDUS;INDUS;12;0.8248999999999999;0.1694999999999999;0.1243;0.1694999999999999;0.15068493150684933;0.20547945205479443
Renishaw (EU);G7;2018;INDUS;0.88575;0.17715;0.17715;0.12991;0.45;INDUS;INDUS;13;0.88575;0.17715;0.12991;0.17715;0.14666666666666667;0.19999999999999998
Renishaw (EU);G7;2019;INDUS;0.87282;0.17904;0.17904;0.1342799999999999;0.46;INDUS;INDUS;14;0.87282;0.17904;0.1342799999999999;0.17904;0.15384615384615372;0.20512820512820512
Renishaw (EU);G7;2020;INDUS;0.9136;0.18272;0.18272;0.13704;0.47;INDUS;INDUS;15;0.9136;0.18272;0.13704;0.18272;0.15;0.2
Renishaw (EU);G7;2021;INDUS;0.97006;0.18928;0.18928;0.14196;0.47;INDUS;INDUS;16;0.97006;0.18928;0.14196;0.18928;0.14634146341463414;0.1951219512195122
Renishaw (EU);G7;2022;INDUS;0.8950499999999999;0.17901;0.17901;0.1368899999999999;0.48;INDUS;INDUS;17;0.8950499999999999;0.17901;0.1368899999999999;0.17901;0.15294117647058814;0.2
Renishaw (EU);G7;2023;INDUS;0.94134;0.18394;0.18394;0.14066;0.49;INDUS;INDUS;18;0.94134;0.18394;0.14066;0.18394;0.14942528735632185;0.19540229885057472
Renishaw (EU);G7;2024;INDUS;0.9738;0.19476;0.19476;0.15148;0.5;INDUS;INDUS;19;0.9738;0.19476;0.15148;0.19476;0.15555555555555556;0.19999999999999998
Ricoh (JP);G7;2005;INDUS;10.78;1.45;0.32;0.64;6.43;TECH;TECH;0;10.78;1.45;0.64;0.32;0.05936920222634509;0.029684601113172546
Ricoh (JP);G7;2006;INDUS;11.59;1.51;0.34;0.67;6.83;TECH;TECH;1;11.59;1.51;0.67;0.34;0.057808455565142365;0.02933563416738568
Ricoh (JP);G7;2007;INDUS;12.67;1.59;0.38;0.7;7.28;TECH;TECH;2;12.67;1.59;0.7;0.38;0.055248618784530384;0.02999210734017364
Ricoh (JP);G7;2008;INDUS;13.76;1.72;0.42;0.72;7.77;TECH;TECH;3;13.76;1.72;0.72;0.42;0.05232558139534883;0.030523255813953487
Ricoh (JP);G7;2009;INDUS;13.49;1.83;0.44;0.76;8.13;TECH;TECH;4;13.49;1.83;0.76;0.44;0.056338028169014086;0.03261675315048184
Ricoh (JP);G7;2010;INDUS;14.46;1.92;0.79;0.8;8.53;TECH;TECH;5;14.46;1.92;0.8;0.79;0.05532503457814661;0.05463347164591978
Ricoh (JP);G7;2011;INDUS;13.39;2.0;0.63;0.84;8.97;TECH;TECH;6;13.39;2.0;0.84;0.63;0.06273338312173263;0.04705003734129948
Ricoh (JP);G7;2012;INDUS;14.51;2.1;0.7;0.85;9.28;TECH;TECH;7;14.51;2.1;0.85;0.7;0.0585802894555479;0.04824259131633356
Ricoh (JP);G7;2013;INDUS;15.76;2.24;0.76;0.89;9.79;TECH;TECH;8;15.76;2.24;0.89;0.76;0.056472081218274114;0.048223350253807105
Ricoh (JP);G7;2014;INDUS;17.1;2.37;0.87;0.94;10.3;TECH;TECH;9;17.1;2.37;0.94;0.87;0.05497076023391812;0.05087719298245614
Ricoh (JP);G7;2015;INDUS;18.5;2.5;0.9;1.0;10.9;TECH;TECH;10;18.5;2.5;1.0;0.9;0.05405405405405406;0.04864864864864865
Ricoh (JP);G7;2016;INDUS;18.2;2.3;0.8;1.0;10.6;TECH;TECH;11;18.2;2.3;1.0;0.8;0.054945054945054944;0.04395604395604396
Ricoh (JP);G7;2017;INDUS;18.1;2.2;-1.1;0.9;9.8;TECH;TECH;12;18.1;2.2;0.9;-1.1;0.049723756906077346;-0.06077348066298342
Ricoh (JP);G7;2018;INDUS;18.5;2.1;0.8;0.8;9.3;TECH;TECH;13;18.5;2.1;0.8;0.8;0.043243243243243246;0.043243243243243246
Ricoh (JP);G7;2019;INDUS;18.1;2.0;0.7;0.7;9.0;TECH;TECH;14;18.1;2.0;0.7;0.7;0.03867403314917126;0.03867403314917126
Ricoh (JP);G7;2020;INDUS;15.2;2.1;-0.4;0.7;8.1;TECH;TECH;15;15.2;2.1;0.7;-0.4;0.046052631578947366;-0.026315789473684213
Ricoh (JP);G7;2021;INDUS;15.8;2.2;0.3;0.7;7.8;TECH;TECH;16;15.8;2.2;0.7;0.3;0.044303797468354424;0.018987341772151896
Ricoh (JP);G7;2022;INDUS;14.9;2.1;0.6;0.7;8.0;TECH;TECH;17;14.9;2.1;0.7;0.6;0.046979865771812075;0.040268456375838924
Ricoh (JP);G7;2023;INDUS;14.5;2.1;0.5;0.7;8.1;TECH;TECH;18;14.5;2.1;0.7;0.5;0.04827586206896552;0.034482758620689655
Ricoh (JP);G7;2024;INDUS;15.1;2.2;0.6;0.7;8.2;TECH;TECH;19;15.1;2.2;0.7;0.6;0.046357615894039736;0.039735099337748346
Roche (EU);G7;2005;PHARMA;27.11892;10.251;6.17472;5.748600000000001;6.45;PHARMA;PHARMA;0;27.11892;10.251;5.748600000000001;6.17472;0.21197746812926183;0.22769048324933294
Roche (EU);G7;2006;PHARMA;28.52;10.456;6.256;5.816;6.64;PHARMA;PHARMA;1;28.52;10.456;5.816;6.256;0.20392706872370267;0.21935483870967742
Roche (EU);G7;2007;PHARMA;30.33555;11.163949999999998;6.88875;6.2124;6.82;PHARMA;PHARMA;2;30.33555;11.163949999999998;6.2124;6.88875;0.2047894302229562;0.22708505367464904
Roche (EU);G7;2008;PHARMA;35.05836;12.84362;7.6024600000000015;7.09316;7.08;PHARMA;PHARMA;3;35.05836;12.84362;7.09316;7.6024600000000015;0.202324352879028;0.21685155837295303
Roche (EU);G7;2009;PHARMA;34.29888;13.08384;7.983360000000001;7.21644;7.36;PHARMA;PHARMA;4;34.29888;13.08384;7.21644;7.983360000000001;0.21039870689655177;0.23275862068965522
Roche (EU);G7;2010;PHARMA;40.43286;14.35304;15.62288;7.84992;7.59;PHARMA;PHARMA;5;40.43286;14.35304;7.84992;15.62288;0.19414703783012136;0.38639067332857485
Roche (EU);G7;2011;PHARMA;44.01852;17.541809999999998;14.69169;9.5004;7.93;PHARMA;PHARMA;6;44.01852;17.541809999999998;9.5004;14.69169;0.21582733812949642;0.33376156217882835
Roche (EU);G7;2012;PHARMA;43.03794;17.27504;14.078729999999998;9.07581;8.29;PHARMA;PHARMA;7;43.03794;17.27504;9.07581;14.078729999999998;0.21087928464977648;0.327123695976155
Roche (EU);G7;2013;PHARMA;46.42937;18.41853;14.84704;9.57073;8.49;PHARMA;PHARMA;8;46.42937;18.41853;9.57073;14.84704;0.20613525447362305;0.3197768998373228
Roche (EU);G7;2014;PHARMA;48.73275;19.54755;15.88851;10.04058;8.82;PHARMA;PHARMA;9;48.73275;19.54755;10.04058;15.88851;0.2060335195530726;0.3260335195530726
Roche (EU);G7;2015;PHARMA;50.0721;19.2585;15.823199999999998;9.8895;9.1;PHARMA;PHARMA;10;50.0721;19.2585;9.8895;15.823199999999998;0.19750519750519752;0.31600831600831597
Roche (EU);G7;2016;PHARMA;51.7132;19.520200000000003;15.1256;10.1178;9.4;PHARMA;PHARMA;11;51.7132;19.520200000000003;10.1178;15.1256;0.1956521739130435;0.2924901185770751
Roche (EU);G7;2017;PHARMA;54.20609999999999;20.1366;14.7465;10.5768;9.4;PHARMA;PHARMA;12;54.20609999999999;20.1366;10.5768;14.7465;0.19512195121951223;0.27204502814258913
Roche (EU);G7;2018;PHARMA;58.1632;20.992;18.2272;11.264;9.4;PHARMA;PHARMA;13;58.1632;20.992;11.264;18.2272;0.19366197183098588;0.3133802816901408
Roche (EU);G7;2019;PHARMA;61.869;21.5284;18.5104;11.7702;9.8;PHARMA;PHARMA;14;61.869;21.5284;11.7702;18.5104;0.1902439024390244;0.2991869918699187
Roche (EU);G7;2020;PHARMA;62.0895;23.5365;19.2765;12.993;10.1;PHARMA;PHARMA;15;62.0895;23.5365;12.993;19.2765;0.20926243567753003;0.3104631217838765
Roche (EU);G7;2021;PHARMA;68.7032;25.709000000000003;20.239;14.9878;10.1;PHARMA;PHARMA;16;68.7032;25.709000000000003;14.9878;20.239;0.21815286624203822;0.29458598726114654
Roche (EU);G7;2022;PHARMA;66.3384;25.3616;18.34;14.7768;10.4;PHARMA;PHARMA;17;66.3384;25.3616;14.7768;18.34;0.2227488151658768;0.2764612954186414
Roche (EU);G7;2023;PHARMA;65.3331;26.4894;17.9193;14.6916;10.4;PHARMA;PHARMA;18;65.3331;26.4894;14.6916;17.9193;0.22487223168654172;0.27427597955706984
Roche (EU);G7;2024;PHARMA;68.728;27.3776;19.5392;15.6768;10.3;PHARMA;PHARMA;19;68.728;27.3776;15.6768;19.5392;0.22809917355371903;0.28429752066115704
Rockwell Automation (US);G7;2005;INDUS;4.38;1.64;0.43;0.37;19.52;INDUS;INDUS;0;4.38;1.64;0.37;0.43;0.08447488584474885;0.09817351598173515
Rockwell Automation (US);G7;2006;INDUS;4.49;1.67;0.43;0.37;19.66;INDUS;INDUS;1;4.49;1.67;0.37;0.43;0.08240534521158129;0.09576837416481068
Rockwell Automation (US);G7;2007;INDUS;4.65;1.67;0.46;0.37;20.04;INDUS;INDUS;2;4.65;1.67;0.37;0.46;0.07956989247311827;0.0989247311827957
Rockwell Automation (US);G7;2008;INDUS;4.82;1.69;0.47;0.37;20.0;INDUS;INDUS;3;4.82;1.69;0.37;0.47;0.07676348547717841;0.09751037344398339
Rockwell Automation (US);G7;2009;INDUS;4.73;1.71;0.5;0.37;20.22;INDUS;INDUS;4;4.73;1.71;0.37;0.5;0.07822410147991543;0.10570824524312895
Rockwell Automation (US);G7;2010;INDUS;5.79;1.76;1.33;0.37;20.51;INDUS;INDUS;5;5.79;1.76;0.37;1.33;0.06390328151986183;0.229706390328152
Rockwell Automation (US);G7;2011;INDUS;5.36;1.8;1.06;0.37;20.55;INDUS;INDUS;6;5.36;1.8;0.37;1.06;0.06902985074626865;0.19776119402985073
Rockwell Automation (US);G7;2012;INDUS;5.63;1.83;1.07;0.38;20.83;INDUS;INDUS;7;5.63;1.83;0.38;1.07;0.0674955595026643;0.19005328596802842
Rockwell Automation (US);G7;2013;INDUS;5.7;1.88;1.04;0.39;21.32;INDUS;INDUS;8;5.7;1.88;0.39;1.04;0.06842105263157895;0.1824561403508772
Rockwell Automation (US);G7;2014;INDUS;6.1;1.9;1.07;0.39;21.72;INDUS;INDUS;9;6.1;1.9;0.39;1.07;0.0639344262295082;0.17540983606557378
Rockwell Automation (US);G7;2015;INDUS;6.31;0.65;1.15;0.35;2.2;INDUS;INDUS;10;6.31;0.65;0.35;1.15;0.0554675118858954;0.18225039619651348
Rockwell Automation (US);G7;2016;INDUS;5.88;0.62;1.05;0.34;2.2;INDUS;INDUS;11;5.88;0.62;0.34;1.05;0.05782312925170068;0.17857142857142858
Rockwell Automation (US);G7;2017;INDUS;6.31;0.68;1.18;0.36;2.2;INDUS;INDUS;12;6.31;0.68;0.36;1.18;0.05705229793977813;0.18700475435816166
Rockwell Automation (US);G7;2018;INDUS;6.67;0.72;1.25;0.38;2.3;INDUS;INDUS;13;6.67;0.72;0.38;1.25;0.056971514242878565;0.18740629685157423
Rockwell Automation (US);G7;2019;INDUS;6.69;0.78;1.22;0.39;2.3;INDUS;INDUS;14;6.69;0.78;0.39;1.22;0.05829596412556054;0.18236173393124064
Rockwell Automation (US);G7;2020;INDUS;6.33;0.82;1.05;0.41;2.4;INDUS;INDUS;15;6.33;0.82;0.41;1.05;0.06477093206951026;0.16587677725118483
Rockwell Automation (US);G7;2021;INDUS;6.99;0.88;1.25;0.45;2.5;INDUS;INDUS;16;6.99;0.88;0.45;1.25;0.06437768240343347;0.17882689556509299
Rockwell Automation (US);G7;2022;INDUS;7.76;0.95;1.45;0.48;2.6;INDUS;INDUS;17;7.76;0.95;0.48;1.45;0.061855670103092786;0.18685567010309279
Rockwell Automation (US);G7;2023;INDUS;9.06;1.15;1.85;0.52;2.9;INDUS;INDUS;18;9.06;1.15;0.52;1.85;0.05739514348785872;0.2041942604856512
Rockwell Automation (US);G7;2024;INDUS;9.45;1.25;1.95;0.55;3.1;INDUS;INDUS;19;9.45;1.25;0.55;1.95;0.05820105820105821;0.20634920634920637
Rolls-Royce (EU);G7;2005;INDUS;20.4386;7.5712;1.274;1.7654;3.97;INDUS;INDUS;0;20.4386;7.5712;1.7654;1.274;0.08637577916295637;0.06233303650934995
Rolls-Royce (EU);G7;2006;INDUS;22.13443;7.83275;1.45597;1.80614;4.03;INDUS;INDUS;1;22.13443;7.83275;1.80614;1.45597;0.08159866777685264;0.06577851790174855
Rolls-Royce (EU);G7;2007;INDUS;25.80578;9.009;1.6616599999999997;2.02202;4.13;INDUS;INDUS;2;25.80578;9.009;2.02202;1.6616599999999997;0.07835531419705198;0.06439100077579518
Rolls-Royce (EU);G7;2008;INDUS;24.8302;8.54233;1.55652;1.89006;4.28;INDUS;INDUS;3;24.8302;8.54233;1.89006;1.55652;0.07611940298507462;0.0626865671641791
Rolls-Royce (EU);G7;2009;INDUS;20.5641;7.5433;1.3772;1.6276;4.42;INDUS;INDUS;4;20.5641;7.5433;1.6276;1.3772;0.0791476407914764;0.0669710806697108
Rolls-Royce (EU);G7;2010;INDUS;26.5139;7.73;3.50942;1.6542200000000002;4.51;INDUS;INDUS;5;26.5139;7.73;1.6542200000000002;3.50942;0.06239067055393587;0.13236151603498542
Rolls-Royce (EU);G7;2011;INDUS;25.47152;8.2606;2.91928;1.7644000000000002;4.56;INDUS;INDUS;6;25.47152;8.2606;1.7644000000000002;2.91928;0.06926952141057935;0.11460957178841309
Rolls-Royce (EU);G7;2012;INDUS;26.0891;8.3054;3.0749;1.7752;4.65;INDUS;INDUS;7;26.0891;8.3054;1.7752;3.0749;0.06804374240583232;0.11786148238153099
Rolls-Royce (EU);G7;2013;INDUS;26.853880000000004;8.53944;3.0498;1.7986;4.74;INDUS;INDUS;8;26.853880000000004;8.53944;1.7986;3.0498;0.06697728596389049;0.1135701805474665
Rolls-Royce (EU);G7;2014;INDUS;29.9936;9.26176;3.41136;1.94464;4.92;INDUS;INDUS;9;29.9936;9.26176;1.94464;3.41136;0.06483516483516483;0.11373626373626373
Rolls-Royce (EU);G7;2015;INDUS;29.8155;8.8682;3.3638;1.8348;5.1;INDUS;INDUS;10;29.8155;8.8682;1.8348;3.3638;0.061538461538461535;0.11282051282051282
Rolls-Royce (EU);G7;2016;INDUS;25.474;7.4525;1.897;1.626;5.0;INDUS;INDUS;11;25.474;7.4525;1.626;1.897;0.06382978723404255;0.07446808510638298
Rolls-Royce (EU);G7;2017;INDUS;25.9089;6.9606;2.0624;1.6757;5.0;INDUS;INDUS;12;25.9089;6.9606;1.6757;2.0624;0.06467661691542288;0.07960199004975124
Rolls-Royce (EU);G7;2018;INDUS;28.7025;7.475999999999999;1.4685;1.869;5.2;INDUS;INDUS;13;28.7025;7.475999999999999;1.869;1.4685;0.06511627906976744;0.05116279069767442
Rolls-Royce (EU);G7;2019;INDUS;28.6048;7.406599999999999;1.277;1.9155;5.2;INDUS;INDUS;14;28.6048;7.406599999999999;1.9155;1.277;0.06696428571428571;0.04464285714285714
Rolls-Royce (EU);G7;2020;INDUS;19.5168;6.6768;-3.21;1.7976;4.8;INDUS;INDUS;15;19.5168;6.6768;1.7976;-3.21;0.09210526315789475;-0.16447368421052633
Rolls-Royce (EU);G7;2021;INDUS;20.3648;6.879999999999999;0.688;1.7888;4.4;INDUS;INDUS;16;20.3648;6.879999999999999;1.7888;0.688;0.08783783783783784;0.033783783783783786
Rolls-Royce (EU);G7;2022;INDUS;20.410500000000003;6.556100000000001;0.9896;1.6081;4.2;INDUS;INDUS;17;20.410500000000003;6.556100000000001;1.6081;0.9896;0.07878787878787878;0.04848484848484848
Rolls-Royce (EU);G7;2023;INDUS;24.6312;6.842;2.3636;1.7415999999999998;4.2;INDUS;INDUS;18;24.6312;6.842;1.7415999999999998;2.3636;0.0707070707070707;0.09595959595959595
Rolls-Royce (EU);G7;2024;INDUS;27.0936;7.4124;3.5784;1.917;4.3;INDUS;INDUS;19;27.0936;7.4124;1.917;3.5784;0.07075471698113207;0.1320754716981132
SAP (EU);G7;2005;TECH;13.06;2.33;1.85;2.08;5.24;TECH;TECH;0;13.06;2.33;2.08;1.85;0.15926493108728942;0.1416539050535988
SAP (EU);G7;2006;TECH;13.76;2.41;2.03;2.13;5.46;TECH;TECH;1;13.76;2.41;2.13;2.03;0.15479651162790697;0.14752906976744184
SAP (EU);G7;2007;TECH;14.77;2.49;2.14;2.21;5.75;TECH;TECH;2;14.77;2.49;2.21;2.14;0.14962762356127285;0.14488828706838186
SAP (EU);G7;2008;TECH;15.51;2.6;2.28;2.27;5.98;TECH;TECH;3;15.51;2.6;2.27;2.28;0.1463571889103804;0.14700193423597677
SAP (EU);G7;2009;TECH;15.21;2.7;2.4;2.36;6.31;TECH;TECH;4;15.21;2.7;2.36;2.4;0.1551610782380013;0.15779092702169623
SAP (EU);G7;2010;TECH;17.22;2.78;4.39;2.42;6.54;TECH;TECH;5;17.22;2.78;2.42;4.39;0.140534262485482;0.25493612078977934
SAP (EU);G7;2011;TECH;15.94;2.88;3.51;2.47;6.87;TECH;TECH;6;15.94;2.88;2.47;3.51;0.15495608531994984;0.22020075282308657
SAP (EU);G7;2012;TECH;17.33;3.01;3.67;2.55;7.09;TECH;TECH;7;17.33;3.01;2.55;3.67;0.14714368147720716;0.2117714945181766
SAP (EU);G7;2013;TECH;18.55;3.17;3.82;2.65;7.26;TECH;TECH;8;18.55;3.17;2.65;3.82;0.14285714285714285;0.20592991913746628
SAP (EU);G7;2014;TECH;18.92;3.35;4.05;2.7;7.46;TECH;TECH;9;18.92;3.35;2.7;4.05;0.1427061310782241;0.21405919661733613
SAP (EU);G7;2015;TECH;20.8;3.5;4.3;2.8;7.7;TECH;TECH;10;20.8;3.5;2.8;4.3;0.1346153846153846;0.20673076923076922
SAP (EU);G7;2016;TECH;22.1;3.7;4.6;3.0;8.4;TECH;TECH;11;22.1;3.7;3.0;4.6;0.13574660633484162;0.20814479638009048
SAP (EU);G7;2017;TECH;23.5;3.8;4.9;3.3;8.8;TECH;TECH;12;23.5;3.8;3.3;4.9;0.1404255319148936;0.20851063829787236
SAP (EU);G7;2018;TECH;24.7;4.1;5.2;3.6;9.6;TECH;TECH;13;24.7;4.1;3.6;5.2;0.14574898785425103;0.2105263157894737
SAP (EU);G7;2019;TECH;27.6;4.5;4.5;4.3;10.0;TECH;TECH;14;27.6;4.5;4.3;4.5;0.15579710144927536;0.16304347826086957
SAP (EU);G7;2020;TECH;27.3;5.2;6.6;4.5;10.2;TECH;TECH;15;27.3;5.2;4.5;6.6;0.16483516483516483;0.24175824175824173
SAP (EU);G7;2021;TECH;27.8;5.0;4.7;4.8;10.7;TECH;TECH;16;27.8;5.0;4.8;4.7;0.1726618705035971;0.16906474820143885
SAP (EU);G7;2022;TECH;30.9;4.8;4.3;6.2;11.2;TECH;TECH;17;30.9;4.8;6.2;4.3;0.20064724919093851;0.13915857605177995
SAP (EU);G7;2023;TECH;31.2;5.1;5.8;6.5;10.8;TECH;TECH;18;31.2;5.1;6.5;5.8;0.20833333333333334;0.1858974358974359
SAP (EU);G7;2024;TECH;33.5;5.5;6.4;7.1;10.5;TECH;TECH;19;33.5;5.5;7.1;6.4;0.21194029850746268;0.191044776119403
SK Hynix (KR);G7;2005;INDUS;8.48;6.01;1.41;0.95;1.28;TECH;TECH;0;8.48;6.01;0.95;1.41;0.11202830188679244;0.16627358490566035
SK Hynix (KR);G7;2006;INDUS;9.04;6.47;1.48;0.99;1.34;TECH;TECH;1;9.04;6.47;0.99;1.48;0.10951327433628319;0.16371681415929204
SK Hynix (KR);G7;2007;INDUS;10.04;6.94;1.67;1.04;1.43;TECH;TECH;2;10.04;6.94;1.04;1.67;0.10358565737051795;0.1663346613545817
SK Hynix (KR);G7;2008;INDUS;11.02;7.41;1.86;1.1;1.5;TECH;TECH;3;11.02;7.41;1.1;1.86;0.09981851179673322;0.16878402903811254
SK Hynix (KR);G7;2009;INDUS;10.8;7.96;1.96;1.14;1.6;TECH;TECH;4;10.8;7.96;1.14;1.96;0.10555555555555554;0.18148148148148147
SK Hynix (KR);G7;2010;INDUS;12.15;8.46;3.52;1.2;1.68;TECH;TECH;5;12.15;8.46;1.2;3.52;0.09876543209876543;0.2897119341563786
SK Hynix (KR);G7;2011;INDUS;11.25;8.96;2.82;1.25;1.8;TECH;TECH;6;11.25;8.96;1.25;2.82;0.1111111111111111;0.25066666666666665
SK Hynix (KR);G7;2012;INDUS;12.32;9.52;3.17;1.31;1.89;TECH;TECH;7;12.32;9.52;1.31;3.17;0.10633116883116883;0.2573051948051948
SK Hynix (KR);G7;2013;INDUS;13.51;10.11;3.5;1.37;2.0;TECH;TECH;8;13.51;10.11;1.37;3.5;0.10140636565507033;0.25906735751295334
SK Hynix (KR);G7;2014;INDUS;15.01;10.81;3.89;1.43;2.12;TECH;TECH;9;15.01;10.81;1.43;3.89;0.09526982011992005;0.2591605596269154
SK Hynix (KR);G7;2015;INDUS;16.8;11.5;4.5;1.5;2.2;TECH;TECH;10;16.8;11.5;1.5;4.5;0.08928571428571429;0.26785714285714285
SK Hynix (KR);G7;2016;INDUS;15.2;13.4;2.8;1.7;2.3;TECH;TECH;11;15.2;13.4;1.7;2.8;0.1118421052631579;0.18421052631578946
SK Hynix (KR);G7;2017;INDUS;26.5;18.2;11.8;2.1;2.4;TECH;TECH;12;26.5;18.2;2.1;11.8;0.07924528301886793;0.44528301886792454
SK Hynix (KR);G7;2018;INDUS;35.8;22.5;18.5;2.4;2.6;TECH;TECH;13;35.8;22.5;2.4;18.5;0.0670391061452514;0.5167597765363129
SK Hynix (KR);G7;2019;INDUS;22.8;26.8;2.3;2.7;2.8;TECH;TECH;14;22.8;26.8;2.7;2.3;0.11842105263157895;0.10087719298245613
SK Hynix (KR);G7;2020;INDUS;26.5;31.2;4.2;3.0;2.9;TECH;TECH;15;26.5;31.2;3.0;4.2;0.11320754716981132;0.15849056603773587
SK Hynix (KR);G7;2021;INDUS;37.8;38.5;10.5;3.4;3.0;TECH;TECH;16;37.8;38.5;3.4;10.5;0.08994708994708996;0.2777777777777778
SK Hynix (KR);G7;2022;INDUS;34.2;44.2;5.8;3.8;3.2;TECH;TECH;17;34.2;44.2;3.8;5.8;0.11111111111111109;0.1695906432748538
SK Hynix (KR);G7;2023;INDUS;25.1;48.5;-6.2;4.2;3.1;TECH;TECH;18;25.1;48.5;4.2;-6.2;0.16733067729083664;-0.24701195219123506
SK Hynix (KR);G7;2024;INDUS;38.5;52.1;11.2;4.8;3.3;TECH;TECH;19;38.5;52.1;4.8;11.2;0.12467532467532468;0.2909090909090909
SK Innovation (KR);G7;2005;INDUS;28.13;10.76;0.69;0.17;0.23;INDUS;INDUS;0;28.13;10.76;0.17;0.69;0.006043370067543548;0.024528972627088516
SK Innovation (KR);G7;2006;INDUS;29.69;11.02;0.7;0.18;0.24;INDUS;INDUS;1;29.69;11.02;0.18;0.7;0.006062647356012125;0.02357696194004715
SK Innovation (KR);G7;2007;INDUS;31.01;11.27;0.7;0.18;0.25;INDUS;INDUS;2;31.01;11.27;0.18;0.7;0.005804579168010319;0.02257336343115124
SK Innovation (KR);G7;2008;INDUS;32.93;11.42;0.72;0.18;0.26;INDUS;INDUS;3;32.93;11.42;0.18;0.72;0.005466140297600971;0.021864561190403885
SK Innovation (KR);G7;2009;INDUS;32.28;11.97;0.76;0.18;0.26;INDUS;INDUS;4;32.28;11.97;0.18;0.76;0.0055762081784386614;0.023543990086741014
SK Innovation (KR);G7;2010;INDUS;40.13;12.41;1.89;0.19;0.27;INDUS;INDUS;5;40.13;12.41;0.19;1.89;0.00473461250934463;0.04709693496137552
SK Innovation (KR);G7;2011;INDUS;37.16;12.71;1.51;0.2;0.27;INDUS;INDUS;6;37.16;12.71;0.2;1.51;0.005382131324004306;0.04063509149623251
SK Innovation (KR);G7;2012;INDUS;38.6;13.11;1.61;0.2;0.28;INDUS;INDUS;7;38.6;13.11;0.2;1.61;0.0051813471502590676;0.04170984455958549
SK Innovation (KR);G7;2013;INDUS;39.58;13.57;1.62;0.2;0.29;INDUS;INDUS;8;39.58;13.57;0.2;1.62;0.005053057099545225;0.040929762506316324
SK Innovation (KR);G7;2014;INDUS;41.84;14.05;1.69;0.2;0.29;INDUS;INDUS;9;41.84;14.05;0.2;1.69;0.004780114722753346;0.04039196940726577
SK Innovation (KR);G7;2015;INDUS;42.5;14.5;1.7;0.2;0.3;INDUS;INDUS;10;42.5;14.5;0.2;1.7;0.004705882352941177;0.04
SK Innovation (KR);G7;2016;INDUS;33.8;14.8;2.7;0.2;0.3;INDUS;INDUS;11;33.8;14.8;0.2;2.7;0.00591715976331361;0.07988165680473373
SK Innovation (KR);G7;2017;INDUS;40.2;15.2;2.8;0.2;0.3;INDUS;INDUS;12;40.2;15.2;0.2;2.8;0.004975124378109453;0.06965174129353233
SK Innovation (KR);G7;2018;INDUS;48.5;15.8;1.8;0.2;0.3;INDUS;INDUS;13;48.5;15.8;0.2;1.8;0.004123711340206186;0.03711340206185567
SK Innovation (KR);G7;2019;INDUS;43.2;17.5;1.1;0.2;0.3;INDUS;INDUS;14;43.2;17.5;0.2;1.1;0.004629629629629629;0.025462962962962965
SK Innovation (KR);G7;2020;INDUS;30.1;19.2;-2.1;0.2;0.3;INDUS;INDUS;15;30.1;19.2;0.2;-2.1;0.006644518272425249;-0.06976744186046512
SK Innovation (KR);G7;2021;INDUS;41.5;22.4;1.5;0.3;0.4;INDUS;INDUS;16;41.5;22.4;0.3;1.5;0.007228915662650602;0.03614457831325301
SK Innovation (KR);G7;2022;INDUS;65.8;26.5;3.2;0.4;0.6;INDUS;INDUS;17;65.8;26.5;0.4;3.2;0.006079027355623101;0.04863221884498481
SK Innovation (KR);G7;2023;INDUS;62.5;28.2;1.6;0.5;0.6;INDUS;INDUS;18;62.5;28.2;0.5;1.6;0.008;0.0256
SK Innovation (KR);G7;2024;INDUS;60.1;30.5;1.8;0.6;0.7;INDUS;INDUS;19;60.1;30.5;0.6;1.8;0.009983361064891847;0.029950083194675542
SK Square (KR);G7;2005;INDUS;0.94;0.26;0.09;0.16;0.1;TECH;TECH;0;0.94;0.26;0.16;0.09;0.17021276595744683;0.09574468085106383
SK Square (KR);G7;2006;INDUS;1.01;0.27;0.1;0.16;0.1;TECH;TECH;1;1.01;0.27;0.16;0.1;0.15841584158415842;0.09900990099009901
SK Square (KR);G7;2007;INDUS;1.09;0.28;0.1;0.16;0.1;TECH;TECH;2;1.09;0.28;0.16;0.1;0.14678899082568805;0.09174311926605505
SK Square (KR);G7;2008;INDUS;1.19;0.29;0.11;0.17;0.1;TECH;TECH;3;1.19;0.29;0.17;0.11;0.14285714285714288;0.09243697478991597
SK Square (KR);G7;2009;INDUS;1.17;0.3;0.12;0.18;0.1;TECH;TECH;4;1.17;0.3;0.18;0.12;0.15384615384615385;0.10256410256410256
SK Square (KR);G7;2010;INDUS;1.33;0.31;0.2;0.18;0.1;TECH;TECH;5;1.33;0.31;0.18;0.2;0.13533834586466165;0.15037593984962405
SK Square (KR);G7;2011;INDUS;1.23;0.33;0.16;0.18;0.1;TECH;TECH;6;1.23;0.33;0.18;0.16;0.14634146341463414;0.13008130081300814
SK Square (KR);G7;2012;INDUS;1.3;0.34;0.17;0.19;0.1;TECH;TECH;7;1.3;0.34;0.19;0.17;0.14615384615384616;0.13076923076923078
SK Square (KR);G7;2013;INDUS;1.33;0.36;0.18;0.19;0.1;TECH;TECH;8;1.33;0.36;0.19;0.18;0.14285714285714285;0.13533834586466165
SK Square (KR);G7;2014;INDUS;1.41;0.38;0.19;0.19;0.1;TECH;TECH;9;1.41;0.38;0.19;0.19;0.1347517730496454;0.1347517730496454
SK Square (KR);G7;2015;INDUS;1.5;0.4;0.2;0.2;0.1;TECH;TECH;10;1.5;0.4;0.2;0.2;0.13333333333333333;0.13333333333333333
SK Square (KR);G7;2016;INDUS;1.6;0.4;0.2;0.2;0.1;TECH;TECH;11;1.6;0.4;0.2;0.2;0.125;0.125
SK Square (KR);G7;2017;INDUS;1.8;0.5;0.3;0.2;0.1;TECH;TECH;12;1.8;0.5;0.2;0.3;0.11111111111111112;0.16666666666666666
SK Square (KR);G7;2018;INDUS;2.1;0.6;0.4;0.3;0.1;TECH;TECH;13;2.1;0.6;0.3;0.4;0.14285714285714285;0.19047619047619047
SK Square (KR);G7;2019;INDUS;2.5;0.8;0.5;0.3;0.1;TECH;TECH;14;2.5;0.8;0.3;0.5;0.12;0.2
SK Square (KR);G7;2020;INDUS;2.8;1.1;0.4;0.4;0.2;TECH;TECH;15;2.8;1.1;0.4;0.4;0.14285714285714288;0.14285714285714288
SK Square (KR);G7;2021;INDUS;3.2;1.4;0.6;0.4;0.2;TECH;TECH;16;3.2;1.4;0.4;0.6;0.125;0.18749999999999997
SK Square (KR);G7;2022;INDUS;3.5;1.6;0.5;0.5;0.2;TECH;TECH;17;3.5;1.6;0.5;0.5;0.14285714285714285;0.14285714285714285
SK Square (KR);G7;2023;INDUS;2.2;1.8;-1.1;0.5;0.2;TECH;TECH;18;2.2;1.8;0.5;-1.1;0.22727272727272727;-0.5
SK Square (KR);G7;2024;INDUS;2.8;2.1;0.4;0.6;0.2;TECH;TECH;19;2.8;2.1;0.6;0.4;0.2142857142857143;0.14285714285714288
SK Telecom (KR);G7;2005;INDUS;9.97;7.75;0.61;0.27;0.32;INDUS;INDUS;0;9.97;7.75;0.27;0.61;0.02708124373119358;0.06118355065195586
SK Telecom (KR);G7;2006;INDUS;10.2;8.1;0.6;0.28;0.33;INDUS;INDUS;1;10.2;8.1;0.28;0.6;0.027450980392156866;0.058823529411764705
SK Telecom (KR);G7;2007;INDUS;10.42;8.29;0.62;0.28;0.34;INDUS;INDUS;2;10.42;8.29;0.28;0.62;0.02687140115163148;0.05950095969289827
SK Telecom (KR);G7;2008;INDUS;11.26;8.51;0.7;0.29;0.35;INDUS;INDUS;3;11.26;8.51;0.29;0.7;0.02575488454706927;0.06216696269982238
SK Telecom (KR);G7;2009;INDUS;11.04;8.7;0.74;0.29;0.36;INDUS;INDUS;4;11.04;8.7;0.29;0.74;0.026268115942028984;0.06702898550724638
SK Telecom (KR);G7;2010;INDUS;14.57;9.04;1.51;0.3;0.37;INDUS;INDUS;5;14.57;9.04;0.3;1.51;0.02059025394646534;0.10363761153054221
SK Telecom (KR);G7;2011;INDUS;13.49;9.27;1.21;0.3;0.37;INDUS;INDUS;6;13.49;9.27;0.3;1.21;0.022238695329873978;0.08969607116382505
SK Telecom (KR);G7;2012;INDUS;14.47;9.51;1.34;0.3;0.38;INDUS;INDUS;7;14.47;9.51;0.3;1.34;0.020732550103662747;0.09260539046302696
SK Telecom (KR);G7;2013;INDUS;14.74;9.83;1.37;0.3;0.38;INDUS;INDUS;8;14.74;9.83;0.3;1.37;0.020352781546811395;0.09294436906377206
SK Telecom (KR);G7;2014;INDUS;15.03;10.18;1.39;0.3;0.39;INDUS;INDUS;9;15.03;10.18;0.3;1.39;0.01996007984031936;0.09248170326014638
SK Telecom (KR);G7;2015;INDUS;15.5;10.5;1.5;0.3;0.4;INDUS;INDUS;10;15.5;10.5;0.3;1.5;0.01935483870967742;0.0967741935483871
SK Telecom (KR);G7;2016;INDUS;15.1;10.2;1.3;0.3;0.4;INDUS;INDUS;11;15.1;10.2;0.3;1.3;0.019867549668874173;0.08609271523178809
SK Telecom (KR);G7;2017;INDUS;15.8;9.8;1.4;0.3;0.4;INDUS;INDUS;12;15.8;9.8;0.3;1.4;0.018987341772151896;0.08860759493670885
SK Telecom (KR);G7;2018;INDUS;15.2;9.5;1.1;0.3;0.4;INDUS;INDUS;13;15.2;9.5;0.3;1.1;0.019736842105263157;0.07236842105263158
SK Telecom (KR);G7;2019;INDUS;15.6;9.8;1.0;0.3;0.5;INDUS;INDUS;14;15.6;9.8;0.3;1.0;0.019230769230769232;0.06410256410256411
SK Telecom (KR);G7;2020;INDUS;16.1;10.5;1.1;0.3;0.5;INDUS;INDUS;15;16.1;10.5;0.3;1.1;0.018633540372670804;0.06832298136645963
SK Telecom (KR);G7;2021;INDUS;14.2;8.5;1.2;0.3;0.5;INDUS;INDUS;16;14.2;8.5;0.3;1.2;0.02112676056338028;0.08450704225352113
SK Telecom (KR);G7;2022;INDUS;13.5;7.8;1.3;0.4;0.5;INDUS;INDUS;17;13.5;7.8;0.4;1.3;0.02962962962962963;0.0962962962962963
SK Telecom (KR);G7;2023;INDUS;13.8;7.5;1.4;0.4;0.5;INDUS;INDUS;18;13.8;7.5;0.4;1.4;0.028985507246376812;0.10144927536231883
SK Telecom (KR);G7;2024;INDUS;14.2;7.2;1.6;0.4;0.5;INDUS;INDUS;19;14.2;7.2;0.4;1.6;0.028169014084507046;0.11267605633802819
SMIC;CN;2005;TECH;1.07;2.5;0.043;0.11;;TECH;TECH;0;1.07;2.5;0.11;0.043;0.102803738317757;0.04018691588785046
SMIC;CN;2006;TECH;1.18;3.2;0.037;0.12;;TECH;TECH;1;1.18;3.2;0.12;0.037;0.1016949152542373;0.03135593220338983
SMIC;CN;2007;TECH;1.54;3.8;0.142;0.13;;TECH;TECH;2;1.54;3.8;0.13;0.142;0.08441558441558442;0.0922077922077922
SMIC;CN;2008;TECH;1.354;3.5;0.149;0.14;;TECH;TECH;3;1.354;3.5;0.14;0.149;0.103397341211226;0.11004431314623336
SMIC;CN;2009;TECH;1.07;3.2;-0.102;0.15;;TECH;TECH;4;1.07;3.2;0.15;-0.102;0.14018691588785046;-0.09532710280373831
SMIC;CN;2010;TECH;1.555;3.8;0.043;0.175;;TECH;TECH;5;1.555;3.8;0.175;0.043;0.11254019292604502;0.02765273311897106
SMIC;CN;2011;TECH;1.32;4.2;0.021;0.18;;TECH;TECH;6;1.32;4.2;0.18;0.021;0.13636363636363635;0.01590909090909091
SMIC;CN;2012;TECH;1.7;4.5;0.032;0.19;;TECH;TECH;7;1.7;4.5;0.19;0.032;0.11176470588235295;0.018823529411764708
SMIC;CN;2013;TECH;2.09;5.0;0.078;0.2;;TECH;TECH;8;2.09;5.0;0.2;0.078;0.09569377990430623;0.03732057416267943
SMIC;CN;2014;TECH;2.17;5.5;0.11;0.21;;TECH;TECH;9;2.17;5.5;0.21;0.11;0.0967741935483871;0.05069124423963134
SMIC;CN;2015;TECH;2.24;6.0;0.18;0.22;;TECH;TECH;10;2.24;6.0;0.22;0.18;0.09821428571428571;0.08035714285714285
SMIC;CN;2016;TECH;2.91;6.5;0.31;0.24;;TECH;TECH;11;2.91;6.5;0.24;0.31;0.08247422680412371;0.10652920962199312
SMIC;CN;2017;TECH;3.1;7.0;0.35;0.26;;TECH;TECH;12;3.1;7.0;0.26;0.35;0.08387096774193549;0.1129032258064516
SMIC;CN;2018;TECH;3.36;7.5;0.2;0.28;;TECH;TECH;13;3.36;7.5;0.28;0.2;0.08333333333333334;0.05952380952380953
SMIC;CN;2019;TECH;3.16;8.0;0.24;0.3;;TECH;TECH;14;3.16;8.0;0.3;0.24;0.09493670886075949;0.07594936708860758
SMIC;CN;2020;TECH;3.97;8.5;0.42;0.32;;TECH;TECH;15;3.97;8.5;0.32;0.42;0.08060453400503778;0.10579345088161209
SMIC;CN;2021;TECH;5.44;9.5;0.83;0.4;;TECH;TECH;16;5.44;9.5;0.4;0.83;0.07352941176470588;0.1525735294117647
SMIC;CN;2022;TECH;7.27;10.5;1.18;0.56;;TECH;TECH;17;7.27;10.5;0.56;1.18;0.07702888583218709;0.1623108665749656
SMIC;CN;2023;TECH;6.32;11.5;0.9;0.59;;TECH;TECH;18;6.32;11.5;0.59;0.9;0.09335443037974682;0.14240506329113925
SMIC;CN;2024;TECH;8.03;12.5;1.2;0.77;;TECH;TECH;19;8.03;12.5;0.77;1.2;0.09589041095890412;0.14943960149439603
Safran (EU);G7;2005;INDUS;14.39308;3.90616;1.13204;1.10716;5.27;INDUS;INDUS;0;14.39308;3.90616;1.10716;1.13204;0.07692307692307693;0.07865168539325842
Safran (EU);G7;2006;INDUS;15.24784;4.06944;1.16808;1.1304;5.45;INDUS;INDUS;1;15.24784;4.06944;1.1304;1.16808;0.0741350906095552;0.07660626029654036
Safran (EU);G7;2007;INDUS;17.50767;4.6202700000000005;1.31616;1.26132;5.57;INDUS;INDUS;2;17.50767;4.6202700000000005;1.26132;1.31616;0.07204385277995301;0.07517619420516836
Safran (EU);G7;2008;INDUS;20.38806;5.08966;1.58868;1.41216;5.72;INDUS;INDUS;3;20.38806;5.08966;1.41216;1.58868;0.06926406926406926;0.07792207792207793
Safran (EU);G7;2009;INDUS;18.94446;4.920819999999999;1.5891599999999997;1.3661199999999998;5.88;INDUS;INDUS;4;18.94446;4.920819999999999;1.3661199999999998;1.5891599999999997;0.07211184694628402;0.08388520971302427
Safran (EU);G7;2010;INDUS;21.65358;4.78686;3.46086;1.326;5.98;INDUS;INDUS;5;21.65358;4.78686;1.326;3.46086;0.0612369871402327;0.15982853643600733
Safran (EU);G7;2011;INDUS;21.04704;5.192159999999999;2.9092799999999994;1.41984;6.08;INDUS;INDUS;6;21.04704;5.192159999999999;1.41984;2.9092799999999994;0.06746031746031746;0.1382275132275132
Safran (EU);G7;2012;INDUS;20.33166;4.9511;2.7263200000000003;1.3374400000000002;6.3;INDUS;INDUS;7;20.33166;4.9511;1.3374400000000002;2.7263200000000003;0.06578115117014549;0.1340923466160658
Safran (EU);G7;2013;INDUS;21.68624;5.205760000000001;2.7888;1.40768;6.53;INDUS;INDUS;8;21.68624;5.205760000000001;1.40768;2.7888;0.06491120636864665;0.12859767299448868
Safran (EU);G7;2014;INDUS;22.88538;5.395739999999999;3.01683;1.4353200000000002;6.81;INDUS;INDUS;9;22.88538;5.395739999999999;1.4353200000000002;3.01683;0.0627177700348432;0.13182346109175377
Safran (EU);G7;2015;INDUS;19.314;4.662000000000001;2.664;1.2210000000000003;7.0;INDUS;INDUS;10;19.314;4.662000000000001;1.2210000000000003;2.664;0.06321839080459772;0.13793103448275862
Safran (EU);G7;2016;INDUS;17.4906;4.9815;2.6568;1.2177;6.6;INDUS;INDUS;11;17.4906;4.9815;1.2177;2.6568;0.06962025316455696;0.1518987341772152
Safran (EU);G7;2017;INDUS;18.645;5.424;2.486;1.356;5.8;INDUS;INDUS;12;18.645;5.424;1.356;2.486;0.07272727272727274;0.13333333333333336
Safran (EU);G7;2018;INDUS;24.919100000000004;6.4955;3.543;1.7715;9.2;INDUS;INDUS;13;24.919100000000004;6.4955;1.7715;3.543;0.07109004739336493;0.14218009478672985
Safran (EU);G7;2019;INDUS;27.5274;6.9378;4.2522;1.9023;9.5;INDUS;INDUS;14;27.5274;6.9378;1.9023;4.2522;0.06910569105691057;0.15447154471544716
Safran (EU);G7;2020;INDUS;18.843;6.851999999999999;1.3703999999999998;1.3703999999999998;7.9;INDUS;INDUS;15;18.843;6.851999999999999;1.3703999999999998;1.3703999999999998;0.07272727272727272;0.07272727272727272
Safran (EU);G7;2021;INDUS;18.0999;6.8614;2.1294;1.3013;7.7;INDUS;INDUS;16;18.0999;6.8614;1.3013;2.1294;0.0718954248366013;0.1176470588235294
Safran (EU);G7;2022;INDUS;20.007;6.5286;2.5272;1.2635999999999998;8.3;INDUS;INDUS;17;20.007;6.5286;1.2635999999999998;2.5272;0.0631578947368421;0.12631578947368421
Safran (EU);G7;2023;INDUS;25.1024;7.357600000000001;3.3542000000000005;1.4066;9.2;INDUS;INDUS;18;25.1024;7.357600000000001;1.4066;3.3542000000000005;0.05603448275862069;0.13362068965517243
Safran (EU);G7;2024;INDUS;27.591;8.0068;4.1116;1.6230000000000002;9.8;INDUS;INDUS;19;27.591;8.0068;1.6230000000000002;4.1116;0.05882352941176471;0.14901960784313725
Saint-Gobain (EU);G7;2005;INDUS;39.27308;12.17876;1.41816;0.42296;15.0;INDUS;INDUS;0;39.27308;12.17876;0.42296;1.41816;0.010769718086791258;0.03611023123218245
Saint-Gobain (EU);G7;2006;INDUS;42.41512;12.78608;1.53232;0.4396;15.32;INDUS;INDUS;1;42.41512;12.78608;0.4396;1.53232;0.01036422860527095;0.0361267397098016
Saint-Gobain (EU);G7;2007;INDUS;48.83501999999999;14.20356;1.82343;0.49356;15.73;INDUS;INDUS;2;48.83501999999999;14.20356;0.49356;1.82343;0.010106681639528357;0.037338573834924206
Saint-Gobain (EU);G7;2008;INDUS;53.30904;15.25427;2.04469;0.54427;15.92;INDUS;INDUS;3;53.30904;15.25427;0.54427;2.04469;0.01020971302428256;0.03835540838852097
Saint-Gobain (EU);G7;2009;INDUS;49.52882;14.73458;2.03524;0.5157799999999999;16.14;INDUS;INDUS;4;49.52882;14.73458;0.5157799999999999;2.03524;0.010413734871939204;0.04109203490008443
Saint-Gobain (EU);G7;2010;INDUS;58.83462;14.320800000000002;4.34928;0.50388;16.54;INDUS;INDUS;5;58.83462;14.320800000000002;0.50388;4.34928;0.00856434527834122;0.07392382240252424
Saint-Gobain (EU);G7;2011;INDUS;57.18335999999999;15.200639999999998;3.64704;0.52896;16.79;INDUS;INDUS;6;57.18335999999999;15.200639999999998;0.52896;3.64704;0.009250243427458619;0.063777994157741
Saint-Gobain (EU);G7;2012;INDUS;53.7548;14.2746;3.2793;0.48868;17.2;INDUS;INDUS;7;53.7548;14.2746;0.48868;3.2793;0.00909090909090909;0.061004784688995214
Saint-Gobain (EU);G7;2013;INDUS;55.93536;15.0728;3.5590400000000004;0.50464;17.6;INDUS;INDUS;8;55.93536;15.0728;0.50464;3.5590400000000004;0.009021842355175688;0.06362773029439696
Saint-Gobain (EU);G7;2014;INDUS;56.09709;15.69549;3.5883000000000003;0.51831;17.81;INDUS;INDUS;9;56.09709;15.69549;0.51831;3.5883000000000003;0.00923951670220327;0.06396588486140725
Saint-Gobain (EU);G7;2015;INDUS;48.285;13.431;3.2190000000000003;0.444;18.0;INDUS;INDUS;10;48.285;13.431;0.444;3.2190000000000003;0.009195402298850576;0.06666666666666668
Saint-Gobain (EU);G7;2016;INDUS;47.3796;13.0626;3.321;0.4428;17.8;INDUS;INDUS;11;47.3796;13.0626;0.4428;3.321;0.009345794392523364;0.07009345794392523
Saint-Gobain (EU);G7;2017;INDUS;51.076;13.785999999999998;3.616;0.565;18.2;INDUS;INDUS;12;51.076;13.785999999999998;0.565;3.616;0.011061946902654865;0.07079646017699115
Saint-Gobain (EU);G7;2018;INDUS;54.444100000000006;14.7625;3.8973;0.5905;18.5;INDUS;INDUS;13;54.444100000000006;14.7625;0.5905;3.8973;0.010845986984815618;0.07158351409978307
Saint-Gobain (EU);G7;2019;INDUS;52.8168;15.1065;4.0284;0.5595;18.8;INDUS;INDUS;14;52.8168;15.1065;0.5595;4.0284;0.01059322033898305;0.07627118644067797
Saint-Gobain (EU);G7;2020;INDUS;48.535;14.6176;3.5402;0.4568;17.2;INDUS;INDUS;15;48.535;14.6176;0.4568;3.5402;0.009411764705882354;0.07294117647058825
Saint-Gobain (EU);G7;2021;INDUS;58.5585;15.6156;5.3235;0.5915;17.5;INDUS;INDUS;16;58.5585;15.6156;0.5915;5.3235;0.010101010101010102;0.09090909090909091
Saint-Gobain (EU);G7;2022;INDUS;58.0203;14.8473;5.896799999999999;0.6317999999999999;17.8;INDUS;INDUS;17;58.0203;14.8473;0.6317999999999999;5.896799999999999;0.010889292196007259;0.10163339382940108
Saint-Gobain (EU);G7;2023;INDUS;56.0476;14.9316;5.7346;0.6492;16.8;INDUS;INDUS;18;56.0476;14.9316;0.6492;5.7346;0.011583011583011582;0.10231660231660232
Saint-Gobain (EU);G7;2024;INDUS;56.80500000000001;14.607;5.9510000000000005;0.6492;16.5;INDUS;INDUS;19;56.80500000000001;14.607;0.6492;5.9510000000000005;0.011428571428571427;0.10476190476190476
Salesforce (US);G7;2005;INDUS;2.47;0.67;0.02;0.45;0.81;TECH;TECH;0;2.47;0.67;0.45;0.02;0.18218623481781376;0.008097165991902834
Salesforce (US);G7;2006;INDUS;2.72;0.73;0.02;0.48;0.86;TECH;TECH;1;2.72;0.73;0.48;0.02;0.1764705882352941;0.007352941176470588
Salesforce (US);G7;2007;INDUS;3.02;0.79;0.02;0.52;0.91;TECH;TECH;2;3.02;0.79;0.52;0.02;0.17218543046357615;0.006622516556291391
Salesforce (US);G7;2008;INDUS;3.42;0.87;0.02;0.56;0.97;TECH;TECH;3;3.42;0.87;0.56;0.02;0.16374269005847955;0.0058479532163742695
Salesforce (US);G7;2009;INDUS;3.35;0.95;0.02;0.59;1.05;TECH;TECH;4;3.35;0.95;0.59;0.02;0.1761194029850746;0.005970149253731343
Salesforce (US);G7;2010;INDUS;3.67;1.05;0.04;0.63;1.14;TECH;TECH;5;3.67;1.05;0.63;0.04;0.17166212534059946;0.010899182561307902
Salesforce (US);G7;2011;INDUS;3.4;1.15;0.03;0.66;1.22;TECH;TECH;6;3.4;1.15;0.66;0.03;0.19411764705882353;0.008823529411764706
Salesforce (US);G7;2012;INDUS;3.82;1.23;0.03;0.69;1.32;TECH;TECH;7;3.82;1.23;0.69;0.03;0.1806282722513089;0.007853403141361256
Salesforce (US);G7;2013;INDUS;4.22;1.35;0.04;0.71;1.43;TECH;TECH;8;4.22;1.35;0.71;0.04;0.16824644549763032;0.009478672985781991
Salesforce (US);G7;2014;INDUS;4.79;1.44;0.04;0.75;1.53;TECH;TECH;9;4.79;1.44;0.75;0.04;0.15657620041753653;0.008350730688935283
Salesforce (US);G7;2015;INDUS;5.37;1.55;0.05;0.79;1.6;TECH;TECH;10;5.37;1.55;0.79;0.05;0.14711359404096835;0.00931098696461825
Salesforce (US);G7;2016;INDUS;6.67;1.82;0.11;0.97;1.9;TECH;TECH;11;6.67;1.82;0.97;0.11;0.1454272863568216;0.01649175412293853
Salesforce (US);G7;2017;INDUS;8.39;2.15;0.04;1.2;2.5;TECH;TECH;12;8.39;2.15;1.2;0.04;0.14302741358760426;0.004767580452920143
Salesforce (US);G7;2018;INDUS;10.48;2.45;0.45;1.5;2.9;TECH;TECH;13;10.48;2.45;1.5;0.45;0.1431297709923664;0.042938931297709926
Salesforce (US);G7;2019;INDUS;13.28;2.95;0.54;1.89;3.5;TECH;TECH;14;13.28;2.95;1.89;0.54;0.14231927710843373;0.040662650602409645
Salesforce (US);G7;2020;INDUS;17.1;3.45;0.3;2.57;4.9;TECH;TECH;15;17.1;3.45;2.57;0.3;0.1502923976608187;0.017543859649122806
Salesforce (US);G7;2021;INDUS;21.25;3.95;0.45;3.61;5.66;TECH;TECH;16;21.25;3.95;3.61;0.45;0.16988235294117646;0.021176470588235293
Salesforce (US);G7;2022;INDUS;26.49;4.65;0.55;4.47;7.35;TECH;TECH;17;26.49;4.65;4.47;0.55;0.16874292185730463;0.02076255190637977
Salesforce (US);G7;2023;INDUS;31.35;4.85;1.05;5.05;7.94;TECH;TECH;18;31.35;4.85;5.05;1.05;0.16108452950558214;0.03349282296650718
Salesforce (US);G7;2024;INDUS;34.86;5.12;5.02;5.02;7.26;TECH;TECH;19;34.86;5.12;5.02;5.02;0.14400458978772232;0.14400458978772232
Samsung C&T (KR);G7;2005;INDUS;6.7;1.23;0.05;0.1;0.91;INDUS;INDUS;0;6.7;1.23;0.1;0.05;0.014925373134328358;0.007462686567164179
Samsung C&T (KR);G7;2006;INDUS;7.19;1.31;0.05;0.1;0.94;INDUS;INDUS;1;7.19;1.31;0.1;0.05;0.013908205841446454;0.006954102920723227
Samsung C&T (KR);G7;2007;INDUS;7.72;1.37;0.05;0.1;0.96;INDUS;INDUS;2;7.72;1.37;0.1;0.05;0.01295336787564767;0.006476683937823835
Samsung C&T (KR);G7;2008;INDUS;8.22;1.39;0.05;0.1;0.99;INDUS;INDUS;3;8.22;1.39;0.1;0.05;0.0121654501216545;0.00608272506082725
Samsung C&T (KR);G7;2009;INDUS;8.06;1.46;0.05;0.1;1.02;INDUS;INDUS;4;8.06;1.46;0.1;0.05;0.012406947890818858;0.006203473945409429
Samsung C&T (KR);G7;2010;INDUS;11.13;1.5;0.11;0.1;1.05;INDUS;INDUS;5;11.13;1.5;0.1;0.11;0.008984725965858042;0.009883198562443844
Samsung C&T (KR);G7;2011;INDUS;10.31;1.56;0.09;0.1;1.08;INDUS;INDUS;6;10.31;1.56;0.1;0.09;0.009699321047526674;0.008729388942774006
Samsung C&T (KR);G7;2012;INDUS;10.68;1.63;0.09;0.1;1.1;INDUS;INDUS;7;10.68;1.63;0.1;0.09;0.009363295880149813;0.008426966292134831
Samsung C&T (KR);G7;2013;INDUS;11.29;1.68;0.1;0.1;1.15;INDUS;INDUS;8;11.29;1.68;0.1;0.1;0.008857395925597875;0.008857395925597875
Samsung C&T (KR);G7;2014;INDUS;11.65;1.74;0.1;0.1;1.18;INDUS;INDUS;9;11.65;1.74;0.1;0.1;0.008583690987124463;0.008583690987124463
Samsung C&T (KR);G7;2015;INDUS;11.5;1.8;0.1;0.1;1.2;INDUS;INDUS;10;11.5;1.8;0.1;0.1;0.008695652173913044;0.008695652173913044
Samsung C&T (KR);G7;2016;INDUS;25.1;4.2;0.1;0.1;1.2;INDUS;INDUS;11;25.1;4.2;0.1;0.1;0.00398406374501992;0.00398406374501992
Samsung C&T (KR);G7;2017;INDUS;26.4;4.5;0.8;0.1;1.3;INDUS;INDUS;12;26.4;4.5;0.1;0.8;0.0037878787878787884;0.030303030303030307
Samsung C&T (KR);G7;2018;INDUS;28.5;4.8;1.0;0.1;1.4;INDUS;INDUS;13;28.5;4.8;0.1;1.0;0.0035087719298245615;0.03508771929824561
Samsung C&T (KR);G7;2019;INDUS;27.1;5.1;0.8;0.1;1.3;INDUS;INDUS;14;27.1;5.1;0.1;0.8;0.0036900369003690036;0.02952029520295203
Samsung C&T (KR);G7;2020;INDUS;26.8;5.4;0.7;0.2;1.4;INDUS;INDUS;15;26.8;5.4;0.2;0.7;0.007462686567164179;0.026119402985074626
Samsung C&T (KR);G7;2021;INDUS;31.2;5.8;1.1;0.2;1.5;INDUS;INDUS;16;31.2;5.8;0.2;1.1;0.006410256410256411;0.03525641025641026
Samsung C&T (KR);G7;2022;INDUS;33.1;6.2;2.1;0.2;1.6;INDUS;INDUS;17;33.1;6.2;0.2;2.1;0.006042296072507553;0.0634441087613293
Samsung C&T (KR);G7;2023;INDUS;32.5;6.5;2.3;0.2;1.6;INDUS;INDUS;18;32.5;6.5;0.2;2.3;0.006153846153846154;0.07076923076923076
Samsung C&T (KR);G7;2024;INDUS;31.8;6.8;2.2;0.2;1.6;INDUS;INDUS;19;31.8;6.8;0.2;2.2;0.006289308176100629;0.06918238993710692
Samsung Ele-Mech (KR);G7;2005;INDUS;3.58;1.86;0.14;0.32;2.05;INDUS;INDUS;0;3.58;1.86;0.32;0.14;0.0893854748603352;0.03910614525139665
Samsung Ele-Mech (KR);G7;2006;INDUS;3.76;1.89;0.15;0.33;2.09;INDUS;INDUS;1;3.76;1.89;0.33;0.15;0.08776595744680853;0.0398936170212766
Samsung Ele-Mech (KR);G7;2007;INDUS;3.92;1.93;0.15;0.34;2.14;INDUS;INDUS;2;3.92;1.93;0.34;0.15;0.08673469387755103;0.03826530612244898
Samsung Ele-Mech (KR);G7;2008;INDUS;4.09;1.98;0.16;0.35;2.2;INDUS;INDUS;3;4.09;1.98;0.35;0.16;0.08557457212713936;0.039119804400977995
Samsung Ele-Mech (KR);G7;2009;INDUS;4.01;2.08;0.17;0.35;2.26;INDUS;INDUS;4;4.01;2.08;0.35;0.17;0.08728179551122195;0.04239401496259352
Samsung Ele-Mech (KR);G7;2010;INDUS;5.09;2.17;0.35;0.36;2.35;INDUS;INDUS;5;5.09;2.17;0.36;0.35;0.07072691552062868;0.06876227897838899
Samsung Ele-Mech (KR);G7;2011;INDUS;4.71;2.2;0.28;0.36;2.43;INDUS;INDUS;6;4.71;2.2;0.36;0.28;0.07643312101910828;0.059447983014862
Samsung Ele-Mech (KR);G7;2012;INDUS;5.05;2.25;0.29;0.37;2.48;INDUS;INDUS;7;5.05;2.25;0.37;0.29;0.07326732673267326;0.05742574257425742
Samsung Ele-Mech (KR);G7;2013;INDUS;5.21;2.33;0.3;0.38;2.54;INDUS;INDUS;8;5.21;2.33;0.38;0.3;0.07293666026871401;0.05758157389635316
Samsung Ele-Mech (KR);G7;2014;INDUS;5.3;2.42;0.3;0.39;2.57;INDUS;INDUS;9;5.3;2.42;0.39;0.3;0.07358490566037737;0.05660377358490566
Samsung Ele-Mech (KR);G7;2015;INDUS;5.5;2.5;0.3;0.4;2.6;INDUS;INDUS;10;5.5;2.5;0.4;0.3;0.07272727272727274;0.05454545454545454
Samsung Ele-Mech (KR);G7;2016;INDUS;5.2;2.4;0.1;0.4;2.5;INDUS;INDUS;11;5.2;2.4;0.4;0.1;0.07692307692307693;0.019230769230769232
Samsung Ele-Mech (KR);G7;2017;INDUS;6.1;2.8;0.3;0.5;2.6;INDUS;INDUS;12;6.1;2.8;0.5;0.3;0.0819672131147541;0.04918032786885246
Samsung Ele-Mech (KR);G7;2018;INDUS;7.3;3.2;1.0;0.5;2.8;INDUS;INDUS;13;7.3;3.2;0.5;1.0;0.0684931506849315;0.136986301369863
Samsung Ele-Mech (KR);G7;2019;INDUS;6.9;3.5;0.6;0.5;2.9;INDUS;INDUS;14;6.9;3.5;0.5;0.6;0.07246376811594203;0.08695652173913043
Samsung Ele-Mech (KR);G7;2020;INDUS;7.1;3.8;0.7;0.5;3.1;INDUS;INDUS;15;7.1;3.8;0.5;0.7;0.07042253521126761;0.09859154929577464
Samsung Ele-Mech (KR);G7;2021;INDUS;8.6;4.2;1.3;0.5;3.3;INDUS;INDUS;16;8.6;4.2;0.5;1.3;0.05813953488372093;0.15116279069767444
Samsung Ele-Mech (KR);G7;2022;INDUS;7.3;4.5;0.9;0.5;3.4;INDUS;INDUS;17;7.3;4.5;0.5;0.9;0.0684931506849315;0.12328767123287672
Samsung Ele-Mech (KR);G7;2023;INDUS;6.8;4.8;0.5;0.6;3.5;INDUS;INDUS;18;6.8;4.8;0.6;0.5;0.08823529411764706;0.07352941176470588
Samsung Ele-Mech (KR);G7;2024;INDUS;7.8;5.2;0.8;0.6;3.6;INDUS;INDUS;19;7.8;5.2;0.6;0.8;0.07692307692307693;0.10256410256410257
Samsung Electronics (KR);G7;2005;INDUS;82.97;40.75;5.97;7.57;18.69;TECH;TECH;0;82.97;40.75;7.57;5.97;0.09123779679402194;0.07195371821140172
Samsung Electronics (KR);G7;2006;INDUS;89.14;43.68;6.19;8.03;19.93;TECH;TECH;1;89.14;43.68;8.03;6.19;0.09008301548126542;0.06944132824770025
Samsung Electronics (KR);G7;2007;INDUS;98.41;45.84;6.55;8.53;20.73;TECH;TECH;2;98.41;45.84;8.53;6.55;0.0866781831114724;0.06655827659790672
Samsung Electronics (KR);G7;2008;INDUS;107.16;49.58;6.85;8.96;22.07;TECH;TECH;3;107.16;49.58;8.96;6.85;0.0836132885405002;0.0639231056364315
Samsung Electronics (KR);G7;2009;INDUS;105.06;53.4;7.21;9.51;23.32;TECH;TECH;4;105.06;53.4;9.51;7.21;0.0905197030268418;0.06862745098039215
Samsung Electronics (KR);G7;2010;INDUS;119.53;57.28;16.65;9.84;24.25;TECH;TECH;5;119.53;57.28;9.84;16.65;0.08232242951560277;0.13929557433280346
Samsung Electronics (KR);G7;2011;INDUS;110.68;61.48;13.32;10.28;25.82;TECH;TECH;6;110.68;61.48;10.28;13.32;0.09288037585833031;0.12034694615106613
Samsung Electronics (KR);G7;2012;INDUS;123.81;66.22;15.42;10.7;27.44;TECH;TECH;7;123.81;66.22;10.7;15.42;0.08642274452790566;0.1245456748243276
Samsung Electronics (KR);G7;2013;INDUS;136.44;70.64;17.69;11.4;28.78;TECH;TECH;8;136.44;70.64;11.4;17.69;0.08355321020228672;0.1296540603928467
Samsung Electronics (KR);G7;2014;INDUS;152.75;75.21;19.92;11.98;30.78;TECH;TECH;9;152.75;75.21;11.98;19.92;0.07842880523731588;0.13040916530278235
Samsung Electronics (KR);G7;2015;INDUS;170.5;82.1;22.4;12.5;32.5;TECH;TECH;10;170.5;82.1;12.5;22.4;0.07331378299120235;0.1313782991202346
Samsung Electronics (KR);G7;2016;INDUS;172.1;85.4;25.1;12.8;30.8;TECH;TECH;11;172.1;85.4;12.8;25.1;0.07437536316095295;0.14584543869843117
Samsung Electronics (KR);G7;2017;INDUS;210.5;98.2;48.2;14.5;32.0;TECH;TECH;12;210.5;98.2;14.5;48.2;0.0688836104513064;0.22897862232779098
Samsung Electronics (KR);G7;2018;INDUS;212.5;102.5;52.1;16.2;31.0;TECH;TECH;13;212.5;102.5;16.2;52.1;0.07623529411764705;0.2451764705882353
Samsung Electronics (KR);G7;2019;INDUS;198.2;105.8;23.5;17.5;28.7;TECH;TECH;14;198.2;105.8;17.5;23.5;0.08829465186680122;0.11856710393541878
Samsung Electronics (KR);G7;2020;INDUS;205.1;112.4;30.2;18.1;26.8;TECH;TECH;15;205.1;112.4;18.1;30.2;0.08824963432471966;0.14724524622135543
Samsung Electronics (KR);G7;2021;INDUS;240.2;125.1;44.5;19.2;26.6;TECH;TECH;16;240.2;125.1;19.2;44.5;0.07993338884263114;0.18526228143213988
Samsung Electronics (KR);G7;2022;INDUS;245.2;138.5;36.1;21.1;27.0;TECH;TECH;17;245.2;138.5;21.1;36.1;0.08605220228384992;0.1472267536704731
Samsung Electronics (KR);G7;2023;INDUS;202.5;145.2;5.5;22.5;26.8;TECH;TECH;18;202.5;145.2;22.5;5.5;0.1111111111111111;0.027160493827160494
Samsung Electronics (KR);G7;2024;INDUS;235.1;152.8;12.5;24.2;27.2;TECH;TECH;19;235.1;152.8;24.2;12.5;0.10293492131008082;0.05316886431305828
Samsung SDI (KR);G7;2005;INDUS;4.46;3.23;-0.08;0.44;0.74;INDUS;INDUS;0;4.46;3.23;0.44;-0.08;0.09865470852017938;-0.017937219730941704
Samsung SDI (KR);G7;2006;INDUS;4.61;3.31;-0.09;0.44;0.75;INDUS;INDUS;1;4.61;3.31;0.44;-0.09;0.09544468546637744;-0.01952277657266811
Samsung SDI (KR);G7;2007;INDUS;4.78;3.37;-0.09;0.45;0.76;INDUS;INDUS;2;4.78;3.37;0.45;-0.09;0.09414225941422594;-0.018828451882845185
Samsung SDI (KR);G7;2008;INDUS;4.95;3.49;-0.1;0.46;0.78;INDUS;INDUS;3;4.95;3.49;0.46;-0.1;0.09292929292929293;-0.020202020202020204
Samsung SDI (KR);G7;2009;INDUS;4.85;3.62;-0.11;0.46;0.8;INDUS;INDUS;4;4.85;3.62;0.46;-0.11;0.09484536082474228;-0.022680412371134023
Samsung SDI (KR);G7;2010;INDUS;6.38;3.65;-0.2;0.46;0.81;INDUS;INDUS;5;6.38;3.65;0.46;-0.2;0.07210031347962383;-0.031347962382445145
Samsung SDI (KR);G7;2011;INDUS;5.91;3.8;-0.16;0.47;0.83;INDUS;INDUS;6;5.91;3.8;0.47;-0.16;0.07952622673434856;-0.02707275803722504
Samsung SDI (KR);G7;2012;INDUS;6.19;3.87;-0.17;0.48;0.84;INDUS;INDUS;7;6.19;3.87;0.48;-0.17;0.07754442649434572;-0.027463651050080775
Samsung SDI (KR);G7;2013;INDUS;6.38;3.96;-0.17;0.49;0.86;INDUS;INDUS;8;6.38;3.96;0.49;-0.17;0.0768025078369906;-0.026645768025078374
Samsung SDI (KR);G7;2014;INDUS;6.52;4.09;-0.18;0.5;0.88;INDUS;INDUS;9;6.52;4.09;0.5;-0.18;0.07668711656441718;-0.027607361963190184
Samsung SDI (KR);G7;2015;INDUS;6.8;4.2;-0.2;0.5;0.9;INDUS;INDUS;10;6.8;4.2;0.5;-0.2;0.07352941176470588;-0.029411764705882356
Samsung SDI (KR);G7;2016;INDUS;4.5;4.5;-0.8;0.5;0.9;INDUS;INDUS;11;4.5;4.5;0.5;-0.8;0.1111111111111111;-0.17777777777777778
Samsung SDI (KR);G7;2017;INDUS;5.6;5.1;0.1;0.5;1.0;INDUS;INDUS;12;5.6;5.1;0.5;0.1;0.08928571428571429;0.01785714285714286
Samsung SDI (KR);G7;2018;INDUS;8.1;5.8;0.6;0.6;1.0;INDUS;INDUS;13;8.1;5.8;0.6;0.6;0.07407407407407407;0.07407407407407407
Samsung SDI (KR);G7;2019;INDUS;8.8;6.5;0.4;0.7;1.1;INDUS;INDUS;14;8.8;6.5;0.7;0.4;0.07954545454545453;0.045454545454545456
Samsung SDI (KR);G7;2020;INDUS;10.2;7.8;0.6;0.8;1.2;INDUS;INDUS;15;10.2;7.8;0.8;0.6;0.07843137254901962;0.058823529411764705
Samsung SDI (KR);G7;2021;INDUS;12.1;9.2;0.9;0.9;1.1;INDUS;INDUS;16;12.1;9.2;0.9;0.9;0.0743801652892562;0.0743801652892562
Samsung SDI (KR);G7;2022;INDUS;16.5;11.5;1.5;1.0;1.2;INDUS;INDUS;17;16.5;11.5;1.0;1.5;0.06060606060606061;0.09090909090909091
Samsung SDI (KR);G7;2023;INDUS;18.2;14.2;1.4;1.1;1.3;INDUS;INDUS;18;18.2;14.2;1.1;1.4;0.06043956043956045;0.07692307692307693
Samsung SDI (KR);G7;2024;INDUS;17.5;16.8;1.1;1.2;1.2;INDUS;INDUS;19;17.5;16.8;1.2;1.1;0.06857142857142857;0.06285714285714286
Sanan Optoelectronics;CN;2015;TECH;0.96;3.45;0.07;0.07;;TECH;TECH;10;0.96;3.45;0.07;0.07;0.07291666666666667;0.07291666666666667
Sanan Optoelectronics;CN;2020;TECH;1.23;4.42;-0.1;0.11;;TECH;TECH;15;1.23;4.42;0.11;-0.1;0.08943089430894309;-0.0813008130081301
Sanan Optoelectronics;CN;2024;TECH;2.24;8.05;0.27;0.2;;TECH;TECH;19;2.24;8.05;0.2;0.27;0.08928571428571429;0.12053571428571429
Sanofi (EU);G7;2005;PHARMA;28.8608;7.97404;2.97316;4.57792;7.5;PHARMA;PHARMA;0;28.8608;7.97404;4.57792;2.97316;0.1586206896551724;0.10301724137931034
Sanofi (EU);G7;2006;PHARMA;30.99808;8.37752;3.19024;4.81048;7.81;PHARMA;PHARMA;1;30.99808;8.37752;4.81048;3.19024;0.1551863857374392;0.10291734197730956
Sanofi (EU);G7;2007;PHARMA;36.40005;9.62442;3.8388;5.45658;8.06;PHARMA;PHARMA;2;36.40005;9.62442;5.45658;3.8388;0.14990583804143126;0.10546139359698682
Sanofi (EU);G7;2008;PHARMA;42.57074000000001;10.841270000000002;4.69249;6.1782;8.35;PHARMA;PHARMA;3;42.57074000000001;10.841270000000002;6.1782;4.69249;0.14512785072563925;0.11022805805114028
Sanofi (EU);G7;2009;PHARMA;39.54778;10.63622;4.683839999999999;6.008139999999999;8.69;PHARMA;PHARMA;4;39.54778;10.63622;6.008139999999999;4.683839999999999;0.15192104335565734;0.11843496651392313
Sanofi (EU);G7;2010;PHARMA;39.9789;10.50192;9.13614;5.87418;9.01;PHARMA;PHARMA;5;39.9789;10.50192;5.87418;9.13614;0.14693200663349915;0.22852404643449417
Sanofi (EU);G7;2011;PHARMA;38.86464;11.6928;7.669919999999999;6.37536;9.3;PHARMA;PHARMA;6;38.86464;11.6928;6.37536;7.669919999999999;0.1640401146131805;0.19734957020057303
Sanofi (EU);G7;2012;PHARMA;39.13298;11.09818;7.44594;6.13422;9.68;PHARMA;PHARMA;7;39.13298;11.09818;6.13422;7.44594;0.15675320407492604;0.19027275714755174
Sanofi (EU);G7;2013;PHARMA;42.78816;12.04496;8.233600000000001;6.49392;10.27;PHARMA;PHARMA;8;42.78816;12.04496;6.49392;8.233600000000001;0.15176908752327747;0.19242706393544384
Sanofi (EU);G7;2014;PHARMA;44.61453;12.39957;8.5056;6.80448;10.59;PHARMA;PHARMA;9;44.61453;12.39957;6.80448;8.5056;0.15251712838844206;0.19064641048555256
Sanofi (EU);G7;2015;PHARMA;41.181;10.878000000000002;8.214;5.883;11.0;PHARMA;PHARMA;10;41.181;10.878000000000002;5.883;8.214;0.14285714285714288;0.19946091644204855
Sanofi (EU);G7;2016;PHARMA;37.4166;10.5165;7.749;5.7564;10.7;PHARMA;PHARMA;11;37.4166;10.5165;5.7564;7.749;0.15384615384615383;0.2071005917159763
Sanofi (EU);G7;2017;PHARMA;39.663;10.622;8.023;6.101999999999999;10.7;PHARMA;PHARMA;12;39.663;10.622;6.101999999999999;8.023;0.15384615384615385;0.2022792022792023
Sanofi (EU);G7;2018;PHARMA;40.7445;10.8652;8.0308;6.967900000000001;10.4;PHARMA;PHARMA;13;40.7445;10.8652;6.967900000000001;8.0308;0.1710144927536232;0.1971014492753623
Sanofi (EU);G7;2019;PHARMA;40.395900000000005;10.6305;8.3925;6.714;10.0;PHARMA;PHARMA;14;40.395900000000005;10.6305;6.714;8.3925;0.16620498614958448;0.2077562326869806
Sanofi (EU);G7;2020;PHARMA;41.112;11.534199999999998;8.907599999999999;6.281;9.5;PHARMA;PHARMA;15;41.112;11.534199999999998;6.281;8.907599999999999;0.15277777777777776;0.21666666666666662
Sanofi (EU);G7;2021;PHARMA;44.7174;12.7764;10.0555;6.7431;9.5;PHARMA;PHARMA;16;44.7174;12.7764;6.7431;10.0555;0.1507936507936508;0.22486772486772488
Sanofi (EU);G7;2022;PHARMA;45.279;12.1095;10.7406;7.0551;9.1;PHARMA;PHARMA;17;45.279;12.1095;7.0551;10.7406;0.1558139534883721;0.23720930232558138
Sanofi (EU);G7;2023;PHARMA;46.63420000000001;13.0922;10.9282;7.6822;8.8;PHARMA;PHARMA;18;46.63420000000001;13.0922;7.6822;10.9282;0.16473317865429232;0.23433874709976796
Sanofi (EU);G7;2024;PHARMA;48.906400000000005;13.849600000000002;12.1184;8.115;8.7;PHARMA;PHARMA;19;48.906400000000005;13.849600000000002;8.115;12.1184;0.165929203539823;0.247787610619469
Sany Heavy Industry;China;2005;INDUS;3.41;1.55;0.19;0.15;23.63;INDUS;INDUS;0;3.41;1.55;0.15;0.19;0.0439882697947214;0.05571847507331378
Sany Heavy Industry;China;2006;INDUS;3.82;1.67;0.22;0.16;25.27;INDUS;INDUS;1;3.82;1.67;0.16;0.22;0.041884816753926704;0.05759162303664922
Sany Heavy Industry;China;2007;INDUS;4.23;1.78;0.23;0.17;26.65;INDUS;INDUS;2;4.23;1.78;0.17;0.23;0.04018912529550827;0.05437352245862884
Sany Heavy Industry;China;2008;INDUS;4.8;1.89;0.27;0.18;29.14;INDUS;INDUS;3;4.8;1.89;0.18;0.27;0.0375;0.05625000000000001
Sany Heavy Industry;China;2009;INDUS;4.71;2.06;0.28;0.19;30.4;INDUS;INDUS;4;4.71;2.06;0.19;0.28;0.040339702760084924;0.059447983014862
Sany Heavy Industry;China;2010;INDUS;5.63;2.24;0.64;0.2;32.62;INDUS;INDUS;5;5.63;2.24;0.2;0.64;0.03552397868561279;0.11367673179396093
Sany Heavy Industry;China;2011;INDUS;5.21;2.4;0.51;0.21;34.79;INDUS;INDUS;6;5.21;2.4;0.21;0.51;0.04030710172744722;0.09788867562380038
Sany Heavy Industry;China;2012;INDUS;5.78;2.57;0.55;0.22;37.2;INDUS;INDUS;7;5.78;2.57;0.22;0.55;0.03806228373702422;0.09515570934256055
Sany Heavy Industry;China;2013;INDUS;6.42;2.75;0.63;0.23;39.36;INDUS;INDUS;8;6.42;2.75;0.23;0.63;0.03582554517133957;0.09813084112149532
Sany Heavy Industry;China;2014;INDUS;7.37;2.95;0.71;0.24;41.55;INDUS;INDUS;9;7.37;2.95;0.24;0.71;0.032564450474898234;0.09633649932157394
Sany Heavy Industry;China;2015;INDUS;6.2;4.0;0.2;0.3;1.8;INDUS;INDUS;10;6.2;4.0;0.3;0.2;0.04838709677419355;0.03225806451612903
Sany Heavy Industry;China;2016;INDUS;6.0;3.8;0.1;0.3;1.7;INDUS;INDUS;11;6.0;3.8;0.3;0.1;0.049999999999999996;0.016666666666666666
Sany Heavy Industry;China;2017;INDUS;9.5;3.6;0.9;0.4;2.2;INDUS;INDUS;12;9.5;3.6;0.4;0.9;0.042105263157894736;0.09473684210526316
Sany Heavy Industry;China;2018;INDUS;13.6;3.7;2.1;0.5;2.8;INDUS;INDUS;13;13.6;3.7;0.5;2.1;0.03676470588235294;0.15441176470588236
Sany Heavy Industry;China;2019;INDUS;18.6;4.2;3.2;0.9;3.2;INDUS;INDUS;14;18.6;4.2;0.9;3.2;0.04838709677419355;0.17204301075268816
Sany Heavy Industry;China;2020;INDUS;24.9;4.6;4.6;1.2;3.8;INDUS;INDUS;15;24.9;4.6;1.2;4.6;0.04819277108433735;0.18473895582329317
Sany Heavy Industry;China;2021;INDUS;26.8;5.6;3.8;1.5;4.1;INDUS;INDUS;16;26.8;5.6;1.5;3.8;0.055970149253731345;0.1417910447761194
Sany Heavy Industry;China;2022;INDUS;21.3;6.6;1.3;1.3;3.8;INDUS;INDUS;17;21.3;6.6;1.3;1.3;0.06103286384976526;0.06103286384976526
Sany Heavy Industry;China;2023;INDUS;20.4;7.8;1.6;1.5;3.6;INDUS;INDUS;18;20.4;7.8;1.5;1.6;0.07352941176470588;0.07843137254901962
Sany Heavy Industry;China;2024;INDUS;23.4;8.8;2.1;1.7;3.9;INDUS;INDUS;19;23.4;8.8;1.7;2.1;0.07264957264957266;0.08974358974358976
Schaeffler (EU);G7;2005;INDUS;12.70124;4.77696;0.7090799999999999;0.7464;6.26;INDUS;INDUS;0;12.70124;4.77696;0.7464;0.7090799999999999;0.05876591576885406;0.05582761998041136
Schaeffler (EU);G7;2006;INDUS;12.98704;4.8984;0.7033600000000001;0.76616;6.42;INDUS;INDUS;1;12.98704;4.8984;0.76616;0.7033600000000001;0.05899419729206963;0.05415860735009672
Schaeffler (EU);G7;2007;INDUS;14.68341;5.59368;0.79518;0.86373;6.62;INDUS;INDUS;2;14.68341;5.59368;0.86373;0.79518;0.058823529411764705;0.05415499533146592
Schaeffler (EU);G7;2008;INDUS;16.06332;6.23704;0.91202;0.94144;6.87;INDUS;INDUS;3;16.06332;6.23704;0.94144;0.91202;0.05860805860805861;0.056776556776556776
Schaeffler (EU);G7;2009;INDUS;14.92974;6.161479999999999;0.9061;0.92004;7.08;INDUS;INDUS;4;14.92974;6.161479999999999;0.92004;0.9061;0.061624649859943974;0.06069094304388422
Schaeffler (EU);G7;2010;INDUS;17.556240000000003;6.07308;2.53266;0.87516;7.23;INDUS;INDUS;5;17.556240000000003;6.07308;0.87516;2.53266;0.049848942598187305;0.1442598187311178
Schaeffler (EU);G7;2011;INDUS;17.06592;6.611999999999999;2.12976;0.93264;7.52;INDUS;INDUS;6;17.06592;6.611999999999999;0.93264;2.12976;0.05464926590538337;0.12479608482871127
Schaeffler (EU);G7;2012;INDUS;16.70514;6.27568;2.00616;0.8873399999999999;7.62;INDUS;INDUS;7;16.70514;6.27568;0.8873399999999999;2.00616;0.05311778290993071;0.12009237875288684
Schaeffler (EU);G7;2013;INDUS;18.08736;6.613440000000001;2.28416;0.94288;7.83;INDUS;INDUS;8;18.08736;6.613440000000001;0.94288;2.28416;0.052129221732745964;0.12628487518355358
Schaeffler (EU);G7;2014;INDUS;19.09773;6.72474;2.47194;0.97017;8.11;INDUS;INDUS;9;19.09773;6.72474;0.97017;2.47194;0.05080027835768963;0.1294363256784969
Schaeffler (EU);G7;2015;INDUS;16.2615;5.827500000000001;2.0535;0.8325;8.4;INDUS;INDUS;10;16.2615;5.827500000000001;0.8325;2.0535;0.051194539249146756;0.12627986348122866
Schaeffler (EU);G7;2016;INDUS;16.40574;6.03315;1.93725;0.86346;8.65;INDUS;INDUS;11;16.40574;6.03315;0.86346;1.93725;0.05263157894736842;0.11808367071524965
Schaeffler (EU);G7;2017;INDUS;17.9105;6.5766;2.0566;0.9605;8.95;INDUS;INDUS;12;17.9105;6.5766;0.9605;2.0566;0.05362776025236594;0.11482649842271293
Schaeffler (EU);G7;2018;INDUS;19.78175;7.26315;1.83055;1.0865200000000002;9.25;INDUS;INDUS;13;19.78175;7.26315;1.0865200000000002;1.83055;0.05492537313432837;0.09253731343283582
Schaeffler (EU);G7;2019;INDUS;18.07185;7.2735;0.95115;1.06305;8.8;INDUS;INDUS;14;18.07185;7.2735;1.06305;0.95115;0.058823529411764705;0.05263157894736842
Schaeffler (EU);G7;2020;INDUS;16.3877;7.822699999999999;1.05064;1.00496;8.3;INDUS;INDUS;15;16.3877;7.822699999999999;1.00496;1.05064;0.0613240418118467;0.06411149825783972
Schaeffler (EU);G7;2021;INDUS;19.42486;8.458450000000001;1.71535;1.24215;8.35;INDUS;INDUS;16;19.42486;8.458450000000001;1.24215;1.71535;0.06394640682095007;0.08830694275274056
Schaeffler (EU);G7;2022;INDUS;17.532449999999997;7.739549999999999;1.31625;1.2109499999999995;8.25;INDUS;INDUS;17;17.532449999999997;7.739549999999999;1.2109499999999995;1.31625;0.06906906906906905;0.07507507507507508
Schaeffler (EU);G7;2023;INDUS;18.5563;8.2773;1.4607;1.3525;8.35;INDUS;INDUS;18;18.5563;8.2773;1.3525;1.4607;0.0728862973760933;0.07871720116618076
Schaeffler (EU);G7;2024;INDUS;19.313700000000004;8.8183;1.53644;1.4607;8.5;INDUS;INDUS;19;19.313700000000004;8.8183;1.4607;1.53644;0.07563025210084033;0.0795518207282913
Schneider Electric (EU);G7;2005;INDUS;23.15084;3.37124;1.53012;1.3684;11.24;INDUS;INDUS;0;23.15084;3.37124;1.3684;1.53012;0.059108006448146164;0.0660934981192907
Schneider Electric (EU);G7;2006;INDUS;24.12776;3.47912;1.59512;1.3816000000000002;11.52;INDUS;INDUS;1;24.12776;3.47912;1.3816000000000002;1.59512;0.057261842790213444;0.06611140031233734
Schneider Electric (EU);G7;2007;INDUS;27.99582;3.87993;1.87827;1.54923;11.76;INDUS;INDUS;2;27.99582;3.87993;1.54923;1.87827;0.055337904015670916;0.06709108716944173
Schneider Electric (EU);G7;2008;INDUS;31.199910000000003;4.23648;2.01527;1.70636;12.18;INDUS;INDUS;3;31.199910000000003;4.23648;1.70636;2.01527;0.05469118340405469;0.06459217350306459
Schneider Electric (EU);G7;2009;INDUS;28.981259999999995;4.07048;2.00736;1.6449199999999995;12.52;INDUS;INDUS;4;28.981259999999995;4.07048;1.6449199999999995;2.00736;0.05675805675805675;0.06926406926406926
Schneider Electric (EU);G7;2010;INDUS;34.31688;3.93822;5.5029;1.5912;12.92;INDUS;INDUS;5;34.31688;3.93822;1.5912;5.5029;0.04636785162287481;0.16035548686244205
Schneider Electric (EU);G7;2011;INDUS;33.35232;4.23168;4.62144;1.71216;13.52;INDUS;INDUS;6;33.35232;4.23168;1.71216;4.62144;0.0513355592654424;0.13856427378964942
Schneider Electric (EU);G7;2012;INDUS;32.0857;3.97374;4.26952;1.59464;13.41;INDUS;INDUS;7;32.0857;3.97374;1.59464;4.26952;0.04969939879759519;0.13306613226452904
Schneider Electric (EU);G7;2013;INDUS;33.000800000000005;4.15664;4.23632;1.67328;13.53;INDUS;INDUS;8;33.000800000000005;4.15664;1.67328;4.23632;0.05070422535211267;0.1283702213279678
Schneider Electric (EU);G7;2014;INDUS;34.27491;4.22622;4.545179999999999;1.68783;13.9;INDUS;INDUS;9;34.27491;4.22622;1.68783;4.545179999999999;0.04924389298177588;0.1326095385808453
Schneider Electric (EU);G7;2015;INDUS;29.526000000000003;3.5520000000000005;3.774;1.4430000000000005;14.4;INDUS;INDUS;10;29.526000000000003;3.5520000000000005;1.4430000000000005;3.774;0.04887218045112783;0.12781954887218044
Schneider Electric (EU);G7;2016;INDUS;27.3429;3.4317;3.5424;1.3284;14.1;INDUS;INDUS;11;27.3429;3.4317;1.3284;3.5424;0.048582995951417005;0.12955465587044535
Schneider Electric (EU);G7;2017;INDUS;27.911;3.842;3.955;1.356;14.2;INDUS;INDUS;12;27.911;3.842;1.356;3.955;0.048582995951417005;0.1417004048582996
Schneider Electric (EU);G7;2018;INDUS;30.3517;4.251600000000001;4.4878;1.5353;13.7;INDUS;INDUS;13;30.3517;4.251600000000001;1.5353;4.4878;0.05058365758754864;0.14785992217898833
Schneider Electric (EU);G7;2019;INDUS;30.4368;4.2522;4.6998;1.5666;13.5;INDUS;INDUS;14;30.4368;4.2522;1.5666;4.6998;0.051470588235294115;0.15441176470588233
Schneider Electric (EU);G7;2020;INDUS;28.7784;4.682199999999999;3.8828;1.713;12.8;INDUS;INDUS;15;28.7784;4.682199999999999;1.713;3.8828;0.05952380952380952;0.1349206349206349
Schneider Electric (EU);G7;2021;INDUS;34.1887;5.3235;5.6784;1.8928000000000005;14.7;INDUS;INDUS;16;34.1887;5.3235;1.8928000000000005;5.6784;0.055363321799307974;0.1660899653979239
Schneider Electric (EU);G7;2022;INDUS;35.9073;5.054399999999999;5.791499999999999;1.7900999999999998;14.9;INDUS;INDUS;17;35.9073;5.054399999999999;1.7900999999999998;5.791499999999999;0.04985337243401759;0.16129032258064513
Schneider Electric (EU);G7;2023;INDUS;39.0602;5.5182;6.492000000000001;1.9476;15.3;INDUS;INDUS;18;39.0602;5.5182;1.9476;6.492000000000001;0.04986149584487534;0.1662049861495845
Schneider Electric (EU);G7;2024;INDUS;39.493;5.5182;6.6002;1.9476;15.5;INDUS;INDUS;19;39.493;5.5182;1.9476;6.6002;0.049315068493150684;0.16712328767123286
ServiceNow (US);G7;2010;INDUS;0.098;0.005;0.007;0.026;0.29;TECH;TECH;5;0.098;0.005;0.026;0.007;0.26530612244897955;0.07142857142857142
ServiceNow (US);G7;2011;INDUS;0.146;0.0075;0.012;0.038;0.31;TECH;TECH;6;0.146;0.0075;0.038;0.012;0.2602739726027397;0.08219178082191782
ServiceNow (US);G7;2012;INDUS;0.243;0.011;0.009;0.055;0.33;TECH;TECH;7;0.243;0.011;0.055;0.009;0.22633744855967078;0.037037037037037035
ServiceNow (US);G7;2013;INDUS;0.381;0.016;0.018;0.082;0.36;TECH;TECH;8;0.381;0.016;0.082;0.018;0.2152230971128609;0.04724409448818897
ServiceNow (US);G7;2014;INDUS;0.627;0.024;0.035;0.125;0.38;TECH;TECH;9;0.627;0.024;0.125;0.035;0.19936204146730463;0.0558213716108453
ServiceNow (US);G7;2015;INDUS;0.999;0.036;0.055;0.18;0.4;TECH;TECH;10;0.999;0.036;0.18;0.055;0.18018018018018017;0.055055055055055056
ServiceNow (US);G7;2016;INDUS;1.39;0.052;0.082;0.25;0.5;TECH;TECH;11;1.39;0.052;0.25;0.082;0.1798561151079137;0.05899280575539569
ServiceNow (US);G7;2017;INDUS;1.936;0.075;0.115;0.34;0.6;TECH;TECH;12;1.936;0.075;0.34;0.115;0.17561983471074383;0.059400826446280995
ServiceNow (US);G7;2018;INDUS;2.608;0.11;0.16;0.46;0.8;TECH;TECH;13;2.608;0.11;0.46;0.16;0.17638036809815952;0.06134969325153374
ServiceNow (US);G7;2019;INDUS;3.459;0.155;0.22;0.61;1.0;TECH;TECH;14;3.459;0.155;0.61;0.22;0.17635154668979472;0.06360219716681122
ServiceNow (US);G7;2020;INDUS;4.516;0.21;0.34;0.79;1.3;TECH;TECH;15;4.516;0.21;0.79;0.34;0.17493356953055803;0.07528786536758193
ServiceNow (US);G7;2021;INDUS;5.895;0.28;0.48;1.02;1.7;TECH;TECH;16;5.895;0.28;1.02;0.48;0.17302798982188297;0.08142493638676845
ServiceNow (US);G7;2022;INDUS;7.245;0.36;0.62;1.31;2.0;TECH;TECH;17;7.245;0.36;1.31;0.62;0.1808143547273982;0.08557625948930296
ServiceNow (US);G7;2023;INDUS;8.971;0.45;0.85;1.65;2.3;TECH;TECH;18;8.971;0.45;1.65;0.85;0.1839259837253372;0.09474974919184037
ServiceNow (US);G7;2024;INDUS;10.89;0.56;1.12;2.04;2.5;TECH;TECH;19;10.89;0.56;2.04;1.12;0.18732782369146006;0.10284664830119376
Sharp Corp (JP);G7;2005;INDUS;14.13;4.29;-0.57;0.88;3.41;INDUS;INDUS;0;14.13;4.29;0.88;-0.57;0.06227883934890304;-0.04033970276008492
Sharp Corp (JP);G7;2006;INDUS;14.64;4.44;-0.61;0.9;3.46;INDUS;INDUS;1;14.64;4.44;0.9;-0.61;0.06147540983606557;-0.041666666666666664
Sharp Corp (JP);G7;2007;INDUS;14.89;4.55;-0.62;0.92;3.55;INDUS;INDUS;2;14.89;4.55;0.92;-0.62;0.06178643384822028;-0.041638683680322364
Sharp Corp (JP);G7;2008;INDUS;15.75;4.72;-0.65;0.94;3.69;INDUS;INDUS;3;15.75;4.72;0.94;-0.65;0.05968253968253968;-0.04126984126984127
Sharp Corp (JP);G7;2009;INDUS;15.44;4.72;-0.68;0.97;3.77;INDUS;INDUS;4;15.44;4.72;0.97;-0.68;0.06282383419689119;-0.044041450777202076
Sharp Corp (JP);G7;2010;INDUS;20.11;4.88;-1.27;0.99;3.91;INDUS;INDUS;5;20.11;4.88;0.99;-1.27;0.04922923918448533;-0.06315266036797614
Sharp Corp (JP);G7;2011;INDUS;18.62;4.99;-1.02;1.02;3.99;INDUS;INDUS;6;18.62;4.99;1.02;-1.02;0.05477980665950591;-0.05477980665950591
Sharp Corp (JP);G7;2012;INDUS;19.83;5.18;-1.13;1.05;4.1;INDUS;INDUS;7;19.83;5.18;1.05;-1.13;0.05295007564296521;-0.05698436712052446
Sharp Corp (JP);G7;2013;INDUS;20.43;5.33;-1.2;1.07;4.21;INDUS;INDUS;8;20.43;5.33;1.07;-1.2;0.05237395986294665;-0.05873715124816446
Sharp Corp (JP);G7;2014;INDUS;21.34;5.58;-1.32;1.09;4.29;INDUS;INDUS;9;21.34;5.58;1.09;-1.32;0.05107778819119026;-0.061855670103092786
Sharp Corp (JP);G7;2015;INDUS;22.5;5.8;-1.4;1.1;4.4;INDUS;INDUS;10;22.5;5.8;1.1;-1.4;0.04888888888888889;-0.06222222222222222
Sharp Corp (JP);G7;2016;INDUS;17.8;5.2;-0.4;1.0;4.2;INDUS;INDUS;11;17.8;5.2;1.0;-0.4;0.056179775280898875;-0.02247191011235955
Sharp Corp (JP);G7;2017;INDUS;21.2;4.8;0.6;1.0;4.5;INDUS;INDUS;12;21.2;4.8;1.0;0.6;0.04716981132075472;0.02830188679245283
Sharp Corp (JP);G7;2018;INDUS;21.5;4.5;0.7;1.0;4.6;INDUS;INDUS;13;21.5;4.5;1.0;0.7;0.046511627906976744;0.03255813953488372
Sharp Corp (JP);G7;2019;INDUS;20.8;4.2;0.4;1.0;4.8;INDUS;INDUS;14;20.8;4.2;1.0;0.4;0.04807692307692307;0.019230769230769232
Sharp Corp (JP);G7;2020;INDUS;21.2;4.5;0.5;0.9;5.1;INDUS;INDUS;15;21.2;4.5;0.9;0.5;0.04245283018867925;0.02358490566037736
Sharp Corp (JP);G7;2021;INDUS;22.5;4.8;0.7;0.9;5.2;INDUS;INDUS;16;22.5;4.8;0.9;0.7;0.04;0.03111111111111111
Sharp Corp (JP);G7;2022;INDUS;21.4;5.1;-0.2;0.8;5.0;INDUS;INDUS;17;21.4;5.1;0.8;-0.2;0.03738317757009346;-0.009345794392523366
Sharp Corp (JP);G7;2023;INDUS;19.5;5.3;0.1;0.8;4.8;INDUS;INDUS;18;19.5;5.3;0.8;0.1;0.041025641025641026;0.005128205128205128
Sharp Corp (JP);G7;2024;INDUS;20.2;5.5;0.3;0.8;4.6;INDUS;INDUS;19;20.2;5.5;0.8;0.3;0.039603960396039604;0.01485148514851485
Shin-Etsu (JP);G7;2005;INDUS;7.94;3.89;0.73;0.32;1.51;INDUS;INDUS;0;7.94;3.89;0.32;0.73;0.04030226700251889;0.09193954659949621
Shin-Etsu (JP);G7;2006;INDUS;8.17;3.95;0.74;0.33;1.55;INDUS;INDUS;1;8.17;3.95;0.33;0.74;0.04039167686658507;0.09057527539779682
Shin-Etsu (JP);G7;2007;INDUS;8.34;4.03;0.73;0.34;1.57;INDUS;INDUS;2;8.34;4.03;0.34;0.73;0.0407673860911271;0.08752997601918465
Shin-Etsu (JP);G7;2008;INDUS;8.75;4.13;0.78;0.34;1.6;INDUS;INDUS;3;8.75;4.13;0.34;0.78;0.03885714285714286;0.08914285714285715
Shin-Etsu (JP);G7;2009;INDUS;8.58;4.26;0.82;0.35;1.61;INDUS;INDUS;4;8.58;4.26;0.35;0.82;0.04079254079254079;0.09557109557109557
Shin-Etsu (JP);G7;2010;INDUS;10.14;4.35;1.9;0.35;1.63;INDUS;INDUS;5;10.14;4.35;0.35;1.9;0.03451676528599605;0.18737672583826429
Shin-Etsu (JP);G7;2011;INDUS;9.39;4.38;1.52;0.36;1.65;INDUS;INDUS;6;9.39;4.38;0.36;1.52;0.038338658146964855;0.16187433439829604
Shin-Etsu (JP);G7;2012;INDUS;9.55;4.47;1.56;0.37;1.68;INDUS;INDUS;7;9.55;4.47;0.37;1.56;0.038743455497382194;0.16335078534031414
Shin-Etsu (JP);G7;2013;INDUS;9.74;4.56;1.61;0.38;1.73;INDUS;INDUS;8;9.74;4.56;0.38;1.61;0.039014373716632446;0.16529774127310062
Shin-Etsu (JP);G7;2014;INDUS;10.13;4.71;1.65;0.39;1.75;INDUS;INDUS;9;10.13;4.71;0.39;1.65;0.0384995064165844;0.16288252714708784
Shin-Etsu (JP);G7;2015;INDUS;10.5;4.8;1.8;0.4;1.8;INDUS;INDUS;10;10.5;4.8;0.4;1.8;0.0380952380952381;0.17142857142857143
Shin-Etsu (JP);G7;2016;INDUS;10.2;5.1;2.1;0.4;1.8;INDUS;INDUS;11;10.2;5.1;0.4;2.1;0.03921568627450981;0.2058823529411765
Shin-Etsu (JP);G7;2017;INDUS;12.4;5.4;2.8;0.4;1.9;INDUS;INDUS;12;12.4;5.4;0.4;2.8;0.03225806451612903;0.2258064516129032
Shin-Etsu (JP);G7;2018;INDUS;13.5;5.8;3.5;0.5;2.0;INDUS;INDUS;13;13.5;5.8;0.5;3.5;0.037037037037037035;0.25925925925925924
Shin-Etsu (JP);G7;2019;INDUS;12.8;6.2;3.2;0.5;2.1;INDUS;INDUS;14;12.8;6.2;0.5;3.2;0.0390625;0.25
Shin-Etsu (JP);G7;2020;INDUS;12.5;6.8;3.1;0.5;2.2;INDUS;INDUS;15;12.5;6.8;0.5;3.1;0.04;0.248
Shin-Etsu (JP);G7;2021;INDUS;16.8;7.5;5.8;0.5;2.3;INDUS;INDUS;16;16.8;7.5;0.5;5.8;0.02976190476190476;0.34523809523809523
Shin-Etsu (JP);G7;2022;INDUS;21.5;8.2;8.2;0.6;2.4;INDUS;INDUS;17;21.5;8.2;0.6;8.2;0.027906976744186046;0.38139534883720927
Shin-Etsu (JP);G7;2023;INDUS;19.5;8.8;6.5;0.6;2.5;INDUS;INDUS;18;19.5;8.8;0.6;6.5;0.030769230769230767;0.3333333333333333
Shin-Etsu (JP);G7;2024;INDUS;20.2;9.2;6.8;0.7;2.5;INDUS;INDUS;19;20.2;9.2;0.7;6.8;0.03465346534653465;0.33663366336633666
Siemens (EU);G7;2005;INDUS;68.61904;11.60652;4.20472;5.44872;27.21;INDUS;INDUS;0;68.61904;11.60652;5.44872;4.20472;0.07940536620739666;0.06127628716461204
Siemens (EU);G7;2006;INDUS;72.54656;12.13296;4.25784;5.56408;28.01;INDUS;INDUS;1;72.54656;12.13296;5.56408;4.25784;0.07669667590027701;0.058691135734072024
Siemens (EU);G7;2007;INDUS;83.30196;13.49064;4.7985;6.21063;28.59;INDUS;INDUS;2;83.30196;13.49064;6.21063;4.7985;0.07455562870309415;0.0576036866359447
Siemens (EU);G7;2008;INDUS;93.05546;14.812970000000002;5.22205;6.79602;29.64;INDUS;INDUS;3;93.05546;14.812970000000002;6.79602;5.22205;0.07303193171040152;0.05611760986405312
Siemens (EU);G7;2009;INDUS;86.45588;14.41396;5.21356;6.52392;30.48;INDUS;INDUS;4;86.45588;14.41396;6.52392;5.21356;0.07545952918413416;0.06030312802321832
Siemens (EU);G7;2010;INDUS;108.732;13.90974;11.934;6.285240000000001;31.11;INDUS;INDUS;5;108.732;13.90974;6.285240000000001;11.934;0.0578048780487805;0.10975609756097561
Siemens (EU);G7;2011;INDUS;105.69456;14.90832;10.0224;6.625919999999999;31.63;INDUS;INDUS;6;105.69456;14.90832;6.625919999999999;10.0224;0.0626893191097063;0.09482418016594231
Siemens (EU);G7;2012;INDUS;99.022;14.146;9.52926;6.32712;32.48;INDUS;INDUS;7;99.022;14.146;6.32712;9.52926;0.0638961038961039;0.09623376623376624
Siemens (EU);G7;2013;INDUS;104.30112;15.05952;9.80064;6.54704;33.12;INDUS;INDUS;8;104.30112;15.05952;6.54704;9.80064;0.06277056277056277;0.09396485867074102
Siemens (EU);G7;2014;INDUS;107.96796;15.45627;10.60542;6.645;34.3;INDUS;INDUS;9;107.96796;15.45627;6.645;10.60542;0.06154603643525356;0.0982274741506647
Siemens (EU);G7;2015;INDUS;91.575;13.431;8.658000000000001;5.6610000000000005;34.8;INDUS;INDUS;10;91.575;13.431;5.6610000000000005;8.658000000000001;0.06181818181818182;0.09454545454545456
Siemens (EU);G7;2016;INDUS;95.3127;13.7268;9.0774;5.8671;35.1;INDUS;INDUS;11;95.3127;13.7268;5.8671;9.0774;0.06155632984901277;0.09523809523809525
Siemens (EU);G7;2017;INDUS;103.056;14.464;9.605;6.327999999999999;37.2;INDUS;INDUS;12;103.056;14.464;6.327999999999999;9.605;0.06140350877192982;0.09320175438596492
Siemens (EU);G7;2018;INDUS;109.2425;15.4711;10.3928;6.8498;37.9;INDUS;INDUS;13;109.2425;15.4711;6.8498;10.3928;0.0627027027027027;0.09513513513513512
Siemens (EU);G7;2019;INDUS;106.0812;15.1065;10.1829;6.8259;38.5;INDUS;INDUS;14;106.0812;15.1065;6.8259;10.1829;0.06434599156118144;0.0959915611814346
Siemens (EU);G7;2020;INDUS;74.6868;13.4756;7.765599999999999;6.1668;29.3;INDUS;INDUS;15;74.6868;13.4756;6.1668;7.765599999999999;0.08256880733944955;0.1039755351681957
Siemens (EU);G7;2021;INDUS;84.5845;15.6156;9.7006;6.979700000000001;30.3;INDUS;INDUS;16;84.5845;15.6156;6.979700000000001;9.7006;0.08251748251748253;0.11468531468531468
Siemens (EU);G7;2022;INDUS;79.81739999999999;15.2685;9.2664;6.5286;31.1;INDUS;INDUS;17;79.81739999999999;15.2685;6.5286;9.2664;0.08179419525065963;0.11609498680738789
Siemens (EU);G7;2023;INDUS;88.8322;16.3382;10.279;6.924800000000001;32.0;INDUS;INDUS;18;88.8322;16.3382;6.924800000000001;10.279;0.07795371498172961;0.11571254567600488
Siemens (EU);G7;2024;INDUS;84.93700000000001;16.6628;9.9544;7.033;32.0;INDUS;INDUS;19;84.93700000000001;16.6628;7.033;9.9544;0.08280254777070063;0.11719745222929934
Siemens Health. (EU);G7;2005;INDUS;11.40748;2.83632;1.3062;1.19424;3.46;PHARMA;PHARMA;0;11.40748;2.83632;1.19424;1.3062;0.10468920392584515;0.11450381679389314
Siemens Health. (EU);G7;2006;INDUS;12.195760000000002;2.91392;1.4067200000000002;1.21832;3.56;PHARMA;PHARMA;1;12.195760000000002;2.91392;1.21832;1.4067200000000002;0.09989701338825951;0.11534500514933059
Siemens Health. (EU);G7;2007;INDUS;13.888230000000002;3.2766900000000003;1.57665;1.35729;3.65;PHARMA;PHARMA;2;13.888230000000002;3.2766900000000003;1.35729;1.57665;0.09772951628825272;0.11352418558736425
Siemens Health. (EU);G7;2008;INDUS;15.65144;3.64808;1.73578;1.50042;3.71;PHARMA;PHARMA;3;15.65144;3.64808;1.50042;1.73578;0.09586466165413535;0.11090225563909775
Siemens Health. (EU);G7;2009;INDUS;14.539419999999998;3.59652;1.72856;1.44976;3.8;PHARMA;PHARMA;4;14.539419999999998;3.59652;1.44976;1.72856;0.09971236816874401;0.11888782358581018
Siemens Health. (EU);G7;2010;INDUS;15.69984;3.5271600000000003;2.9702400000000004;1.40556;3.87;PHARMA;PHARMA;5;15.69984;3.5271600000000003;1.40556;2.9702400000000004;0.08952702702702703;0.18918918918918923
Siemens Health. (EU);G7;2011;INDUS;15.25632;3.77232;2.49168;1.48944;3.9;PHARMA;PHARMA;6;15.25632;3.77232;1.48944;2.49168;0.09762773722627738;0.1633211678832117
Siemens Health. (EU);G7;2012;INDUS;14.55752;3.6008;2.46912;1.4146;4.07;PHARMA;PHARMA;7;14.55752;3.6008;1.4146;2.46912;0.0971731448763251;0.1696113074204947
Siemens Health. (EU);G7;2013;INDUS;15.68368;3.8512;2.64272;1.4873600000000002;4.21;PHARMA;PHARMA;8;15.68368;3.8512;1.4873600000000002;2.64272;0.09483488569009316;0.1685012701100762
Siemens Health. (EU);G7;2014;INDUS;17.05107;4.01358;2.81748;1.54164;4.36;PHARMA;PHARMA;9;17.05107;4.01358;1.54164;2.81748;0.09041309431021044;0.16523772408417772
Siemens Health. (EU);G7;2015;INDUS;14.985;3.4410000000000003;2.4420000000000006;1.332;4.5;PHARMA;PHARMA;10;14.985;3.4410000000000003;1.332;2.4420000000000006;0.08888888888888889;0.162962962962963
Siemens Health. (EU);G7;2016;INDUS;15.6087;3.5424;2.5461;1.4391;4.6;PHARMA;PHARMA;11;15.6087;3.5424;1.4391;2.5461;0.09219858156028368;0.1631205673758865
Siemens Health. (EU);G7;2017;INDUS;16.384999999999998;3.842;2.825;1.469;4.8;PHARMA;PHARMA;12;16.384999999999998;3.842;1.469;2.825;0.08965517241379312;0.17241379310344832
Siemens Health. (EU);G7;2018;INDUS;16.7702;4.251600000000001;2.7163;1.6534;5.0;PHARMA;PHARMA;13;16.7702;4.251600000000001;1.6534;2.7163;0.09859154929577466;0.1619718309859155
Siemens Health. (EU);G7;2019;INDUS;17.1207;4.2522;2.7975;1.6785;5.2;PHARMA;PHARMA;14;17.1207;4.2522;1.6785;2.7975;0.09803921568627452;0.16339869281045752
Siemens Health. (EU);G7;2020;INDUS;17.5868;4.682199999999999;2.6265999999999994;1.713;5.4;PHARMA;PHARMA;15;17.5868;4.682199999999999;1.713;2.6265999999999994;0.09740259740259741;0.14935064935064932
Siemens Health. (EU);G7;2021;INDUS;23.4234;5.6784;3.6673;2.1294;6.6;PHARMA;PHARMA;16;23.4234;5.6784;2.1294;3.6673;0.0909090909090909;0.15656565656565655
Siemens Health. (EU);G7;2022;INDUS;22.2183;5.4756;3.3696;2.106;6.9;PHARMA;PHARMA;17;22.2183;5.4756;2.106;3.3696;0.0947867298578199;0.15165876777251186
Siemens Health. (EU);G7;2023;INDUS;24.345;5.9510000000000005;3.6788;2.2722;7.1;PHARMA;PHARMA;18;24.345;5.9510000000000005;2.2722;3.6788;0.09333333333333335;0.1511111111111111
Siemens Health. (EU);G7;2024;INDUS;25.751600000000003;6.383800000000001;4.0034;2.3804000000000003;7.2;PHARMA;PHARMA;19;25.751600000000003;6.383800000000001;2.3804000000000003;4.0034;0.09243697478991597;0.15546218487394955
Sony (JP);G7;2005;INDUS;29.16;5.74;0.87;2.28;6.08;TECH;TECH;0;29.16;5.74;2.28;0.87;0.07818930041152262;0.029835390946502057
Sony (JP);G7;2006;INDUS;32.46;6.2;0.95;2.45;6.43;TECH;TECH;1;32.46;6.2;2.45;0.95;0.07547751078250155;0.029266789895255697
Sony (JP);G7;2007;INDUS;36.18;6.61;1.05;2.6;6.94;TECH;TECH;2;36.18;6.61;2.6;1.05;0.07186290768380321;0.02902155887230514
Sony (JP);G7;2008;INDUS;40.96;7.11;1.16;2.76;7.48;TECH;TECH;3;40.96;7.11;2.76;1.16;0.0673828125;0.028320312499999997
Sony (JP);G7;2009;INDUS;40.16;7.6;1.22;2.93;8.12;TECH;TECH;4;40.16;7.6;2.93;1.22;0.0729581673306773;0.030378486055776893
Sony (JP);G7;2010;INDUS;46.8;8.31;2.07;3.12;8.73;TECH;TECH;5;46.8;8.31;3.12;2.07;0.06666666666666668;0.04423076923076923
Sony (JP);G7;2011;INDUS;43.33;9.14;1.66;3.3;9.49;TECH;TECH;6;43.33;9.14;3.3;1.66;0.07615970459266097;0.03831063927994461
Sony (JP);G7;2012;INDUS;48.73;9.88;1.82;3.47;10.08;TECH;TECH;7;48.73;9.88;3.47;1.82;0.07120870100554075;0.037348655858813876
Sony (JP);G7;2013;INDUS;56.04;10.83;2.15;3.66;10.82;TECH;TECH;8;56.04;10.83;3.66;2.15;0.06531049250535333;0.038365453247680224
Sony (JP);G7;2014;INDUS;62.2;11.56;2.33;3.88;11.58;TECH;TECH;9;62.2;11.56;3.88;2.33;0.06237942122186495;0.037459807073954986
Sony (JP);G7;2015;INDUS;68.5;12.5;2.5;4.1;12.5;TECH;TECH;10;68.5;12.5;4.1;2.5;0.05985401459854014;0.0364963503649635
Sony (JP);G7;2016;INDUS;65.1;12.8;2.4;4.0;12.8;TECH;TECH;11;65.1;12.8;4.0;2.4;0.061443932411674354;0.03686635944700461
Sony (JP);G7;2017;INDUS;77.2;13.5;6.5;4.2;11.7;TECH;TECH;12;77.2;13.5;4.2;6.5;0.054404145077720206;0.08419689119170984
Sony (JP);G7;2018;INDUS;78.5;14.1;8.1;4.4;11.4;TECH;TECH;13;78.5;14.1;4.4;8.1;0.05605095541401274;0.10318471337579617
Sony (JP);G7;2019;INDUS;76.2;14.8;8.0;4.5;11.1;TECH;TECH;14;76.2;14.8;4.5;8.0;0.05905511811023622;0.10498687664041995
Sony (JP);G7;2020;INDUS;82.5;15.6;8.9;4.8;10.9;TECH;TECH;15;82.5;15.6;4.8;8.9;0.05818181818181818;0.10787878787878788
Sony (JP);G7;2021;INDUS;85.1;16.2;10.8;5.2;10.9;TECH;TECH;16;85.1;16.2;5.2;10.8;0.061104582843713284;0.12690951821386606
Sony (JP);G7;2022;INDUS;88.4;17.5;10.5;5.8;11.3;TECH;TECH;17;88.4;17.5;5.8;10.5;0.06561085972850678;0.11877828054298642
Sony (JP);G7;2023;INDUS;92.1;18.8;10.2;6.2;11.0;TECH;TECH;18;92.1;18.8;6.2;10.2;0.06731813246471227;0.11074918566775244
Sony (JP);G7;2024;INDUS;95.8;20.1;11.5;6.8;11.2;TECH;TECH;19;95.8;20.1;6.8;11.5;0.0709812108559499;0.12004175365344467
Spirax Group (EU);G7;2005;INDUS;1.44304;0.32344;0.2612399999999999;0.03732;0.7;INDUS;INDUS;0;1.44304;0.32344;0.03732;0.2612399999999999;0.025862068965517238;0.1810344827586206
Spirax Group (EU);G7;2006;INDUS;1.5072;0.33912;0.27632;0.03768;0.7;INDUS;INDUS;1;1.5072;0.33912;0.03768;0.27632;0.024999999999999998;0.18333333333333332
Spirax Group (EU);G7;2007;INDUS;1.68633;0.38388;0.31533;0.04113;0.72;INDUS;INDUS;2;1.68633;0.38388;0.04113;0.31533;0.024390243902439022;0.18699186991869918
Spirax Group (EU);G7;2008;INDUS;1.85346;0.4265899999999999;0.33833;0.04413;0.73;INDUS;INDUS;3;1.85346;0.4265899999999999;0.04413;0.33833;0.023809523809523808;0.18253968253968253
Spirax Group (EU);G7;2009;INDUS;1.72856;0.4042599999999999;0.3345599999999999;0.0418199999999999;0.74;INDUS;INDUS;4;1.72856;0.4042599999999999;0.0418199999999999;0.3345599999999999;0.024193548387096715;0.19354838709677413
Spirax Group (EU);G7;2010;INDUS;2.14812;0.3978;0.6099600000000001;0.03978;0.76;INDUS;INDUS;5;2.14812;0.3978;0.03978;0.6099600000000001;0.01851851851851852;0.28395061728395066
Spirax Group (EU);G7;2011;INDUS;2.088;0.4315199999999999;0.5150399999999999;0.04176;0.78;INDUS;INDUS;6;2.088;0.4315199999999999;0.04176;0.5150399999999999;0.019999999999999997;0.24666666666666662
Spirax Group (EU);G7;2012;INDUS;1.94186;0.41152;0.48868;0.0385799999999999;0.8;INDUS;INDUS;7;1.94186;0.41152;0.0385799999999999;0.48868;0.01986754966887412;0.25165562913907286
Spirax Group (EU);G7;2013;INDUS;2.09824;0.42496;0.50464;0.03984;0.81;INDUS;INDUS;8;2.09824;0.42496;0.03984;0.50464;0.0189873417721519;0.24050632911392403
Spirax Group (EU);G7;2014;INDUS;2.16627;0.43857;0.54489;0.0398699999999999;0.83;INDUS;INDUS;9;2.16627;0.43857;0.0398699999999999;0.54489;0.018404907975460075;0.25153374233128833
Spirax Group (EU);G7;2015;INDUS;1.8759;0.3774;0.4662;0.0333;0.85;INDUS;INDUS;10;1.8759;0.3774;0.0333;0.4662;0.017751479289940832;0.24852071005917162
Spirax Group (EU);G7;2016;INDUS;1.92618;0.3874499999999999;0.47601;0.0332099999999999;0.87;INDUS;INDUS;11;1.92618;0.3874499999999999;0.0332099999999999;0.47601;0.017241379310344775;0.2471264367816092
Spirax Group (EU);G7;2017;INDUS;2.0227;0.4067999999999999;0.5085;0.0452;0.88;INDUS;INDUS;12;2.0227;0.4067999999999999;0.0452;0.5085;0.0223463687150838;0.2513966480446927
Spirax Group (EU);G7;2018;INDUS;2.1730400000000003;0.43697;0.5432600000000001;0.04724;0.9;INDUS;INDUS;13;2.1730400000000003;0.43697;0.04724;0.5432600000000001;0.021739130434782605;0.25
Spirax Group (EU);G7;2019;INDUS;2.1261;0.42522;0.52593;0.04476;0.92;INDUS;INDUS;14;2.1261;0.42522;0.04476;0.52593;0.021052631578947368;0.24736842105263157
Spirax Group (EU);G7;2020;INDUS;2.2269;0.44538;0.55958;0.04568;0.93;INDUS;INDUS;15;2.2269;0.44538;0.04568;0.55958;0.020512820512820513;0.2512820512820513
Spirax Group (EU);G7;2021;INDUS;2.37783;0.4732;0.5915;0.04732;0.95;INDUS;INDUS;16;2.37783;0.4732;0.04732;0.5915;0.01990049751243781;0.24875621890547267
Spirax Group (EU);G7;2022;INDUS;2.17971;0.4317299999999999;0.5475599999999999;0.04212;0.97;INDUS;INDUS;17;2.17971;0.4317299999999999;0.04212;0.5475599999999999;0.01932367149758454;0.251207729468599
Spirax Group (EU);G7;2023;INDUS;2.3154800000000004;0.46526;0.5842800000000001;0.04328;0.98;INDUS;INDUS;18;2.3154800000000004;0.46526;0.04328;0.5842800000000001;0.018691588785046724;0.25233644859813087
Spirax Group (EU);G7;2024;INDUS;2.3804000000000003;0.47608;0.5951000000000001;0.04328;1.0;INDUS;INDUS;19;2.3804000000000003;0.47608;0.04328;0.5951000000000001;0.018181818181818177;0.25
Stellantis (EU);G7;2005;INDUS;72.50032;14.20648;1.97796;2.93584;17.74;INDUS;AUTO;0;72.50032;14.20648;2.93584;1.97796;0.040494166094715164;0.027282086479066575
Stellantis (EU);G7;2006;INDUS;75.8624;14.83336;2.05984;3.0269600000000003;18.51;INDUS;AUTO;1;75.8624;14.83336;3.0269600000000003;2.05984;0.03990066225165564;0.027152317880794703
Stellantis (EU);G7;2007;INDUS;87.11334;16.52055;2.26215;3.48234;18.78;INDUS;AUTO;2;87.11334;16.52055;3.48234;2.26215;0.039974819011646213;0.025967894239848917
Stellantis (EU);G7;2008;INDUS;98.33635;18.5346;2.63309;3.85402;19.34;INDUS;AUTO;3;98.33635;18.5346;3.85402;2.63309;0.03919222139117427;0.026776364996260286
Stellantis (EU);G7;2009;INDUS;91.36276;18.02442;2.6207199999999995;3.79168;20.02;INDUS;AUTO;4;91.36276;18.02442;3.79168;2.6207199999999995;0.04150137320720171;0.028684772657918824
Stellantis (EU);G7;2010;INDUS;120.1356;17.80818;5.84766;3.6465;20.61;INDUS;AUTO;5;120.1356;17.80818;3.6465;5.84766;0.03035320088300221;0.04867549668874173
Stellantis (EU);G7;2011;INDUS;116.77488;19.46016;4.913759999999999;3.95328;20.87;INDUS;AUTO;6;116.77488;19.46016;3.95328;4.913759999999999;0.0338538562403147;0.04207891286208129
Stellantis (EU);G7;2012;INDUS;110.2102;18.78846;4.4367;3.7294;21.14;INDUS;AUTO;7;110.2102;18.78846;3.7294;4.4367;0.0338389731621937;0.040256709451575265
Stellantis (EU);G7;2013;INDUS;120.2504;20.29184;5.07296;4.01056;21.57;INDUS;AUTO;8;120.2504;20.29184;4.01056;5.07296;0.03335173937051353;0.04218663721700718
Stellantis (EU);G7;2014;INDUS;126.36132;20.49318;5.48877;4.14648;22.24;INDUS;AUTO;9;126.36132;20.49318;4.14648;5.48877;0.03281447202355911;0.04343710559528818
Stellantis (EU);G7;2015;INDUS;113.775;17.538000000000004;4.995;3.5520000000000005;22.5;INDUS;AUTO;10;113.775;17.538000000000004;3.5520000000000005;4.995;0.031219512195121955;0.04390243902439024
Stellantis (EU);G7;2016;INDUS;117.1206;17.9334;6.420599999999999;3.7638;22.8;INDUS;AUTO;11;117.1206;17.9334;3.7638;6.420599999999999;0.03213610586011342;0.05482041587901701
Stellantis (EU);G7;2017;INDUS;125.317;18.984;8.023;4.068;23.4;INDUS;AUTO;12;125.317;18.984;4.068;8.023;0.032461677186654644;0.06402164111812443
Stellantis (EU);G7;2018;INDUS;136.05120000000002;20.6675;9.6842;4.4878;23.6;INDUS;AUTO;13;136.05120000000002;20.6675;4.4878;9.6842;0.032986111111111105;0.07118055555555555
Stellantis (EU);G7;2019;INDUS;121.6353;20.5896;7.0497;4.1403;23.2;INDUS;AUTO;14;121.6353;20.5896;4.1403;7.0497;0.03403863845446182;0.057957681692732285
Stellantis (EU);G7;2020;INDUS;98.89719999999998;21.8122;4.2254;3.997;22.1;INDUS;AUTO;15;98.89719999999998;21.8122;3.997;4.2254;0.04041570438799077;0.042725173210161664
Stellantis (EU);G7;2021;INDUS;179.9343;26.6175;21.294;5.6784;28.1;INDUS;AUTO;16;179.9343;26.6175;5.6784;21.294;0.031558185404339245;0.11834319526627218
Stellantis (EU);G7;2022;INDUS;189.1188;25.4826;21.1653;5.791499999999999;27.2;INDUS;AUTO;17;189.1188;25.4826;5.791499999999999;21.1653;0.03062360801781737;0.11191536748329621
Stellantis (EU);G7;2023;INDUS;205.039;27.9156;26.292600000000004;6.708400000000001;26.8;INDUS;AUTO;18;205.039;27.9156;6.708400000000001;26.292600000000004;0.03271767810026386;0.1282321899736148
Stellantis (EU);G7;2024;INDUS;197.0322;28.5648;21.099;7.033;25.5;INDUS;AUTO;19;197.0322;28.5648;7.033;21.099;0.0356946732564525;0.1070840197693575
Stryker (US);G7;2005;INDUS;5.95;1.07;0.74;0.41;1.69;PHARMA;PHARMA;0;5.95;1.07;0.41;0.74;0.06890756302521008;0.12436974789915965
Stryker (US);G7;2006;INDUS;6.47;1.12;0.82;0.42;1.75;PHARMA;PHARMA;1;6.47;1.12;0.42;0.82;0.06491499227202473;0.1267387944358578
Stryker (US);G7;2007;INDUS;6.94;1.19;0.9;0.44;1.83;PHARMA;PHARMA;2;6.94;1.19;0.44;0.9;0.06340057636887608;0.12968299711815562
Stryker (US);G7;2008;INDUS;7.37;1.25;0.96;0.46;1.87;PHARMA;PHARMA;3;7.37;1.25;0.46;0.96;0.06241519674355495;0.13025780189959293
Stryker (US);G7;2009;INDUS;7.23;1.32;1.01;0.48;1.96;PHARMA;PHARMA;4;7.23;1.32;0.48;1.01;0.06639004149377593;0.1396957123098202
Stryker (US);G7;2010;INDUS;8.16;1.37;1.79;0.51;2.07;PHARMA;PHARMA;5;8.16;1.37;0.51;1.79;0.0625;0.2193627450980392
Stryker (US);G7;2011;INDUS;7.56;1.45;1.43;0.53;2.14;PHARMA;PHARMA;6;7.56;1.45;0.53;1.43;0.07010582010582012;0.18915343915343916
Stryker (US);G7;2012;INDUS;8.03;1.51;1.59;0.55;2.31;PHARMA;PHARMA;7;8.03;1.51;0.55;1.59;0.06849315068493152;0.19800747198007473
Stryker (US);G7;2013;INDUS;8.6;1.62;1.62;0.57;2.45;PHARMA;PHARMA;8;8.6;1.62;0.57;1.62;0.06627906976744186;0.18837209302325583
Stryker (US);G7;2014;INDUS;9.44;1.72;1.72;0.59;2.6;PHARMA;PHARMA;9;9.44;1.72;0.59;1.72;0.0625;0.1822033898305085
Stryker (US);G7;2015;INDUS;9.9;1.8;1.8;0.6;2.7;PHARMA;PHARMA;10;9.9;1.8;0.6;1.8;0.0606060606060606;0.18181818181818182
Stryker (US);G7;2016;INDUS;11.3;2.0;2.1;0.7;3.0;PHARMA;PHARMA;11;11.3;2.0;0.7;2.1;0.06194690265486725;0.18584070796460175
Stryker (US);G7;2017;INDUS;12.4;2.1;2.4;0.8;3.3;PHARMA;PHARMA;12;12.4;2.1;0.8;2.4;0.06451612903225806;0.1935483870967742
Stryker (US);G7;2018;INDUS;13.6;2.3;2.8;1.0;3.6;PHARMA;PHARMA;13;13.6;2.3;1.0;2.8;0.07352941176470588;0.20588235294117646
Stryker (US);G7;2019;INDUS;14.8;2.5;3.1;1.1;4.0;PHARMA;PHARMA;14;14.8;2.5;1.1;3.1;0.07432432432432433;0.20945945945945946
Stryker (US);G7;2020;INDUS;14.3;2.8;2.4;1.1;4.3;PHARMA;PHARMA;15;14.3;2.8;1.1;2.4;0.07692307692307693;0.1678321678321678
Stryker (US);G7;2021;INDUS;17.1;3.0;3.4;1.2;4.6;PHARMA;PHARMA;16;17.1;3.0;1.2;3.4;0.07017543859649122;0.19883040935672514
Stryker (US);G7;2022;INDUS;18.4;3.1;3.8;1.3;5.1;PHARMA;PHARMA;17;18.4;3.1;1.3;3.8;0.07065217391304349;0.20652173913043478
Stryker (US);G7;2023;INDUS;20.5;3.2;4.1;1.4;5.2;PHARMA;PHARMA;18;20.5;3.2;1.4;4.1;0.06829268292682926;0.19999999999999998
Stryker (US);G7;2024;INDUS;20.5;3.2;4.2;1.4;5.1;PHARMA;PHARMA;19;20.5;3.2;1.4;4.2;0.06829268292682926;0.20487804878048782
Sumitomo Electric (JP);G7;2005;INDUS;19.37;5.27;0.65;0.78;20.5;INDUS;INDUS;0;19.37;5.27;0.78;0.65;0.040268456375838924;0.03355704697986577
Sumitomo Electric (JP);G7;2006;INDUS;19.81;5.45;0.68;0.8;21.02;INDUS;INDUS;1;19.81;5.45;0.8;0.68;0.040383644623927316;0.034326097930338216
Sumitomo Electric (JP);G7;2007;INDUS;20.39;5.67;0.67;0.82;21.04;INDUS;INDUS;2;20.39;5.67;0.82;0.67;0.04021579205492888;0.03285924472780775
Sumitomo Electric (JP);G7;2008;INDUS;21.41;5.83;0.68;0.83;21.51;INDUS;INDUS;3;21.41;5.83;0.83;0.68;0.038766931340495095;0.03176085941148996
Sumitomo Electric (JP);G7;2009;INDUS;20.99;5.94;0.72;0.85;21.92;INDUS;INDUS;4;20.99;5.94;0.85;0.72;0.040495474035254886;0.03430204859456884
Sumitomo Electric (JP);G7;2010;INDUS;25.0;6.14;1.31;0.88;22.24;INDUS;INDUS;5;25.0;6.14;0.88;1.31;0.0352;0.0524
Sumitomo Electric (JP);G7;2011;INDUS;23.15;6.17;1.05;0.88;22.51;INDUS;INDUS;6;23.15;6.17;0.88;1.05;0.03801295896328294;0.04535637149028078
Sumitomo Electric (JP);G7;2012;INDUS;24.26;6.35;1.13;0.9;22.78;INDUS;INDUS;7;24.26;6.35;0.9;1.13;0.03709810387469085;0.04657873042044517
Sumitomo Electric (JP);G7;2013;INDUS;24.73;6.47;1.13;0.92;23.28;INDUS;INDUS;8;24.73;6.47;0.92;1.13;0.0372017792155277;0.045693489688637276
Sumitomo Electric (JP);G7;2014;INDUS;25.65;6.57;1.23;0.94;23.61;INDUS;INDUS;9;25.65;6.57;0.94;1.23;0.036647173489278755;0.047953216374269005
Sumitomo Electric (JP);G7;2015;INDUS;26.15;6.85;1.25;0.95;24.2;INDUS;INDUS;10;26.15;6.85;0.95;1.25;0.036328871892925434;0.047801147227533466
Sumitomo Electric (JP);G7;2016;INDUS;25.8;7.15;1.32;0.98;24.8;INDUS;INDUS;11;25.8;7.15;0.98;1.32;0.03798449612403101;0.05116279069767442
Sumitomo Electric (JP);G7;2017;INDUS;28.15;7.45;1.55;1.12;25.5;INDUS;INDUS;12;28.15;7.45;1.12;1.55;0.03978685612788633;0.055062166962699825
Sumitomo Electric (JP);G7;2018;INDUS;28.95;7.85;1.65;1.22;27.2;INDUS;INDUS;13;28.95;7.85;1.22;1.65;0.04214162348877375;0.05699481865284974
Sumitomo Electric (JP);G7;2019;INDUS;28.5;8.15;1.25;1.18;28.5;INDUS;INDUS;14;28.5;8.15;1.18;1.25;0.041403508771929824;0.043859649122807015
Sumitomo Electric (JP);G7;2020;INDUS;27.15;8.45;1.05;1.12;28.2;INDUS;INDUS;15;27.15;8.45;1.12;1.05;0.04125230202578269;0.038674033149171276
Sumitomo Electric (JP);G7;2021;INDUS;30.5;8.85;1.45;1.08;28.8;INDUS;INDUS;16;30.5;8.85;1.08;1.45;0.035409836065573776;0.047540983606557376
Sumitomo Electric (JP);G7;2022;INDUS;30.85;9.25;1.25;1.15;28.9;INDUS;INDUS;17;30.85;9.25;1.15;1.25;0.03727714748784441;0.04051863857374392
Sumitomo Electric (JP);G7;2023;INDUS;30.25;9.55;1.52;1.22;29.2;INDUS;INDUS;18;30.25;9.55;1.22;1.52;0.04033057851239669;0.05024793388429752
Sumitomo Electric (JP);G7;2024;INDUS;31.45;9.85;1.75;1.35;29.8;INDUS;INDUS;19;31.45;9.85;1.35;1.75;0.04292527821939587;0.05564387917329094
Sungrow Power;CN;2015;INDUS;0.73;0.29;0.09;0.07;;INDUS;INDUS;10;0.73;0.29;0.07;0.09;0.09589041095890412;0.1232876712328767
Sungrow Power;CN;2020;INDUS;2.8;1.12;0.42;0.26;;INDUS;INDUS;15;2.8;1.12;0.26;0.42;0.09285714285714286;0.15
Sungrow Power;CN;2024;INDUS;10.81;4.32;1.65;0.69;;INDUS;INDUS;19;10.81;4.32;0.69;1.65;0.06382978723404255;0.15263644773358
Sunwoda Electronic;CN;2015;INDUS;1.68;0.27;0.09;0.06;;INDUS;INDUS;10;1.68;0.27;0.06;0.09;0.03571428571428571;0.05357142857142857
Sunwoda Electronic;CN;2020;INDUS;7.42;1.19;0.29;0.45;;INDUS;INDUS;15;7.42;1.19;0.45;0.29;0.06064690026954178;0.039083557951482474
Sunwoda Electronic;CN;2024;INDUS;13.66;2.19;0.36;0.81;;INDUS;INDUS;19;13.66;2.19;0.81;0.36;0.05929721815519766;0.026354319180087845
TCL Technology;CN;2005;TECH;2.1;1.2;0.15;0.1;;TECH;TECH;0;2.1;1.2;0.1;0.15;0.047619047619047616;0.07142857142857142
TCL Technology;CN;2006;TECH;2.7;1.5;0.19;0.13;;TECH;TECH;1;2.7;1.5;0.13;0.19;0.04814814814814815;0.07037037037037036
TCL Technology;CN;2007;TECH;3.5;1.9;0.24;0.17;;TECH;TECH;2;3.5;1.9;0.17;0.24;0.04857142857142858;0.06857142857142857
TCL Technology;CN;2008;TECH;4.2;2.3;0.28;0.2;;TECH;TECH;3;4.2;2.3;0.2;0.28;0.047619047619047616;0.06666666666666667
TCL Technology;CN;2009;TECH;3.9;2.1;0.26;0.19;;TECH;TECH;4;3.9;2.1;0.19;0.26;0.04871794871794872;0.06666666666666667
TCL Technology;CN;2010;TECH;5.2;2.8;0.35;0.25;;TECH;TECH;5;5.2;2.8;0.25;0.35;0.04807692307692307;0.0673076923076923
TCL Technology;CN;2011;TECH;6.1;3.3;0.41;0.29;;TECH;TECH;6;6.1;3.3;0.29;0.41;0.047540983606557376;0.06721311475409836
TCL Technology;CN;2012;TECH;7.5;4.0;0.5;0.36;;TECH;TECH;7;7.5;4.0;0.36;0.5;0.048;0.06666666666666667
TCL Technology;CN;2013;TECH;10.2;5.5;0.68;0.49;;TECH;TECH;8;10.2;5.5;0.49;0.68;0.04803921568627451;0.06666666666666668
TCL Technology;CN;2014;TECH;12.5;6.7;0.84;0.6;;TECH;TECH;9;12.5;6.7;0.6;0.84;0.048;0.0672
TCL Technology;CN;2015;TECH;14.8;8.0;0.99;0.71;;TECH;TECH;10;14.8;8.0;0.71;0.99;0.04797297297297297;0.06689189189189189
TCL Technology;CN;2016;TECH;16.5;8.9;1.1;0.79;;TECH;TECH;11;16.5;8.9;0.79;1.1;0.04787878787878788;0.06666666666666667
TCL Technology;CN;2017;TECH;15.2;8.2;1.02;0.73;;TECH;TECH;12;15.2;8.2;0.73;1.02;0.04802631578947369;0.06710526315789474
TCL Technology;CN;2018;TECH;14.5;7.8;0.97;0.7;;TECH;TECH;13;14.5;7.8;0.7;0.97;0.04827586206896552;0.06689655172413793
TCL Technology;CN;2019;TECH;16.8;9.1;1.12;0.81;;TECH;TECH;14;16.8;9.1;0.81;1.12;0.048214285714285716;0.06666666666666667
TCL Technology;CN;2020;TECH;22.5;12.2;1.5;1.08;;TECH;TECH;15;22.5;12.2;1.08;1.5;0.048;0.06666666666666667
TCL Technology;CN;2021;TECH;28.2;15.3;1.88;1.35;;TECH;TECH;16;28.2;15.3;1.35;1.88;0.04787234042553192;0.06666666666666667
TCL Technology;CN;2022;TECH;24.5;13.3;1.63;1.18;;TECH;TECH;17;24.5;13.3;1.18;1.63;0.048163265306122444;0.06653061224489795
TCL Technology;CN;2023;TECH;23.2;12.6;1.55;1.12;;TECH;TECH;18;23.2;12.6;1.12;1.55;0.048275862068965524;0.06681034482758622
TCL Technology;CN;2024;TECH;23.5;12.8;1.57;1.27;;TECH;TECH;19;23.5;12.8;1.27;1.57;0.05404255319148936;0.06680851063829787
TDK Corp (JP);G7;2005;INDUS;6.76;3.16;0.32;0.59;8.03;INDUS;INDUS;0;6.76;3.16;0.59;0.32;0.08727810650887574;0.04733727810650888
TDK Corp (JP);G7;2006;INDUS;6.96;3.21;0.34;0.6;8.14;INDUS;INDUS;1;6.96;3.21;0.6;0.34;0.08620689655172413;0.04885057471264368
TDK Corp (JP);G7;2007;INDUS;7.1;3.24;0.34;0.62;8.19;INDUS;INDUS;2;7.1;3.24;0.62;0.34;0.08732394366197184;0.04788732394366198
TDK Corp (JP);G7;2008;INDUS;7.56;3.24;0.36;0.63;8.33;INDUS;INDUS;3;7.56;3.24;0.63;0.36;0.08333333333333334;0.047619047619047616
TDK Corp (JP);G7;2009;INDUS;7.41;3.29;0.38;0.64;8.42;INDUS;INDUS;4;7.41;3.29;0.64;0.38;0.08636977058029689;0.05128205128205128
TDK Corp (JP);G7;2010;INDUS;9.0;3.35;0.84;0.64;8.62;INDUS;INDUS;5;9.0;3.35;0.64;0.84;0.07111111111111111;0.09333333333333332
TDK Corp (JP);G7;2011;INDUS;8.33;3.38;0.67;0.66;8.65;INDUS;INDUS;6;8.33;3.38;0.66;0.67;0.07923169267707084;0.08043217286914767
TDK Corp (JP);G7;2012;INDUS;8.29;3.51;0.68;0.68;8.73;INDUS;INDUS;7;8.29;3.51;0.68;0.68;0.08202653799758747;0.08202653799758747
TDK Corp (JP);G7;2013;INDUS;8.62;3.61;0.73;0.69;8.87;INDUS;INDUS;8;8.62;3.61;0.69;0.73;0.08004640371229699;0.08468677494199536
TDK Corp (JP);G7;2014;INDUS;8.88;3.69;0.73;0.69;9.07;INDUS;INDUS;9;8.88;3.69;0.69;0.73;0.07770270270270269;0.0822072072072072
TDK Corp (JP);G7;2015;INDUS;9.5;3.8;0.8;0.7;9.1;INDUS;INDUS;10;9.5;3.8;0.7;0.8;0.07368421052631578;0.08421052631578947
TDK Corp (JP);G7;2016;INDUS;10.2;4.1;0.8;0.8;9.3;INDUS;INDUS;11;10.2;4.1;0.8;0.8;0.07843137254901962;0.07843137254901962
TDK Corp (JP);G7;2017;INDUS;11.5;4.5;0.8;0.9;10.3;INDUS;INDUS;12;11.5;4.5;0.9;0.8;0.0782608695652174;0.06956521739130435
TDK Corp (JP);G7;2018;INDUS;12.4;4.8;1.0;1.0;10.5;INDUS;INDUS;13;12.4;4.8;1.0;1.0;0.08064516129032258;0.08064516129032258
TDK Corp (JP);G7;2019;INDUS;12.1;5.1;0.9;1.1;10.7;INDUS;INDUS;14;12.1;5.1;1.1;0.9;0.09090909090909093;0.0743801652892562
TDK Corp (JP);G7;2020;INDUS;12.5;5.5;1.0;1.2;12.9;INDUS;INDUS;15;12.5;5.5;1.2;1.0;0.096;0.08
TDK Corp (JP);G7;2021;INDUS;16.5;6.1;1.4;1.3;11.7;INDUS;INDUS;16;16.5;6.1;1.3;1.4;0.0787878787878788;0.08484848484848484
TDK Corp (JP);G7;2022;INDUS;14.8;6.5;1.2;1.2;11.5;INDUS;INDUS;17;14.8;6.5;1.2;1.2;0.08108108108108107;0.08108108108108107
TDK Corp (JP);G7;2023;INDUS;14.2;6.8;1.1;1.2;11.0;INDUS;INDUS;18;14.2;6.8;1.2;1.1;0.08450704225352113;0.07746478873239437
TDK Corp (JP);G7;2024;INDUS;15.3;7.2;1.4;1.3;11.2;INDUS;INDUS;19;15.3;7.2;1.3;1.4;0.08496732026143791;0.0915032679738562
TSMC (TW);ASIA;2005;INDUS;8.249999999999998;7.18695652173913;3.236335403726708;0.4611801242236024;;INDUS;INDUS;0;8.249999999999998;7.18695652173913;0.4611801242236024;3.236335403726708;0.055900621118012424;0.39228307923960104
TSMC (TW);ASIA;2006;INDUS;9.763384615384616;8.066153846153846;4.228307692307692;0.5421538461538462;;INDUS;INDUS;1;9.763384615384616;8.066153846153846;0.5421538461538462;4.228307692307692;0.05552929312029246;0.43307806246257596
TSMC (TW);ASIA;2007;INDUS;9.82560975609756;8.490853658536587;3.6750000000000007;0.6134146341463416;;INDUS;INDUS;2;9.82560975609756;8.490853658536587;0.6134146341463416;3.6750000000000007;0.062430184932356976;0.3740225890529975
TSMC (TW);ASIA;2008;INDUS;10.576507936507936;9.464126984126985;3.486984126984128;0.7082539682539682;;INDUS;INDUS;3;10.576507936507936;9.464126984126985;0.7082539682539682;3.486984126984128;0.06696482170728779;0.3296914395485654
TSMC (TW);ASIA;2009;INDUS;8.950453172205437;8.503021148036254;2.783987915407855;0.648036253776435;;INDUS;INDUS;4;8.950453172205437;8.503021148036254;0.648036253776435;2.783987915407855;0.0724026193208668;0.31104435293323435
TSMC (TW);ASIA;2010;INDUS;12.654430379746834;9.987974683544303;5.171518987341772;0.7987341772151898;;INDUS;INDUS;5;12.654430379746834;9.987974683544303;0.7987341772151898;5.171518987341772;0.06311893568070422;0.40867260178053416
TSMC (TW);ASIA;2011;INDUS;14.474915254237288;12.082033898305085;5.163050847457627;1.1396610169491526;;INDUS;INDUS;6;14.474915254237288;12.082033898305085;1.1396610169491526;5.163050847457627;0.07873351912133206;0.3566895388866771
TSMC (TW);ASIA;2012;INDUS;17.103716216216213;13.923986486486484;6.210810810810811;1.322635135135135;;INDUS;INDUS;7;17.103716216216213;13.923986486486484;1.322635135135135;6.210810810810811;0.0773302783099927;0.3631263950066171
TSMC (TW);ASIA;2013;INDUS;20.034228187919464;16.25906040268456;7.345973154362416;1.4939597315436242;;INDUS;INDUS;8;20.034228187919464;16.25906040268456;1.4939597315436242;7.345973154362416;0.07457036615188771;0.366671133295367
TSMC (TW);ASIA;2014;INDUS;25.09243421052632;18.48190789473684;9.816447368421054;1.6582236842105262;;INDUS;INDUS;9;25.09243421052632;18.48190789473684;1.6582236842105262;9.816447368421054;0.06608460822485283;0.3912114419055859
TSMC (TW);ASIA;2015;INDUS;26.44200626959248;21.88840125391849;10.310658307210032;1.824764890282132;;INDUS;INDUS;10;26.44200626959248;21.88840125391849;1.824764890282132;10.310658307210032;0.0690100770598696;0.38993479549496146
TSMC (TW);ASIA;2016;INDUS;29.34798761609908;25.21733746130031;11.7;2.2055727554179567;;INDUS;INDUS;11;29.34798761609908;25.21733746130031;2.2055727554179567;11.7;0.07515243580817349;0.3986644724349641
TSMC (TW);ASIA;2017;INDUS;32.152960526315795;29.35559210526316;12.750657894736843;2.65625;;INDUS;INDUS;12;32.152960526315795;29.35559210526316;2.65625;12.750657894736843;0.08261292137705252;0.3965624840145276
TSMC (TW);ASIA;2018;INDUS;34.613087248322145;33.39328859060402;12.933557046979866;2.882885906040268;;INDUS;INDUS;13;34.613087248322145;33.39328859060402;2.882885906040268;12.933557046979866;0.08328889836834807;0.37366089173703554
TSMC (TW);ASIA;2019;INDUS;34.62718446601942;36.421359223300975;12.94886731391586;2.958252427184466;;INDUS;INDUS;14;34.62718446601942;36.421359223300975;2.958252427184466;12.94886731391586;0.08543150339258676;0.3739509149703733
TSMC (TW);ASIA;2020;INDUS;45.24527027027027;45.61216216216216;18.778378378378378;3.703378378378378;;INDUS;INDUS;15;45.24527027027027;45.61216216216216;3.703378378378378;18.778378378378378;0.0818511715424936;0.41503516867523854
TSMC (TW);ASIA;2021;INDUS;56.69321428571429;56.887142857142855;24.97178571428572;4.461071428571429;;INDUS;INDUS;16;56.69321428571429;56.887142857142855;4.461071428571429;24.97178571428572;0.0786879256146805;0.4404722157476645
TSMC (TW);ASIA;2022;INDUS;75.96946308724831;67.63154362416107;37.62684563758389;4.938255033557047;;INDUS;INDUS;17;75.96946308724831;67.63154362416107;4.938255033557047;37.62684563758389;0.06500315828065852;0.49528908206670824
TSMC (TW);ASIA;2023;INDUS;69.28653846153846;76.27724358974359;29.53429487179488;5.482371794871796;;INDUS;INDUS;18;69.28653846153846;76.27724358974359;5.482371794871796;29.53429487179488;0.07912607436601998;0.4262631028708357
TSMC (TW);ASIA;2024;INDUS;89.05569230769231;84.6036923076923;41.2876923076923;6.108923076923077;;INDUS;INDUS;19;89.05569230769231;84.6036923076923;6.108923076923077;41.2876923076923;0.06859666034391616;0.4636165441849698
Taiyo Yuden (JP);G7;2005;INDUS;1.17;0.53;0.09;0.13;1.47;INDUS;INDUS;0;1.17;0.53;0.13;0.09;0.11111111111111112;0.07692307692307693
Taiyo Yuden (JP);G7;2006;INDUS;1.19;0.54;0.09;0.13;1.51;INDUS;INDUS;1;1.19;0.54;0.13;0.09;0.10924369747899161;0.07563025210084033
Taiyo Yuden (JP);G7;2007;INDUS;1.22;0.55;0.09;0.13;1.55;INDUS;INDUS;2;1.22;0.55;0.13;0.09;0.10655737704918034;0.07377049180327869
Taiyo Yuden (JP);G7;2008;INDUS;1.25;0.57;0.09;0.13;1.58;INDUS;INDUS;3;1.25;0.57;0.13;0.09;0.10400000000000001;0.072
Taiyo Yuden (JP);G7;2009;INDUS;1.23;0.59;0.09;0.13;1.6;INDUS;INDUS;4;1.23;0.59;0.13;0.09;0.10569105691056911;0.07317073170731707
Taiyo Yuden (JP);G7;2010;INDUS;1.59;0.61;0.2;0.13;1.63;INDUS;INDUS;5;1.59;0.61;0.13;0.2;0.08176100628930817;0.12578616352201258
Taiyo Yuden (JP);G7;2011;INDUS;1.47;0.62;0.16;0.13;1.62;INDUS;INDUS;6;1.47;0.62;0.13;0.16;0.08843537414965986;0.108843537414966
Taiyo Yuden (JP);G7;2012;INDUS;1.51;0.62;0.16;0.13;1.66;INDUS;INDUS;7;1.51;0.62;0.13;0.16;0.08609271523178808;0.10596026490066225
Taiyo Yuden (JP);G7;2013;INDUS;1.58;0.63;0.16;0.13;1.71;INDUS;INDUS;8;1.58;0.63;0.13;0.16;0.08227848101265822;0.10126582278481013
Taiyo Yuden (JP);G7;2014;INDUS;1.63;0.64;0.17;0.13;1.73;INDUS;INDUS;9;1.63;0.64;0.13;0.17;0.07975460122699388;0.10429447852760737
Taiyo Yuden (JP);G7;2015;INDUS;1.62;0.65;0.16;0.13;1.78;INDUS;INDUS;10;1.62;0.65;0.13;0.16;0.08024691358024691;0.09876543209876543
Taiyo Yuden (JP);G7;2016;INDUS;1.68;0.67;0.17;0.13;1.82;INDUS;INDUS;11;1.68;0.67;0.13;0.17;0.07738095238095238;0.1011904761904762
Taiyo Yuden (JP);G7;2017;INDUS;1.75;0.7;0.18;0.14;1.87;INDUS;INDUS;12;1.75;0.7;0.14;0.18;0.08;0.10285714285714286
Taiyo Yuden (JP);G7;2018;INDUS;1.82;0.73;0.18;0.15;1.91;INDUS;INDUS;13;1.82;0.73;0.15;0.18;0.08241758241758242;0.0989010989010989
Taiyo Yuden (JP);G7;2019;INDUS;1.89;0.76;0.19;0.15;1.96;INDUS;INDUS;14;1.89;0.76;0.15;0.19;0.07936507936507936;0.10052910052910054
Taiyo Yuden (JP);G7;2020;INDUS;1.97;0.79;0.2;0.16;2.0;INDUS;INDUS;15;1.97;0.79;0.16;0.2;0.08121827411167513;0.10152284263959392
Taiyo Yuden (JP);G7;2021;INDUS;2.04;0.82;0.2;0.16;2.05;INDUS;INDUS;16;2.04;0.82;0.16;0.2;0.0784313725490196;0.09803921568627451
Taiyo Yuden (JP);G7;2022;INDUS;2.13;0.85;0.21;0.17;2.1;INDUS;INDUS;17;2.13;0.85;0.17;0.21;0.07981220657276997;0.09859154929577466
Taiyo Yuden (JP);G7;2023;INDUS;2.21;0.88;0.22;0.18;2.15;INDUS;INDUS;18;2.21;0.88;0.18;0.22;0.08144796380090498;0.0995475113122172
Taiyo Yuden (JP);G7;2024;INDUS;2.3;0.92;0.23;0.18;2.2;INDUS;INDUS;19;2.3;0.92;0.18;0.23;0.0782608695652174;0.1
Takeda (JP);G7;2005;PHARMA;9.51;2.86;0.8;1.92;1.91;PHARMA;PHARMA;0;9.51;2.86;1.92;0.8;0.20189274447949526;0.08412197686645637
Takeda (JP);G7;2006;PHARMA;10.41;2.98;0.87;1.98;2.0;PHARMA;PHARMA;1;10.41;2.98;1.98;0.87;0.19020172910662825;0.08357348703170028
Takeda (JP);G7;2007;PHARMA;10.96;3.13;0.95;2.04;2.1;PHARMA;PHARMA;2;10.96;3.13;2.04;0.95;0.18613138686131386;0.08667883211678831
Takeda (JP);G7;2008;PHARMA;12.03;3.33;1.08;2.16;2.2;PHARMA;PHARMA;3;12.03;3.33;2.16;1.08;0.17955112219451375;0.08977556109725687
Takeda (JP);G7;2009;PHARMA;11.79;3.51;1.14;2.25;2.33;PHARMA;PHARMA;4;11.79;3.51;2.25;1.14;0.19083969465648856;0.09669211195928754
Takeda (JP);G7;2010;PHARMA;12.46;3.71;2.38;2.3;2.47;PHARMA;PHARMA;5;12.46;3.71;2.3;2.38;0.18459069020866772;0.19101123595505615
Takeda (JP);G7;2011;PHARMA;11.54;3.89;1.9;2.41;2.59;PHARMA;PHARMA;6;11.54;3.89;2.41;1.9;0.20883882149046795;0.16464471403812825
Takeda (JP);G7;2012;PHARMA;12.62;4.14;2.14;2.48;2.69;PHARMA;PHARMA;7;12.62;4.14;2.48;2.14;0.19651347068145802;0.16957210776545167
Takeda (JP);G7;2013;PHARMA;13.37;4.44;2.24;2.54;2.76;PHARMA;PHARMA;8;13.37;4.44;2.54;2.24;0.1899775617053104;0.16753926701570684
Takeda (JP);G7;2014;PHARMA;14.28;4.65;2.52;2.61;2.95;PHARMA;PHARMA;9;14.28;4.65;2.61;2.52;0.18277310924369747;0.17647058823529413
Takeda (JP);G7;2015;PHARMA;15.25;3.85;2.15;2.85;3.1;PHARMA;PHARMA;10;15.25;3.85;2.85;2.15;0.18688524590163935;0.14098360655737704
Takeda (JP);G7;2016;PHARMA;14.85;3.72;1.85;2.72;3.0;PHARMA;PHARMA;11;14.85;3.72;2.72;1.85;0.18316498316498317;0.1245791245791246
Takeda (JP);G7;2017;PHARMA;15.92;3.95;2.45;2.82;2.95;PHARMA;PHARMA;12;15.92;3.95;2.82;2.45;0.1771356783919598;0.15389447236180906
Takeda (JP);G7;2018;PHARMA;18.45;4.15;3.15;2.95;3.05;PHARMA;PHARMA;13;18.45;4.15;2.95;3.15;0.15989159891598917;0.17073170731707318
Takeda (JP);G7;2019;PHARMA;29.42;8.52;2.15;4.15;4.8;PHARMA;PHARMA;14;29.42;8.52;4.15;2.15;0.14106050305914344;0.07307953772943575
Takeda (JP);G7;2020;PHARMA;30.15;8.85;4.52;4.25;4.75;PHARMA;PHARMA;15;30.15;8.85;4.25;4.52;0.14096185737976782;0.14991708126036485
Takeda (JP);G7;2021;PHARMA;32.55;9.15;5.15;4.45;4.72;PHARMA;PHARMA;16;32.55;9.15;4.45;5.15;0.13671274961597543;0.15821812596006146
Takeda (JP);G7;2022;PHARMA;34.82;9.45;5.85;4.52;4.65;PHARMA;PHARMA;17;34.82;9.45;4.52;5.85;0.12981045376220562;0.16800689259046525
Takeda (JP);G7;2023;PHARMA;31.25;9.52;4.15;4.58;4.85;PHARMA;PHARMA;18;31.25;9.52;4.58;4.15;0.14656;0.1328
Takeda (JP);G7;2024;PHARMA;33.42;9.85;5.42;4.85;4.95;PHARMA;PHARMA;19;33.42;9.85;4.85;5.42;0.14512268102932374;0.16217833632555356
TeamViewer (EU);G7;2005;INDUS;0.2;0.01;0.04;0.03;0.08;TECH;TECH;0;0.2;0.01;0.03;0.04;0.15;0.19999999999999998
TeamViewer (EU);G7;2006;INDUS;0.22;0.01;0.04;0.03;0.08;TECH;TECH;1;0.22;0.01;0.03;0.04;0.13636363636363635;0.18181818181818182
TeamViewer (EU);G7;2007;INDUS;0.24;0.01;0.05;0.03;0.08;TECH;TECH;2;0.24;0.01;0.03;0.05;0.125;0.20833333333333334
TeamViewer (EU);G7;2008;INDUS;0.26;0.01;0.06;0.03;0.08;TECH;TECH;3;0.26;0.01;0.03;0.06;0.11538461538461538;0.23076923076923075
TeamViewer (EU);G7;2009;INDUS;0.25;0.01;0.06;0.03;0.08;TECH;TECH;4;0.25;0.01;0.03;0.06;0.12;0.24
TeamViewer (EU);G7;2010;INDUS;0.27;0.01;0.14;0.03;0.08;TECH;TECH;5;0.27;0.01;0.03;0.14;0.1111111111111111;0.5185185185185185
TeamViewer (EU);G7;2011;INDUS;0.25;0.01;0.11;0.03;0.08;TECH;TECH;6;0.25;0.01;0.03;0.11;0.12;0.44
TeamViewer (EU);G7;2012;INDUS;0.27;0.01;0.11;0.03;0.08;TECH;TECH;7;0.27;0.01;0.03;0.11;0.1111111111111111;0.4074074074074074
TeamViewer (EU);G7;2013;INDUS;0.29;0.01;0.12;0.03;0.09;TECH;TECH;8;0.29;0.01;0.03;0.12;0.10344827586206896;0.41379310344827586
TeamViewer (EU);G7;2014;INDUS;0.32;0.01;0.13;0.03;0.1;TECH;TECH;9;0.32;0.01;0.03;0.13;0.09375;0.40625
TeamViewer (EU);G7;2015;INDUS;0.35;0.01;0.14;0.03;0.1;TECH;TECH;10;0.35;0.01;0.03;0.14;0.08571428571428572;0.4000000000000001
TeamViewer (EU);G7;2016;INDUS;0.38;0.01;0.15;0.04;0.1;TECH;TECH;11;0.38;0.01;0.04;0.15;0.10526315789473684;0.39473684210526316
TeamViewer (EU);G7;2017;INDUS;0.41;0.01;0.16;0.04;0.11;TECH;TECH;12;0.41;0.01;0.04;0.16;0.0975609756097561;0.3902439024390244
TeamViewer (EU);G7;2018;INDUS;0.44;0.01;0.18;0.04;0.11;TECH;TECH;13;0.44;0.01;0.04;0.18;0.09090909090909091;0.40909090909090906
TeamViewer (EU);G7;2019;INDUS;0.48;0.01;0.19;0.05;0.12;TECH;TECH;14;0.48;0.01;0.05;0.19;0.10416666666666667;0.39583333333333337
TeamViewer (EU);G7;2020;INDUS;0.51;0.01;0.2;0.05;0.12;TECH;TECH;15;0.51;0.01;0.05;0.2;0.09803921568627451;0.39215686274509803
TeamViewer (EU);G7;2021;INDUS;0.56;0.01;0.22;0.06;0.13;TECH;TECH;16;0.56;0.01;0.06;0.22;0.10714285714285712;0.39285714285714285
TeamViewer (EU);G7;2022;INDUS;0.6;0.01;0.24;0.06;0.14;TECH;TECH;17;0.6;0.01;0.06;0.24;0.1;0.4
TeamViewer (EU);G7;2023;INDUS;0.65;0.01;0.26;0.07;0.14;TECH;TECH;18;0.65;0.01;0.07;0.26;0.1076923076923077;0.4
TeamViewer (EU);G7;2024;INDUS;0.7;0.01;0.28;0.07;0.15;TECH;TECH;19;0.7;0.01;0.07;0.28;0.10000000000000002;0.4000000000000001
Tencent;CN;2005;TECH;0.615;0.205;0.282;0.077;;TECH;TECH;0;0.615;0.205;0.077;0.282;0.12520325203252033;0.4585365853658536
Tencent;CN;2006;TECH;0.727;0.286;0.364;0.104;;TECH;TECH;1;0.727;0.286;0.104;0.364;0.14305364511691884;0.5006877579092159
Tencent;CN;2007;TECH;1.0;0.447;0.579;0.158;;TECH;TECH;2;1.0;0.447;0.158;0.579;0.158;0.579
Tencent;CN;2008;TECH;1.844;0.675;0.883;0.26;;TECH;TECH;3;1.844;0.675;0.26;0.883;0.14099783080260303;0.47885032537960953
Tencent;CN;2009;TECH;3.139;0.886;1.494;0.354;;TECH;TECH;4;3.139;0.886;0.354;1.494;0.11277476903472444;0.4759477540618032
Tencent;CN;2010;TECH;4.9;1.3;2.375;0.525;;TECH;TECH;5;4.9;1.3;0.525;2.375;0.10714285714285714;0.4846938775510204
Tencent;CN;2011;TECH;7.037;1.975;3.21;0.765;;TECH;TECH;6;7.037;1.975;0.765;3.21;0.10871109847946568;0.45616029558050303
Tencent;CN;2012;TECH;10.707;2.78;4.341;1.122;;TECH;TECH;7;10.707;2.78;1.122;4.341;0.10479125805547773;0.40543569627346593
Tencent;CN;2013;TECH;14.554;3.663;4.892;1.422;;TECH;TECH;8;14.554;3.663;1.422;4.892;0.09770509825477532;0.3361275250790161
Tencent;CN;2014;TECH;19.244;5.39;7.341;1.976;;TECH;TECH;9;19.244;5.39;1.976;7.341;0.10268135522760341;0.3814695489503222
Tencent;CN;2015;TECH;25.407;8.247;10.148;2.84;;TECH;TECH;10;25.407;8.247;2.84;10.148;0.11178021805014365;0.3994174833707246
Tencent;CN;2016;TECH;37.975;11.3;14.025;3.8;;TECH;TECH;11;37.975;11.3;3.8;14.025;0.10006583278472679;0.36932192231731403
Tencent;CN;2017;TECH;59.45;15.625;22.575;4.375;;TECH;TECH;12;59.45;15.625;4.375;22.575;0.07359125315391085;0.37973086627417996
Tencent;CN;2018;TECH;78.175;21.35;24.4;5.75;;TECH;TECH;13;78.175;21.35;5.75;24.4;0.07355292612727854;0.3121202430444515
Tencent;CN;2019;TECH;94.325;27.625;28.825;7.6;;TECH;TECH;14;94.325;27.625;7.6;28.825;0.08057248873575404;0.3055923668168566
Tencent;CN;2020;TECH;120.525;35.525;39.95;9.725;;TECH;TECH;15;120.525;35.525;9.725;39.95;0.08068865380626425;0.3314665007259905
Tencent;CN;2021;TECH;138.296;42.173;39.333;12.79;;TECH;TECH;16;138.296;42.173;12.79;39.333;0.0924827905362411;0.28441169665066235
Tencent;CN;2022;TECH;135.268;47.659;45.293;14.976;;TECH;TECH;17;135.268;47.659;14.976;45.293;0.11071354644113908;0.3348389863086613
Tencent;CN;2023;TECH;148.537;50.049;39.195;15.634;;TECH;TECH;18;148.537;50.049;15.634;39.195;0.10525323656731993;0.2638736476433481
Tencent;CN;2024;TECH;161.049;53.268;50.756;16.22;;TECH;TECH;19;161.049;53.268;16.22;50.756;0.10071468931815782;0.3151587405075474
Teradyne (US);G7;2005;TECH;0.9;0.14;0.1;0.17;0.24;TECH;TECH;0;0.9;0.14;0.17;0.1;0.18888888888888888;0.11111111111111112
Teradyne (US);G7;2006;TECH;0.99;0.15;0.11;0.18;0.25;TECH;TECH;1;0.99;0.15;0.18;0.11;0.18181818181818182;0.11111111111111112
Teradyne (US);G7;2007;TECH;1.09;0.16;0.12;0.19;0.26;TECH;TECH;2;1.09;0.16;0.19;0.12;0.17431192660550457;0.11009174311926605
Teradyne (US);G7;2008;TECH;1.16;0.17;0.12;0.2;0.27;TECH;TECH;3;1.16;0.17;0.2;0.12;0.1724137931034483;0.10344827586206896
Teradyne (US);G7;2009;TECH;1.14;0.18;0.13;0.21;0.29;TECH;TECH;4;1.14;0.18;0.21;0.13;0.1842105263157895;0.11403508771929825
Teradyne (US);G7;2010;TECH;1.24;0.19;0.33;0.22;0.3;TECH;TECH;5;1.24;0.19;0.22;0.33;0.1774193548387097;0.26612903225806456
Teradyne (US);G7;2011;TECH;1.15;0.2;0.26;0.23;0.32;TECH;TECH;6;1.15;0.2;0.23;0.26;0.2;0.22608695652173916
Teradyne (US);G7;2012;TECH;1.23;0.21;0.27;0.24;0.34;TECH;TECH;7;1.23;0.21;0.24;0.27;0.1951219512195122;0.21951219512195125
Teradyne (US);G7;2013;TECH;1.33;0.22;0.29;0.26;0.36;TECH;TECH;8;1.33;0.22;0.26;0.29;0.19548872180451127;0.21804511278195485
Teradyne (US);G7;2014;TECH;1.48;0.24;0.32;0.27;0.38;TECH;TECH;9;1.48;0.24;0.27;0.32;0.18243243243243246;0.21621621621621623
Teradyne (US);G7;2015;TECH;1.64;0.25;0.35;0.28;0.4;TECH;TECH;10;1.64;0.25;0.28;0.35;0.17073170731707318;0.21341463414634146
Teradyne (US);G7;2016;TECH;1.75;0.28;0.42;0.31;0.4;TECH;TECH;11;1.75;0.28;0.31;0.42;0.17714285714285713;0.24
Teradyne (US);G7;2017;TECH;2.14;0.32;0.58;0.35;0.45;TECH;TECH;12;2.14;0.32;0.35;0.58;0.16355140186915887;0.27102803738317754
Teradyne (US);G7;2018;TECH;2.1;0.35;0.52;0.38;0.5;TECH;TECH;13;2.1;0.35;0.38;0.52;0.18095238095238095;0.24761904761904763
Teradyne (US);G7;2019;TECH;2.3;0.38;0.55;0.42;0.55;TECH;TECH;14;2.3;0.38;0.42;0.55;0.1826086956521739;0.23913043478260873
Teradyne (US);G7;2020;TECH;3.12;0.45;0.85;0.48;0.55;TECH;TECH;15;3.12;0.45;0.48;0.85;0.15384615384615383;0.2724358974358974
Teradyne (US);G7;2021;TECH;3.7;0.52;1.05;0.52;0.6;TECH;TECH;16;3.7;0.52;0.52;1.05;0.14054054054054055;0.28378378378378377
Teradyne (US);G7;2022;TECH;3.15;0.55;0.82;0.55;0.65;TECH;TECH;17;3.15;0.55;0.55;0.82;0.17460317460317462;0.26031746031746034
Teradyne (US);G7;2023;TECH;2.67;0.58;0.65;0.52;0.62;TECH;TECH;18;2.67;0.58;0.52;0.65;0.1947565543071161;0.24344569288389514
Teradyne (US);G7;2024;TECH;2.85;0.62;0.72;0.58;0.65;TECH;TECH;19;2.85;0.62;0.58;0.72;0.20350877192982453;0.25263157894736843
Terex (US);G7;2005;INDUS;3.46;0.41;0.11;0.08;1.81;INDUS;INDUS;0;3.46;0.41;0.08;0.11;0.023121387283236997;0.031791907514450865
Terex (US);G7;2006;INDUS;3.47;0.42;0.11;0.08;1.85;INDUS;INDUS;1;3.47;0.42;0.08;0.11;0.023054755043227664;0.03170028818443804
Terex (US);G7;2007;INDUS;3.58;0.43;0.12;0.08;1.88;INDUS;INDUS;2;3.58;0.43;0.08;0.12;0.0223463687150838;0.0335195530726257
Terex (US);G7;2008;INDUS;3.7;0.44;0.12;0.08;1.9;INDUS;INDUS;3;3.7;0.44;0.08;0.12;0.02162162162162162;0.03243243243243243
Terex (US);G7;2009;INDUS;3.63;0.46;0.13;0.08;1.9;INDUS;INDUS;4;3.63;0.46;0.08;0.13;0.02203856749311295;0.03581267217630854
Terex (US);G7;2010;INDUS;4.43;0.47;0.33;0.08;1.93;INDUS;INDUS;5;4.43;0.47;0.08;0.33;0.018058690744920995;0.0744920993227991
Terex (US);G7;2011;INDUS;4.1;0.48;0.26;0.08;1.95;INDUS;INDUS;6;4.1;0.48;0.08;0.26;0.019512195121951223;0.06341463414634146
Terex (US);G7;2012;INDUS;4.32;0.48;0.28;0.08;1.96;INDUS;INDUS;7;4.32;0.48;0.08;0.28;0.018518518518518517;0.06481481481481481
Terex (US);G7;2013;INDUS;4.34;0.5;0.28;0.08;2.0;INDUS;INDUS;8;4.34;0.5;0.08;0.28;0.018433179723502304;0.06451612903225808
Terex (US);G7;2014;INDUS;4.31;0.51;0.28;0.08;2.03;INDUS;INDUS;9;4.31;0.51;0.08;0.28;0.018561484918793506;0.06496519721577727
Terex (US);G7;2015;INDUS;4.39;0.52;0.28;0.08;2.04;INDUS;INDUS;10;4.39;0.52;0.08;0.28;0.01822323462414579;0.06378132118451026
Terex (US);G7;2016;INDUS;4.44;0.48;0.25;0.08;1.82;INDUS;INDUS;11;4.44;0.48;0.08;0.25;0.018018018018018018;0.0563063063063063
Terex (US);G7;2017;INDUS;4.36;0.45;0.32;0.09;1.65;INDUS;INDUS;12;4.36;0.45;0.09;0.32;0.020642201834862383;0.07339449541284403
Terex (US);G7;2018;INDUS;4.52;0.42;0.35;0.1;1.55;INDUS;INDUS;13;4.52;0.42;0.1;0.35;0.022123893805309738;0.07743362831858407
Terex (US);G7;2019;INDUS;4.35;0.4;0.38;0.11;1.45;INDUS;INDUS;14;4.35;0.4;0.11;0.38;0.025287356321839084;0.08735632183908047
Terex (US);G7;2020;INDUS;3.08;0.38;0.12;0.09;1.2;INDUS;INDUS;15;3.08;0.38;0.09;0.12;0.02922077922077922;0.03896103896103896
Terex (US);G7;2021;INDUS;3.89;0.42;0.35;0.1;1.15;INDUS;INDUS;16;3.89;0.42;0.1;0.35;0.02570694087403599;0.08997429305912595
Terex (US);G7;2022;INDUS;4.42;0.45;0.45;0.12;1.25;INDUS;INDUS;17;4.42;0.45;0.12;0.45;0.027149321266968326;0.10180995475113122
Terex (US);G7;2023;INDUS;5.15;0.52;0.72;0.15;1.35;INDUS;INDUS;18;5.15;0.52;0.15;0.72;0.029126213592233007;0.13980582524271842
Terex (US);G7;2024;INDUS;5.25;0.58;0.75;0.16;1.42;INDUS;INDUS;19;5.25;0.58;0.16;0.75;0.030476190476190476;0.14285714285714285
Tesla (US);G7;2010;AUTO;0.12;0.05;-0.15;0.09;;AUTO;AUTO;5;0.12;0.05;0.09;-0.15;0.75;-1.25
Tesla (US);G7;2011;AUTO;0.2;0.28;-0.25;0.21;;AUTO;AUTO;6;0.2;0.28;0.21;-0.25;1.0499999999999998;-1.25
Tesla (US);G7;2012;AUTO;0.41;0.71;-0.39;0.04;;AUTO;AUTO;7;0.41;0.71;0.04;-0.39;0.0975609756097561;-0.951219512195122
Tesla (US);G7;2013;AUTO;2.01;0.92;0.03;0.22;;AUTO;AUTO;8;2.01;0.92;0.22;0.03;0.10945273631840798;0.01492537313432836
Tesla (US);G7;2014;AUTO;3.2;1.95;-0.18;0.47;;AUTO;AUTO;9;3.2;1.95;0.47;-0.18;0.14687499999999998;-0.056249999999999994
Tesla (US);G7;2015;AUTO;4.05;3.68;-0.72;0.72;;AUTO;AUTO;10;4.05;3.68;0.72;-0.72;0.17777777777777778;-0.17777777777777778
Tesla (US);G7;2016;AUTO;7.0;5.9;-0.67;0.83;;AUTO;AUTO;11;7.0;5.9;0.83;-0.67;0.11857142857142856;-0.09571428571428572
Tesla (US);G7;2017;AUTO;11.76;9.57;-1.63;1.38;;AUTO;AUTO;12;11.76;9.57;1.38;-1.63;0.1173469387755102;-0.13860544217687074
Tesla (US);G7;2018;AUTO;21.46;19.65;0.19;1.46;;AUTO;AUTO;13;21.46;19.65;1.46;0.19;0.06803355079217148;0.008853681267474371
Tesla (US);G7;2019;AUTO;24.58;20.65;0.02;1.34;;AUTO;AUTO;14;24.58;20.65;1.34;0.02;0.05451586655817739;0.0008136696501220505
Tesla (US);G7;2020;AUTO;31.54;22.95;1.99;1.49;;AUTO;AUTO;15;31.54;22.95;1.49;1.99;0.04724159797083069;0.06309448319594166
Tesla (US);G7;2021;AUTO;53.82;28.75;6.52;2.59;;AUTO;AUTO;16;53.82;28.75;2.59;6.52;0.04812337421033073;0.12114455592716461
Tesla (US);G7;2022;AUTO;81.46;36.44;13.66;3.07;;AUTO;AUTO;17;81.46;36.44;3.07;13.66;0.037687208445863;0.16768966363859564
Tesla (US);G7;2023;AUTO;96.77;45.12;8.89;3.97;;AUTO;AUTO;18;96.77;45.12;3.97;8.89;0.04102511108814716;0.09186731425028419
Tesla (US);G7;2024;AUTO;97.69;51.5;7.15;4.43;;AUTO;AUTO;19;97.69;51.5;4.43;7.15;0.04534752789435971;0.07319070529225101
Texas Instruments (US);G7;2005;TECH;6.42;1.61;1.2;0.84;1.81;TECH;TECH;0;6.42;1.61;0.84;1.2;0.1308411214953271;0.18691588785046728
Texas Instruments (US);G7;2006;TECH;6.96;1.73;1.35;0.86;1.89;TECH;TECH;1;6.96;1.73;0.86;1.35;0.1235632183908046;0.19396551724137934
Texas Instruments (US);G7;2007;TECH;7.72;1.85;1.44;0.9;1.99;TECH;TECH;2;7.72;1.85;0.9;1.44;0.11658031088082903;0.18652849740932642
Texas Instruments (US);G7;2008;TECH;8.45;1.95;1.58;0.94;2.08;TECH;TECH;3;8.45;1.95;0.94;1.58;0.11124260355029586;0.18698224852071008
Texas Instruments (US);G7;2009;TECH;8.28;2.06;1.66;0.97;2.18;TECH;TECH;4;8.28;2.06;0.97;1.66;0.11714975845410629;0.20048309178743962
Texas Instruments (US);G7;2010;TECH;9.27;2.2;3.54;1.03;2.3;TECH;TECH;5;9.27;2.2;1.03;3.54;0.11111111111111112;0.3818770226537217
Texas Instruments (US);G7;2011;TECH;8.58;2.38;2.83;1.09;2.44;TECH;TECH;6;8.58;2.38;1.09;2.83;0.12703962703962704;0.3298368298368298
Texas Instruments (US);G7;2012;TECH;9.75;2.57;3.18;1.14;2.58;TECH;TECH;7;9.75;2.57;1.14;3.18;0.11692307692307691;0.3261538461538462
Texas Instruments (US);G7;2013;TECH;10.57;2.72;3.43;1.17;2.72;TECH;TECH;8;10.57;2.72;1.17;3.43;0.1106906338694418;0.32450331125827814
Texas Instruments (US);G7;2014;TECH;11.83;2.94;3.86;1.23;2.85;TECH;TECH;9;11.83;2.94;1.23;3.86;0.10397295012679628;0.32628909551986474
Texas Instruments (US);G7;2015;TECH;13.0;3.1;4.2;1.3;3.0;TECH;TECH;10;13.0;3.1;1.3;4.2;0.1;0.3230769230769231
Texas Instruments (US);G7;2016;TECH;13.3;3.2;4.5;1.4;3.0;TECH;TECH;11;13.3;3.2;1.4;4.5;0.10526315789473684;0.3383458646616541
Texas Instruments (US);G7;2017;TECH;14.9;3.5;5.8;1.5;3.0;TECH;TECH;12;14.9;3.5;1.5;5.8;0.10067114093959731;0.38926174496644295
Texas Instruments (US);G7;2018;TECH;15.8;3.8;6.5;1.6;3.0;TECH;TECH;13;15.8;3.8;1.6;6.5;0.10126582278481013;0.4113924050632911
Texas Instruments (US);G7;2019;TECH;14.3;4.1;5.2;1.6;3.0;TECH;TECH;14;14.3;4.1;1.6;5.2;0.11188811188811189;0.36363636363636365
Texas Instruments (US);G7;2020;TECH;14.5;4.5;5.8;1.6;3.0;TECH;TECH;15;14.5;4.5;1.6;5.8;0.11034482758620691;0.39999999999999997
Texas Instruments (US);G7;2021;TECH;18.3;5.2;8.4;1.7;3.1;TECH;TECH;16;18.3;5.2;1.7;8.4;0.09289617486338797;0.45901639344262296
Texas Instruments (US);G7;2022;TECH;20.0;5.8;10.1;1.8;3.3;TECH;TECH;17;20.0;5.8;1.8;10.1;0.09;0.505
Texas Instruments (US);G7;2023;TECH;17.5;6.5;7.5;1.8;3.4;TECH;TECH;18;17.5;6.5;1.8;7.5;0.10285714285714286;0.42857142857142855
Texas Instruments (US);G7;2024;TECH;17.5;6.8;7.2;1.8;3.3;TECH;TECH;19;17.5;6.8;1.8;7.2;0.10285714285714286;0.4114285714285714
Thales (EU);G7;2005;INDUS;12.86296;2.10236;0.4976;0.8583599999999999;5.24;INDUS;INDUS;0;12.86296;2.10236;0.8583599999999999;0.4976;0.0667311411992263;0.03868471953578337
Thales (EU);G7;2006;INDUS;13.564800000000002;2.1352;0.55264;0.89176;5.33;INDUS;INDUS;1;13.564800000000002;2.1352;0.89176;0.55264;0.06574074074074074;0.04074074074074074
Thales (EU);G7;2007;INDUS;15.38262;2.38554;0.63066;0.97341;5.44;INDUS;INDUS;2;15.38262;2.38554;0.97341;0.63066;0.06327985739750445;0.040998217468805706
Thales (EU);G7;2008;INDUS;16.56346;2.61838;0.69137;1.07383;5.44;INDUS;INDUS;3;16.56346;2.61838;1.07383;0.69137;0.06483126110124335;0.04174067495559503
Thales (EU);G7;2009;INDUS;15.389759999999995;2.59284;0.6830599999999999;1.01762;5.61;INDUS;INDUS;4;15.389759999999995;2.59284;1.01762;0.6830599999999999;0.06612318840579712;0.044384057971014496
Thales (EU);G7;2010;INDUS;18.45792;2.49288;1.82988;0.98124;5.65;INDUS;INDUS;5;18.45792;2.49288;0.98124;1.82988;0.05316091954022988;0.09913793103448275
Thales (EU);G7;2011;INDUS;17.94288;2.67264;1.5312;1.044;5.74;INDUS;INDUS;6;17.94288;2.67264;1.044;1.5312;0.05818463925523663;0.08533747090768037
Thales (EU);G7;2012;INDUS;16.92376;2.5077;1.4146;0.99022;5.84;INDUS;INDUS;7;16.92376;2.5077;0.99022;1.4146;0.058510638297872335;0.08358662613981763
Thales (EU);G7;2013;INDUS;18.20688;2.656;1.4608;1.04912;5.92;INDUS;INDUS;8;18.20688;2.656;1.04912;1.4608;0.057622173595915385;0.08023340627279357
Thales (EU);G7;2014;INDUS;18.41994;2.71116;1.51506;1.0632;6.15;INDUS;INDUS;9;18.41994;2.71116;1.0632;1.51506;0.05772005772005771;0.08225108225108226
Thales (EU);G7;2015;INDUS;16.095000000000002;2.3310000000000004;1.332;0.8880000000000001;6.2;INDUS;INDUS;10;16.095000000000002;2.3310000000000004;0.8880000000000001;1.332;0.05517241379310345;0.08275862068965517
Thales (EU);G7;2016;INDUS;16.8264;2.4354;1.4391;0.8856;6.4;INDUS;INDUS;11;16.8264;2.4354;0.8856;1.4391;0.052631578947368425;0.08552631578947369
Thales (EU);G7;2017;INDUS;18.193;2.712;1.6949999999999998;1.017;6.5;INDUS;INDUS;12;18.193;2.712;1.017;1.6949999999999998;0.05590062111801241;0.09316770186335402
Thales (EU);G7;2018;INDUS;19.1322;2.9525;2.0077;1.181;6.6;INDUS;INDUS;13;19.1322;2.9525;1.181;2.0077;0.06172839506172839;0.10493827160493825
Thales (EU);G7;2019;INDUS;21.0372;3.1332;2.238;1.2309;8.2;INDUS;INDUS;14;21.0372;3.1332;1.2309;2.238;0.05851063829787235;0.10638297872340426
Thales (EU);G7;2020;INDUS;19.985;3.5402;1.4846;1.2562;8.1;INDUS;INDUS;15;19.985;3.5402;1.2562;1.4846;0.06285714285714286;0.07428571428571429
Thales (EU);G7;2021;INDUS;19.5195;3.785600000000001;1.8928000000000005;1.3013;8.1;INDUS;INDUS;16;19.5195;3.785600000000001;1.3013;1.8928000000000005;0.06666666666666667;0.096969696969697
Thales (EU);G7;2022;INDUS;18.7434;3.6855;2.0007;1.2635999999999998;7.7;INDUS;INDUS;17;18.7434;3.6855;1.2635999999999998;2.0007;0.06741573033707864;0.10674157303370786
Thales (EU);G7;2023;INDUS;20.666200000000003;4.1116;2.2722;1.4066;8.0;INDUS;INDUS;18;20.666200000000003;4.1116;1.4066;2.2722;0.06806282722513088;0.10994764397905758
Thales (EU);G7;2024;INDUS;22.181;4.5444;2.4886;1.5148;8.2;INDUS;INDUS;19;22.181;4.5444;1.5148;2.4886;0.06829268292682926;0.1121951219512195
Thermo Fisher (US);G7;2005;INDUS;11.04;3.05;1.05;0.54;3.74;PHARMA;PHARMA;0;11.04;3.05;0.54;1.05;0.04891304347826088;0.09510869565217392
Thermo Fisher (US);G7;2006;INDUS;11.45;3.17;1.1;0.55;3.89;PHARMA;PHARMA;1;11.45;3.17;0.55;1.1;0.0480349344978166;0.0960698689956332
Thermo Fisher (US);G7;2007;INDUS;11.96;3.3;1.12;0.57;4.02;PHARMA;PHARMA;2;11.96;3.3;0.57;1.12;0.04765886287625417;0.09364548494983278
Thermo Fisher (US);G7;2008;INDUS;12.93;3.42;1.19;0.59;4.13;PHARMA;PHARMA;3;12.93;3.42;0.59;1.19;0.04563031709203403;0.09203402938901778
Thermo Fisher (US);G7;2009;INDUS;12.68;3.49;1.25;0.6;4.31;PHARMA;PHARMA;4;12.68;3.49;0.6;1.25;0.0473186119873817;0.09858044164037855
Thermo Fisher (US);G7;2010;INDUS;14.32;3.64;2.39;0.62;4.44;PHARMA;PHARMA;5;14.32;3.64;0.62;2.39;0.043296089385474856;0.16689944134078213
Thermo Fisher (US);G7;2011;INDUS;13.26;3.83;1.91;0.62;4.55;PHARMA;PHARMA;6;13.26;3.83;0.62;1.91;0.04675716440422323;0.14404223227752638
Thermo Fisher (US);G7;2012;INDUS;14.01;3.94;2.1;0.64;4.72;PHARMA;PHARMA;7;14.01;3.94;0.64;2.1;0.04568165596002855;0.1498929336188437
Thermo Fisher (US);G7;2013;INDUS;15.24;4.11;2.22;0.67;4.86;PHARMA;PHARMA;8;15.24;4.11;0.67;2.22;0.043963254593175856;0.1456692913385827
Thermo Fisher (US);G7;2014;INDUS;16.19;4.24;2.38;0.68;5.04;PHARMA;PHARMA;9;16.19;4.24;0.68;2.38;0.042001235330450894;0.14700432365657812
Thermo Fisher (US);G7;2015;INDUS;17.0;4.5;2.5;0.7;5.2;PHARMA;PHARMA;10;17.0;4.5;0.7;2.5;0.041176470588235294;0.14705882352941177
Thermo Fisher (US);G7;2016;INDUS;18.2;4.8;2.8;0.8;5.5;PHARMA;PHARMA;11;18.2;4.8;0.8;2.8;0.04395604395604396;0.15384615384615385
Thermo Fisher (US);G7;2017;INDUS;20.9;5.2;3.4;0.9;6.1;PHARMA;PHARMA;12;20.9;5.2;0.9;3.4;0.0430622009569378;0.1626794258373206
Thermo Fisher (US);G7;2018;INDUS;24.3;6.5;4.1;1.0;7.5;PHARMA;PHARMA;13;24.3;6.5;1.0;4.1;0.0411522633744856;0.16872427983539093
Thermo Fisher (US);G7;2019;INDUS;25.5;7.1;4.5;1.1;8.2;PHARMA;PHARMA;14;25.5;7.1;1.1;4.5;0.04313725490196079;0.17647058823529413
Thermo Fisher (US);G7;2020;INDUS;32.2;8.2;7.5;1.2;10.5;PHARMA;PHARMA;15;32.2;8.2;1.2;7.5;0.03726708074534161;0.23291925465838506
Thermo Fisher (US);G7;2021;INDUS;39.2;8.8;9.1;1.4;11.5;PHARMA;PHARMA;16;39.2;8.8;1.4;9.1;0.03571428571428571;0.23214285714285712
Thermo Fisher (US);G7;2022;INDUS;44.9;9.2;9.8;1.5;12.0;PHARMA;PHARMA;17;44.9;9.2;1.5;9.8;0.0334075723830735;0.21826280623608021
Thermo Fisher (US);G7;2023;INDUS;42.8;9.4;8.5;1.4;12.2;PHARMA;PHARMA;18;42.8;9.4;1.4;8.5;0.03271028037383177;0.19859813084112152
Thermo Fisher (US);G7;2024;INDUS;42.8;9.1;7.8;1.5;12.2;PHARMA;PHARMA;19;42.8;9.1;1.5;7.8;0.03504672897196262;0.18224299065420563
Thomson Reuters (CA);G7;2005;INDUS;7.68;2.06;0.94;0.46;39.84;INDUS;INDUS;0;7.68;2.06;0.46;0.94;0.059895833333333336;0.12239583333333333
Thomson Reuters (CA);G7;2006;INDUS;8.03;2.14;1.02;0.46;40.32;INDUS;INDUS;1;8.03;2.14;0.46;1.02;0.05728518057285181;0.12702366127023662
Thomson Reuters (CA);G7;2007;INDUS;8.24;2.17;1.03;0.47;41.34;INDUS;INDUS;2;8.24;2.17;0.47;1.03;0.057038834951456306;0.125
Thomson Reuters (CA);G7;2008;INDUS;8.51;2.23;1.08;0.47;41.45;INDUS;INDUS;3;8.51;2.23;0.47;1.08;0.055229142185663924;0.12690951821386606
Thomson Reuters (CA);G7;2009;INDUS;8.34;2.29;1.14;0.49;42.08;INDUS;INDUS;4;8.34;2.29;0.49;1.14;0.05875299760191847;0.13669064748201437
Thomson Reuters (CA);G7;2010;INDUS;11.64;2.34;2.36;0.5;42.5;INDUS;INDUS;5;11.64;2.34;0.5;2.36;0.0429553264604811;0.20274914089347076
Thomson Reuters (CA);G7;2011;INDUS;10.78;2.39;1.89;0.5;42.46;INDUS;INDUS;6;10.78;2.39;0.5;1.89;0.0463821892393321;0.17532467532467533
Thomson Reuters (CA);G7;2012;INDUS;10.99;2.43;2.01;0.5;42.86;INDUS;INDUS;7;10.99;2.43;0.5;2.01;0.04549590536851683;0.18289353958143764
Thomson Reuters (CA);G7;2013;INDUS;11.41;2.46;2.12;0.5;43.24;INDUS;INDUS;8;11.41;2.46;0.5;2.12;0.04382120946538125;0.18580192813321647
Thomson Reuters (CA);G7;2014;INDUS;11.62;2.46;2.22;0.5;44.06;INDUS;INDUS;9;11.62;2.46;0.5;2.22;0.04302925989672978;0.19104991394148024
Thomson Reuters (CA);G7;2015;INDUS;12.21;1.45;1.85;0.85;5.2;INDUS;INDUS;10;12.21;1.45;0.85;1.85;0.06961506961506961;0.15151515151515152
Thomson Reuters (CA);G7;2016;INDUS;11.16;1.32;1.65;0.82;4.8;INDUS;INDUS;11;11.16;1.32;0.82;1.65;0.07347670250896057;0.14784946236559138
Thomson Reuters (CA);G7;2017;INDUS;11.32;1.25;1.72;0.78;4.5;INDUS;INDUS;12;11.32;1.25;0.78;1.72;0.06890459363957598;0.1519434628975265
Thomson Reuters (CA);G7;2018;INDUS;5.52;0.85;0.85;0.52;2.4;INDUS;INDUS;13;5.52;0.85;0.52;0.85;0.09420289855072465;0.15398550724637683
Thomson Reuters (CA);G7;2019;INDUS;5.91;0.92;1.15;0.55;2.5;INDUS;INDUS;14;5.91;0.92;0.55;1.15;0.09306260575296109;0.19458544839255498
Thomson Reuters (CA);G7;2020;INDUS;5.98;0.95;1.25;0.58;2.4;INDUS;INDUS;15;5.98;0.95;0.58;1.25;0.09698996655518394;0.20903010033444813
Thomson Reuters (CA);G7;2021;INDUS;6.35;1.05;1.45;0.62;2.5;INDUS;INDUS;16;6.35;1.05;0.62;1.45;0.09763779527559055;0.2283464566929134
Thomson Reuters (CA);G7;2022;INDUS;6.62;1.15;1.55;0.65;2.5;INDUS;INDUS;17;6.62;1.15;0.65;1.55;0.09818731117824774;0.23413897280966767
Thomson Reuters (CA);G7;2023;INDUS;6.79;1.18;1.65;0.68;2.55;INDUS;INDUS;18;6.79;1.18;0.68;1.65;0.10014727540500737;0.24300441826215022
Thomson Reuters (CA);G7;2024;INDUS;7.15;1.25;1.85;0.75;2.65;INDUS;INDUS;19;7.15;1.25;0.75;1.85;0.1048951048951049;0.25874125874125875
Thunder Software;CN;2020;TECH;1.82;0.36;0.22;0.18;;TECH;TECH;15;1.82;0.36;0.18;0.22;0.0989010989010989;0.12087912087912088
Thunder Software;CN;2024;TECH;1.26;0.25;-0.02;0.13;;TECH;TECH;19;1.26;0.25;0.13;-0.02;0.10317460317460318;-0.015873015873015872
Tokyo Electron (JP);G7;2005;INDUS;3.38;0.47;0.3;0.53;0.92;INDUS;INDUS;0;3.38;0.47;0.53;0.3;0.15680473372781067;0.08875739644970414
Tokyo Electron (JP);G7;2006;INDUS;3.4;0.49;0.29;0.54;0.94;INDUS;INDUS;1;3.4;0.49;0.54;0.29;0.15882352941176472;0.08529411764705883
Tokyo Electron (JP);G7;2007;INDUS;3.5;0.5;0.31;0.55;0.97;INDUS;INDUS;2;3.5;0.5;0.55;0.31;0.15714285714285717;0.08857142857142856
Tokyo Electron (JP);G7;2008;INDUS;3.63;0.51;0.31;0.55;0.98;INDUS;INDUS;3;3.63;0.51;0.55;0.31;0.15151515151515152;0.08539944903581267
Tokyo Electron (JP);G7;2009;INDUS;3.56;0.53;0.33;0.55;1.0;INDUS;INDUS;4;3.56;0.53;0.55;0.33;0.15449438202247193;0.09269662921348315
Tokyo Electron (JP);G7;2010;INDUS;4.94;0.54;0.9;0.56;1.01;INDUS;INDUS;5;4.94;0.54;0.56;0.9;0.11336032388663968;0.18218623481781376
Tokyo Electron (JP);G7;2011;INDUS;4.57;0.55;0.72;0.57;1.03;INDUS;INDUS;6;4.57;0.55;0.57;0.72;0.12472647702407;0.15754923413566738
Tokyo Electron (JP);G7;2012;INDUS;4.74;0.56;0.72;0.58;1.03;INDUS;INDUS;7;4.74;0.56;0.58;0.72;0.12236286919831223;0.15189873417721517
Tokyo Electron (JP);G7;2013;INDUS;4.92;0.57;0.74;0.58;1.05;INDUS;INDUS;8;4.92;0.57;0.58;0.74;0.11788617886178861;0.15040650406504066
Tokyo Electron (JP);G7;2014;INDUS;4.98;0.58;0.78;0.59;1.08;INDUS;INDUS;9;4.98;0.58;0.59;0.78;0.1184738955823293;0.1566265060240964
Tokyo Electron (JP);G7;2015;INDUS;5.1;0.6;0.8;0.6;1.1;INDUS;INDUS;10;5.1;0.6;0.6;0.8;0.11764705882352941;0.15686274509803924
Tokyo Electron (JP);G7;2016;INDUS;5.6;0.6;1.0;0.7;1.1;INDUS;INDUS;11;5.6;0.6;0.7;1.0;0.125;0.17857142857142858
Tokyo Electron (JP);G7;2017;INDUS;7.1;0.7;1.4;0.8;1.1;INDUS;INDUS;12;7.1;0.7;0.8;1.4;0.11267605633802819;0.19718309859154928
Tokyo Electron (JP);G7;2018;INDUS;10.2;0.8;2.5;1.0;1.2;INDUS;INDUS;13;10.2;0.8;1.0;2.5;0.09803921568627452;0.2450980392156863
Tokyo Electron (JP);G7;2019;INDUS;11.5;0.9;2.8;1.1;1.3;INDUS;INDUS;14;11.5;0.9;1.1;2.8;0.09565217391304348;0.2434782608695652
Tokyo Electron (JP);G7;2020;INDUS;10.5;1.1;2.2;1.2;1.4;INDUS;INDUS;15;10.5;1.1;1.2;2.2;0.11428571428571428;0.20952380952380953
Tokyo Electron (JP);G7;2021;INDUS;12.8;1.3;3.0;1.3;1.5;INDUS;INDUS;16;12.8;1.3;1.3;3.0;0.1015625;0.234375
Tokyo Electron (JP);G7;2022;INDUS;18.5;1.5;5.4;1.5;1.6;INDUS;INDUS;17;18.5;1.5;1.5;5.4;0.08108108108108109;0.2918918918918919
Tokyo Electron (JP);G7;2023;INDUS;20.1;1.7;5.6;1.6;1.7;INDUS;INDUS;18;20.1;1.7;1.6;5.6;0.07960199004975124;0.2786069651741293
Tokyo Electron (JP);G7;2024;INDUS;16.5;1.8;3.9;1.7;1.7;INDUS;INDUS;19;16.5;1.8;1.7;3.9;0.10303030303030303;0.23636363636363636
Tokyo Seimitsu (JP);G7;2005;TECH;0.32;0.06;0.06;0.06;0.12;TECH;TECH;0;0.32;0.06;0.06;0.06;0.1875;0.1875
Tokyo Seimitsu (JP);G7;2006;TECH;0.35;0.06;0.06;0.06;0.13;TECH;TECH;1;0.35;0.06;0.06;0.06;0.17142857142857143;0.17142857142857143
Tokyo Seimitsu (JP);G7;2007;TECH;0.37;0.06;0.06;0.06;0.14;TECH;TECH;2;0.37;0.06;0.06;0.06;0.16216216216216217;0.16216216216216217
Tokyo Seimitsu (JP);G7;2008;TECH;0.4;0.06;0.06;0.06;0.15;TECH;TECH;3;0.4;0.06;0.06;0.06;0.15;0.15
Tokyo Seimitsu (JP);G7;2009;TECH;0.39;0.06;0.06;0.06;0.16;TECH;TECH;4;0.39;0.06;0.06;0.06;0.15384615384615383;0.15384615384615383
Tokyo Seimitsu (JP);G7;2010;TECH;0.45;0.06;0.14;0.06;0.17;TECH;TECH;5;0.45;0.06;0.06;0.14;0.13333333333333333;0.3111111111111111
Tokyo Seimitsu (JP);G7;2011;TECH;0.42;0.06;0.11;0.06;0.18;TECH;TECH;6;0.42;0.06;0.06;0.11;0.14285714285714285;0.2619047619047619
Tokyo Seimitsu (JP);G7;2012;TECH;0.46;0.06;0.12;0.06;0.19;TECH;TECH;7;0.46;0.06;0.06;0.12;0.13043478260869565;0.2608695652173913
Tokyo Seimitsu (JP);G7;2013;TECH;0.5;0.06;0.13;0.06;0.2;TECH;TECH;8;0.5;0.06;0.06;0.13;0.12;0.26
Tokyo Seimitsu (JP);G7;2014;TECH;0.54;0.06;0.14;0.06;0.21;TECH;TECH;9;0.54;0.06;0.06;0.14;0.1111111111111111;0.25925925925925924
Tokyo Seimitsu (JP);G7;2015;TECH;0.59;0.06;0.15;0.06;0.22;TECH;TECH;10;0.59;0.06;0.06;0.15;0.1016949152542373;0.2542372881355932
Tokyo Seimitsu (JP);G7;2016;TECH;0.63;0.06;0.16;0.06;0.23;TECH;TECH;11;0.63;0.06;0.06;0.16;0.09523809523809523;0.25396825396825395
Tokyo Seimitsu (JP);G7;2017;TECH;0.67;0.07;0.17;0.07;0.23;TECH;TECH;12;0.67;0.07;0.07;0.17;0.10447761194029852;0.2537313432835821
Tokyo Seimitsu (JP);G7;2018;TECH;0.7;0.07;0.17;0.07;0.24;TECH;TECH;13;0.7;0.07;0.07;0.17;0.10000000000000002;0.24285714285714288
Tokyo Seimitsu (JP);G7;2019;TECH;0.75;0.08;0.19;0.08;0.25;TECH;TECH;14;0.75;0.08;0.08;0.19;0.10666666666666667;0.25333333333333335
Tokyo Seimitsu (JP);G7;2020;TECH;0.79;0.08;0.2;0.08;0.26;TECH;TECH;15;0.79;0.08;0.08;0.2;0.10126582278481013;0.25316455696202533
Tokyo Seimitsu (JP);G7;2021;TECH;0.84;0.08;0.21;0.08;0.27;TECH;TECH;16;0.84;0.08;0.08;0.21;0.09523809523809525;0.25
Tokyo Seimitsu (JP);G7;2022;TECH;0.89;0.09;0.22;0.09;0.28;TECH;TECH;17;0.89;0.09;0.09;0.22;0.10112359550561797;0.24719101123595505
Tokyo Seimitsu (JP);G7;2023;TECH;0.94;0.09;0.23;0.09;0.29;TECH;TECH;18;0.94;0.09;0.09;0.23;0.09574468085106383;0.2446808510638298
Tokyo Seimitsu (JP);G7;2024;TECH;1.0;0.1;0.25;0.1;0.3;TECH;TECH;19;1.0;0.1;0.1;0.25;0.1;0.25
Toshiba (JP);G7;2005;INDUS;41.65;5.77;-1.51;2.33;15.77;INDUS;INDUS;0;41.65;5.77;2.33;-1.51;0.05594237695078032;-0.03625450180072029
Toshiba (JP);G7;2006;INDUS;43.03;5.85;-1.6;2.38;16.13;INDUS;INDUS;1;43.03;5.85;2.38;-1.6;0.05531024866372298;-0.037183360446200325
Toshiba (JP);G7;2007;INDUS;44.54;6.03;-1.72;2.42;16.5;INDUS;INDUS;2;44.54;6.03;2.42;-1.72;0.05433318365514145;-0.038616973506960035
Toshiba (JP);G7;2008;INDUS;45.76;6.25;-1.83;2.43;16.87;INDUS;INDUS;3;45.76;6.25;2.43;-1.83;0.053103146853146856;-0.039991258741258744
Toshiba (JP);G7;2009;INDUS;44.86;6.38;-1.93;2.47;17.5;INDUS;INDUS;4;44.86;6.38;2.47;-1.93;0.0550601872492198;-0.04302273740526081
Toshiba (JP);G7;2010;INDUS;53.41;6.38;-3.84;2.56;17.67;INDUS;INDUS;5;53.41;6.38;2.56;-3.84;0.04793109904512264;-0.07189664856768396
Toshiba (JP);G7;2011;INDUS;49.45;6.57;-3.07;2.6;17.93;INDUS;INDUS;6;49.45;6.57;2.6;-3.07;0.0525783619817998;-0.06208291203235591
Toshiba (JP);G7;2012;INDUS;50.86;6.71;-3.31;2.61;18.58;INDUS;INDUS;7;50.86;6.71;2.61;-3.31;0.05131734172237515;-0.06508061344868266
Toshiba (JP);G7;2013;INDUS;52.91;6.88;-3.55;2.66;18.92;INDUS;INDUS;8;52.91;6.88;2.66;-3.55;0.05027405027405028;-0.0670950670950671
Toshiba (JP);G7;2014;INDUS;54.32;7.01;-3.68;2.74;19.35;INDUS;INDUS;9;54.32;7.01;2.74;-3.68;0.05044182621502209;-0.06774668630338734
Toshiba (JP);G7;2015;INDUS;55.4;7.2;-3.8;2.8;19.8;INDUS;INDUS;10;55.4;7.2;2.8;-3.8;0.05054151624548736;-0.06859205776173286
Toshiba (JP);G7;2016;INDUS;44.2;6.8;2.4;2.6;18.8;INDUS;INDUS;11;44.2;6.8;2.6;2.4;0.058823529411764705;0.054298642533936646
Toshiba (JP);G7;2017;INDUS;35.1;5.5;0.6;1.7;14.1;INDUS;INDUS;12;35.1;5.5;1.7;0.6;0.04843304843304843;0.017094017094017092
Toshiba (JP);G7;2018;INDUS;33.5;4.8;0.3;1.6;12.9;INDUS;INDUS;13;33.5;4.8;1.6;0.3;0.04776119402985075;0.008955223880597015
Toshiba (JP);G7;2019;INDUS;31.2;4.5;1.2;1.5;12.6;INDUS;INDUS;14;31.2;4.5;1.5;1.2;0.04807692307692308;0.038461538461538464
Toshiba (JP);G7;2020;INDUS;28.5;4.2;0.9;1.4;11.8;INDUS;INDUS;15;28.5;4.2;1.4;0.9;0.04912280701754386;0.031578947368421054
Toshiba (JP);G7;2021;INDUS;29.4;4.3;1.4;1.5;11.6;INDUS;INDUS;16;29.4;4.3;1.5;1.4;0.05102040816326531;0.047619047619047616
Toshiba (JP);G7;2022;INDUS;25.1;4.0;0.8;1.3;11.1;INDUS;INDUS;17;25.1;4.0;1.3;0.8;0.05179282868525896;0.03187250996015936
Toshiba (JP);G7;2023;INDUS;22.8;3.8;0.5;1.2;10.6;INDUS;INDUS;18;22.8;3.8;1.2;0.5;0.05263157894736842;0.021929824561403508
Toshiba (JP);G7;2024;INDUS;21.5;3.6;0.4;1.1;10.2;INDUS;INDUS;19;21.5;3.6;1.1;0.4;0.051162790697674425;0.018604651162790697
Toyoda Gosei (JP);G7;2005;INDUS;4.29;1.37;0.12;0.2;2.43;INDUS;AUTO;0;4.29;1.37;0.2;0.12;0.046620046620046623;0.027972027972027972
Toyoda Gosei (JP);G7;2006;INDUS;4.47;1.4;0.13;0.2;2.51;INDUS;AUTO;1;4.47;1.4;0.2;0.13;0.0447427293064877;0.029082774049217004
Toyoda Gosei (JP);G7;2007;INDUS;4.67;1.45;0.13;0.2;2.59;INDUS;AUTO;2;4.67;1.45;0.2;0.13;0.04282655246252677;0.0278372591006424
Toyoda Gosei (JP);G7;2008;INDUS;4.96;1.5;0.14;0.2;2.62;INDUS;AUTO;3;4.96;1.5;0.2;0.14;0.040322580645161296;0.028225806451612906
Toyoda Gosei (JP);G7;2009;INDUS;4.86;1.53;0.15;0.2;2.68;INDUS;AUTO;4;4.86;1.53;0.2;0.15;0.0411522633744856;0.030864197530864196
Toyoda Gosei (JP);G7;2010;INDUS;6.0;1.59;0.36;0.21;2.79;INDUS;AUTO;5;6.0;1.59;0.21;0.36;0.034999999999999996;0.06
Toyoda Gosei (JP);G7;2011;INDUS;5.56;1.65;0.29;0.21;2.84;INDUS;AUTO;6;5.56;1.65;0.21;0.29;0.03776978417266187;0.052158273381294966
Toyoda Gosei (JP);G7;2012;INDUS;5.79;1.71;0.31;0.22;2.92;INDUS;AUTO;7;5.79;1.71;0.22;0.31;0.037996545768566495;0.0535405872193437
Toyoda Gosei (JP);G7;2013;INDUS;6.05;1.73;0.33;0.22;3.07;INDUS;AUTO;8;6.05;1.73;0.22;0.33;0.03636363636363636;0.05454545454545455
Toyoda Gosei (JP);G7;2014;INDUS;6.3;1.79;0.34;0.22;3.19;INDUS;AUTO;9;6.3;1.79;0.22;0.34;0.03492063492063492;0.05396825396825397
Toyoda Gosei (JP);G7;2015;INDUS;6.25;1.85;0.35;0.22;3.25;INDUS;AUTO;10;6.25;1.85;0.22;0.35;0.0352;0.055999999999999994
Toyoda Gosei (JP);G7;2016;INDUS;6.55;1.95;0.38;0.25;3.45;INDUS;AUTO;11;6.55;1.95;0.25;0.38;0.03816793893129771;0.058015267175572524
Toyoda Gosei (JP);G7;2017;INDUS;6.85;2.15;0.42;0.28;3.65;INDUS;AUTO;12;6.85;2.15;0.28;0.42;0.04087591240875913;0.061313868613138686
Toyoda Gosei (JP);G7;2018;INDUS;7.15;2.35;0.45;0.32;3.85;INDUS;AUTO;13;7.15;2.35;0.32;0.45;0.044755244755244755;0.06293706293706293
Toyoda Gosei (JP);G7;2019;INDUS;7.25;2.55;0.32;0.35;3.95;INDUS;AUTO;14;7.25;2.55;0.35;0.32;0.04827586206896552;0.04413793103448276
Toyoda Gosei (JP);G7;2020;INDUS;6.15;2.65;0.15;0.31;3.85;INDUS;AUTO;15;6.15;2.65;0.31;0.15;0.050406504065040644;0.024390243902439022
Toyoda Gosei (JP);G7;2021;INDUS;6.82;2.85;0.28;0.35;3.92;INDUS;AUTO;16;6.82;2.85;0.35;0.28;0.05131964809384164;0.04105571847507332
Toyoda Gosei (JP);G7;2022;INDUS;6.45;2.95;0.35;0.38;3.98;INDUS;AUTO;17;6.45;2.95;0.38;0.35;0.05891472868217054;0.05426356589147286
Toyoda Gosei (JP);G7;2023;INDUS;6.55;3.15;0.45;0.42;4.05;INDUS;AUTO;18;6.55;3.15;0.42;0.45;0.06412213740458016;0.06870229007633588
Toyoda Gosei (JP);G7;2024;INDUS;6.85;3.35;0.55;0.45;4.15;INDUS;AUTO;19;6.85;3.35;0.45;0.55;0.06569343065693431;0.08029197080291972
Toyota (JP);G7;2005;INDUS;165.63;64.91;6.62;7.53;31.43;INDUS;AUTO;0;165.63;64.91;7.53;6.62;0.04546277848215903;0.0399686047213669
Toyota (JP);G7;2006;INDUS;168.91;66.23;6.53;7.66;31.52;INDUS;AUTO;1;168.91;66.23;7.66;6.53;0.04534959445858742;0.03865964122905689
Toyota (JP);G7;2007;INDUS;171.86;67.22;6.59;7.72;31.42;INDUS;AUTO;2;171.86;67.22;7.72;6.59;0.04492028395205399;0.038345164668916555
Toyota (JP);G7;2008;INDUS;174.91;68.44;6.65;7.89;32.2;INDUS;AUTO;3;174.91;68.44;7.89;6.65;0.04510891315533703;0.03801955291292665
Toyota (JP);G7;2009;INDUS;171.48;70.13;7.0;8.03;32.13;INDUS;AUTO;4;171.48;70.13;8.03;7.0;0.04682761838115232;0.040821087007231166
Toyota (JP);G7;2010;INDUS;231.69;72.05;23.38;8.2;32.05;INDUS;AUTO;5;231.69;72.05;8.2;23.38;0.03539211877940351;0.10091069964176269
Toyota (JP);G7;2011;INDUS;214.53;72.58;18.7;8.41;32.87;INDUS;AUTO;6;214.53;72.58;8.41;18.7;0.03920197641355522;0.08716729594928448
Toyota (JP);G7;2012;INDUS;219.55;73.64;18.94;8.52;33.37;INDUS;AUTO;7;219.55;73.64;8.52;18.94;0.03880664996583921;0.0862673650649055
Toyota (JP);G7;2013;INDUS;221.48;74.1;19.14;8.53;33.88;INDUS;AUTO;8;221.48;74.1;8.53;19.14;0.03851363554271266;0.08641863825176088
Toyota (JP);G7;2014;INDUS;230.94;74.42;20.11;8.48;34.05;INDUS;AUTO;9;230.94;74.42;8.48;20.11;0.03671949424092838;0.08707889495106955
Toyota (JP);G7;2015;INDUS;235.8;75.4;20.5;8.5;34.8;INDUS;AUTO;10;235.8;75.4;8.5;20.5;0.036047497879558944;0.08693808312128923
Toyota (JP);G7;2016;INDUS;245.2;78.1;16.5;8.8;36.4;INDUS;AUTO;11;245.2;78.1;8.8;16.5;0.03588907014681893;0.06729200652528548
Toyota (JP);G7;2017;INDUS;252.1;82.5;21.5;9.2;36.9;INDUS;AUTO;12;252.1;82.5;9.2;21.5;0.03649345497818326;0.08528361761205872
Toyota (JP);G7;2018;INDUS;263.2;85.1;21.8;9.5;37.1;INDUS;AUTO;13;263.2;85.1;9.5;21.8;0.03609422492401216;0.08282674772036475
Toyota (JP);G7;2019;INDUS;272.5;88.4;21.9;9.8;35.9;INDUS;AUTO;14;272.5;88.4;9.8;21.9;0.03596330275229358;0.08036697247706422
Toyota (JP);G7;2020;INDUS;250.2;92.1;18.5;9.5;36.6;INDUS;AUTO;15;250.2;92.1;9.5;18.5;0.03796962430055956;0.07394084732214229
Toyota (JP);G7;2021;INDUS;245.5;94.2;19.1;9.6;37.2;INDUS;AUTO;16;245.5;94.2;9.6;19.1;0.03910386965376782;0.07780040733197556
Toyota (JP);G7;2022;INDUS;270.2;98.5;22.5;10.2;37.5;INDUS;AUTO;17;270.2;98.5;10.2;22.5;0.03774981495188749;0.08327165062916358
Toyota (JP);G7;2023;INDUS;305.1;105.2;24.8;10.8;37.5;INDUS;AUTO;18;305.1;105.2;10.8;24.8;0.035398230088495575;0.0812848246476565
Toyota (JP);G7;2024;INDUS;315.2;110.4;28.5;11.5;38.0;INDUS;AUTO;19;315.2;110.4;11.5;28.5;0.03648477157360406;0.09041878172588833
Unisplendour;CN;2005;TECH;0.02;0.004;0.001;0.001;;TECH;TECH;0;0.02;0.004;0.001;0.001;0.05;0.05
Unisplendour;CN;2006;TECH;0.03;0.007;0.001;0.001;;TECH;TECH;1;0.03;0.007;0.001;0.001;0.03333333333333333;0.03333333333333333
Unisplendour;CN;2007;TECH;0.05;0.011;0.002;0.002;;TECH;TECH;2;0.05;0.011;0.002;0.002;0.04;0.04
Unisplendour;CN;2008;TECH;0.08;0.017;0.003;0.003;;TECH;TECH;3;0.08;0.017;0.003;0.003;0.0375;0.0375
Unisplendour;CN;2009;TECH;0.12;0.026;0.005;0.005;;TECH;TECH;4;0.12;0.026;0.005;0.005;0.04166666666666667;0.04166666666666667
Unisplendour;CN;2010;TECH;0.18;0.04;0.008;0.008;;TECH;TECH;5;0.18;0.04;0.008;0.008;0.044444444444444446;0.044444444444444446
Unisplendour;CN;2011;TECH;0.27;0.06;0.012;0.012;;TECH;TECH;6;0.27;0.06;0.012;0.012;0.04444444444444444;0.04444444444444444
Unisplendour;CN;2012;TECH;0.4;0.09;0.018;0.018;;TECH;TECH;7;0.4;0.09;0.018;0.018;0.04499999999999999;0.04499999999999999
Unisplendour;CN;2013;TECH;0.6;0.135;0.027;0.027;;TECH;TECH;8;0.6;0.135;0.027;0.027;0.045;0.045
Unisplendour;CN;2014;TECH;0.9;0.2;0.04;0.04;;TECH;TECH;9;0.9;0.2;0.04;0.04;0.044444444444444446;0.044444444444444446
Unisplendour;CN;2015;TECH;1.35;0.3;0.06;0.06;;TECH;TECH;10;1.35;0.3;0.06;0.06;0.04444444444444444;0.04444444444444444
Unisplendour;CN;2016;TECH;2.0;0.45;0.09;0.09;;TECH;TECH;11;2.0;0.45;0.09;0.09;0.045;0.045
Unisplendour;CN;2017;TECH;3.0;0.67;0.135;0.135;;TECH;TECH;12;3.0;0.67;0.135;0.135;0.045000000000000005;0.045000000000000005
Unisplendour;CN;2018;TECH;4.5;1.0;0.2;0.2;;TECH;TECH;13;4.5;1.0;0.2;0.2;0.044444444444444446;0.044444444444444446
Unisplendour;CN;2019;TECH;6.8;1.5;0.3;0.3;;TECH;TECH;14;6.8;1.5;0.3;0.3;0.04411764705882353;0.04411764705882353
Unisplendour;CN;2020;TECH;10.0;2.2;0.45;0.45;;TECH;TECH;15;10.0;2.2;0.45;0.45;0.045;0.045
Unisplendour;CN;2021;TECH;15.0;3.3;0.67;0.67;;TECH;TECH;16;15.0;3.3;0.67;0.67;0.04466666666666667;0.04466666666666667
Unisplendour;CN;2022;TECH;14.2;3.1;0.63;0.63;;TECH;TECH;17;14.2;3.1;0.63;0.63;0.044366197183098595;0.044366197183098595
Unisplendour;CN;2023;TECH;14.8;3.25;0.66;0.66;;TECH;TECH;18;14.8;3.25;0.66;0.66;0.0445945945945946;0.0445945945945946
Unisplendour;CN;2024;TECH;15.5;3.4;0.69;0.69;;TECH;TECH;19;15.5;3.4;0.69;0.69;0.04451612903225806;0.04451612903225806
VeriSilicon;CN;2015;TECH;0.4;0.03;-0.01;0.11;;TECH;TECH;10;0.4;0.03;0.11;-0.01;0.27499999999999997;-0.024999999999999998
VeriSilicon;CN;2020;TECH;0.58;0.04;-0.07;0.24;;TECH;TECH;15;0.58;0.04;0.24;-0.07;0.41379310344827586;-0.12068965517241381
VeriSilicon;CN;2024;TECH;0.57;0.04;-0.15;0.3;;TECH;TECH;19;0.57;0.04;0.3;-0.15;0.5263157894736842;-0.2631578947368421
Vertex Pharmaceuticals (US);G7;2005;PHARMA;0.71;0.3;-0.15;0.8;0.15;PHARMA;PHARMA;0;0.71;0.3;0.8;-0.15;1.1267605633802817;-0.2112676056338028
Vertex Pharmaceuticals (US);G7;2006;PHARMA;0.75;0.31;-0.15;0.82;0.15;PHARMA;PHARMA;1;0.75;0.31;0.82;-0.15;1.0933333333333333;-0.19999999999999998
Vertex Pharmaceuticals (US);G7;2007;PHARMA;0.79;0.33;-0.16;0.84;0.15;PHARMA;PHARMA;2;0.79;0.33;0.84;-0.16;1.0632911392405062;-0.20253164556962025
Vertex Pharmaceuticals (US);G7;2008;PHARMA;0.82;0.34;-0.17;0.86;0.15;PHARMA;PHARMA;3;0.82;0.34;0.86;-0.17;1.048780487804878;-0.20731707317073172
Vertex Pharmaceuticals (US);G7;2009;PHARMA;0.8;0.36;-0.18;0.88;0.15;PHARMA;PHARMA;4;0.8;0.36;0.88;-0.18;1.0999999999999999;-0.22499999999999998
Vertex Pharmaceuticals (US);G7;2010;PHARMA;0.89;0.37;-0.4;0.91;0.15;PHARMA;PHARMA;5;0.89;0.37;0.91;-0.4;1.0224719101123596;-0.44943820224719105
Vertex Pharmaceuticals (US);G7;2011;PHARMA;0.82;0.39;-0.32;0.94;0.16;PHARMA;PHARMA;6;0.82;0.39;0.94;-0.32;1.146341463414634;-0.3902439024390244
Vertex Pharmaceuticals (US);G7;2012;PHARMA;0.87;0.41;-0.36;0.96;0.16;PHARMA;PHARMA;7;0.87;0.41;0.96;-0.36;1.103448275862069;-0.41379310344827586
Vertex Pharmaceuticals (US);G7;2013;PHARMA;0.91;0.42;-0.39;0.98;0.16;PHARMA;PHARMA;8;0.91;0.42;0.98;-0.39;1.0769230769230769;-0.42857142857142855
Vertex Pharmaceuticals (US);G7;2014;PHARMA;0.97;0.44;-0.43;1.01;0.17;PHARMA;PHARMA;9;0.97;0.44;1.01;-0.43;1.041237113402062;-0.44329896907216493
Vertex Pharmaceuticals (US);G7;2015;PHARMA;1.03;0.45;-0.45;1.05;0.18;PHARMA;PHARMA;10;1.03;0.45;1.05;-0.45;1.0194174757281553;-0.4368932038834951
Vertex Pharmaceuticals (US);G7;2016;PHARMA;1.7;0.52;-0.12;1.15;0.21;PHARMA;PHARMA;11;1.7;0.52;1.15;-0.12;0.676470588235294;-0.07058823529411765
Vertex Pharmaceuticals (US);G7;2017;PHARMA;2.48;0.65;0.65;1.35;0.23;PHARMA;PHARMA;12;2.48;0.65;1.35;0.65;0.5443548387096775;0.2620967741935484
Vertex Pharmaceuticals (US);G7;2018;PHARMA;3.05;0.85;1.15;1.45;0.25;PHARMA;PHARMA;13;3.05;0.85;1.45;1.15;0.4754098360655738;0.3770491803278688
Vertex Pharmaceuticals (US);G7;2019;PHARMA;4.16;1.15;1.45;1.65;0.31;PHARMA;PHARMA;14;4.16;1.15;1.65;1.45;0.39663461538461536;0.3485576923076923
Vertex Pharmaceuticals (US);G7;2020;PHARMA;6.2;1.45;2.85;1.85;0.34;PHARMA;PHARMA;15;6.2;1.45;1.85;2.85;0.29838709677419356;0.4596774193548387
Vertex Pharmaceuticals (US);G7;2021;PHARMA;7.57;1.85;3.15;2.25;0.39;PHARMA;PHARMA;16;7.57;1.85;2.25;3.15;0.29722589167767505;0.416116248348745
Vertex Pharmaceuticals (US);G7;2022;PHARMA;8.93;2.15;4.15;2.85;0.48;PHARMA;PHARMA;17;8.93;2.15;2.85;4.15;0.3191489361702128;0.4647256438969765
Vertex Pharmaceuticals (US);G7;2023;PHARMA;9.87;2.45;4.85;3.45;0.54;PHARMA;PHARMA;18;9.87;2.45;3.45;4.85;0.3495440729483283;0.49138804457953394
Vertex Pharmaceuticals (US);G7;2024;PHARMA;10.85;2.85;5.15;3.85;0.58;PHARMA;PHARMA;19;10.85;2.85;3.85;5.15;0.3548387096774194;0.4746543778801844
Victrex (EU);G7;2005;INDUS;0.19;0.09;0.03;0.03;0.09;INDUS;INDUS;0;0.19;0.09;0.03;0.03;0.15789473684210525;0.15789473684210525
Victrex (EU);G7;2006;INDUS;0.2;0.09;0.03;0.03;0.09;INDUS;INDUS;1;0.2;0.09;0.03;0.03;0.15;0.15
Victrex (EU);G7;2007;INDUS;0.21;0.09;0.03;0.03;0.09;INDUS;INDUS;2;0.21;0.09;0.03;0.03;0.14285714285714285;0.14285714285714285
Victrex (EU);G7;2008;INDUS;0.21;0.09;0.03;0.03;0.09;INDUS;INDUS;3;0.21;0.09;0.03;0.03;0.14285714285714285;0.14285714285714285
Victrex (EU);G7;2009;INDUS;0.21;0.09;0.03;0.03;0.09;INDUS;INDUS;4;0.21;0.09;0.03;0.03;0.14285714285714285;0.14285714285714285
Victrex (EU);G7;2010;INDUS;0.3;0.09;0.1;0.03;0.09;INDUS;INDUS;5;0.3;0.09;0.03;0.1;0.1;0.33333333333333337
Victrex (EU);G7;2011;INDUS;0.28;0.09;0.08;0.03;0.09;INDUS;INDUS;6;0.28;0.09;0.03;0.08;0.10714285714285712;0.2857142857142857
Victrex (EU);G7;2012;INDUS;0.29;0.09;0.08;0.03;0.09;INDUS;INDUS;7;0.29;0.09;0.03;0.08;0.10344827586206896;0.2758620689655173
Victrex (EU);G7;2013;INDUS;0.29;0.09;0.08;0.03;0.09;INDUS;INDUS;8;0.29;0.09;0.03;0.08;0.10344827586206896;0.2758620689655173
Victrex (EU);G7;2014;INDUS;0.3;0.09;0.09;0.03;0.09;INDUS;INDUS;9;0.3;0.09;0.03;0.09;0.1;0.3
Victrex (EU);G7;2015;INDUS;0.31;0.09;0.09;0.03;0.09;INDUS;INDUS;10;0.31;0.09;0.03;0.09;0.0967741935483871;0.29032258064516125
Victrex (EU);G7;2016;INDUS;0.32;0.1;0.1;0.03;0.09;INDUS;INDUS;11;0.32;0.1;0.03;0.1;0.09375;0.3125
Victrex (EU);G7;2017;INDUS;0.33;0.1;0.1;0.03;0.09;INDUS;INDUS;12;0.33;0.1;0.03;0.1;0.0909090909090909;0.30303030303030304
Victrex (EU);G7;2018;INDUS;0.33;0.1;0.1;0.03;0.09;INDUS;INDUS;13;0.33;0.1;0.03;0.1;0.0909090909090909;0.30303030303030304
Victrex (EU);G7;2019;INDUS;0.35;0.1;0.1;0.03;0.09;INDUS;INDUS;14;0.35;0.1;0.03;0.1;0.08571428571428572;0.28571428571428575
Victrex (EU);G7;2020;INDUS;0.36;0.11;0.11;0.04;0.09;INDUS;INDUS;15;0.36;0.11;0.04;0.11;0.11111111111111112;0.3055555555555556
Victrex (EU);G7;2021;INDUS;0.37;0.11;0.11;0.04;0.09;INDUS;INDUS;16;0.37;0.11;0.04;0.11;0.10810810810810811;0.2972972972972973
Victrex (EU);G7;2022;INDUS;0.38;0.11;0.11;0.04;0.1;INDUS;INDUS;17;0.38;0.11;0.04;0.11;0.10526315789473684;0.2894736842105263
Victrex (EU);G7;2023;INDUS;0.39;0.12;0.12;0.04;0.1;INDUS;INDUS;18;0.39;0.12;0.04;0.12;0.10256410256410256;0.30769230769230765
Victrex (EU);G7;2024;INDUS;0.4;0.12;0.12;0.04;0.1;INDUS;INDUS;19;0.4;0.12;0.04;0.12;0.09999999999999999;0.3
Visteon (US);G7;2005;INDUS;1.87;0.5;0.06;0.25;0.88;INDUS;AUTO;0;1.87;0.5;0.25;0.06;0.1336898395721925;0.0320855614973262
Visteon (US);G7;2006;INDUS;1.94;0.51;0.06;0.26;0.91;INDUS;AUTO;1;1.94;0.51;0.26;0.06;0.13402061855670103;0.030927835051546393
Visteon (US);G7;2007;INDUS;2.03;0.51;0.07;0.26;0.93;INDUS;AUTO;2;2.03;0.51;0.26;0.07;0.12807881773399016;0.03448275862068966
Visteon (US);G7;2008;INDUS;2.21;0.53;0.07;0.27;0.95;INDUS;AUTO;3;2.21;0.53;0.27;0.07;0.12217194570135748;0.031674208144796386
Visteon (US);G7;2009;INDUS;2.17;0.54;0.07;0.28;0.97;INDUS;AUTO;4;2.17;0.54;0.28;0.07;0.12903225806451615;0.03225806451612904
Visteon (US);G7;2010;INDUS;2.92;0.56;0.16;0.29;0.99;INDUS;AUTO;5;2.92;0.56;0.29;0.16;0.09931506849315068;0.05479452054794521
Visteon (US);G7;2011;INDUS;2.7;0.57;0.13;0.3;1.01;INDUS;AUTO;6;2.7;0.57;0.3;0.13;0.1111111111111111;0.04814814814814815
Visteon (US);G7;2012;INDUS;2.78;0.59;0.14;0.31;1.03;INDUS;AUTO;7;2.78;0.59;0.31;0.14;0.11151079136690648;0.05035971223021583
Visteon (US);G7;2013;INDUS;2.88;0.61;0.15;0.31;1.06;INDUS;AUTO;8;2.88;0.61;0.31;0.15;0.1076388888888889;0.052083333333333336
Visteon (US);G7;2014;INDUS;3.09;0.63;0.17;0.31;1.07;INDUS;AUTO;9;3.09;0.63;0.31;0.17;0.10032362459546926;0.05501618122977347
Visteon (US);G7;2015;INDUS;3.25;0.65;0.18;0.32;1.1;INDUS;AUTO;10;3.25;0.65;0.32;0.18;0.09846153846153846;0.05538461538461538
Visteon (US);G7;2016;INDUS;3.16;0.68;0.22;0.31;1.05;INDUS;AUTO;11;3.16;0.68;0.31;0.22;0.0981012658227848;0.06962025316455696
Visteon (US);G7;2017;INDUS;3.15;0.72;0.28;0.3;1.0;INDUS;AUTO;12;3.15;0.72;0.3;0.28;0.09523809523809523;0.0888888888888889
Visteon (US);G7;2018;INDUS;2.98;0.75;0.21;0.32;0.98;INDUS;AUTO;13;2.98;0.75;0.32;0.21;0.10738255033557047;0.07046979865771812
Visteon (US);G7;2019;INDUS;2.95;0.78;0.15;0.33;0.95;INDUS;AUTO;14;2.95;0.78;0.33;0.15;0.11186440677966102;0.05084745762711864
Visteon (US);G7;2020;INDUS;2.49;0.82;0.05;0.31;0.92;INDUS;AUTO;15;2.49;0.82;0.31;0.05;0.12449799196787148;0.020080321285140562
Visteon (US);G7;2021;INDUS;2.77;0.85;0.12;0.32;0.95;INDUS;AUTO;16;2.77;0.85;0.32;0.12;0.11552346570397112;0.04332129963898917
Visteon (US);G7;2022;INDUS;3.76;0.92;0.25;0.35;1.05;INDUS;AUTO;17;3.76;0.92;0.35;0.25;0.09308510638297872;0.06648936170212766
Visteon (US);G7;2023;INDUS;3.93;0.98;0.32;0.38;1.12;INDUS;AUTO;18;3.93;0.98;0.38;0.32;0.09669211195928754;0.08142493638676844
Visteon (US);G7;2024;INDUS;4.05;1.05;0.38;0.41;1.15;INDUS;AUTO;19;4.05;1.05;0.41;0.38;0.10123456790123457;0.09382716049382717
Volkswagen (EU);G7;2005;INDUS;166.78;44.0;2.49;14.97;51.87;INDUS;AUTO;0;166.78;44.0;14.97;2.49;0.08975896390454491;0.01492984770356158
Volkswagen (EU);G7;2006;INDUS;168.49;44.5;7.18;7.47;52.71;INDUS;AUTO;1;168.49;44.5;7.47;7.18;0.04433497536945812;0.04261380497358893
Volkswagen (EU);G7;2007;INDUS;203.25;52.2;11.72;8.8;54.61;INDUS;AUTO;2;203.25;52.2;8.8;11.72;0.04329643296432965;0.0576629766297663
Volkswagen (EU);G7;2008;INDUS;236.61;58.1;13.09;10.27;54.76;INDUS;AUTO;3;236.61;58.1;10.27;13.09;0.04340475888593043;0.05532310553231055
Volkswagen (EU);G7;2009;INDUS;202.41;52.0;1.74;8.57;55.36;INDUS;AUTO;4;202.41;52.0;8.57;1.74;0.04233980534558569;0.008596413220690678
Volkswagen (EU);G7;2010;INDUS;224.96;55.0;12.23;11.07;56.45;INDUS;AUTO;5;224.96;55.0;11.07;12.23;0.049208748221906115;0.054365220483641535
Volkswagen (EU);G7;2011;INDUS;308.19;69.3;21.37;14.41;57.42;INDUS;AUTO;6;308.19;69.3;14.41;21.37;0.0467568707615432;0.06934034199682015
Volkswagen (EU);G7;2012;INDUS;319.57;79.9;19.1;16.08;58.07;INDUS;AUTO;7;319.57;79.9;16.08;19.1;0.050317614294207835;0.05976781299871703
Volkswagen (EU);G7;2013;INDUS;344.22;90.8;20.98;19.19;59.05;INDUS;AUTO;8;344.22;90.8;19.19;20.98;0.05574923014351287;0.06094939283016675
Volkswagen (EU);G7;2014;INDUS;353.91;98.6;21.8;20.67;59.72;INDUS;AUTO;9;353.91;98.6;20.67;21.8;0.05840467915571756;0.061597581305981745
Volkswagen (EU);G7;2015;INDUS;236.76;95.5;14.21;15.1;61.0;INDUS;AUTO;10;236.76;95.5;15.1;14.21;0.06377766514613956;0.06001858422030749
Volkswagen (EU);G7;2016;INDUS;240.55;99.0;8.7;15.17;62.6;INDUS;AUTO;11;240.55;99.0;15.17;8.7;0.06306381209727707;0.036167117023487835
Volkswagen (EU);G7;2017;INDUS;260.69;103.0;17.28;14.8;64.2;INDUS;AUTO;12;260.69;103.0;14.8;17.28;0.05677241167670413;0.06628562660631401
Volkswagen (EU);G7;2018;INDUS;278.48;107.0;16.42;16.06;66.4;INDUS;AUTO;13;278.48;107.0;16.06;16.42;0.05767020970985348;0.05896294168342431
Volkswagen (EU);G7;2019;INDUS;282.66;110.0;19.02;16.0;67.1;INDUS;AUTO;14;282.66;110.0;16.0;19.02;0.05660510861105214;0.06728932286138824
Volkswagen (EU);G7;2020;INDUS;254.55;112.0;11.08;15.87;66.3;INDUS;AUTO;15;254.55;112.0;15.87;11.08;0.06234531526222745;0.04352779414653309
Volkswagen (EU);G7;2021;INDUS;295.99;115.0;22.83;18.45;67.3;INDUS;AUTO;16;295.99;115.0;18.45;22.83;0.06233318693199094;0.07713098415487009
Volkswagen (EU);G7;2022;INDUS;294.0;120.0;23.69;19.9;67.6;INDUS;AUTO;17;294.0;120.0;19.9;23.69;0.06768707482993197;0.08057823129251701
Volkswagen (EU);G7;2023;INDUS;348.73;125.0;24.45;21.75;68.4;INDUS;AUTO;18;348.73;125.0;21.75;24.45;0.06236916812433688;0.07011154761563386
Volkswagen (EU);G7;2024;INDUS;363.01;130.0;23.26;22.2;68.0;INDUS;AUTO;19;363.01;130.0;22.2;23.26;0.06115534007327622;0.06407536982452275
Volvo Group (EU);G7;2005;INDUS;30.92584;7.128120000000001;1.44304;1.9904;8.26;INDUS;AUTO;0;30.92584;7.128120000000001;1.9904;1.44304;0.06436041834271923;0.04666130329847144
Volvo Group (EU);G7;2006;INDUS;31.61352;7.2848;1.4820799999999998;2.02216;8.45;INDUS;AUTO;1;31.61352;7.2848;2.02216;1.4820799999999998;0.06396503774334525;0.04688120778704807
Volvo Group (EU);G7;2007;INDUS;36.29037;7.979220000000001;1.68633;2.23473;8.53;INDUS;AUTO;2;36.29037;7.979220000000001;2.23473;1.68633;0.061579146203248954;0.04646769928220627
Volvo Group (EU);G7;2008;INDUS;39.363960000000006;8.78187;1.7652;2.39773;8.65;INDUS;AUTO;3;39.363960000000006;8.78187;2.39773;1.7652;0.060911808669656196;0.04484304932735426
Volvo Group (EU);G7;2009;INDUS;36.57856;8.4337;1.75644;2.3001;8.73;INDUS;AUTO;4;36.57856;8.4337;2.3001;1.75644;0.06288109756097561;0.04801829268292682
Volvo Group (EU);G7;2010;INDUS;47.25864;8.23446;3.76584;2.2542;8.9;INDUS;AUTO;5;47.25864;8.23446;2.2542;3.76584;0.04769921436588103;0.07968574635241302
Volvo Group (EU);G7;2011;INDUS;45.936;8.6304;3.15984;2.40816;9.05;INDUS;AUTO;6;45.936;8.6304;2.40816;3.15984;0.05242424242424243;0.06878787878787879
Volvo Group (EU);G7;2012;INDUS;42.68234;8.05036;2.9449400000000003;2.23764;9.08;INDUS;AUTO;7;42.68234;8.05036;2.23764;2.9449400000000003;0.0524254293461886;0.06899668574871949
Volvo Group (EU);G7;2013;INDUS;44.488;8.45936;3.21376;2.3240000000000003;9.11;INDUS;AUTO;8;44.488;8.45936;2.3240000000000003;3.21376;0.05223880597014926;0.07223880597014926
Volvo Group (EU);G7;2014;INDUS;46.18275;8.797979999999999;3.40224;2.36562;9.35;INDUS;AUTO;9;46.18275;8.797979999999999;2.36562;3.40224;0.05122302158273381;0.07366906474820144
Volvo Group (EU);G7;2015;INDUS;39.405;7.548;2.7750000000000004;1.998;9.5;INDUS;AUTO;10;39.405;7.548;1.998;2.7750000000000004;0.05070422535211268;0.07042253521126761
Volvo Group (EU);G7;2016;INDUS;37.8594;7.1955;2.5461;2.1033;9.5;INDUS;AUTO;11;37.8594;7.1955;2.1033;2.5461;0.05555555555555555;0.06725146198830409
Volvo Group (EU);G7;2017;INDUS;43.392;7.231999999999999;3.842;2.26;9.8;INDUS;AUTO;12;43.392;7.231999999999999;2.26;3.842;0.05208333333333332;0.08854166666666666
Volvo Group (EU);G7;2018;INDUS;51.3735;8.0308;5.314500000000001;2.4801;10.4;INDUS;AUTO;13;51.3735;8.0308;2.4801;5.314500000000001;0.048275862068965524;0.10344827586206898
Volvo Group (EU);G7;2019;INDUS;53.9358;8.3925;5.706899999999999;2.4618;10.2;INDUS;AUTO;14;53.9358;8.3925;2.4618;5.706899999999999;0.04564315352697096;0.10580912863070538
Volvo Group (EU);G7;2020;INDUS;42.825;9.2502;3.1976;2.284;9.7;INDUS;AUTO;15;42.825;9.2502;2.284;3.1976;0.05333333333333332;0.07466666666666666
Volvo Group (EU);G7;2021;INDUS;48.7396;10.0555;5.6784;2.6026;10.5;INDUS;AUTO;16;48.7396;10.0555;2.6026;5.6784;0.053398058252427175;0.11650485436893203
Volvo Group (EU);G7;2022;INDUS;46.1214;9.2664;5.4756;2.4218999999999995;10.5;INDUS;AUTO;17;46.1214;9.2664;2.4218999999999995;5.4756;0.052511415525114145;0.1187214611872146
Volvo Group (EU);G7;2023;INDUS;56.37220000000001;9.9544;8.4396;2.705;10.4;INDUS;AUTO;18;56.37220000000001;9.9544;2.705;8.4396;0.04798464491362763;0.14971209213051823
Volvo Group (EU);G7;2024;INDUS;57.887;10.279;8.7642;2.8132;10.2;INDUS;AUTO;19;57.887;10.279;2.8132;8.7642;0.048598130841121495;0.15140186915887852
Wabtec (US);G7;2005;INDUS;2.3;0.48;0.19;0.12;1.03;INDUS;INDUS;0;2.3;0.48;0.12;0.19;0.052173913043478265;0.08260869565217392
Wabtec (US);G7;2006;INDUS;2.38;0.49;0.19;0.12;1.04;INDUS;INDUS;1;2.38;0.49;0.12;0.19;0.05042016806722689;0.07983193277310925
Wabtec (US);G7;2007;INDUS;2.47;0.5;0.19;0.12;1.09;INDUS;INDUS;2;2.47;0.5;0.12;0.19;0.048582995951417;0.07692307692307691
Wabtec (US);G7;2008;INDUS;2.56;0.52;0.2;0.12;1.12;INDUS;INDUS;3;2.56;0.52;0.12;0.2;0.046875;0.078125
Wabtec (US);G7;2009;INDUS;2.51;0.54;0.21;0.12;1.14;INDUS;INDUS;4;2.51;0.54;0.12;0.21;0.04780876494023904;0.08366533864541834
Wabtec (US);G7;2010;INDUS;3.03;0.56;0.55;0.12;1.18;INDUS;INDUS;5;3.03;0.56;0.12;0.55;0.039603960396039604;0.18151815181518155
Wabtec (US);G7;2011;INDUS;2.81;0.58;0.44;0.12;1.21;INDUS;INDUS;6;2.81;0.58;0.12;0.44;0.04270462633451957;0.15658362989323843
Wabtec (US);G7;2012;INDUS;2.82;0.6;0.45;0.12;1.23;INDUS;INDUS;7;2.82;0.6;0.12;0.45;0.0425531914893617;0.1595744680851064
Wabtec (US);G7;2013;INDUS;2.96;0.62;0.46;0.12;1.24;INDUS;INDUS;8;2.96;0.62;0.12;0.46;0.04054054054054054;0.1554054054054054
Wabtec (US);G7;2014;INDUS;3.22;0.64;0.52;0.12;1.27;INDUS;INDUS;9;3.22;0.64;0.12;0.52;0.03726708074534161;0.16149068322981366
Wabtec (US);G7;2015;INDUS;3.31;0.65;0.55;0.12;1.3;INDUS;INDUS;10;3.31;0.65;0.12;0.55;0.036253776435045314;0.1661631419939577
Wabtec (US);G7;2016;INDUS;2.93;0.62;0.45;0.11;1.25;INDUS;INDUS;11;2.93;0.62;0.11;0.45;0.03754266211604095;0.15358361774744028
Wabtec (US);G7;2017;INDUS;3.88;0.75;0.52;0.14;1.8;INDUS;INDUS;12;3.88;0.75;0.14;0.52;0.03608247422680413;0.13402061855670103
Wabtec (US);G7;2018;INDUS;4.37;0.85;0.62;0.16;1.85;INDUS;INDUS;13;4.37;0.85;0.16;0.62;0.036613272311212815;0.14187643020594964
Wabtec (US);G7;2019;INDUS;8.2;1.85;1.15;0.35;2.7;INDUS;INDUS;14;8.2;1.85;0.35;1.15;0.042682926829268296;0.1402439024390244
Wabtec (US);G7;2020;INDUS;7.56;1.95;0.85;0.32;2.55;INDUS;INDUS;15;7.56;1.95;0.32;0.85;0.04232804232804233;0.11243386243386244
Wabtec (US);G7;2021;INDUS;7.82;1.85;1.05;0.35;2.5;INDUS;INDUS;16;7.82;1.85;0.35;1.05;0.044757033248081834;0.13427109974424553
Wabtec (US);G7;2022;INDUS;8.36;1.75;1.25;0.38;2.6;INDUS;INDUS;17;8.36;1.75;0.38;1.25;0.045454545454545456;0.14952153110047847
Wabtec (US);G7;2023;INDUS;9.68;1.82;1.52;0.42;2.85;INDUS;INDUS;18;9.68;1.82;0.42;1.52;0.04338842975206612;0.15702479338842976
Wabtec (US);G7;2024;INDUS;10.15;1.95;1.65;0.45;2.95;INDUS;INDUS;19;10.15;1.95;0.45;1.65;0.04433497536945813;0.1625615763546798
Wartsila (EU);G7;2005;INDUS;4.4162;0.4976;0.34832;0.23636;1.4;INDUS;INDUS;0;4.4162;0.4976;0.23636;0.34832;0.05352112676056338;0.07887323943661972
Wartsila (EU);G7;2006;INDUS;4.647200000000001;0.52752;0.35168;0.23864;1.42;INDUS;INDUS;1;4.647200000000001;0.52752;0.23864;0.35168;0.05135135135135134;0.07567567567567567
Wartsila (EU);G7;2007;INDUS;5.36061;0.58953;0.4113;0.26049;1.46;INDUS;INDUS;2;5.36061;0.58953;0.26049;0.4113;0.04859335038363171;0.07672634271099744
Wartsila (EU);G7;2008;INDUS;6.14878;0.66195;0.47072;0.27949;1.54;INDUS;INDUS;3;6.14878;0.66195;0.27949;0.47072;0.045454545454545456;0.07655502392344497
Wartsila (EU);G7;2009;INDUS;5.715399999999999;0.64124;0.47396;0.2788;1.58;INDUS;INDUS;4;5.715399999999999;0.64124;0.2788;0.47396;0.04878048780487806;0.0829268292682927
Wartsila (EU);G7;2010;INDUS;6.563700000000001;0.62322;0.90168;0.2652;1.6;INDUS;INDUS;5;6.563700000000001;0.62322;0.2652;0.90168;0.0404040404040404;0.13737373737373737
Wartsila (EU);G7;2011;INDUS;6.37536;0.66816;0.75168;0.2923199999999999;1.66;INDUS;INDUS;6;6.37536;0.66816;0.2923199999999999;0.75168;0.045851528384279465;0.11790393013100438
Wartsila (EU);G7;2012;INDUS;6.21138;0.643;0.7201600000000001;0.27006;1.69;INDUS;INDUS;7;6.21138;0.643;0.27006;0.7201600000000001;0.04347826086956522;0.11594202898550726
Wartsila (EU);G7;2013;INDUS;6.852480000000001;0.6905600000000001;0.8233600000000001;0.27888;1.77;INDUS;INDUS;8;6.852480000000001;0.6905600000000001;0.27888;0.8233600000000001;0.04069767441860465;0.12015503875968993
Wartsila (EU);G7;2014;INDUS;7.269629999999999;0.7176600000000001;0.89043;0.27909;1.83;INDUS;INDUS;9;7.269629999999999;0.7176600000000001;0.27909;0.89043;0.038391224862888484;0.12248628884826328
Wartsila (EU);G7;2015;INDUS;6.1938;0.6105000000000002;0.7548000000000001;0.2331;1.88;INDUS;INDUS;10;6.1938;0.6105000000000002;0.2331;0.7548000000000001;0.03763440860215053;0.12186379928315413
Wartsila (EU);G7;2016;INDUS;5.88924;0.64206;0.68634;0.21033;1.8;INDUS;INDUS;11;5.88924;0.64206;0.21033;0.68634;0.03571428571428571;0.11654135338345864
Wartsila (EU);G7;2017;INDUS;6.2715;0.7005999999999999;0.6553999999999999;0.2033999999999999;1.81;INDUS;INDUS;12;6.2715;0.7005999999999999;0.2033999999999999;0.6553999999999999;0.03243243243243241;0.10450450450450449
Wartsila (EU);G7;2018;INDUS;7.26315;0.8030800000000001;0.76765;0.2362;1.92;INDUS;INDUS;13;7.26315;0.8030800000000001;0.2362;0.76765;0.03252032520325203;0.10569105691056911
Wartsila (EU);G7;2019;INDUS;6.467820000000001;0.80568;0.5818800000000001;0.20142;1.87;INDUS;INDUS;14;6.467820000000001;0.80568;0.20142;0.5818800000000001;0.03114186851211072;0.08996539792387544
Wartsila (EU);G7;2020;INDUS;5.9955;0.8564999999999999;0.31976;0.19414;1.78;INDUS;INDUS;15;5.9955;0.8564999999999999;0.19414;0.31976;0.032380952380952385;0.05333333333333333
Wartsila (EU);G7;2021;INDUS;6.68395;0.97006;0.44954;0.22477;1.74;INDUS;INDUS;16;6.68395;0.97006;0.22477;0.44954;0.033628318584070796;0.06725663716814159
Wartsila (EU);G7;2022;INDUS;6.47595;0.8950499999999999;0.47385;0.2316599999999999;1.76;INDUS;INDUS;17;6.47595;0.8950499999999999;0.2316599999999999;0.47385;0.03577235772357722;0.07317073170731707
Wartsila (EU);G7;2023;INDUS;7.0871;0.99544;0.62756;0.2705;1.78;INDUS;INDUS;18;7.0871;0.99544;0.2705;0.62756;0.03816793893129771;0.08854961832061069
Wartsila (EU);G7;2024;INDUS;7.4117;1.06036;0.7033;0.30296;1.82;INDUS;INDUS;19;7.4117;1.06036;0.30296;0.7033;0.040875912408759124;0.09489051094890512
Weichai Power;China;2005;INDUS;5.98;2.54;0.31;0.19;37.57;INDUS;INDUS;0;5.98;2.54;0.19;0.31;0.03177257525083612;0.05183946488294314
Weichai Power;China;2006;INDUS;6.4;2.72;0.33;0.2;40.51;INDUS;INDUS;1;6.4;2.72;0.2;0.33;0.03125;0.0515625
Weichai Power;China;2007;INDUS;7.0;2.87;0.38;0.21;43.06;INDUS;INDUS;2;7.0;2.87;0.21;0.38;0.03;0.054285714285714284
Weichai Power;China;2008;INDUS;7.68;3.11;0.41;0.22;46.46;INDUS;INDUS;3;7.68;3.11;0.22;0.41;0.028645833333333336;0.053385416666666664
Weichai Power;China;2009;INDUS;7.53;3.34;0.43;0.23;49.53;INDUS;INDUS;4;7.53;3.34;0.23;0.43;0.03054448871181939;0.057104913678618856
Weichai Power;China;2010;INDUS;9.91;3.57;0.99;0.24;52.68;INDUS;INDUS;5;9.91;3.57;0.24;0.99;0.024217961654894045;0.09989909182643794
Weichai Power;China;2011;INDUS;9.18;3.86;0.79;0.25;56.12;INDUS;INDUS;6;9.18;3.86;0.25;0.79;0.027233115468409588;0.0860566448801743
Weichai Power;China;2012;INDUS;9.87;4.06;0.85;0.26;59.77;INDUS;INDUS;7;9.87;4.06;0.26;0.85;0.02634245187436677;0.0861195542046606
Weichai Power;China;2013;INDUS;11.02;4.38;0.92;0.28;63.04;INDUS;INDUS;8;11.02;4.38;0.28;0.92;0.025408348457350276;0.08348457350272233
Weichai Power;China;2014;INDUS;12.18;4.69;1.0;0.29;66.85;INDUS;INDUS;9;12.18;4.69;0.29;1.0;0.023809523809523808;0.08210180623973727
Weichai Power;China;2015;INDUS;19.4;4.9;1.2;0.8;4.2;INDUS;INDUS;10;19.4;4.9;0.8;1.2;0.04123711340206186;0.061855670103092786
Weichai Power;China;2016;INDUS;24.1;5.2;1.6;0.8;4.5;INDUS;INDUS;11;24.1;5.2;0.8;1.6;0.03319502074688797;0.06639004149377593
Weichai Power;China;2017;INDUS;37.5;5.8;2.9;1.1;5.1;INDUS;INDUS;12;37.5;5.8;1.1;2.9;0.029333333333333336;0.07733333333333334
Weichai Power;China;2018;INDUS;38.9;6.6;3.2;1.3;5.4;INDUS;INDUS;13;38.9;6.6;1.3;3.2;0.03341902313624679;0.08226221079691518
Weichai Power;China;2019;INDUS;42.9;7.4;3.7;1.5;5.8;INDUS;INDUS;14;42.9;7.4;1.5;3.7;0.03496503496503497;0.08624708624708625
Weichai Power;China;2020;INDUS;49.2;8.8;4.1;2.0;6.1;INDUS;INDUS;15;49.2;8.8;2.0;4.1;0.04065040650406504;0.08333333333333331
Weichai Power;China;2021;INDUS;51.0;10.3;3.5;2.1;6.4;INDUS;INDUS;16;51.0;10.3;2.1;3.5;0.041176470588235294;0.06862745098039216
Weichai Power;China;2022;INDUS;46.2;12.8;1.6;1.9;5.8;INDUS;INDUS;17;46.2;12.8;1.9;1.6;0.04112554112554112;0.03463203463203463
Weichai Power;China;2023;INDUS;58.8;15.1;3.5;2.3;6.2;INDUS;INDUS;18;58.8;15.1;2.3;3.5;0.0391156462585034;0.05952380952380953
Weichai Power;China;2024;INDUS;66.7;17.7;4.4;2.7;6.6;INDUS;INDUS;19;66.7;17.7;2.7;4.4;0.040479760119940034;0.06596701649175413
Whirlpool (US);G7;2005;INDUS;12.09;2.33;0.48;0.49;7.2;INDUS;INDUS;0;12.09;2.33;0.49;0.48;0.04052936311000827;0.03970223325062035
Whirlpool (US);G7;2006;INDUS;12.22;2.4;0.47;0.5;7.34;INDUS;INDUS;1;12.22;2.4;0.5;0.47;0.0409165302782324;0.03846153846153846
Whirlpool (US);G7;2007;INDUS;13.27;2.52;0.5;0.51;7.71;INDUS;INDUS;2;13.27;2.52;0.51;0.5;0.03843255463451394;0.037678975131876416
Whirlpool (US);G7;2008;INDUS;14.18;2.59;0.51;0.52;8.11;INDUS;INDUS;3;14.18;2.59;0.52;0.51;0.03667136812411848;0.03596614950634697
Whirlpool (US);G7;2009;INDUS;13.9;2.66;0.54;0.53;8.23;INDUS;INDUS;4;13.9;2.66;0.53;0.54;0.038129496402877695;0.03884892086330936
Whirlpool (US);G7;2010;INDUS;18.67;2.77;1.33;0.53;8.34;INDUS;INDUS;5;18.67;2.77;0.53;1.33;0.028387787895018744;0.0712372790573112
Whirlpool (US);G7;2011;INDUS;17.29;2.84;1.06;0.54;8.66;INDUS;INDUS;6;17.29;2.84;0.54;1.06;0.031231925968768077;0.06130711393869289
Whirlpool (US);G7;2012;INDUS;18.1;2.91;1.08;0.56;8.94;INDUS;INDUS;7;18.1;2.91;0.56;1.08;0.030939226519337018;0.05966850828729282
Whirlpool (US);G7;2013;INDUS;18.64;3.05;1.07;0.56;9.37;INDUS;INDUS;8;18.64;3.05;0.56;1.07;0.030042918454935626;0.05740343347639485
Whirlpool (US);G7;2014;INDUS;19.67;3.15;1.17;0.59;9.55;INDUS;INDUS;9;19.67;3.15;0.59;1.17;0.029994916115912554;0.05948144382308083
Whirlpool (US);G7;2015;INDUS;20.9;3.2;1.3;0.6;9.7;INDUS;INDUS;10;20.9;3.2;0.6;1.3;0.028708133971291867;0.06220095693779905
Whirlpool (US);G7;2016;INDUS;20.7;3.1;1.4;0.6;9.3;INDUS;INDUS;11;20.7;3.1;0.6;1.4;0.028985507246376812;0.06763285024154589
Whirlpool (US);G7;2017;INDUS;21.3;3.2;1.3;0.6;9.2;INDUS;INDUS;12;21.3;3.2;0.6;1.3;0.02816901408450704;0.06103286384976526
Whirlpool (US);G7;2018;INDUS;21.0;3.3;0.2;0.6;9.2;INDUS;INDUS;13;21.0;3.3;0.6;0.2;0.02857142857142857;0.009523809523809525
Whirlpool (US);G7;2019;INDUS;20.5;3.3;1.2;0.6;7.7;INDUS;INDUS;14;20.5;3.3;0.6;1.2;0.029268292682926828;0.058536585365853655
Whirlpool (US);G7;2020;INDUS;19.5;3.4;1.5;0.6;7.8;INDUS;INDUS;15;19.5;3.4;0.6;1.5;0.030769230769230767;0.07692307692307693
Whirlpool (US);G7;2021;INDUS;22.0;3.4;2.3;0.7;6.9;INDUS;INDUS;16;22.0;3.4;0.7;2.3;0.031818181818181815;0.10454545454545454
Whirlpool (US);G7;2022;INDUS;19.7;3.5;1.4;0.7;6.1;INDUS;INDUS;17;19.7;3.5;0.7;1.4;0.03553299492385787;0.07106598984771574
Whirlpool (US);G7;2023;INDUS;19.4;3.6;0.9;0.7;5.9;INDUS;INDUS;18;19.4;3.6;0.7;0.9;0.03608247422680413;0.04639175257731959
Whirlpool (US);G7;2024;INDUS;18.8;3.5;0.8;0.7;5.8;INDUS;INDUS;19;18.8;3.5;0.7;0.8;0.03723404255319149;0.0425531914893617
Will Semiconductor;CN;2015;TECH;0.32;0.02;0.03;0.02;;TECH;TECH;10;0.32;0.02;0.02;0.03;0.0625;0.09375
Will Semiconductor;CN;2020;TECH;2.87;0.17;0.43;0.17;;TECH;TECH;15;2.87;0.17;0.17;0.43;0.059233449477351915;0.14982578397212543
Will Semiconductor;CN;2024;TECH;3.57;0.21;0.54;0.21;;TECH;TECH;19;3.57;0.21;0.21;0.54;0.058823529411764705;0.1512605042016807
Wingtech;CN;2005;TECH;0.03;0.006;0.001;0.001;;TECH;TECH;0;0.03;0.006;0.001;0.001;0.03333333333333333;0.03333333333333333
Wingtech;CN;2006;TECH;0.05;0.01;0.002;0.002;;TECH;TECH;1;0.05;0.01;0.002;0.002;0.04;0.04
Wingtech;CN;2007;TECH;0.08;0.016;0.003;0.003;;TECH;TECH;2;0.08;0.016;0.003;0.003;0.0375;0.0375
Wingtech;CN;2008;TECH;0.12;0.024;0.005;0.005;;TECH;TECH;3;0.12;0.024;0.005;0.005;0.04166666666666667;0.04166666666666667
Wingtech;CN;2009;TECH;0.18;0.036;0.008;0.008;;TECH;TECH;4;0.18;0.036;0.008;0.008;0.044444444444444446;0.044444444444444446
Wingtech;CN;2010;TECH;0.26;0.052;0.011;0.011;;TECH;TECH;5;0.26;0.052;0.011;0.011;0.0423076923076923;0.0423076923076923
Wingtech;CN;2011;TECH;0.38;0.076;0.016;0.016;;TECH;TECH;6;0.38;0.076;0.016;0.016;0.042105263157894736;0.042105263157894736
Wingtech;CN;2012;TECH;0.55;0.11;0.024;0.024;;TECH;TECH;7;0.55;0.11;0.024;0.024;0.04363636363636363;0.04363636363636363
Wingtech;CN;2013;TECH;0.8;0.16;0.035;0.035;;TECH;TECH;8;0.8;0.16;0.035;0.035;0.043750000000000004;0.043750000000000004
Wingtech;CN;2014;TECH;1.15;0.23;0.05;0.05;;TECH;TECH;9;1.15;0.23;0.05;0.05;0.04347826086956522;0.04347826086956522
Wingtech;CN;2015;TECH;1.65;0.33;0.072;0.072;;TECH;TECH;10;1.65;0.33;0.072;0.072;0.04363636363636363;0.04363636363636363
Wingtech;CN;2016;TECH;2.35;0.47;0.102;0.102;;TECH;TECH;11;2.35;0.47;0.102;0.102;0.04340425531914893;0.04340425531914893
Wingtech;CN;2017;TECH;3.35;0.67;0.145;0.145;;TECH;TECH;12;3.35;0.67;0.145;0.145;0.043283582089552235;0.043283582089552235
Wingtech;CN;2018;TECH;4.85;0.97;0.21;0.21;;TECH;TECH;13;4.85;0.97;0.21;0.21;0.04329896907216495;0.04329896907216495
Wingtech;CN;2019;TECH;7.1;1.42;0.31;0.31;;TECH;TECH;14;7.1;1.42;0.31;0.31;0.04366197183098592;0.04366197183098592
Wingtech;CN;2020;TECH;10.2;2.04;0.445;0.445;;TECH;TECH;15;10.2;2.04;0.445;0.445;0.04362745098039216;0.04362745098039216
Wingtech;CN;2021;TECH;14.5;2.9;0.63;0.63;;TECH;TECH;16;14.5;2.9;0.63;0.63;0.043448275862068966;0.043448275862068966
Wingtech;CN;2022;TECH;13.8;2.76;0.6;0.6;;TECH;TECH;17;13.8;2.76;0.6;0.6;0.043478260869565216;0.043478260869565216
Wingtech;CN;2023;TECH;14.2;2.84;0.615;0.615;;TECH;TECH;18;14.2;2.84;0.615;0.615;0.04330985915492958;0.04330985915492958
Wingtech;CN;2024;TECH;14.8;2.96;0.64;0.64;;TECH;TECH;19;14.8;2.96;0.64;0.64;0.04324324324324324;0.04324324324324324
Woodward (US);G7;2005;INDUS;1.5;0.45;0.09;0.13;0.6;INDUS;INDUS;0;1.5;0.45;0.13;0.09;0.08666666666666667;0.06
Woodward (US);G7;2006;INDUS;1.54;0.46;0.1;0.13;0.61;INDUS;INDUS;1;1.54;0.46;0.13;0.1;0.08441558441558442;0.06493506493506494
Woodward (US);G7;2007;INDUS;1.58;0.47;0.1;0.14;0.62;INDUS;INDUS;2;1.58;0.47;0.14;0.1;0.08860759493670886;0.06329113924050633
Woodward (US);G7;2008;INDUS;1.67;0.47;0.11;0.14;0.63;INDUS;INDUS;3;1.67;0.47;0.14;0.11;0.08383233532934133;0.0658682634730539
Woodward (US);G7;2009;INDUS;1.64;0.47;0.12;0.14;0.65;INDUS;INDUS;4;1.64;0.47;0.14;0.12;0.08536585365853659;0.07317073170731707
Woodward (US);G7;2010;INDUS;1.95;0.48;0.31;0.14;0.66;INDUS;INDUS;5;1.95;0.48;0.14;0.31;0.0717948717948718;0.15897435897435896
Woodward (US);G7;2011;INDUS;1.81;0.5;0.25;0.14;0.68;INDUS;INDUS;6;1.81;0.5;0.14;0.25;0.07734806629834255;0.13812154696132597
Woodward (US);G7;2012;INDUS;1.8;0.51;0.24;0.14;0.69;INDUS;INDUS;7;1.8;0.51;0.14;0.24;0.07777777777777778;0.13333333333333333
Woodward (US);G7;2013;INDUS;1.85;0.53;0.26;0.14;0.7;INDUS;INDUS;8;1.85;0.53;0.14;0.26;0.07567567567567568;0.14054054054054055
Woodward (US);G7;2014;INDUS;1.95;0.55;0.28;0.14;0.71;INDUS;INDUS;9;1.95;0.55;0.14;0.28;0.0717948717948718;0.1435897435897436
Woodward (US);G7;2015;INDUS;2.02;0.58;0.28;0.14;0.72;INDUS;INDUS;10;2.02;0.58;0.14;0.28;0.06930693069306931;0.13861386138613863
Woodward (US);G7;2016;INDUS;2.05;0.62;0.31;0.15;0.75;INDUS;INDUS;11;2.05;0.62;0.15;0.31;0.07317073170731708;0.15121951219512197
Woodward (US);G7;2017;INDUS;2.1;0.65;0.25;0.16;0.78;INDUS;INDUS;12;2.1;0.65;0.16;0.25;0.07619047619047618;0.11904761904761904
Woodward (US);G7;2018;INDUS;2.32;0.72;0.35;0.18;0.85;INDUS;INDUS;13;2.32;0.72;0.18;0.35;0.07758620689655173;0.15086206896551724
Woodward (US);G7;2019;INDUS;2.9;0.85;0.45;0.22;0.92;INDUS;INDUS;14;2.9;0.85;0.22;0.45;0.07586206896551724;0.15517241379310345
Woodward (US);G7;2020;INDUS;2.49;0.88;0.22;0.18;0.88;INDUS;INDUS;15;2.49;0.88;0.18;0.22;0.07228915662650602;0.08835341365461846
Woodward (US);G7;2021;INDUS;2.24;0.82;0.25;0.16;0.78;INDUS;INDUS;16;2.24;0.82;0.16;0.25;0.07142857142857142;0.11160714285714285
Woodward (US);G7;2022;INDUS;2.38;0.78;0.21;0.18;0.82;INDUS;INDUS;17;2.38;0.78;0.18;0.21;0.07563025210084033;0.08823529411764706
Woodward (US);G7;2023;INDUS;2.91;0.85;0.42;0.22;0.88;INDUS;INDUS;18;2.91;0.85;0.22;0.42;0.07560137457044673;0.14432989690721648
Woodward (US);G7;2024;INDUS;3.25;0.95;0.55;0.25;0.95;INDUS;INDUS;19;3.25;0.95;0.25;0.55;0.07692307692307693;0.16923076923076924
Workday (US);G7;2010;INDUS;0.068;0.015;-0.052;0.051;0.4;TECH;TECH;5;0.068;0.015;0.051;-0.052;0.7499999999999999;-0.7647058823529411
Workday (US);G7;2011;INDUS;0.134;0.021;-0.068;0.068;0.42;TECH;TECH;6;0.134;0.021;0.068;-0.068;0.5074626865671642;-0.5074626865671642
Workday (US);G7;2012;INDUS;0.274;0.03;-0.085;0.092;0.43;TECH;TECH;7;0.274;0.03;0.092;-0.085;0.3357664233576642;-0.3102189781021898
Workday (US);G7;2013;INDUS;0.457;0.042;-0.115;0.125;0.46;TECH;TECH;8;0.457;0.042;0.125;-0.115;0.2735229759299781;-0.25164113785557984
Workday (US);G7;2014;INDUS;0.683;0.058;-0.142;0.17;0.48;TECH;TECH;9;0.683;0.058;0.17;-0.142;0.24890190336749635;-0.20790629575402633
Workday (US);G7;2015;INDUS;0.97;0.08;-0.18;0.23;0.5;TECH;TECH;10;0.97;0.08;0.23;-0.18;0.2371134020618557;-0.18556701030927836
Workday (US);G7;2016;INDUS;1.375;0.11;-0.24;0.31;0.6;TECH;TECH;11;1.375;0.11;0.31;-0.24;0.22545454545454546;-0.17454545454545453
Workday (US);G7;2017;INDUS;1.859;0.15;-0.31;0.41;0.8;TECH;TECH;12;1.859;0.15;0.41;-0.31;0.22054868208714362;-0.16675632060247444
Workday (US);G7;2018;INDUS;2.378;0.2;-0.28;0.53;1.0;TECH;TECH;13;2.378;0.2;0.53;-0.28;0.22287636669470143;-0.11774600504625736
Workday (US);G7;2019;INDUS;3.058;0.265;-0.34;0.68;1.2;TECH;TECH;14;3.058;0.265;0.68;-0.34;0.22236756049705692;-0.11118378024852846
Workday (US);G7;2020;INDUS;3.633;0.34;-0.41;0.85;1.3;TECH;TECH;15;3.633;0.34;0.85;-0.41;0.23396641893751718;-0.11285439031103771
Workday (US);G7;2021;INDUS;4.321;0.42;-0.25;1.05;1.5;TECH;TECH;16;4.321;0.42;1.05;-0.25;0.2429993057162694;-0.057856977551492716
Workday (US);G7;2022;INDUS;5.14;0.52;-0.21;1.28;1.8;TECH;TECH;17;5.14;0.52;1.28;-0.21;0.24902723735408563;-0.04085603112840467
Workday (US);G7;2023;INDUS;6.217;0.63;-0.15;1.56;1.9;TECH;TECH;18;6.217;0.63;1.56;-0.15;0.25092488338426894;-0.024127392633102783
Workday (US);G7;2024;INDUS;7.256;0.75;0.045;1.85;1.9;TECH;TECH;19;7.256;0.75;1.85;0.045;0.2549614112458655;0.006201764057331863
Yaskawa (JP);G7;2005;INDUS;2.39;0.63;0.1;0.1;0.64;INDUS;INDUS;0;2.39;0.63;0.1;0.1;0.04184100418410042;0.04184100418410042
Yaskawa (JP);G7;2006;INDUS;2.45;0.65;0.11;0.1;0.66;INDUS;INDUS;1;2.45;0.65;0.1;0.11;0.04081632653061224;0.044897959183673466
Yaskawa (JP);G7;2007;INDUS;2.57;0.66;0.12;0.1;0.67;INDUS;INDUS;2;2.57;0.66;0.1;0.12;0.03891050583657588;0.04669260700389105
Yaskawa (JP);G7;2008;INDUS;2.64;0.68;0.13;0.1;0.69;INDUS;INDUS;3;2.64;0.68;0.1;0.13;0.03787878787878788;0.04924242424242424
Yaskawa (JP);G7;2009;INDUS;2.59;0.7;0.14;0.1;0.7;INDUS;INDUS;4;2.59;0.7;0.1;0.14;0.038610038610038616;0.054054054054054064
Yaskawa (JP);G7;2010;INDUS;3.6;0.71;0.33;0.1;0.7;INDUS;INDUS;5;3.6;0.71;0.1;0.33;0.02777777777777778;0.09166666666666667
Yaskawa (JP);G7;2011;INDUS;3.33;0.74;0.26;0.1;0.72;INDUS;INDUS;6;3.33;0.74;0.1;0.26;0.03003003003003003;0.07807807807807808
Yaskawa (JP);G7;2012;INDUS;3.51;0.75;0.26;0.1;0.74;INDUS;INDUS;7;3.51;0.75;0.1;0.26;0.028490028490028494;0.07407407407407408
Yaskawa (JP);G7;2013;INDUS;3.59;0.76;0.28;0.1;0.76;INDUS;INDUS;8;3.59;0.76;0.1;0.28;0.02785515320334262;0.07799442896935935
Yaskawa (JP);G7;2014;INDUS;3.68;0.78;0.3;0.1;0.79;INDUS;INDUS;9;3.68;0.78;0.1;0.3;0.02717391304347826;0.08152173913043477
Yaskawa (JP);G7;2015;INDUS;3.8;0.8;0.3;0.1;0.8;INDUS;INDUS;10;3.8;0.8;0.1;0.3;0.026315789473684213;0.07894736842105263
Yaskawa (JP);G7;2016;INDUS;3.6;0.8;0.3;0.1;0.8;INDUS;INDUS;11;3.6;0.8;0.1;0.3;0.02777777777777778;0.08333333333333333
Yaskawa (JP);G7;2017;INDUS;4.1;0.8;0.5;0.1;0.9;INDUS;INDUS;12;4.1;0.8;0.1;0.5;0.02439024390243903;0.12195121951219513
Yaskawa (JP);G7;2018;INDUS;4.3;0.9;0.5;0.1;0.9;INDUS;INDUS;13;4.3;0.9;0.1;0.5;0.023255813953488375;0.11627906976744186
Yaskawa (JP);G7;2019;INDUS;3.8;0.9;0.2;0.1;0.9;INDUS;INDUS;14;3.8;0.9;0.1;0.2;0.026315789473684213;0.052631578947368425
Yaskawa (JP);G7;2020;INDUS;3.5;1.0;0.2;0.1;1.0;INDUS;INDUS;15;3.5;1.0;0.1;0.2;0.028571428571428574;0.05714285714285715
Yaskawa (JP);G7;2021;INDUS;4.4;1.1;0.5;0.1;1.1;INDUS;INDUS;16;4.4;1.1;0.1;0.5;0.022727272727272728;0.11363636363636363
Yaskawa (JP);G7;2022;INDUS;4.2;1.1;0.6;0.1;1.1;INDUS;INDUS;17;4.2;1.1;0.1;0.6;0.023809523809523808;0.14285714285714285
Yaskawa (JP);G7;2023;INDUS;3.9;1.2;0.5;0.1;1.1;INDUS;INDUS;18;3.9;1.2;0.1;0.5;0.025641025641025644;0.12820512820512822
Yaskawa (JP);G7;2024;INDUS;4.1;1.3;0.6;0.2;1.1;INDUS;INDUS;19;4.1;1.3;0.2;0.6;0.04878048780487806;0.14634146341463417
Yonyou Network;CN;2015;TECH;1.17;0.23;0.09;0.15;;TECH;TECH;10;1.17;0.23;0.15;0.09;0.12820512820512822;0.07692307692307693
Yonyou Network;CN;2020;TECH;2.12;0.42;0.13;0.28;;TECH;TECH;15;2.12;0.42;0.28;0.13;0.1320754716981132;0.06132075471698113
Yonyou Network;CN;2024;TECH;2.32;0.46;-0.12;0.3;;TECH;TECH;19;2.32;0.46;0.3;-0.12;0.12931034482758622;-0.05172413793103448
ZF Friedrichshafen (EU);G7;2005;INDUS;26.85796;7.25252;0.63444;1.81624;10.98;INDUS;AUTO;0;26.85796;7.25252;1.81624;0.63444;0.06762389995368227;0.02362204724409449
ZF Friedrichshafen (EU);G7;2006;INDUS;28.15952;7.536;0.6782400000000001;1.84632;11.19;INDUS;AUTO;1;28.15952;7.536;1.84632;0.6782400000000001;0.0655664585191793;0.024085637823371992
ZF Friedrichshafen (EU);G7;2007;INDUS;31.423320000000004;8.48649;0.7540500000000001;2.04279;11.34;INDUS;AUTO;2;31.423320000000004;8.48649;2.04279;0.7540500000000001;0.06500872600349039;0.02399650959860384
ZF Friedrichshafen (EU);G7;2008;INDUS;34.93625;9.16433;0.8090500000000002;2.25063;11.59;INDUS;AUTO;3;34.93625;9.16433;2.25063;0.8090500000000002;0.06442105263157895;0.02315789473684211
ZF Friedrichshafen (EU);G7;2009;INDUS;32.45232;8.94948;0.8085199999999999;2.1607;11.7;INDUS;AUTO;4;32.45232;8.94948;2.1607;0.8085199999999999;0.0665807560137457;0.024914089347079036
ZF Friedrichshafen (EU);G7;2010;INDUS;39.80652;8.619;2.10834;2.08182;12.01;INDUS;AUTO;5;39.80652;8.619;2.08182;2.10834;0.05229846768820786;0.05296469020652898
ZF Friedrichshafen (EU);G7;2011;INDUS;38.6976;9.173279999999998;1.76784;2.17152;12.36;INDUS;AUTO;6;38.6976;9.173279999999998;2.17152;1.76784;0.05611510791366907;0.04568345323741007
ZF Friedrichshafen (EU);G7;2012;INDUS;37.46118;8.62906;1.72324;2.03188;12.75;INDUS;AUTO;7;37.46118;8.62906;2.03188;1.72324;0.054239615516649506;0.04600068657741161
ZF Friedrichshafen (EU);G7;2013;INDUS;39.61424;9.07024;1.7662400000000005;2.1380800000000004;13.25;INDUS;AUTO;8;39.61424;9.07024;2.1380800000000004;1.7662400000000005;0.05397251089507208;0.04458598726114651
ZF Friedrichshafen (EU);G7;2014;INDUS;41.78376;9.28971;1.92705;2.15298;13.57;INDUS;AUTO;9;41.78376;9.28971;2.15298;1.92705;0.051526717557251904;0.04611959287531806
ZF Friedrichshafen (EU);G7;2015;INDUS;36.075;7.936500000000001;1.7205;1.8315;13.8;INDUS;AUTO;10;36.075;7.936500000000001;1.8315;1.7205;0.05076923076923076;0.04769230769230769
ZF Friedrichshafen (EU);G7;2016;INDUS;38.9664;8.24715;2.38005;2.38005;13.7;INDUS;AUTO;11;38.9664;8.24715;2.38005;2.38005;0.06107954545454546;0.06107954545454546
ZF Friedrichshafen (EU);G7;2017;INDUS;41.132;8.870499999999998;2.6555;2.5424999999999995;14.6;INDUS;AUTO;12;41.132;8.870499999999998;2.5424999999999995;2.6555;0.0618131868131868;0.06456043956043957
ZF Friedrichshafen (EU);G7;2018;INDUS;43.5789;9.74325;2.53915;3.01155;14.9;INDUS;AUTO;13;43.5789;9.74325;3.01155;2.53915;0.06910569105691058;0.058265582655826556
ZF Friedrichshafen (EU);G7;2019;INDUS;40.8435;9.56745;1.73445;2.96535;14.8;INDUS;AUTO;14;40.8435;9.56745;2.96535;1.73445;0.0726027397260274;0.04246575342465753
ZF Friedrichshafen (EU);G7;2020;INDUS;37.2292;10.106699999999998;0.7423;2.7979;15.3;INDUS;AUTO;15;37.2292;10.106699999999998;2.7979;0.7423;0.07515337423312883;0.019938650306748466
ZF Friedrichshafen (EU);G7;2021;INDUS;45.3089;12.12575;2.30685;3.72645;15.7;INDUS;AUTO;16;45.3089;12.12575;3.72645;2.30685;0.08224543080939947;0.050913838120104436
ZF Friedrichshafen (EU);G7;2022;INDUS;46.1214;11.74095;2.15865;3.63285;16.5;INDUS;AUTO;17;46.1214;11.74095;3.63285;2.15865;0.07876712328767123;0.046803652968036534
ZF Friedrichshafen (EU);G7;2023;INDUS;50.421200000000006;12.8217;2.6509000000000005;3.8411;16.8;INDUS;AUTO;18;50.421200000000006;12.8217;3.8411;2.6509000000000005;0.0761802575107296;0.05257510729613734
ZF Friedrichshafen (EU);G7;2024;INDUS;48.906400000000005;13.2545;2.5427000000000004;3.9493;16.9;INDUS;AUTO;19;48.906400000000005;13.2545;3.9493;2.5427000000000004;0.08075221238938052;0.05199115044247788
ZTE;CN;2005;TECH;2.634;0.5;0.18;0.32;;TECH;TECH;0;2.634;0.5;0.32;0.18;0.12148823082763859;0.0683371298405467
ZTE;CN;2006;TECH;2.912;0.6;0.21;0.38;;TECH;TECH;1;2.912;0.6;0.38;0.21;0.1304945054945055;0.07211538461538461
ZTE;CN;2007;TECH;4.55;0.8;0.35;0.5;;TECH;TECH;2;4.55;0.8;0.5;0.35;0.10989010989010989;0.07692307692307693
ZTE;CN;2008;TECH;6.334;1.1;0.48;0.62;;TECH;TECH;3;6.334;1.1;0.62;0.48;0.09788443321755605;0.07578149668455952
ZTE;CN;2009;TECH;8.722;1.4;0.62;0.78;;TECH;TECH;4;8.722;1.4;0.78;0.62;0.0894290300389819;0.0710846136207292
ZTE;CN;2010;TECH;10.5;1.8;0.75;0.95;;TECH;TECH;5;10.5;1.8;0.95;0.75;0.09047619047619047;0.07142857142857142
ZTE;CN;2011;TECH;12.8;2.2;0.68;1.15;;TECH;TECH;6;12.8;2.2;1.15;0.68;0.08984374999999999;0.053125
ZTE;CN;2012;TECH;12.4;2.5;0.42;1.25;;TECH;TECH;7;12.4;2.5;1.25;0.42;0.10080645161290322;0.03387096774193548
ZTE;CN;2013;TECH;12.1;2.6;0.38;1.18;;TECH;TECH;8;12.1;2.6;1.18;0.38;0.09752066115702479;0.03140495867768595
ZTE;CN;2014;TECH;13.5;2.8;0.55;1.3;;TECH;TECH;9;13.5;2.8;1.3;0.55;0.0962962962962963;0.040740740740740744
ZTE;CN;2015;TECH;15.2;3.0;0.72;1.5;;TECH;TECH;10;15.2;3.0;1.5;0.72;0.09868421052631579;0.04736842105263158
ZTE;CN;2016;TECH;14.8;3.2;0.65;1.55;;TECH;TECH;11;14.8;3.2;1.55;0.65;0.10472972972972973;0.04391891891891892
ZTE;CN;2017;TECH;16.5;3.5;0.8;1.7;;TECH;TECH;12;16.5;3.5;1.7;0.8;0.10303030303030303;0.048484848484848485
ZTE;CN;2018;TECH;12.5;3.8;-0.5;1.6;;TECH;TECH;13;12.5;3.8;1.6;-0.5;0.128;-0.04
ZTE;CN;2019;TECH;13.8;4.0;0.9;1.75;;TECH;TECH;14;13.8;4.0;1.75;0.9;0.12681159420289853;0.06521739130434782
ZTE;CN;2020;TECH;15.2;4.2;1.1;1.9;;TECH;TECH;15;15.2;4.2;1.9;1.1;0.125;0.07236842105263158
ZTE;CN;2021;TECH;17.3;4.5;1.35;2.1;;TECH;TECH;16;17.3;4.5;2.1;1.35;0.12138728323699421;0.07803468208092486
ZTE;CN;2022;TECH;18.2;4.8;1.45;2.25;;TECH;TECH;17;18.2;4.8;2.25;1.45;0.12362637362637363;0.07967032967032966
ZTE;CN;2023;TECH;17.5;5.0;1.4;2.2;;TECH;TECH;18;17.5;5.0;2.2;1.4;0.12571428571428572;0.08
ZTE;CN;2024;TECH;17.3;5.2;1.38;2.18;;TECH;TECH;19;17.3;5.2;2.18;1.38;0.1260115606936416;0.07976878612716762
