company;year;ca;ppe;ebit;rd;personnel;groupe
3M (US);2015;30.3;8.5;6.6;1.8;9.0;INDUS
3M (US);2016;30.1;8.7;6.4;1.7;9.1;INDUS
3M (US);2017;31.7;8.8;7.1;1.9;9.1;INDUS
3M (US);2018;32.8;9.2;7.2;1.8;9.3;INDUS
3M (US);2019;32.1;10.1;6.2;1.9;9.6;INDUS
3M (US);2020;32.2;10.5;7.1;1.9;9.5;INDUS
3M (US);2021;35.4;10.8;8.2;2.0;9.5;INDUS
3M (US);2022;34.2;11.1;6.5;1.9;9.2;INDUS
3M (US);2023;32.7;10.5;5.8;1.8;8.5;INDUS
3M (US);2024;33.5;10.2;6.1;1.9;8.3;INDUS
ABB (EU);2015;35.5;5.1;3.1;1.5;13.5;INDUS
ABB (EU);2016;33.8;4.8;3.0;1.3;13.2;INDUS
ABB (EU);2017;34.3;4.7;3.2;1.4;13.5;INDUS
ABB (EU);2018;27.7;4.2;2.3;1.2;14.7;INDUS
ABB (EU);2019;28.0;4.1;1.9;1.2;14.4;INDUS
ABB (EU);2020;26.1;4.3;1.6;1.1;10.6;INDUS
ABB (EU);2021;28.9;4.0;5.7;1.2;10.5;INDUS
ABB (EU);2022;29.4;3.9;3.3;1.2;10.5;INDUS
ABB (EU);2023;32.2;4.1;4.9;1.3;10.8;INDUS
ABB (EU);2024;33.5;4.3;5.2;1.4;11.0;INDUS
AGCO (US);2015;7.46;1.25;0.45;0.32;1.95;INDUS
AGCO (US);2016;7.41;1.22;0.42;0.31;1.98;INDUS
AGCO (US);2017;8.3;1.28;0.55;0.35;2.05;INDUS
AGCO (US);2018;9.35;1.35;0.65;0.38;2.1;INDUS
AGCO (US);2019;9.04;1.42;0.62;0.4;2.1;INDUS
AGCO (US);2020;9.15;1.55;0.75;0.42;2.15;INDUS
AGCO (US);2021;11.13;1.65;1.15;0.45;2.3;INDUS
AGCO (US);2022;12.65;1.75;1.35;0.48;2.45;INDUS
AGCO (US);2023;14.41;1.85;1.65;0.52;2.8;INDUS
AGCO (US);2024;13.2;1.95;1.25;0.55;2.75;INDUS
ASML (EU);2015;6.3;1.5;1.6;1.1;1.5;INDUS
ASML (EU);2016;6.8;1.7;1.8;1.3;1.6;INDUS
ASML (EU);2017;9.0;2.0;2.5;1.5;1.9;INDUS
ASML (EU);2018;10.9;2.4;3.0;1.7;2.3;INDUS
ASML (EU);2019;11.8;2.8;2.8;2.0;2.5;INDUS
ASML (EU);2020;14.0;3.4;4.0;2.2;2.8;INDUS
ASML (EU);2021;18.6;4.2;6.0;2.5;3.2;INDUS
ASML (EU);2022;21.2;5.1;6.5;3.2;3.9;INDUS
ASML (EU);2023;27.6;6.2;9.0;4.0;4.2;INDUS
ASML (EU);2024;30.5;7.1;10.2;4.5;4.5;INDUS
ATS Corp (CA);2015;1.55;0.23;0.16;0.05;0.57;INDUS
ATS Corp (CA);2016;1.61;0.24;0.16;0.05;0.58;INDUS
ATS Corp (CA);2017;1.67;0.25;0.17;0.05;0.59;INDUS
ATS Corp (CA);2018;1.74;0.26;0.17;0.05;0.61;INDUS
ATS Corp (CA);2019;1.81;0.27;0.18;0.05;0.62;INDUS
ATS Corp (CA);2020;1.88;0.28;0.19;0.06;0.64;INDUS
ATS Corp (CA);2021;1.96;0.29;0.2;0.06;0.65;INDUS
ATS Corp (CA);2022;2.03;0.3;0.2;0.06;0.67;INDUS
ATS Corp (CA);2023;2.12;0.32;0.21;0.06;0.68;INDUS
ATS Corp (CA);2024;2.2;0.33;0.22;0.07;0.7;INDUS
Adama Solutions;2015;4.6476;2.0119;0.4405;0.131;0.65;INDUS
Adama Solutions;2016;4.7976;2.1071;0.4643;0.1381;0.68;INDUS
Adama Solutions;2017;5.3452;2.2024;0.5119;0.1476;0.72;INDUS
Adama Solutions;2018;6.1;2.4167;0.5833;0.1619;0.78;INDUS
Adama Solutions;2019;6.631;2.6786;0.5119;0.1714;0.82;INDUS
Adama Solutions;2020;6.7738;2.9643;0.3619;0.1786;0.85;INDUS
Adama Solutions;2021;7.3929;3.2976;0.2976;0.1952;0.88;INDUS
Adama Solutions;2022;8.8452;3.6;0.2024;0.2262;0.92;INDUS
Adama Solutions;2023;7.7262;3.9167;-0.1071;0.219;0.85;INDUS
Adama Solutions;2024;8.2857;4.1714;0.131;0.2333;0.88;INDUS
Adidas (EU);2015;16.9;1.8;1.0;0.1;5.5;INDUS
Adidas (EU);2016;19.3;2.1;1.5;0.2;6.0;INDUS
Adidas (EU);2017;21.2;2.4;2.1;0.2;5.6;INDUS
Adidas (EU);2018;21.9;2.6;2.4;0.2;5.7;INDUS
Adidas (EU);2019;23.6;2.8;2.7;0.2;5.9;INDUS
Adidas (EU);2020;18.4;3.1;0.4;0.2;6.2;INDUS
Adidas (EU);2021;21.2;3.2;2.0;0.2;6.1;INDUS
Adidas (EU);2022;22.5;3.4;0.7;0.2;5.9;INDUS
Adidas (EU);2023;21.4;3.3;0.3;0.2;5.9;INDUS
Adidas (EU);2024;22.8;3.4;1.1;0.2;6.0;INDUS
Adient (US);2015;20.1;1.85;1.25;0.55;7.5;INDUS
Adient (US);2016;16.85;1.75;1.15;0.52;7.5;INDUS
Adient (US);2017;16.2;1.65;0.95;0.48;8.5;INDUS
Adient (US);2018;17.4;1.72;0.75;0.52;8.6;INDUS
Adient (US);2019;16.5;1.82;0.65;0.51;8.3;INDUS
Adient (US);2020;12.7;1.85;0.15;0.42;7.7;INDUS
Adient (US);2021;13.7;1.75;0.45;0.45;7.5;INDUS
Adient (US);2022;14.1;1.65;0.35;0.41;7.0;INDUS
Adient (US);2023;15.4;1.62;0.48;0.42;7.2;INDUS
Adient (US);2024;15.1;1.65;0.55;0.44;7.1;INDUS
Advantest (JP);2015;2.39;0.36;0.6;0.24;0.44;INDUS
Advantest (JP);2016;2.61;0.39;0.65;0.26;0.46;INDUS
Advantest (JP);2017;2.84;0.43;0.71;0.28;0.49;INDUS
Advantest (JP);2018;3.1;0.46;0.78;0.31;0.51;INDUS
Advantest (JP);2019;3.38;0.51;0.84;0.34;0.54;INDUS
Advantest (JP);2020;3.68;0.55;0.92;0.37;0.57;INDUS
Advantest (JP);2021;4.02;0.6;1.0;0.4;0.6;INDUS
Advantest (JP);2022;4.38;0.66;1.09;0.44;0.63;INDUS
Advantest (JP);2023;4.77;0.72;1.19;0.48;0.66;INDUS
Advantest (JP);2024;5.2;0.78;1.3;0.52;0.7;INDUS
Agilent (US);2015;4.04;0.75;0.65;0.33;1.2;INDUS
Agilent (US);2016;4.2;0.78;0.72;0.34;1.2;INDUS
Agilent (US);2017;4.47;0.82;0.85;0.36;1.3;INDUS
Agilent (US);2018;4.91;0.85;1.05;0.39;1.4;INDUS
Agilent (US);2019;5.16;0.88;1.12;0.41;1.6;INDUS
Agilent (US);2020;5.34;0.92;1.15;0.42;1.6;INDUS
Agilent (US);2021;6.32;0.98;1.45;0.45;1.7;INDUS
Agilent (US);2022;6.85;1.05;1.65;0.48;1.8;INDUS
Agilent (US);2023;6.83;1.12;1.52;0.52;1.8;INDUS
Agilent (US);2024;7.15;1.15;1.65;0.55;1.85;INDUS
Air Liquide (EU);2015;18.2;14.2;2.8;0.3;5.2;INDUS
Air Liquide (EU);2016;18.1;15.5;2.6;0.3;6.6;INDUS
Air Liquide (EU);2017;20.3;16.1;3.1;0.3;6.5;INDUS
Air Liquide (EU);2018;21.0;16.8;3.4;0.3;6.6;INDUS
Air Liquide (EU);2019;21.9;17.4;3.8;0.3;6.7;INDUS
Air Liquide (EU);2020;20.5;18.2;3.8;0.3;6.4;INDUS
Air Liquide (EU);2021;23.3;19.5;4.2;0.4;6.6;INDUS
Air Liquide (EU);2022;29.9;21.2;4.8;0.4;6.7;INDUS
Air Liquide (EU);2023;27.6;21.8;5.1;0.4;6.8;INDUS
Air Liquide (EU);2024;29.5;22.1;4.5;0.5;6.7;INDUS
Airbus (EU);2015;64.2;16.5;4.1;2.8;13.6;INDUS
Airbus (EU);2016;66.8;17.2;3.9;3.0;13.4;INDUS
Airbus (EU);2017;67.1;17.8;4.2;2.8;12.9;INDUS
Airbus (EU);2018;64.0;18.5;5.0;3.2;13.4;INDUS
Airbus (EU);2019;70.5;19.1;1.3;3.4;13.5;INDUS
Airbus (EU);2020;50.2;18.2;-0.5;2.8;13.1;INDUS
Airbus (EU);2021;52.5;17.5;5.3;2.7;12.6;INDUS
Airbus (EU);2022;58.8;17.8;5.6;3.1;13.4;INDUS
Airbus (EU);2023;65.4;18.4;4.6;3.2;14.8;INDUS
Airbus (EU);2024;68.2;19.2;5.1;3.5;15.2;INDUS
Aisin Corp (JP);2015;27.25;8.5;1.35;1.25;9.5;INDUS
Aisin Corp (JP);2016;31.5;8.85;1.85;1.42;10.2;INDUS
Aisin Corp (JP);2017;32.1;9.25;2.15;1.55;11.0;INDUS
Aisin Corp (JP);2018;35.8;9.65;2.25;1.65;11.5;INDUS
Aisin Corp (JP);2019;36.45;10.15;1.85;1.75;11.8;INDUS
Aisin Corp (JP);2020;32.5;10.5;1.25;1.85;12.0;INDUS
Aisin Corp (JP);2021;35.15;10.85;1.45;1.78;11.8;INDUS
Aisin Corp (JP);2022;36.8;11.2;1.52;1.82;11.6;INDUS
Aisin Corp (JP);2023;33.5;11.5;1.45;1.85;11.4;INDUS
Aisin Corp (JP);2024;35.2;11.85;1.65;1.95;11.6;INDUS
AkzoNobel (EU);2015;14.9;3.5;1.5;0.4;4.7;INDUS
AkzoNobel (EU);2016;14.2;3.3;1.5;0.4;4.6;INDUS
AkzoNobel (EU);2017;14.6;3.2;1.4;0.4;4.6;INDUS
AkzoNobel (EU);2018;9.3;2.1;0.8;0.2;3.5;INDUS
AkzoNobel (EU);2019;9.3;2.2;1.0;0.2;3.4;INDUS
AkzoNobel (EU);2020;8.5;2.3;1.0;0.2;3.2;INDUS
AkzoNobel (EU);2021;9.6;2.2;1.1;0.2;3.3;INDUS
AkzoNobel (EU);2022;10.8;2.3;0.8;0.3;3.5;INDUS
AkzoNobel (EU);2023;10.7;2.4;1.0;0.3;3.5;INDUS
AkzoNobel (EU);2024;10.9;2.5;1.2;0.3;3.5;INDUS
Allison Transmission (US);2015;1.98;0.65;0.65;0.12;0.27;INDUS
Allison Transmission (US);2016;1.84;0.62;0.58;0.11;0.26;INDUS
Allison Transmission (US);2017;2.26;0.65;0.82;0.14;0.28;INDUS
Allison Transmission (US);2018;2.71;0.68;1.05;0.15;0.29;INDUS
Allison Transmission (US);2019;2.7;0.75;0.95;0.16;0.29;INDUS
Allison Transmission (US);2020;2.03;0.78;0.52;0.15;0.33;INDUS
Allison Transmission (US);2021;2.4;0.82;0.72;0.17;0.34;INDUS
Allison Transmission (US);2022;2.77;0.85;0.85;0.18;0.35;INDUS
Allison Transmission (US);2023;3.03;0.92;0.98;0.19;0.36;INDUS
Allison Transmission (US);2024;3.15;0.98;1.05;0.21;0.38;INDUS
Alstom (EU);2015;6.9;1.2;0.4;0.2;3.1;INDUS
Alstom (EU);2016;7.3;1.3;0.5;0.2;3.3;INDUS
Alstom (EU);2017;8.0;1.4;0.4;0.2;3.3;INDUS
Alstom (EU);2018;8.1;1.4;0.5;0.2;3.5;INDUS
Alstom (EU);2019;8.2;1.5;0.6;0.3;3.6;INDUS
Alstom (EU);2020;8.8;1.6;0.5;0.3;3.9;INDUS
Alstom (EU);2021;14.2;2.1;0.4;0.5;7.1;INDUS
Alstom (EU);2022;15.5;2.3;0.3;0.6;7.4;INDUS
Alstom (EU);2023;17.6;2.5;0.8;0.7;8.0;INDUS
Alstom (EU);2024;18.2;2.7;1.1;0.8;8.4;INDUS
Aluminum Corp;2015;29.3929;24.3143;-0.0357;0.2667;6.52;INDUS
Aluminum Corp;2016;34.3143;25.1071;0.2976;0.3452;6.12;INDUS
Aluminum Corp;2017;42.8857;25.9095;0.981;0.4405;5.85;INDUS
Aluminum Corp;2018;42.9167;26.7738;0.9167;0.5048;5.45;INDUS
Aluminum Corp;2019;45.2667;27.4095;0.5833;0.5833;5.12;INDUS
Aluminum Corp;2020;44.25;28.2024;0.4405;0.6786;4.85;INDUS
Aluminum Corp;2021;64.2238;29.0762;2.8857;0.8381;4.65;INDUS
Aluminum Corp;2022;69.281;30.6786;3.5357;0.981;4.52;INDUS
Aluminum Corp;2023;53.5881;32.1714;3.6;0.9167;4.45;INDUS
Aluminum Corp;2024;59.1714;33.9167;4.3857;1.0762;4.65;INDUS
American Axle (US);2015;3.9;1.25;0.48;0.15;1.3;INDUS
American Axle (US);2016;3.95;1.32;0.52;0.16;1.35;INDUS
American Axle (US);2017;6.27;2.15;0.65;0.25;2.5;INDUS
American Axle (US);2018;7.27;2.35;0.72;0.28;2.65;INDUS
American Axle (US);2019;6.71;2.25;0.45;0.25;2.45;INDUS
American Axle (US);2020;4.71;2.15;0.12;0.22;2.15;INDUS
American Axle (US);2021;5.16;2.05;0.28;0.23;2.05;INDUS
American Axle (US);2022;5.8;1.95;0.32;0.24;2.15;INDUS
American Axle (US);2023;6.08;1.85;0.35;0.25;2.1;INDUS
American Axle (US);2024;6.15;1.92;0.42;0.26;2.15;INDUS
AmorePacific (KR);2015;4.1;1.8;0.7;0.1;0.6;INDUS
AmorePacific (KR);2016;4.8;2.0;0.8;0.1;0.6;INDUS
AmorePacific (KR);2017;4.3;2.2;0.5;0.1;0.6;INDUS
AmorePacific (KR);2018;4.4;2.5;0.4;0.1;0.7;INDUS
AmorePacific (KR);2019;4.6;2.8;0.3;0.1;0.7;INDUS
AmorePacific (KR);2020;3.8;2.7;0.1;0.1;0.6;INDUS
AmorePacific (KR);2021;4.1;2.6;0.3;0.1;0.6;INDUS
AmorePacific (KR);2022;3.5;2.5;0.2;0.1;0.6;INDUS
AmorePacific (KR);2023;3.2;2.4;0.1;0.1;0.5;INDUS
AmorePacific (KR);2024;3.4;2.5;0.2;0.1;0.6;INDUS
Amphenol (US);2015;7.07;1.06;1.41;0.21;6.25;INDUS
Amphenol (US);2016;7.57;1.14;1.51;0.23;6.5;INDUS
Amphenol (US);2017;8.1;1.21;1.62;0.24;6.77;INDUS
Amphenol (US);2018;8.66;1.3;1.73;0.26;7.05;INDUS
Amphenol (US);2019;9.27;1.39;1.85;0.28;7.35;INDUS
Amphenol (US);2020;9.92;1.49;1.98;0.3;7.65;INDUS
Amphenol (US);2021;10.61;1.59;2.12;0.32;7.97;INDUS
Amphenol (US);2022;11.35;1.7;2.27;0.34;8.3;INDUS
Amphenol (US);2023;12.15;1.82;2.43;0.36;8.64;INDUS
Amphenol (US);2024;13.0;1.95;2.6;0.39;9.0;INDUS
Analog Devices (US);2015;3.42;0.65;1.15;0.65;0.9;INDUS
Analog Devices (US);2016;3.41;0.68;1.05;0.68;0.9;INDUS
Analog Devices (US);2017;5.12;1.15;1.45;0.92;1.5;INDUS
Analog Devices (US);2018;6.2;1.25;1.95;1.15;1.6;INDUS
Analog Devices (US);2019;5.99;1.35;1.75;1.12;1.6;INDUS
Analog Devices (US);2020;5.6;1.45;1.52;1.18;1.5;INDUS
Analog Devices (US);2021;7.32;1.85;2.15;1.35;2.5;INDUS
Analog Devices (US);2022;12.01;2.25;3.85;1.85;2.5;INDUS
Analog Devices (US);2023;12.31;2.45;4.15;1.75;2.6;INDUS
Analog Devices (US);2024;12.52;2.65;4.45;1.85;2.7;INDUS
Angel Yeast;2015;1.0024;0.75;0.1476;0.0429;0.82;INDUS
Angel Yeast;2016;1.1548;0.8143;0.2024;0.05;0.85;INDUS
Angel Yeast;2017;1.3762;0.9167;0.2738;0.0595;0.92;INDUS
Angel Yeast;2018;1.5905;1.0119;0.3143;0.0667;0.98;INDUS
Angel Yeast;2019;1.8214;1.1548;0.3452;0.0762;1.05;INDUS
Angel Yeast;2020;2.1238;1.3143;0.4167;0.0905;1.12;INDUS
Angel Yeast;2021;2.5833;1.5357;0.4405;0.1071;1.25;INDUS
Angel Yeast;2022;3.0595;1.7905;0.3929;0.1238;1.35;INDUS
Angel Yeast;2023;3.2333;2.0119;0.3619;0.1381;1.4;INDUS
Angel Yeast;2024;3.4524;2.2024;0.4405;0.1548;1.48;INDUS
Anhui Conch;2015;12.0048;10.7429;2.2667;0.0286;4.52;INDUS
Anhui Conch;2016;13.3167;11.5357;2.8857;0.0357;4.35;INDUS
Anhui Conch;2017;17.931;12.4095;5.1071;0.0524;4.45;INDUS
Anhui Conch;2018;30.5714;13.2976;10.0286;0.1071;4.55;INDUS
Anhui Conch;2019;37.3881;13.9095;11.5524;0.1548;4.65;INDUS
Anhui Conch;2020;41.9619;14.7905;12.2429;0.1952;4.85;INDUS
Anhui Conch;2021;39.9881;15.6071;10.7429;0.2667;4.72;INDUS
Anhui Conch;2022;31.4333;16.3857;5.3452;0.3214;4.62;INDUS
Anhui Conch;2023;33.569;17.1714;3.2976;0.3619;4.55;INDUS
Anhui Conch;2024;36.9333;17.9643;3.8381;0.4405;4.75;INDUS
Anhui Heli;2015;1.3524;0.4405;0.1071;0.0595;0.75;INDUS
Anhui Heli;2016;1.4881;0.5048;0.1238;0.0667;0.78;INDUS
Anhui Heli;2017;2.0048;0.5833;0.1548;0.0833;0.82;INDUS
Anhui Heli;2018;2.3;0.6786;0.1786;0.1;0.85;INDUS
Anhui Heli;2019;2.4095;0.7429;0.2024;0.1143;0.88;INDUS
Anhui Heli;2020;3.0476;0.9167;0.2262;0.131;0.92;INDUS
Anhui Heli;2021;3.6714;1.0762;0.2667;0.1548;0.95;INDUS
Anhui Heli;2022;3.731;1.219;0.2976;0.1714;0.92;INDUS
Anhui Heli;2023;4.1595;1.3929;0.4405;0.2024;0.98;INDUS
Anhui Heli;2024;4.5524;1.5357;0.5048;0.2262;1.05;INDUS
Anjoy Food;2015;0.6071;0.2024;0.0429;0.0095;0.55;INDUS
Anjoy Food;2016;0.719;0.25;0.0524;0.0119;0.62;INDUS
Anjoy Food;2017;0.8286;0.2976;0.0667;0.0143;0.72;INDUS
Anjoy Food;2018;1.0119;0.3452;0.1071;0.019;0.85;INDUS
Anjoy Food;2019;1.25;0.4405;0.1381;0.0286;1.05;INDUS
Anjoy Food;2020;1.6571;0.5357;0.1786;0.0357;1.25;INDUS
Anjoy Food;2021;2.2024;0.6786;0.25;0.0429;1.45;INDUS
Anjoy Food;2022;2.8929;0.869;0.2976;0.0595;1.65;INDUS
Anjoy Food;2023;3.3452;1.0119;0.3929;0.0762;1.75;INDUS
Anjoy Food;2024;3.619;1.1548;0.4643;0.0833;1.85;INDUS
Anker Innovations;2015;0.3095;0.0286;0.0429;0.019;0.05;INDUS
Anker Innovations;2016;0.5952;0.0357;0.0762;0.0357;0.08;INDUS
Anker Innovations;2017;0.931;0.0524;0.1071;0.0595;0.12;INDUS
Anker Innovations;2018;1.2452;0.0833;0.1381;0.0905;0.15;INDUS
Anker Innovations;2019;1.5833;0.1143;0.2024;0.1238;0.18;INDUS
Anker Innovations;2020;2.2262;0.1548;0.2857;0.1786;0.22;INDUS
Anker Innovations;2021;2.9881;0.2024;0.3452;0.2738;0.35;INDUS
Anker Innovations;2022;3.3857;0.25;0.3929;0.3214;0.38;INDUS
Anker Innovations;2023;4.1667;0.2976;0.5;0.3929;0.42;INDUS
Anta Sports;2015;2.6476;0.4405;0.6786;0.0762;1.85;INDUS
Anta Sports;2016;3.1786;0.5048;0.7738;0.0905;2.12;INDUS
Anta Sports;2017;3.9738;0.5833;0.981;0.1071;2.45;INDUS
Anta Sports;2018;5.7381;0.7429;1.3929;0.1548;2.85;INDUS
Anta Sports;2019;8.0786;1.0762;2.0286;0.2024;3.25;INDUS
Anta Sports;2020;8.4548;1.3929;2.1714;0.2262;3.52;INDUS
Anta Sports;2021;11.7452;1.9333;2.6786;0.2976;5.12;INDUS
Anta Sports;2022;12.7738;2.4881;3.0595;0.3452;5.85;INDUS
Anta Sports;2023;14.8476;2.8857;3.8381;0.4405;6.25;INDUS
Anta Sports;2024;16.7738;3.3619;4.4095;0.5357;6.85;INDUS
Applied Mat. (US);2015;9.7;0.8;1.7;1.5;1.5;INDUS
Applied Mat. (US);2016;10.8;0.8;2.1;1.7;1.6;INDUS
Applied Mat. (US);2017;14.5;0.9;3.9;1.8;1.8;INDUS
Applied Mat. (US);2018;17.3;1.1;4.6;2.0;2.1;INDUS
Applied Mat. (US);2019;14.6;1.2;3.3;2.1;2.2;INDUS
Applied Mat. (US);2020;17.2;1.4;4.4;2.2;2.4;INDUS
Applied Mat. (US);2021;23.1;1.6;6.9;2.5;2.7;INDUS
Applied Mat. (US);2022;25.8;1.9;7.8;2.8;3.3;INDUS
Applied Mat. (US);2023;26.5;2.1;7.7;3.0;3.4;INDUS
Applied Mat. (US);2024;27.2;2.3;8.1;3.2;3.5;INDUS
Aptiv (US);2015;15.22;2.55;1.95;1.25;12.9;INDUS
Aptiv (US);2016;12.33;2.65;1.65;1.15;14.5;INDUS
Aptiv (US);2017;12.85;2.85;1.55;1.25;14.7;INDUS
Aptiv (US);2018;14.43;3.05;1.58;1.35;16.2;INDUS
Aptiv (US);2019;14.35;3.25;1.45;1.45;16.0;INDUS
Aptiv (US);2020;13.07;3.55;0.85;1.48;15.1;INDUS
Aptiv (US);2021;15.61;3.85;1.15;1.65;15.5;INDUS
Aptiv (US);2022;17.48;4.05;1.35;1.85;16.0;INDUS
Aptiv (US);2023;20.05;4.35;2.15;2.05;15.4;INDUS
Aptiv (US);2024;19.85;4.55;2.25;2.15;15.2;INDUS
Arista Networks (US);2015;0.83;0.05;0.22;0.18;0.1;INDUS
Arista Networks (US);2016;1.13;0.08;0.31;0.25;0.13;INDUS
Arista Networks (US);2017;1.65;0.12;0.48;0.38;0.18;INDUS
Arista Networks (US);2018;2.15;0.15;0.62;0.52;0.23;INDUS
Arista Networks (US);2019;2.41;0.18;0.68;0.65;0.28;INDUS
Arista Networks (US);2020;2.32;0.21;0.52;0.68;0.32;INDUS
Arista Networks (US);2021;2.95;0.28;0.85;0.82;0.38;INDUS
Arista Networks (US);2022;4.38;0.35;1.52;1.15;0.45;INDUS
Arista Networks (US);2023;5.86;0.42;2.15;1.48;0.52;INDUS
Arista Networks (US);2024;6.45;0.48;2.45;1.65;0.6;INDUS
Arkema (EU);2015;8.5;3.2;0.7;0.2;1.9;INDUS
Arkema (EU);2016;8.3;3.3;0.8;0.2;2.0;INDUS
Arkema (EU);2017;9.2;3.4;1.1;0.2;2.0;INDUS
Arkema (EU);2018;9.7;3.5;1.0;0.2;2.1;INDUS
Arkema (EU);2019;9.6;3.8;0.9;0.3;2.1;INDUS
Arkema (EU);2020;8.8;4.1;0.6;0.3;2.1;INDUS
Arkema (EU);2021;11.1;4.3;1.4;0.3;2.1;INDUS
Arkema (EU);2022;12.5;4.5;1.5;0.3;2.2;INDUS
Arkema (EU);2023;10.5;4.4;0.9;0.3;2.1;INDUS
Arkema (EU);2024;10.8;4.3;1.1;0.3;2.1;INDUS
Asahi Kasei (JP);2015;16.15;5.85;1.35;0.65;3.25;INDUS
Asahi Kasei (JP);2016;16.45;6.15;1.45;0.68;3.35;INDUS
Asahi Kasei (JP);2017;17.15;6.45;1.55;0.72;3.45;INDUS
Asahi Kasei (JP);2018;17.85;6.85;1.65;0.75;3.55;INDUS
Asahi Kasei (JP);2019;18.15;7.15;1.75;0.78;3.65;INDUS
Asahi Kasei (JP);2020;17.52;7.45;1.45;0.75;3.45;INDUS
Asahi Kasei (JP);2021;19.15;7.85;1.85;0.82;3.65;INDUS
Asahi Kasei (JP);2022;21.45;8.45;1.52;0.88;3.85;INDUS
Asahi Kasei (JP);2023;19.85;8.85;1.15;0.85;3.72;INDUS
Asahi Kasei (JP);2024;20.85;9.25;1.65;0.92;3.95;INDUS
Atlas Copco (EU);2015;10.2;0.9;2.04;0.36;4.3;INDUS
Atlas Copco (EU);2016;10.1;0.9;2.0;0.36;4.41;INDUS
Atlas Copco (EU);2017;10.8;0.97;2.16;0.39;4.52;INDUS
Atlas Copco (EU);2018;11.83;1.07;2.38;0.42;4.65;INDUS
Atlas Copco (EU);2019;11.9;1.08;2.4;0.42;4.78;INDUS
Atlas Copco (EU);2020;12.2;1.13;2.46;0.44;4.9;INDUS
Atlas Copco (EU);2021;14.0;1.28;2.82;0.5;5.05;INDUS
Atlas Copco (EU);2022;14.0;1.25;2.9;0.5;5.25;INDUS
Atlas Copco (EU);2023;14.2;1.22;3.0;0.51;5.45;INDUS
Atlas Copco (EU);2024;14.6;1.24;3.1;0.52;5.65;INDUS
Autoliv (US);2015;9.17;1.55;0.81;0.58;6.4;INDUS
Autoliv (US);2016;10.07;1.62;0.85;0.62;7.0;INDUS
Autoliv (US);2017;10.38;1.75;0.88;0.68;7.2;INDUS
Autoliv (US);2018;8.67;1.85;0.92;0.72;6.6;INDUS
Autoliv (US);2019;8.54;1.95;0.75;0.75;6.5;INDUS
Autoliv (US);2020;7.44;2.05;0.45;0.71;6.8;INDUS
Autoliv (US);2021;8.23;2.15;0.68;0.82;6.1;INDUS
Autoliv (US);2022;8.84;2.25;0.71;0.85;6.9;INDUS
Autoliv (US);2023;10.47;2.35;0.95;0.91;7.05;INDUS
Autoliv (US);2024;11.1;2.45;1.05;0.95;7.2;INDUS
Avic ITP;2015;7.1714;0.981;0.4405;0.2976;1.12;INDUS
Avic ITP;2016;7.7429;1.0762;0.5048;0.3452;1.25;INDUS
Avic ITP;2017;8.369;1.1548;0.5833;0.3929;1.38;INDUS
Avic ITP;2018;9.1476;1.219;0.6786;0.4405;1.45;INDUS
Avic ITP;2019;9.5524;1.3143;0.7429;0.5048;1.55;INDUS
Avic ITP;2020;10.9167;1.3929;0.8381;0.5833;1.62;INDUS
Avic ITP;2021;12.481;1.5357;0.981;0.6786;1.85;INDUS
Avic ITP;2022;13.1238;1.6952;1.0762;0.7429;1.95;INDUS
Avic ITP;2023;14.0119;1.869;1.219;0.8214;2.12;INDUS
Avic ITP;2024;14.869;2.0286;1.3929;0.981;2.25;INDUS
Avic Joy;2015;1.5524;0.5048;0.0833;0.0357;0.85;INDUS
Avic Joy;2016;1.6952;0.5833;0.1;0.0429;0.92;INDUS
Avic Joy;2017;2.0357;0.6786;0.1548;0.0595;1.05;INDUS
Avic Joy;2018;2.1714;0.7429;0.2024;0.0762;1.15;INDUS
Avic Joy;2019;2.1071;0.8214;0.1071;0.0833;1.08;INDUS
Avic Joy;2020;2.2024;0.9167;0.131;0.1;1.12;INDUS
Avic Joy;2021;2.6476;1.0762;0.2024;0.131;1.25;INDUS
Avic Joy;2022;2.5833;1.219;0.1548;0.1238;1.18;INDUS
Avic Joy;2023;2.9643;1.3929;0.2667;0.1548;1.28;INDUS
Avic Joy;2024;3.2976;1.5524;0.3452;0.1786;1.35;INDUS
Avicopter;2015;2.9643;0.981;0.2024;0.1238;1.12;INDUS
Avicopter;2016;3.1238;1.0595;0.219;0.1548;1.15;INDUS
Avicopter;2017;2.869;1.1476;0.1548;0.1714;1.05;INDUS
Avicopter;2018;3.0595;1.219;0.1786;0.2024;1.12;INDUS
Avicopter;2019;3.5524;1.2976;0.2024;0.25;1.25;INDUS
Avicopter;2020;4.4405;1.3929;0.2667;0.3214;1.45;INDUS
Avicopter;2021;5.1857;1.5357;0.3452;0.3929;1.52;INDUS
Avicopter;2022;4.519;1.6952;0.1238;0.3381;1.35;INDUS
Avicopter;2023;5.3452;1.869;0.2024;0.369;1.45;INDUS
Avicopter;2024;5.981;2.0286;0.2976;0.4405;1.55;INDUS
BAE Systems (EU);2015;26.1;3.2;2.2;1.8;8.3;INDUS
BAE Systems (EU);2016;25.5;3.1;2.3;1.9;8.3;INDUS
BAE Systems (EU);2017;24.8;3.0;2.1;2.0;8.3;INDUS
BAE Systems (EU);2018;23.5;2.9;2.1;2.1;8.6;INDUS
BAE Systems (EU);2019;24.2;3.2;2.4;2.2;8.8;INDUS
BAE Systems (EU);2020;25.1;3.5;2.4;2.4;8.9;INDUS
BAE Systems (EU);2021;26.4;3.8;2.7;2.6;9.0;INDUS
BAE Systems (EU);2022;27.8;4.1;2.9;2.8;9.3;INDUS
BAE Systems (EU);2023;30.5;4.5;3.3;3.0;9.8;INDUS
BAE Systems (EU);2024;33.2;4.9;3.8;3.2;10.2;INDUS
BAIC Motor;2015;20.0238;6.0714;2.0238;0.5952;3.8;INDUS
BAIC Motor;2016;27.6667;6.7143;2.881;0.6667;4.1;INDUS
BAIC Motor;2017;31.9524;7.7381;3.619;0.7619;4.5;INDUS
BAIC Motor;2018;36.1667;8.3571;3.5238;0.8333;4.6;INDUS
BAIC Motor;2019;41.5714;9.1667;3.8571;0.9048;4.8;INDUS
BAIC Motor;2020;42.1429;9.8095;2.5;0.9762;4.5;INDUS
BAIC Motor;2021;41.881;10.6667;2.6667;1.0714;4.3;INDUS
BAIC Motor;2022;45.3571;11.5476;3.2857;1.1429;4.2;INDUS
BAIC Motor;2023;47.0952;12.4048;3.6905;1.2381;4.4;INDUS
BAIC Motor;2024;48.8095;13.2143;4.0;1.3095;4.6;INDUS
BASF (EU);2015;70.4;25.8;6.5;2.1;11.2;INDUS
BASF (EU);2016;57.5;26.1;6.2;2.1;11.4;INDUS
BASF (EU);2017;64.5;26.4;8.2;2.2;11.5;INDUS
BASF (EU);2018;62.7;26.8;6.0;2.3;12.2;INDUS
BASF (EU);2019;59.3;27.2;4.1;2.4;11.8;INDUS
BASF (EU);2020;59.1;27.5;3.2;2.3;11.0;INDUS
BASF (EU);2021;78.6;28.1;7.8;2.5;11.1;INDUS
BASF (EU);2022;87.3;28.4;6.5;2.6;11.1;INDUS
BASF (EU);2023;68.9;27.9;3.8;2.4;11.2;INDUS
BASF (EU);2024;68.9;28.1;5.8;2.5;11.1;INDUS
BMW (EU);2015;92.2;21.5;9.6;5.2;12.2;INDUS
BMW (EU);2016;94.2;22.3;9.4;5.1;12.5;INDUS
BMW (EU);2017;98.3;23.5;9.9;6.1;13.0;INDUS
BMW (EU);2018;97.5;24.8;9.1;6.9;13.5;INDUS
BMW (EU);2019;104.2;26.1;7.4;6.0;13.4;INDUS
BMW (EU);2020;99.0;27.2;4.8;5.7;12.1;INDUS
BMW (EU);2021;111.2;28.5;13.4;6.3;11.9;INDUS
BMW (EU);2022;142.6;30.2;14.0;6.6;14.9;INDUS
BMW (EU);2023;155.5;31.8;18.5;7.5;15.5;INDUS
BMW (EU);2024;158.2;33.1;17.1;8.0;15.7;INDUS
BOE Technology;2015;11.5762;20.2667;0.5119;0.7738;4.12;INDUS
BOE Technology;2016;16.4024;26.7738;0.8381;0.981;5.12;INDUS
BOE Technology;2017;22.3381;34.7262;2.0286;1.631;6.45;INDUS
BOE Technology;2018;23.1214;42.4095;0.6786;1.7905;6.85;INDUS
BOE Technology;2019;27.6333;51.2976;0.2667;2.1071;7.25;INDUS
BOE Technology;2020;32.2738;58.3619;0.9167;2.2667;7.85;INDUS
BOE Technology;2021;52.2167;68.0595;6.7905;2.9643;8.55;INDUS
BOE Technology;2022;42.4786;74.3929;0.5048;2.6476;8.12;INDUS
BOE Technology;2023;41.5595;77.4095;0.2738;2.75;7.85;INDUS
BYD Company;2015;19.05;6.7738;0.981;0.869;19.6;INDUS
BYD Company;2016;24.6357;8.1238;1.3929;1.0762;21.8;INDUS
BYD Company;2017;25.2167;9.8214;1.219;1.4881;22.4;INDUS
BYD Company;2018;30.9643;11.5524;1.0762;2.0286;24.2;INDUS
BYD Company;2019;30.4143;13.1238;0.9167;2.0048;22.9;INDUS
BYD Company;2020;37.2857;14.7905;1.631;2.0286;22.4;INDUS
BYD Company;2021;51.4619;18.0524;1.5524;2.5286;28.8;INDUS
BYD Company;2022;100.9667;27.481;3.9333;4.4405;57.0;INDUS
BYD Company;2023;143.4095;39.3143;7.1524;9.4167;70.3;INDUS
BYD Company;2024;185.0238;50.5833;13.9167;12.9048;85.0;INDUS
BYD Electronic;2015;7.8214;1.4571;0.2976;0.2667;5.12;INDUS
BYD Electronic;2016;8.7429;1.7905;0.3452;0.3214;5.85;INDUS
BYD Electronic;2017;9.231;2.1071;0.4405;0.3929;6.25;INDUS
BYD Electronic;2018;9.7738;2.4095;0.5048;0.4405;6.45;INDUS
BYD Electronic;2019;12.6262;2.9643;0.6;0.5048;6.85;INDUS
BYD Electronic;2020;17.4095;3.7667;1.2976;0.6786;7.52;INDUS
BYD Electronic;2021;21.2048;4.3143;0.6786;0.8381;8.15;INDUS
BYD Electronic;2022;25.5214;5.0286;0.7738;0.981;8.85;INDUS
BYD Electronic;2023;30.9429;5.8381;0.981;1.1548;9.25;INDUS
Baoshan Iron;2015;38.9976;32.1714;0.5048;1.631;5.12;INDUS
Baoshan Iron;2016;57.9119;33.9167;2.7429;1.7905;5.45;INDUS
Baoshan Iron;2017;68.831;35.2667;5.9167;2.0048;5.85;INDUS
Baoshan Iron;2018;72.669;36.2976;6.6952;2.2667;6.12;INDUS
Baoshan Iron;2019;69.4262;37.8143;3.9167;2.4095;6.05;INDUS
Baoshan Iron;2020;67.7167;39.3143;3.7667;2.5119;5.85;INDUS
Baoshan Iron;2021;86.9857;41.0595;7.6476;3.0595;5.95;INDUS
Baoshan Iron;2022;87.8738;43.1238;3.6714;2.7429;5.75;INDUS
Baoshan Iron;2023;81.6833;44.869;3.5357;2.6476;5.62;INDUS
Baoshan Iron;2024;86.2976;46.6238;4.0762;2.9643;5.85;INDUS
Baxter (US);2015;9.97;3.45;1.15;0.62;5.0;INDUS
Baxter (US);2016;10.16;3.55;1.25;0.61;4.8;INDUS
Baxter (US);2017;10.56;3.65;1.42;0.58;4.8;INDUS
Baxter (US);2018;11.12;3.85;1.65;0.62;5.0;INDUS
Baxter (US);2019;11.36;4.05;1.55;0.65;5.0;INDUS
Baxter (US);2020;11.67;4.15;1.45;0.68;5.2;INDUS
Baxter (US);2021;12.78;4.55;1.75;0.72;6.0;INDUS
Baxter (US);2022;15.11;5.15;1.15;0.75;6.0;INDUS
Baxter (US);2023;14.81;5.35;1.45;0.72;6.0;INDUS
Baxter (US);2024;15.45;5.85;1.85;0.82;6.2;INDUS
Becton Dickinson (US);2015;10.28;3.85;1.25;0.65;4.95;INDUS
Becton Dickinson (US);2016;12.48;4.15;1.52;0.82;5.1;INDUS
Becton Dickinson (US);2017;12.09;4.35;1.45;0.78;5.6;INDUS
Becton Dickinson (US);2018;15.98;5.15;2.15;1.05;7.6;INDUS
Becton Dickinson (US);2019;17.29;5.45;2.45;1.15;7.0;INDUS
Becton Dickinson (US);2020;17.12;5.85;2.15;1.1;7.2;INDUS
Becton Dickinson (US);2021;20.25;6.45;2.85;1.35;7.5;INDUS
Becton Dickinson (US);2022;18.87;6.15;2.25;1.25;7.7;INDUS
Becton Dickinson (US);2023;19.37;6.45;2.45;1.25;7.3;INDUS
Becton Dickinson (US);2024;20.15;6.85;2.85;1.35;7.85;INDUS
Beiersdorf (EU);2015;7.66;1.15;1.15;0.23;1.7;INDUS
Beiersdorf (EU);2016;7.89;1.18;1.18;0.24;1.74;INDUS
Beiersdorf (EU);2017;8.13;1.22;1.22;0.24;1.77;INDUS
Beiersdorf (EU);2018;8.37;1.26;1.26;0.25;1.8;INDUS
Beiersdorf (EU);2019;8.63;1.29;1.29;0.26;1.83;INDUS
Beiersdorf (EU);2020;8.88;1.33;1.33;0.27;1.86;INDUS
Beiersdorf (EU);2021;9.15;1.37;1.37;0.27;1.9;INDUS
Beiersdorf (EU);2022;9.43;1.41;1.41;0.28;1.93;INDUS
Beiersdorf (EU);2023;9.71;1.46;1.46;0.29;1.96;INDUS
Beiersdorf (EU);2024;10.0;1.5;1.5;0.3;2.0;INDUS
Bethel Automotive;2015;0.3452;0.131;0.0667;0.019;0.18;INDUS
Bethel Automotive;2016;0.3857;0.1476;0.0833;0.0262;0.22;INDUS
Bethel Automotive;2017;0.5762;0.1786;0.1071;0.0357;0.28;INDUS
Bethel Automotive;2018;0.6143;0.2024;0.1238;0.0429;0.32;INDUS
Bethel Automotive;2019;0.7095;0.25;0.131;0.0524;0.35;INDUS
Bethel Automotive;2020;0.7262;0.2976;0.1476;0.0595;0.38;INDUS
Bethel Automotive;2021;0.8286;0.3452;0.1714;0.0667;0.42;INDUS
Bethel Automotive;2022;1.319;0.5119;0.2024;0.0833;0.55;INDUS
Bethel Automotive;2023;1.7786;0.6786;0.2738;0.1143;0.65;INDUS
Bethel Automotive;2024;2.0238;0.7738;0.3214;0.131;0.75;INDUS
Bio-Techne (US);2015;0.6;0.09;0.15;0.03;0.2;INDUS
Bio-Techne (US);2016;0.65;0.1;0.16;0.03;0.21;INDUS
Bio-Techne (US);2017;0.7;0.1;0.17;0.03;0.22;INDUS
Bio-Techne (US);2018;0.76;0.11;0.19;0.04;0.23;INDUS
Bio-Techne (US);2019;0.82;0.12;0.2;0.04;0.24;INDUS
Bio-Techne (US);2020;0.88;0.13;0.22;0.04;0.25;INDUS
Bio-Techne (US);2021;0.95;0.14;0.24;0.05;0.26;INDUS
Bio-Techne (US);2022;1.03;0.15;0.26;0.05;0.27;INDUS
Bio-Techne (US);2023;1.11;0.17;0.28;0.06;0.29;INDUS
Bio-Techne (US);2024;1.2;0.18;0.3;0.06;0.3;INDUS
Blue Moon Group;2015;1.3095;0.4405;0.1071;0.0286;1.15;INDUS
Blue Moon Group;2016;1.4524;0.5;0.1238;0.0357;1.25;INDUS
Blue Moon Group;2017;1.3405;0.5595;0.1143;0.0429;1.35;INDUS
Blue Moon Group;2018;1.6119;0.5952;0.2024;0.0524;1.45;INDUS
Blue Moon Group;2019;1.6786;0.631;0.3571;0.0595;1.55;INDUS
Blue Moon Group;2020;1.6667;0.6786;0.4167;0.0667;1.65;INDUS
Blue Moon Group;2021;1.8071;0.75;0.2976;0.0762;1.75;INDUS
Blue Moon Group;2022;1.8929;0.8214;0.2024;0.0833;1.85;INDUS
Blue Moon Group;2023;1.7429;0.8929;0.1071;0.0905;1.65;INDUS
Blue Moon Group;2024;1.9286;0.9643;0.1548;0.1;1.75;INDUS
Bobcat (KR);2015;3.5;0.8;0.3;0.1;0.4;INDUS
Bobcat (KR);2016;3.4;0.8;0.3;0.1;0.4;INDUS
Bobcat (KR);2017;3.1;0.9;0.3;0.1;0.4;INDUS
Bobcat (KR);2018;3.6;1.0;0.4;0.1;0.5;INDUS
Bobcat (KR);2019;3.9;1.1;0.4;0.1;0.5;INDUS
Bobcat (KR);2020;3.8;1.2;0.3;0.1;0.5;INDUS
Bobcat (KR);2021;5.0;1.4;0.5;0.2;0.6;INDUS
Bobcat (KR);2022;6.7;1.6;0.8;0.2;0.7;INDUS
Bobcat (KR);2023;7.5;1.8;1.1;0.2;0.8;INDUS
Bobcat (KR);2024;7.2;1.9;0.9;0.2;0.8;INDUS
Boeing (US);2015;96.1;12.5;5.1;3.3;16.1;INDUS
Boeing (US);2016;94.6;12.8;4.9;4.6;15.1;INDUS
Boeing (US);2017;93.4;13.2;10.3;3.2;14.1;INDUS
Boeing (US);2018;101.1;13.8;12.0;3.3;15.3;INDUS
Boeing (US);2019;76.6;14.5;-2.0;3.2;16.1;INDUS
Boeing (US);2020;58.2;15.2;-12.8;2.5;14.1;INDUS
Boeing (US);2021;62.3;14.8;-2.9;2.1;14.2;INDUS
Boeing (US);2022;66.6;14.2;-3.5;2.2;15.6;INDUS
Boeing (US);2023;77.8;14.0;1.8;3.4;17.1;INDUS
Boeing (US);2024;82.5;14.5;2.5;3.6;17.5;INDUS
BorgWarner (US);2015;8.02;1.95;0.92;0.35;3.0;INDUS
BorgWarner (US);2016;9.07;2.15;1.05;0.42;3.8;INDUS
BorgWarner (US);2017;9.8;2.35;1.18;0.48;4.1;INDUS
BorgWarner (US);2018;10.53;2.52;1.25;0.55;4.5;INDUS
BorgWarner (US);2019;10.17;2.65;1.12;0.58;4.3;INDUS
BorgWarner (US);2020;10.16;2.85;0.85;0.65;4.8;INDUS
BorgWarner (US);2021;14.84;3.05;1.35;0.82;5.2;INDUS
BorgWarner (US);2022;15.8;3.25;1.42;0.88;5.5;INDUS
BorgWarner (US);2023;14.2;2.95;1.31;0.78;3.95;INDUS
BorgWarner (US);2024;14.45;3.15;1.45;0.82;4.1;INDUS
Boston Scientific (US);2015;7.48;1.85;1.15;0.85;2.5;INDUS
Boston Scientific (US);2016;8.39;1.95;1.35;0.92;2.7;INDUS
Boston Scientific (US);2017;9.05;2.15;1.55;1.05;2.9;INDUS
Boston Scientific (US);2018;9.82;2.35;1.85;1.15;3.2;INDUS
Boston Scientific (US);2019;10.74;2.55;2.15;1.18;3.6;INDUS
Boston Scientific (US);2020;9.91;2.85;1.25;1.15;3.8;INDUS
Boston Scientific (US);2021;11.89;3.25;2.15;1.25;4.1;INDUS
Boston Scientific (US);2022;12.68;3.45;2.45;1.35;4.5;INDUS
Boston Scientific (US);2023;14.24;3.85;2.85;1.45;4.8;INDUS
Boston Scientific (US);2024;15.52;4.15;3.25;1.55;5.1;INDUS
Brembo (EU);2015;2.28;0.75;0.32;0.11;0.82;INDUS
Brembo (EU);2016;2.51;0.82;0.38;0.12;0.9;INDUS
Brembo (EU);2017;2.72;0.88;0.42;0.14;0.98;INDUS
Brembo (EU);2018;2.85;0.95;0.45;0.15;1.05;INDUS
Brembo (EU);2019;2.82;1.05;0.38;0.15;1.08;INDUS
Brembo (EU);2020;2.32;1.12;0.21;0.14;1.1;INDUS
Brembo (EU);2021;3.15;1.25;0.35;0.18;1.22;INDUS
Brembo (EU);2022;3.85;1.38;0.48;0.22;1.3;INDUS
Brembo (EU);2023;4.15;1.45;0.55;0.25;1.35;INDUS
Brembo (EU);2024;4.25;1.52;0.62;0.28;1.4;INDUS
Bridgestone (JP);2015;31.5;12.2;4.3;0.8;14.4;INDUS
Bridgestone (JP);2016;29.4;11.8;3.9;0.8;14.4;INDUS
Bridgestone (JP);2017;32.5;12.1;3.8;0.9;14.3;INDUS
Bridgestone (JP);2018;32.1;12.5;3.6;0.9;14.3;INDUS
Bridgestone (JP);2019;31.8;13.2;3.1;0.9;14.4;INDUS
Bridgestone (JP);2020;26.8;13.5;2.0;0.8;13.8;INDUS
Bridgestone (JP);2021;28.5;12.8;3.4;0.8;13.5;INDUS
Bridgestone (JP);2022;30.1;13.1;3.6;0.8;13.0;INDUS
Bridgestone (JP);2023;29.5;13.4;3.5;0.9;12.6;INDUS
Bridgestone (JP);2024;31.2;13.8;3.8;0.9;12.8;INDUS
C&U Group;2015;2.9762;1.1548;0.2667;0.1071;1.25;INDUS
C&U Group;2016;3.1429;1.219;0.2976;0.1238;1.32;INDUS
C&U Group;2017;3.7619;1.3929;0.4405;0.1548;1.45;INDUS
C&U Group;2018;4.0952;1.5357;0.5048;0.1952;1.55;INDUS
C&U Group;2019;3.9286;1.631;0.369;0.2024;1.48;INDUS
C&U Group;2020;4.2381;1.7262;0.4643;0.25;1.52;INDUS
C&U Group;2021;4.881;1.9333;0.6;0.3214;1.65;INDUS
C&U Group;2022;4.5714;2.0357;0.2976;0.3452;1.58;INDUS
C&U Group;2023;5.3333;2.2024;0.6786;0.4167;1.72;INDUS
C&U Group;2024;5.9048;2.4095;0.7738;0.5119;1.85;INDUS
CATL;2015;1.3571;0.5833;0.2738;0.1071;0.85;INDUS
CATL;2016;3.5429;1.1548;0.7738;0.2667;1.35;INDUS
CATL;2017;4.7595;1.9405;1.0762;0.3857;1.45;INDUS
CATL;2018;7.05;2.981;1.0119;0.4738;1.95;INDUS
CATL;2019;10.9;4.3929;1.3929;0.7024;2.65;INDUS
CATL;2020;11.981;5.9167;1.7024;0.8452;3.3;INDUS
CATL;2021;31.0357;13.1238;4.3929;1.8214;8.35;INDUS
CATL;2022;78.2357;25.0357;9.0833;3.6952;11.85;INDUS
CATL;2023;95.4548;29.869;12.8857;4.3929;11.6;INDUS
CCL Industries (CA);2015;3.51;1.23;0.53;0.04;2.02;INDUS
CCL Industries (CA);2016;3.65;1.28;0.55;0.04;2.07;INDUS
CCL Industries (CA);2017;3.8;1.33;0.57;0.04;2.12;INDUS
CCL Industries (CA);2018;3.95;1.38;0.59;0.04;2.17;INDUS
CCL Industries (CA);2019;4.11;1.44;0.62;0.04;2.22;INDUS
CCL Industries (CA);2020;4.27;1.49;0.64;0.04;2.28;INDUS
CCL Industries (CA);2021;4.44;1.55;0.67;0.04;2.33;INDUS
CCL Industries (CA);2022;4.62;1.62;0.69;0.05;2.39;INDUS
CCL Industries (CA);2023;4.81;1.68;0.72;0.05;2.44;INDUS
CCL Industries (CA);2024;5.0;1.75;0.75;0.05;2.5;INDUS
CIMC;2015;13.9738;4.3929;0.7738;0.2024;5.12;INDUS
CIMC;2016;12.169;4.5524;0.2667;0.219;4.95;INDUS
CIMC;2017;18.1667;4.8857;1.0762;0.2738;5.05;INDUS
CIMC;2018;22.2619;5.2024;1.4881;0.3452;5.15;INDUS
CIMC;2019;20.431;5.5833;1.1548;0.3619;4.85;INDUS
CIMC;2020;22.419;5.981;1.219;0.4405;4.72;INDUS
CIMC;2021;38.9762;6.7976;3.1548;0.5833;5.25;INDUS
CIMC;2022;33.7;7.4095;2.0119;0.6071;5.05;INDUS
CIMC;2023;30.431;8.219;0.981;0.5833;4.85;INDUS
CIMC;2024;32.981;9.0762;1.3929;0.6786;5.12;INDUS
CJ CheilJedang (KR);2015;11.5;3.2;0.7;0.1;0.6;INDUS
CJ CheilJedang (KR);2016;12.8;3.5;0.8;0.1;0.6;INDUS
CJ CheilJedang (KR);2017;14.2;3.8;0.7;0.1;0.7;INDUS
CJ CheilJedang (KR);2018;16.5;4.2;0.8;0.1;0.8;INDUS
CJ CheilJedang (KR);2019;19.2;5.1;0.8;0.2;0.8;INDUS
CJ CheilJedang (KR);2020;21.4;5.8;1.2;0.2;0.9;INDUS
CJ CheilJedang (KR);2021;23.5;6.1;1.4;0.2;0.9;INDUS
CJ CheilJedang (KR);2022;25.8;6.5;1.5;0.2;1.0;INDUS
CJ CheilJedang (KR);2023;24.2;6.8;1.2;0.2;1.0;INDUS
CJ CheilJedang (KR);2024;25.5;7.2;1.4;0.2;1.0;INDUS
CRRC Corp;2015;57.5976;13.9095;3.9167;2.369;19.12;INDUS
CRRC Corp;2016;54.6952;14.7976;3.7667;2.4333;18.85;INDUS
CRRC Corp;2017;50.2405;15.6786;3.4643;2.5833;18.42;INDUS
CRRC Corp;2018;52.1619;16.5286;3.6238;2.6786;17.85;INDUS
CRRC Corp;2019;54.5262;17.1786;3.8381;2.8857;17.25;INDUS
CRRC Corp;2020;54.2048;18.0524;3.7976;3.1548;16.85;INDUS
CRRC Corp;2021;53.7452;18.6786;3.5357;3.3619;16.45;INDUS
CRRC Corp;2022;53.081;19.5524;3.2262;3.631;16.12;INDUS
CRRC Corp;2023;55.7667;20.3452;3.6;3.9167;15.85;INDUS
CRRC Corp;2024;60.0286;22.0119;4.25;4.4095;15.52;INDUS
CSSC (Naval);2015;6.7905;3.6;0.1548;0.2976;3.45;INDUS
CSSC (Naval);2016;7.0119;3.7738;0.1714;0.3214;3.52;INDUS
CSSC (Naval);2017;7.1786;3.9167;0.1929;0.3619;3.6;INDUS
CSSC (Naval);2018;7.6548;4.0119;0.2024;0.4405;3.65;INDUS
CSSC (Naval);2019;7.7429;4.4095;0.219;0.5119;3.75;INDUS
CSSC (Naval);2020;8.2976;5.1071;0.25;0.5833;3.85;INDUS
CSSC (Naval);2021;14.2143;6.0595;0.2976;0.75;4.25;INDUS
CSSC (Naval);2022;14.1786;6.7024;0.4405;0.9167;4.45;INDUS
CSSC (Naval);2023;16.2905;7.2667;0.5119;0.981;4.52;INDUS
CSSC (Naval);2024;17.9524;7.6476;0.6786;1.0833;4.55;INDUS
Canon (JP);2015;31.5;5.8;2.9;2.5;19.0;INDUS
Canon (JP);2016;28.5;5.6;1.9;2.5;19.7;INDUS
Canon (JP);2017;34.8;6.2;2.8;2.9;19.8;INDUS
Canon (JP);2018;34.1;6.5;2.9;2.8;19.5;INDUS
Canon (JP);2019;31.2;6.8;1.5;2.6;18.7;INDUS
Canon (JP);2020;28.2;6.5;1.0;2.5;18.1;INDUS
Canon (JP);2021;30.5;6.1;2.4;2.5;18.4;INDUS
Canon (JP);2022;28.4;5.9;2.6;2.3;18.0;INDUS
Canon (JP);2023;27.5;6.2;2.5;2.3;17.5;INDUS
Canon (JP);2024;28.8;6.5;2.8;2.4;17.2;INDUS
Carl Zeiss Meditec (EU);2015;1.3;0.13;0.26;0.2;0.29;INDUS
Carl Zeiss Meditec (EU);2016;1.38;0.14;0.28;0.21;0.3;INDUS
Carl Zeiss Meditec (EU);2017;1.46;0.15;0.29;0.22;0.31;INDUS
Carl Zeiss Meditec (EU);2018;1.55;0.16;0.31;0.23;0.32;INDUS
Carl Zeiss Meditec (EU);2019;1.64;0.16;0.33;0.25;0.34;INDUS
Carl Zeiss Meditec (EU);2020;1.74;0.17;0.35;0.26;0.35;INDUS
Carl Zeiss Meditec (EU);2021;1.85;0.19;0.37;0.28;0.36;INDUS
Carl Zeiss Meditec (EU);2022;1.96;0.2;0.39;0.29;0.37;INDUS
Carl Zeiss Meditec (EU);2023;2.08;0.21;0.42;0.31;0.39;INDUS
Carl Zeiss Meditec (EU);2024;2.2;0.22;0.44;0.33;0.4;INDUS
Caterpillar (US);2015;47.0;15.2;4.5;2.1;10.5;INDUS
Caterpillar (US);2016;38.5;14.1;0.5;1.9;9.5;INDUS
Caterpillar (US);2017;45.5;13.8;4.5;2.0;9.8;INDUS
Caterpillar (US);2018;54.7;14.2;8.3;2.1;10.4;INDUS
Caterpillar (US);2019;53.8;14.5;8.3;2.0;10.2;INDUS
Caterpillar (US);2020;41.7;14.8;4.5;1.9;9.7;INDUS
Caterpillar (US);2021;51.0;15.2;6.8;2.0;10.7;INDUS
Caterpillar (US);2022;59.4;15.5;8.7;2.2;10.9;INDUS
Caterpillar (US);2023;67.1;15.8;13.0;2.3;11.3;INDUS
Caterpillar (US);2024;64.8;16.2;12.5;2.4;11.1;INDUS
Celestica (CA);2015;5.62;0.56;0.28;0.06;2.1;INDUS
Celestica (CA);2016;5.85;0.58;0.29;0.06;2.15;INDUS
Celestica (CA);2017;6.08;0.61;0.3;0.06;2.21;INDUS
Celestica (CA);2018;6.32;0.63;0.32;0.06;2.26;INDUS
Celestica (CA);2019;6.58;0.66;0.33;0.07;2.31;INDUS
Celestica (CA);2020;6.84;0.68;0.34;0.07;2.37;INDUS
Celestica (CA);2021;7.11;0.71;0.36;0.07;2.42;INDUS
Celestica (CA);2022;7.4;0.74;0.37;0.07;2.48;INDUS
Celestica (CA);2023;7.69;0.77;0.38;0.08;2.54;INDUS
Celestica (CA);2024;8.0;0.8;0.4;0.08;2.6;INDUS
Changan Automobile;2015;15.9048;4.4048;2.4286;0.6667;3.8;INDUS
Changan Automobile;2016;18.6905;4.8095;2.7381;0.7619;4.1;INDUS
Changan Automobile;2017;19.0714;5.3571;1.7857;0.8333;4.5;INDUS
Changan Automobile;2018;15.7857;5.7381;0.1905;0.9048;4.2;INDUS
Changan Automobile;2019;16.8095;6.1429;0.2857;1.0;4.0;INDUS
Changan Automobile;2020;20.119;6.3095;0.9048;1.0714;4.2;INDUS
Changan Automobile;2021;25.0238;6.7143;1.0714;1.2143;4.5;INDUS
Changan Automobile;2022;28.8571;7.2619;1.9524;1.381;4.8;INDUS
Changan Automobile;2023;36.0238;7.9048;2.9762;1.7857;5.2;INDUS
Changan Automobile;2024;39.4048;8.5238;3.381;1.9524;5.5;INDUS
Chengxin Lithium;2015;0.2024;0.1071;0.0119;0.0048;0.15;INDUS
Chengxin Lithium;2016;0.2667;0.1548;0.0286;0.0095;0.18;INDUS
Chengxin Lithium;2017;0.369;0.2262;0.0595;0.0143;0.22;INDUS
Chengxin Lithium;2018;0.5048;0.3452;0.0357;0.019;0.25;INDUS
Chengxin Lithium;2019;0.5429;0.5048;-0.0357;0.0286;0.32;INDUS
Chengxin Lithium;2020;0.4333;0.6786;0.0119;0.0357;0.28;INDUS
Chengxin Lithium;2021;1.5571;0.981;0.4405;0.0833;0.45;INDUS
Chengxin Lithium;2022;2.8643;1.631;1.4571;0.131;0.65;INDUS
Chengxin Lithium;2023;2.0262;1.9333;0.2667;0.1143;0.58;INDUS
Chengxin Lithium;2024;2.3452;2.2667;0.3619;0.1548;0.62;INDUS
China Moly;2015;1.0524;3.6786;0.2667;0.0286;0.85;INDUS
China Moly;2016;1.6548;7.6476;0.3619;0.0595;1.12;INDUS
China Moly;2017;5.75;8.5357;1.0762;0.1071;1.45;INDUS
China Moly;2018;6.181;9.1476;1.4571;0.1476;1.55;INDUS
China Moly;2019;16.3548;10.0286;0.7429;0.2024;1.85;INDUS
China Moly;2020;26.9;10.8381;0.981;0.2667;2.12;INDUS
China Moly;2021;41.3952;12.4095;1.7905;0.3452;2.45;INDUS
China Moly;2022;41.1881;14.631;2.4095;0.4405;2.65;INDUS
China Moly;2023;44.3476;16.219;2.6786;0.5048;2.85;INDUS
China Moly;2024;48.131;18.0595;3.2024;0.6071;3.12;INDUS
China North Rare;2015;1.5524;1.1548;0.0833;0.0286;0.85;INDUS
China North Rare;2016;1.219;1.1238;0.0524;0.0214;0.82;INDUS
China North Rare;2017;2.4405;1.0833;0.1548;0.0357;0.88;INDUS
China North Rare;2018;3.2976;1.0524;0.2024;0.0524;0.92;INDUS
China North Rare;2019;4.3143;1.0119;0.2667;0.0667;0.95;INDUS
China North Rare;2020;5.0595;0.981;0.3452;0.0833;0.98;INDUS
China North Rare;2021;7.25;0.9643;1.631;0.1238;1.05;INDUS
China North Rare;2022;8.869;0.9881;2.0286;0.1548;1.12;INDUS
China North Rare;2023;7.981;1.0357;1.0119;0.1381;1.08;INDUS
China North Rare;2024;8.6;1.0833;1.219;0.1714;1.15;INDUS
China Resources Beer;2015;6.7857;3.619;0.2976;0.0286;5.8;INDUS
China Resources Beer;2016;6.8333;3.7738;0.2738;0.0357;5.5;INDUS
China Resources Beer;2017;7.0833;3.8571;0.4405;0.0429;5.2;INDUS
China Resources Beer;2018;7.5833;4.0119;0.3929;0.0524;4.5;INDUS
China Resources Beer;2019;7.4524;4.1667;0.5119;0.0595;3.8;INDUS
China Resources Beer;2020;7.4881;4.3333;0.6786;0.0667;3.2;INDUS
China Resources Beer;2021;7.9524;4.5595;1.3929;0.0833;2.8;INDUS
China Resources Beer;2022;8.3929;4.7262;1.25;0.1;2.5;INDUS
China Resources Beer;2023;9.2619;4.881;1.631;0.1143;2.6;INDUS
China Resources Beer;2024;9.881;5.0476;1.7857;0.131;2.75;INDUS
Chongqing Brewery;2015;0.7905;0.4405;0.0833;0.0119;0.35;INDUS
Chongqing Brewery;2016;0.6786;0.4095;0.1;0.0119;0.32;INDUS
Chongqing Brewery;2017;0.75;0.3929;0.131;0.0143;0.28;INDUS
Chongqing Brewery;2018;0.8214;0.3762;0.1619;0.019;0.25;INDUS
Chongqing Brewery;2019;0.8524;0.3619;0.1952;0.0238;0.23;INDUS
Chongqing Brewery;2020;2.6071;0.9167;0.6071;0.0286;0.72;INDUS
Chongqing Brewery;2021;3.131;0.9881;0.7738;0.0357;0.75;INDUS
Chongqing Brewery;2022;3.3452;1.0714;0.8452;0.0429;0.78;INDUS
Chongqing Brewery;2023;3.5238;1.1548;0.9167;0.0524;0.82;INDUS
Chongqing Brewery;2024;3.6905;1.2381;1.0119;0.0595;0.85;INDUS
Cisco (US);2015;49.2;3.5;10.7;6.2;7.2;INDUS
Cisco (US);2016;49.2;3.4;12.4;6.3;7.4;INDUS
Cisco (US);2017;48.0;3.6;12.0;6.1;7.3;INDUS
Cisco (US);2018;49.3;3.2;12.7;6.3;7.4;INDUS
Cisco (US);2019;51.9;3.0;14.2;6.3;7.6;INDUS
Cisco (US);2020;49.3;2.8;13.6;6.3;7.8;INDUS
Cisco (US);2021;49.8;2.5;12.8;6.5;8.0;INDUS
Cisco (US);2022;51.6;2.3;14.0;6.8;8.3;INDUS
Cisco (US);2023;57.0;2.1;15.0;7.5;8.5;INDUS
Cisco (US);2024;53.8;2.2;14.2;7.6;8.4;INDUS
Cobot Tech Ind;2015;0.0286;0.0119;0.0024;0.0048;0.03;INDUS
Cobot Tech Ind;2016;0.0429;0.019;0.0048;0.0095;0.04;INDUS
Cobot Tech Ind;2017;0.0833;0.0357;0.0119;0.019;0.06;INDUS
Cobot Tech Ind;2018;0.1714;0.0762;0.0286;0.0357;0.12;INDUS
Cobot Tech Ind;2019;0.2738;0.1238;0.0429;0.0595;0.18;INDUS
Cobot Tech Ind;2020;0.3452;0.2024;0.0595;0.0833;0.25;INDUS
Cobot Tech Ind;2021;0.4405;0.2976;0.0524;0.1071;0.35;INDUS
Cobot Tech Ind;2022;0.5119;0.4405;0.0667;0.1548;0.42;INDUS
Cobot Tech Ind;2023;0.631;0.5833;0.0833;0.2024;0.55;INDUS
Coca-Cola (US);2015;44.29;12.55;10.25;0.65;12.3;INDUS
Coca-Cola (US);2016;41.86;11.85;9.85;0.62;10.0;INDUS
Coca-Cola (US);2017;35.41;10.25;8.45;0.58;6.1;INDUS
Coca-Cola (US);2018;31.85;9.85;8.15;0.52;6.2;INDUS
Coca-Cola (US);2019;37.27;10.85;10.05;0.55;8.6;INDUS
Coca-Cola (US);2020;33.01;10.52;8.85;0.58;8.0;INDUS
Coca-Cola (US);2021;38.65;11.15;10.32;0.62;7.9;INDUS
Coca-Cola (US);2022;43.01;12.25;10.95;0.65;8.2;INDUS
Coca-Cola (US);2023;45.75;12.85;11.35;0.68;7.9;INDUS
Coca-Cola (US);2024;46.85;13.15;11.85;0.72;8.1;INDUS
Cofco Sugar;2015;2.7429;0.9881;0.1071;0.0119;0.85;INDUS
Cofco Sugar;2016;3.0595;1.0357;0.1238;0.0143;0.88;INDUS
Cofco Sugar;2017;4.5524;1.2262;0.2024;0.0167;0.9;INDUS
Cofco Sugar;2018;4.1714;1.3929;0.1548;0.019;0.92;INDUS
Cofco Sugar;2019;4.3857;1.4643;0.1714;0.0214;0.95;INDUS
Cofco Sugar;2020;5.0286;1.631;0.219;0.0238;0.96;INDUS
Cofco Sugar;2021;5.9905;1.7024;0.2667;0.0286;0.98;INDUS
Cofco Sugar;2022;6.2976;1.869;0.2976;0.0333;1.02;INDUS
Cofco Sugar;2023;7.1786;1.9405;0.3286;0.0381;1.04;INDUS
Cofco Sugar;2024;7.5714;2.0238;0.3452;0.0429;1.05;INDUS
Cognex (US);2015;0.64;0.06;0.16;0.1;0.23;INDUS
Cognex (US);2016;0.68;0.07;0.17;0.1;0.24;INDUS
Cognex (US);2017;0.71;0.07;0.18;0.11;0.24;INDUS
Cognex (US);2018;0.75;0.08;0.19;0.11;0.25;INDUS
Cognex (US);2019;0.78;0.08;0.2;0.12;0.26;INDUS
Cognex (US);2020;0.82;0.08;0.2;0.12;0.27;INDUS
Cognex (US);2021;0.86;0.09;0.21;0.13;0.27;INDUS
Cognex (US);2022;0.91;0.09;0.23;0.14;0.28;INDUS
Cognex (US);2023;0.95;0.1;0.24;0.14;0.29;INDUS
Cognex (US);2024;1.0;0.1;0.25;0.15;0.3;INDUS
Coherent Corp (US);2015;2.21;0.66;0.27;0.27;1.57;INDUS
Coherent Corp (US);2016;2.41;0.72;0.29;0.29;1.65;INDUS
Coherent Corp (US);2017;2.63;0.79;0.32;0.32;1.74;INDUS
Coherent Corp (US);2018;2.86;0.86;0.34;0.34;1.83;INDUS
Coherent Corp (US);2019;3.12;0.94;0.37;0.37;1.93;INDUS
Coherent Corp (US);2020;3.4;1.02;0.41;0.41;2.03;INDUS
Coherent Corp (US);2021;3.71;1.11;0.45;0.45;2.14;INDUS
Coherent Corp (US);2022;4.04;1.21;0.48;0.48;2.25;INDUS
Coherent Corp (US);2023;4.4;1.32;0.53;0.53;2.37;INDUS
Coherent Corp (US);2024;4.8;1.44;0.58;0.58;2.5;INDUS
Colgate-Palmolive (US);2015;16.03;3.15;3.85;0.28;3.8;INDUS
Colgate-Palmolive (US);2016;15.19;3.25;3.75;0.29;3.7;INDUS
Colgate-Palmolive (US);2017;15.45;3.35;3.95;0.31;3.6;INDUS
Colgate-Palmolive (US);2018;15.54;3.45;4.15;0.32;3.5;INDUS
Colgate-Palmolive (US);2019;15.69;3.65;4.25;0.35;3.4;INDUS
Colgate-Palmolive (US);2020;16.47;3.85;4.15;0.38;3.4;INDUS
Colgate-Palmolive (US);2021;17.42;4.15;4.45;0.42;3.4;INDUS
Colgate-Palmolive (US);2022;17.97;4.45;4.52;0.45;3.4;INDUS
Colgate-Palmolive (US);2023;19.46;4.85;4.25;0.48;3.4;INDUS
Colgate-Palmolive (US);2024;20.15;5.15;4.85;0.52;3.5;INDUS
Continental (EU);2015;39.2;11.2;4.1;2.4;20.8;INDUS
Continental (EU);2016;40.5;11.8;4.1;2.8;22.0;INDUS
Continental (EU);2017;44.0;12.5;4.6;3.1;23.5;INDUS
Continental (EU);2018;44.4;13.1;4.0;3.2;24.3;INDUS
Continental (EU);2019;44.5;14.8;-0.2;3.4;24.1;INDUS
Continental (EU);2020;37.7;14.2;-0.7;3.2;23.6;INDUS
Continental (EU);2021;33.8;12.1;1.8;2.6;19.1;INDUS
Continental (EU);2022;39.4;12.5;0.7;2.9;19.9;INDUS
Continental (EU);2023;41.4;12.8;1.9;3.1;20.3;INDUS
Continental (EU);2024;42.5;13.2;2.2;3.3;20.5;INDUS
Corning (US);2015;10.35;5.17;1.55;0.83;4.26;INDUS
Corning (US);2016;10.66;5.33;1.6;0.85;4.34;INDUS
Corning (US);2017;10.98;5.49;1.65;0.88;4.42;INDUS
Corning (US);2018;11.31;5.66;1.7;0.9;4.5;INDUS
Corning (US);2019;11.65;5.83;1.75;0.93;4.58;INDUS
Corning (US);2020;11.99;6.0;1.8;0.96;4.66;INDUS
Corning (US);2021;12.35;6.17;1.85;0.99;4.74;INDUS
Corning (US);2022;12.73;6.37;1.91;1.02;4.83;INDUS
Corning (US);2023;13.11;6.55;1.97;1.05;4.91;INDUS
Corning (US);2024;13.5;6.75;2.02;1.08;5.0;INDUS
Coway (KR);2015;2.1;0.5;0.4;0.0;0.5;INDUS
Coway (KR);2016;2.2;0.6;0.3;0.0;0.5;INDUS
Coway (KR);2017;2.3;0.6;0.4;0.0;0.5;INDUS
Coway (KR);2018;2.5;0.7;0.5;0.0;0.6;INDUS
Coway (KR);2019;2.8;0.8;0.4;0.0;0.6;INDUS
Coway (KR);2020;3.0;0.9;0.6;0.0;0.6;INDUS
Coway (KR);2021;3.3;1.0;0.6;0.1;0.7;INDUS
Coway (KR);2022;3.5;1.1;0.6;0.1;0.7;INDUS
Coway (KR);2023;3.7;1.2;0.6;0.1;0.7;INDUS
Coway (KR);2024;3.9;1.3;0.7;0.1;0.7;INDUS
Croda International (EU);2015;1.48;0.59;0.3;0.06;0.49;INDUS
Croda International (EU);2016;1.53;0.61;0.31;0.06;0.5;INDUS
Croda International (EU);2017;1.6;0.64;0.32;0.06;0.51;INDUS
Croda International (EU);2018;1.66;0.66;0.33;0.07;0.52;INDUS
Croda International (EU);2019;1.73;0.69;0.35;0.07;0.53;INDUS
Croda International (EU);2020;1.8;0.72;0.36;0.07;0.55;INDUS
Croda International (EU);2021;1.87;0.75;0.37;0.07;0.56;INDUS
Croda International (EU);2022;1.94;0.78;0.39;0.08;0.57;INDUS
Croda International (EU);2023;2.02;0.81;0.4;0.08;0.59;INDUS
Croda International (EU);2024;2.1;0.84;0.42;0.08;0.6;INDUS
Cummins (US);2015;19.11;3.85;2.15;0.72;5.5;INDUS
Cummins (US);2016;17.51;3.75;1.85;0.7;5.5;INDUS
Cummins (US);2017;20.41;3.95;2.45;0.75;5.8;INDUS
Cummins (US);2018;23.77;4.15;3.05;0.91;6.2;INDUS
Cummins (US);2019;23.57;4.35;2.85;1.01;6.1;INDUS
Cummins (US);2020;19.81;4.45;1.85;0.95;5.8;INDUS
Cummins (US);2021;24.02;4.85;2.85;1.1;5.9;INDUS
Cummins (US);2022;28.07;5.15;2.95;1.25;7.3;INDUS
Cummins (US);2023;34.01;5.45;3.15;1.35;7.5;INDUS
Cummins (US);2024;36.15;5.85;3.85;1.45;7.8;INDUS
Dahua Tech;2015;2.4;0.2667;0.3619;0.2262;0.85;INDUS
Dahua Tech;2016;3.1738;0.3452;0.5119;0.3381;1.15;INDUS
Dahua Tech;2017;4.4857;0.4405;0.6786;0.4167;1.45;INDUS
Dahua Tech;2018;5.6357;0.5833;0.7024;0.5357;1.65;INDUS
Dahua Tech;2019;6.2262;0.75;0.8381;0.6548;1.82;INDUS
Dahua Tech;2020;6.3024;0.9167;0.981;0.7262;1.95;INDUS
Dahua Tech;2021;7.831;1.0762;0.9167;0.8214;2.25;INDUS
Dahua Tech;2022;7.2762;1.219;0.6;0.9167;2.15;INDUS
Dahua Tech;2023;7.6714;1.3929;0.6786;0.9881;2.35;INDUS
Daifuku (JP);2015;2.45;0.35;0.18;0.05;0.8;INDUS
Daifuku (JP);2016;2.65;0.38;0.22;0.06;0.8;INDUS
Daifuku (JP);2017;3.15;0.42;0.35;0.08;0.9;INDUS
Daifuku (JP);2018;3.85;0.45;0.48;0.09;1.0;INDUS
Daifuku (JP);2019;4.25;0.48;0.52;0.11;1.1;INDUS
Daifuku (JP);2020;4.05;0.52;0.42;0.12;1.1;INDUS
Daifuku (JP);2021;4.52;0.58;0.55;0.14;1.2;INDUS
Daifuku (JP);2022;5.15;0.65;0.62;0.18;1.3;INDUS
Daifuku (JP);2023;5.42;0.72;0.68;0.21;1.35;INDUS
Daifuku (JP);2024;5.65;0.78;0.75;0.25;1.45;INDUS
Daikin (JP);2015;17.1;4.2;1.8;0.5;6.0;INDUS
Daikin (JP);2016;16.8;4.3;1.9;0.5;6.7;INDUS
Daikin (JP);2017;18.9;4.5;2.2;0.6;7.0;INDUS
Daikin (JP);2018;20.8;4.8;2.4;0.6;7.6;INDUS
Daikin (JP);2019;21.5;5.1;2.3;0.7;8.0;INDUS
Daikin (JP);2020;21.2;5.4;2.1;0.7;8.5;INDUS
Daikin (JP);2021;24.8;5.8;2.7;0.8;8.9;INDUS
Daikin (JP);2022;27.5;6.1;2.2;0.8;9.6;INDUS
Daikin (JP);2023;31.2;6.5;3.1;0.9;9.8;INDUS
Daikin (JP);2024;33.1;6.8;3.4;0.9;10.1;INDUS
Dali Foods Group;2015;4.0143;1.1548;0.9762;0.0286;3.85;INDUS
Dali Foods Group;2016;4.2476;1.219;1.0714;0.0357;3.75;INDUS
Dali Foods Group;2017;4.7143;1.3095;1.25;0.0429;3.65;INDUS
Dali Foods Group;2018;4.9667;1.3929;1.3333;0.0524;3.55;INDUS
Dali Foods Group;2019;5.0905;1.4762;1.3929;0.0595;3.45;INDUS
Dali Foods Group;2020;4.9905;1.5476;1.3095;0.0667;3.35;INDUS
Dali Foods Group;2021;5.2952;1.631;1.1548;0.0762;3.45;INDUS
Dali Foods Group;2022;4.7524;1.7024;0.9881;0.0833;3.25;INDUS
Dali Foods Group;2023;4.881;1.7738;1.0595;0.0905;3.15;INDUS
Dali Foods Group;2024;5.0476;1.8452;1.1548;0.1;3.25;INDUS
Dana Inc (US);2015;6.06;1.25;0.45;0.18;2.3;INDUS
Dana Inc (US);2016;5.83;1.28;0.38;0.2;2.5;INDUS
Dana Inc (US);2017;7.21;1.45;0.62;0.25;3.0;INDUS
Dana Inc (US);2018;8.14;1.65;0.75;0.32;3.6;INDUS
Dana Inc (US);2019;8.62;1.85;0.65;0.35;3.6;INDUS
Dana Inc (US);2020;7.1;1.92;0.15;0.32;3.8;INDUS
Dana Inc (US);2021;8.94;2.05;0.45;0.38;4.0;INDUS
Dana Inc (US);2022;10.16;2.15;0.25;0.42;4.2;INDUS
Dana Inc (US);2023;10.56;2.25;0.48;0.45;4.2;INDUS
Dana Inc (US);2024;10.65;2.35;0.55;0.48;4.25;INDUS
Danaher (US);2015;14.5;2.8;2.8;1.1;5.9;INDUS
Danaher (US);2016;16.8;3.1;3.2;1.2;6.2;INDUS
Danaher (US);2017;18.3;3.4;3.5;1.3;6.7;INDUS
Danaher (US);2018;19.9;3.8;3.9;1.5;7.1;INDUS
Danaher (US);2019;17.9;4.1;3.4;1.6;6.0;INDUS
Danaher (US);2020;22.2;4.5;4.8;1.8;6.7;INDUS
Danaher (US);2021;29.4;4.8;7.5;2.1;8.0;INDUS
Danaher (US);2022;31.4;5.1;8.2;2.2;8.1;INDUS
Danaher (US);2023;23.9;5.0;5.2;1.8;8.0;INDUS
Danaher (US);2024;23.8;5.2;5.5;1.8;8.1;INDUS
Danone (EU);2015;24.8;7.2;3.2;0.3;9.9;INDUS
Danone (EU);2016;24.2;7.5;3.4;0.3;10.2;INDUS
Danone (EU);2017;28.1;8.5;3.9;0.4;10.1;INDUS
Danone (EU);2018;29.0;8.6;4.0;0.4;10.6;INDUS
Danone (EU);2019;28.3;8.8;4.1;0.4;10.2;INDUS
Danone (EU);2020;26.9;9.1;3.3;0.4;10.2;INDUS
Danone (EU);2021;28.4;8.9;3.8;0.4;10.0;INDUS
Danone (EU);2022;27.7;8.8;3.4;0.4;9.6;INDUS
Danone (EU);2023;29.8;8.5;3.6;0.5;8.9;INDUS
Danone (EU);2024;29.2;8.2;3.8;0.5;8.8;INDUS
Dassault Aviation (EU);2015;4.6;0.7;0.5;0.4;1.2;INDUS
Dassault Aviation (EU);2016;3.9;0.7;0.2;0.4;1.2;INDUS
Dassault Aviation (EU);2017;5.4;0.8;0.5;0.4;1.1;INDUS
Dassault Aviation (EU);2018;5.6;0.8;0.7;0.4;1.1;INDUS
Dassault Aviation (EU);2019;8.0;0.9;0.8;0.6;1.3;INDUS
Dassault Aviation (EU);2020;6.1;1.0;0.3;0.6;1.2;INDUS
Dassault Aviation (EU);2021;8.5;1.1;0.6;0.6;1.2;INDUS
Dassault Aviation (EU);2022;7.3;1.2;0.6;0.7;1.3;INDUS
Dassault Aviation (EU);2023;5.2;1.2;0.4;0.7;1.4;INDUS
Dassault Aviation (EU);2024;6.1;1.3;0.5;0.8;1.5;INDUS
Deere & Co (US);2015;28.8;10.5;3.2;1.4;5.7;INDUS
Deere & Co (US);2016;26.6;10.2;2.8;1.4;5.6;INDUS
Deere & Co (US);2017;29.7;10.8;3.5;1.5;6.0;INDUS
Deere & Co (US);2018;37.3;11.4;5.1;1.6;7.4;INDUS
Deere & Co (US);2019;39.2;12.1;4.8;1.7;7.4;INDUS
Deere & Co (US);2020;35.5;12.5;4.2;1.8;7.0;INDUS
Deere & Co (US);2021;44.0;13.2;7.5;1.9;7.5;INDUS
Deere & Co (US);2022;52.5;13.8;9.2;2.0;8.2;INDUS
Deere & Co (US);2023;61.2;14.5;12.1;2.2;8.3;INDUS
Deere & Co (US);2024;55.4;14.2;10.8;2.1;8.2;INDUS
Denka (JP);2015;3.4;1.5;0.3;0.1;0.6;INDUS
Denka (JP);2016;3.2;1.6;0.3;0.1;0.6;INDUS
Denka (JP);2017;3.6;1.7;0.4;0.1;0.6;INDUS
Denka (JP);2018;3.8;1.8;0.5;0.1;0.6;INDUS
Denka (JP);2019;3.5;1.9;0.3;0.1;0.6;INDUS
Denka (JP);2020;3.3;2.0;0.3;0.1;0.6;INDUS
Denka (JP);2021;3.6;2.1;0.4;0.1;0.6;INDUS
Denka (JP);2022;3.8;2.2;0.4;0.1;0.6;INDUS
Denka (JP);2023;3.5;2.1;0.2;0.1;0.6;INDUS
Denka (JP);2024;3.7;2.2;0.3;0.1;0.6;INDUS
Denso (JP);2015;37.5;11.5;2.8;3.2;15.1;INDUS
Denso (JP);2016;39.1;12.1;2.7;3.4;15.5;INDUS
Denso (JP);2017;45.2;12.8;3.6;4.0;16.9;INDUS
Denso (JP);2018;48.5;13.5;2.8;4.4;17.2;INDUS
Denso (JP);2019;46.8;14.2;0.6;4.5;17.1;INDUS
Denso (JP);2020;42.1;13.8;1.5;4.5;16.8;INDUS
Denso (JP);2021;47.6;14.5;3.2;4.6;16.8;INDUS
Denso (JP);2022;52.1;15.2;3.5;4.8;16.5;INDUS
Denso (JP);2023;54.8;16.1;4.2;5.1;16.4;INDUS
Denso (JP);2024;56.5;16.8;4.5;5.4;16.6;INDUS
Dexcom (US);2015;0.4;0.15;-0.05;0.12;0.12;INDUS
Dexcom (US);2016;0.57;0.21;-0.08;0.18;0.15;INDUS
Dexcom (US);2017;0.72;0.28;-0.12;0.25;0.22;INDUS
Dexcom (US);2018;1.03;0.35;0.05;0.32;0.3;INDUS
Dexcom (US);2019;1.48;0.45;0.15;0.42;0.45;INDUS
Dexcom (US);2020;1.93;0.55;0.25;0.55;0.55;INDUS
Dexcom (US);2021;2.45;0.85;0.45;0.68;0.75;INDUS
Dexcom (US);2022;2.91;1.05;0.52;0.82;0.85;INDUS
Dexcom (US);2023;3.62;1.25;0.65;1.15;0.95;INDUS
Dexcom (US);2024;4.25;1.45;0.85;1.35;1.05;INDUS
Disco Corp (JP);2015;1.18;0.24;0.47;0.12;0.44;INDUS
Disco Corp (JP);2016;1.25;0.25;0.5;0.12;0.45;INDUS
Disco Corp (JP);2017;1.33;0.27;0.53;0.13;0.47;INDUS
Disco Corp (JP);2018;1.41;0.28;0.56;0.14;0.49;INDUS
Disco Corp (JP);2019;1.49;0.3;0.6;0.15;0.5;INDUS
Disco Corp (JP);2020;1.58;0.32;0.63;0.16;0.52;INDUS
Disco Corp (JP);2021;1.68;0.34;0.67;0.17;0.54;INDUS
Disco Corp (JP);2022;1.78;0.36;0.71;0.18;0.56;INDUS
Disco Corp (JP);2023;1.89;0.38;0.76;0.19;0.58;INDUS
Disco Corp (JP);2024;2.0;0.4;0.8;0.2;0.6;INDUS
Dongfang Electric;2015;8.5738;1.631;0.1548;0.4405;3.25;INDUS
Dongfang Electric;2016;7.9238;1.5524;0.0286;0.4167;3.15;INDUS
Dongfang Electric;2017;7.9571;1.4881;0.2024;0.4333;3.05;INDUS
Dongfang Electric;2018;7.4095;1.3929;0.2667;0.4643;2.85;INDUS
Dongfang Electric;2019;7.819;1.3143;0.3452;0.5048;2.75;INDUS
Dongfang Electric;2020;8.8762;1.3929;0.5048;0.5833;2.85;INDUS
Dongfang Electric;2021;11.3833;1.5357;0.6786;0.6786;3.1;INDUS
Dongfeng Motor;2015;30.119;8.381;3.4524;1.0;16.5;INDUS
Dongfeng Motor;2016;29.1429;8.2857;3.2857;1.0714;16.2;INDUS
Dongfeng Motor;2017;29.7619;8.4524;3.619;1.1429;16.0;INDUS
Dongfeng Motor;2018;24.881;7.9048;2.9762;1.2143;15.5;INDUS
Dongfeng Motor;2019;24.0714;7.6429;2.8095;1.2619;15.0;INDUS
Dongfeng Motor;2020;25.8095;8.2143;3.0476;1.381;14.5;INDUS
Dongfeng Motor;2021;26.9048;8.7619;3.2143;1.4762;13.8;INDUS
Dongfeng Motor;2022;22.0714;8.3571;2.4286;1.5476;13.2;INDUS
Dongfeng Motor;2023;23.6429;8.9286;2.7381;1.619;13.5;INDUS
Dongfeng Motor;2024;25.0;9.3333;2.9048;1.7143;13.8;INDUS
Doosan Ener. (KR);2015;12.5;4.8;0.5;0.2;0.8;INDUS
Doosan Ener. (KR);2016;11.8;4.7;0.7;0.2;0.8;INDUS
Doosan Ener. (KR);2017;12.2;4.6;0.8;0.2;0.8;INDUS
Doosan Ener. (KR);2018;12.8;4.5;0.9;0.2;0.8;INDUS
Doosan Ener. (KR);2019;13.1;4.8;0.9;0.2;0.7;INDUS
Doosan Ener. (KR);2020;12.5;5.1;0.1;0.2;0.7;INDUS
Doosan Ener. (KR);2021;11.2;4.5;0.8;0.2;0.6;INDUS
Doosan Ener. (KR);2022;13.5;4.8;1.0;0.2;0.6;INDUS
Doosan Ener. (KR);2023;14.2;5.1;1.1;0.2;0.6;INDUS
Doosan Ener. (KR);2024;13.8;5.3;1.0;0.2;0.6;INDUS
EVE Energy;2015;0.3214;0.2024;0.0429;0.019;0.35;INDUS
EVE Energy;2016;0.5571;0.2667;0.0762;0.0286;0.45;INDUS
EVE Energy;2017;0.7095;0.3452;0.1071;0.0429;0.52;INDUS
EVE Energy;2018;1.0357;0.4405;0.1548;0.0595;0.65;INDUS
EVE Energy;2019;1.5262;0.6786;0.4405;0.1143;0.82;INDUS
EVE Energy;2020;1.9429;1.0119;0.4643;0.1714;0.95;INDUS
EVE Energy;2021;4.0238;2.8929;0.7738;0.3214;1.45;INDUS
EVE Energy;2022;8.6429;5.9167;0.981;0.5119;2.15;INDUS
EVE Energy;2023;11.6143;7.481;1.3214;0.6786;2.85;INDUS
Eaton (US);2015;20.85;3.45;2.85;0.58;9.7;INDUS
Eaton (US);2016;19.75;3.35;2.65;0.59;9.5;INDUS
Eaton (US);2017;20.42;3.25;2.95;0.61;9.6;INDUS
Eaton (US);2018;21.61;3.38;3.25;0.62;9.9;INDUS
Eaton (US);2019;21.39;3.52;3.15;0.64;10.1;INDUS
Eaton (US);2020;17.85;3.42;2.15;0.58;9.2;INDUS
Eaton (US);2021;19.62;3.65;2.85;0.61;8.5;INDUS
Eaton (US);2022;20.75;3.85;3.12;0.66;9.1;INDUS
Eaton (US);2023;23.2;4.15;3.85;0.75;9.2;INDUS
Eaton (US);2024;24.15;4.35;4.15;0.82;9.4;INDUS
Ecovacs Robotics;2015;0.6405;0.1238;0.0595;0.0286;0.45;INDUS
Ecovacs Robotics;2016;0.7786;0.1619;0.0833;0.0357;0.52;INDUS
Ecovacs Robotics;2017;1.0833;0.2024;0.1238;0.0429;0.65;INDUS
Ecovacs Robotics;2018;1.3548;0.2667;0.1619;0.0595;0.85;INDUS
Ecovacs Robotics;2019;1.2643;0.3452;0.0357;0.0762;0.78;INDUS
Ecovacs Robotics;2020;1.7214;0.4405;0.2024;0.1;0.92;INDUS
Ecovacs Robotics;2021;3.1143;0.5833;0.5833;0.131;1.12;INDUS
Ecovacs Robotics;2022;3.6476;0.7429;0.5048;0.1714;1.35;INDUS
Ecovacs Robotics;2023;3.6905;0.9167;0.2024;0.1952;1.45;INDUS
Edwards Lifesciences (US);2015;2.49;0.52;0.65;0.38;0.98;INDUS
Edwards Lifesciences (US);2016;2.96;0.58;0.85;0.45;1.05;INDUS
Edwards Lifesciences (US);2017;3.44;0.65;1.15;0.55;1.18;INDUS
Edwards Lifesciences (US);2018;3.72;0.72;1.25;0.62;1.25;INDUS
Edwards Lifesciences (US);2019;4.35;0.85;1.45;0.75;1.4;INDUS
Edwards Lifesciences (US);2020;4.39;0.95;1.15;0.78;1.45;INDUS
Edwards Lifesciences (US);2021;5.23;1.15;1.85;0.91;1.55;INDUS
Edwards Lifesciences (US);2022;5.38;1.35;1.95;0.95;1.7;INDUS
Edwards Lifesciences (US);2023;6.0;1.52;1.85;1.05;1.9;INDUS
Edwards Lifesciences (US);2024;6.52;1.85;2.15;1.22;2.05;INDUS
Electrolux (EU);2015;14.5;1.8;0.3;0.4;5.8;INDUS
Electrolux (EU);2016;14.2;1.8;0.6;0.4;5.5;INDUS
Electrolux (EU);2017;14.4;1.9;0.8;0.4;5.6;INDUS
Electrolux (EU);2018;14.5;2.0;0.6;0.4;5.4;INDUS
Electrolux (EU);2019;13.9;2.2;0.4;0.4;4.9;INDUS
Electrolux (EU);2020;13.6;2.4;0.7;0.4;4.8;INDUS
Electrolux (EU);2021;14.6;2.5;0.8;0.5;5.2;INDUS
Electrolux (EU);2022;13.5;2.6;-0.1;0.5;5.1;INDUS
Electrolux (EU);2023;12.8;2.7;-0.4;0.5;4.5;INDUS
Electrolux (EU);2024;13.2;2.8;0.2;0.5;4.3;INDUS
Emerson Electric (US);2015;22.31;3.52;3.85;0.75;11.5;INDUS
Emerson Electric (US);2016;20.21;3.35;3.42;0.72;10.3;INDUS
Emerson Electric (US);2017;15.26;2.85;2.52;0.52;7.6;INDUS
Emerson Electric (US);2018;17.41;3.12;3.15;0.58;8.7;INDUS
Emerson Electric (US);2019;18.37;3.42;3.25;0.62;8.8;INDUS
Emerson Electric (US);2020;16.78;3.35;2.85;0.58;8.4;INDUS
Emerson Electric (US);2021;18.23;3.65;3.45;0.62;8.6;INDUS
Emerson Electric (US);2022;19.62;3.85;3.65;0.65;8.5;INDUS
Emerson Electric (US);2023;15.16;2.45;2.75;0.55;6.7;INDUS
Emerson Electric (US);2024;16.45;2.75;3.12;0.62;7.2;INDUS
Enphase Energy (US);2015;0.35;0.03;0.02;0.04;0.05;INDUS
Enphase Energy (US);2016;0.32;0.03;-0.01;0.04;0.06;INDUS
Enphase Energy (US);2017;0.29;0.02;-0.03;0.04;0.05;INDUS
Enphase Energy (US);2018;0.32;0.02;0.01;0.05;0.06;INDUS
Enphase Energy (US);2019;0.62;0.03;0.1;0.06;0.08;INDUS
Enphase Energy (US);2020;0.77;0.04;0.15;0.07;0.1;INDUS
Enphase Energy (US);2021;1.38;0.08;0.35;0.12;0.15;INDUS
Enphase Energy (US);2022;2.33;0.15;0.65;0.18;0.2;INDUS
Enphase Energy (US);2023;2.29;0.18;0.58;0.22;0.25;INDUS
Enphase Energy (US);2024;2.15;0.22;0.45;0.25;0.23;INDUS
Epiroc (EU);2015;3.1;0.3;0.62;0.1;1.2;INDUS
Epiroc (EU);2016;3.1;0.3;0.63;0.1;1.22;INDUS
Epiroc (EU);2017;3.4;0.33;0.71;0.11;1.28;INDUS
Epiroc (EU);2018;3.8;0.37;0.83;0.13;1.35;INDUS
Epiroc (EU);2019;3.9;0.38;0.89;0.14;1.42;INDUS
Epiroc (EU);2020;4.0;0.39;0.9;0.14;1.45;INDUS
Epiroc (EU);2021;4.5;0.44;1.1;0.16;1.55;INDUS
Epiroc (EU);2022;4.6;0.44;1.1;0.17;1.65;INDUS
Epiroc (EU);2023;4.8;0.44;1.1;0.18;1.75;INDUS
Epiroc (EU);2024;5.1;0.45;1.2;0.18;1.85;INDUS
Ericsson (EU);2015;28.4;1.2;3.2;4.1;11.6;INDUS
Ericsson (EU);2016;25.8;1.1;0.7;3.8;11.1;INDUS
Ericsson (EU);2017;24.2;1.0;-3.9;4.2;10.1;INDUS
Ericsson (EU);2018;24.1;1.0;0.1;4.4;9.5;INDUS
Ericsson (EU);2019;25.9;1.1;1.2;4.5;9.9;INDUS
Ericsson (EU);2020;27.2;1.3;3.2;4.7;10.1;INDUS
Ericsson (EU);2021;27.5;1.5;3.8;4.9;10.1;INDUS
Ericsson (EU);2022;25.5;1.8;2.5;4.5;10.5;INDUS
Ericsson (EU);2023;23.8;2.1;-1.8;4.3;10.0;INDUS
Ericsson (EU);2024;24.1;2.2;1.1;4.5;9.8;INDUS
Estee Lauder (US);2015;10.78;1.52;1.65;0.18;4.4;INDUS
Estee Lauder (US);2016;11.26;1.65;1.75;0.21;4.6;INDUS
Estee Lauder (US);2017;11.82;1.85;1.85;0.22;4.6;INDUS
Estee Lauder (US);2018;13.68;2.15;2.15;0.25;4.8;INDUS
Estee Lauder (US);2019;14.86;2.35;2.45;0.28;4.8;INDUS
Estee Lauder (US);2020;14.29;2.55;1.15;0.25;4.8;INDUS
Estee Lauder (US);2021;16.22;2.85;2.85;0.32;6.2;INDUS
Estee Lauder (US);2022;17.74;3.15;3.15;0.35;6.0;INDUS
Estee Lauder (US);2023;15.91;2.85;1.85;0.32;6.2;INDUS
Estee Lauder (US);2024;16.45;3.15;2.15;0.35;6.4;INDUS
FAW Jiefang;2015;9.8214;2.5;0.2024;0.2976;2.45;INDUS
FAW Jiefang;2016;11.5595;2.4405;0.2976;0.3214;2.35;INDUS
FAW Jiefang;2017;18.0524;2.7381;0.7738;0.4405;2.55;INDUS
FAW Jiefang;2018;17.2619;2.8929;0.6786;0.5119;2.45;INDUS
FAW Jiefang;2019;19.6548;3.2143;0.8452;0.6071;2.55;INDUS
FAW Jiefang;2020;27.0667;3.631;1.0119;0.75;2.85;INDUS
FAW Jiefang;2021;23.5119;4.0119;1.0833;0.8452;2.75;INDUS
FAW Jiefang;2022;9.131;3.9286;0.131;0.6786;2.25;INDUS
FAW Jiefang;2023;15.2143;4.1071;0.2976;0.75;2.45;INDUS
FAW Jiefang;2024;13.9476;4.4048;0.4405;0.869;2.65;INDUS
Fanuc (JP);2015;6.1;1.8;2.5;0.3;0.6;INDUS
Fanuc (JP);2016;5.3;1.9;1.5;0.3;0.6;INDUS
Fanuc (JP);2017;6.4;2.1;2.0;0.4;0.7;INDUS
Fanuc (JP);2018;6.5;2.4;2.1;0.4;0.7;INDUS
Fanuc (JP);2019;5.4;2.8;1.4;0.4;0.8;INDUS
Fanuc (JP);2020;4.8;3.0;1.0;0.4;0.8;INDUS
Fanuc (JP);2021;6.3;3.2;1.7;0.5;0.8;INDUS
Fanuc (JP);2022;6.8;3.4;1.8;0.5;0.9;INDUS
Fanuc (JP);2023;6.5;3.5;1.3;0.6;0.9;INDUS
Fanuc (JP);2024;6.9;3.8;1.5;0.7;0.9;INDUS
Fast Gear Ind;2015;2.4167;1.219;0.2024;0.1;1.25;INDUS
Fast Gear Ind;2016;2.9643;1.2738;0.2738;0.1143;1.32;INDUS
Fast Gear Ind;2017;4.0048;1.3929;0.4643;0.1476;1.45;INDUS
Fast Gear Ind;2018;4.3452;1.5357;0.5048;0.1786;1.52;INDUS
Fast Gear Ind;2019;4.7905;1.6952;0.5595;0.2024;1.65;INDUS
Fast Gear Ind;2020;5.3452;2.0286;0.6786;0.2667;1.85;INDUS
Fast Gear Ind;2021;5.0357;2.2024;0.3452;0.2262;1.72;INDUS
Fast Gear Ind;2022;4.4048;2.4167;0.1548;0.1952;1.65;INDUS
Fast Gear Ind;2023;5.0595;2.7262;0.3214;0.25;1.75;INDUS
Fast Gear Ind;2024;5.5952;3.0476;0.4405;0.2976;1.85;INDUS
Fawer Auto;2015;1.631;0.5048;0.1238;0.0595;0.85;INDUS
Fawer Auto;2016;1.9333;0.5833;0.1548;0.0667;0.88;INDUS
Fawer Auto;2017;2.9643;0.7429;0.2024;0.0833;1.12;INDUS
Fawer Auto;2018;3.1238;0.9167;0.2262;0.1;1.25;INDUS
Fawer Auto;2019;2.981;0.981;0.2024;0.1071;1.18;INDUS
Fawer Auto;2020;3.6548;1.1548;0.2667;0.131;1.35;INDUS
Fawer Auto;2021;4.481;1.3143;0.1548;0.1548;1.52;INDUS
Fawer Auto;2022;4.75;1.4571;0.1238;0.1786;1.45;INDUS
Fawer Auto;2023;5.0595;1.631;0.2024;0.1952;1.55;INDUS
Fawer Auto;2024;5.5833;1.7905;0.2667;0.2262;1.65;INDUS
Ferrari (EU);2015;2.9;0.7;0.5;0.5;0.3;INDUS
Ferrari (EU);2016;3.1;0.8;0.6;0.5;0.3;INDUS
Ferrari (EU);2017;3.4;0.9;0.8;0.6;0.3;INDUS
Ferrari (EU);2018;3.4;1.0;0.8;0.6;0.4;INDUS
Ferrari (EU);2019;3.8;1.1;0.9;0.7;0.4;INDUS
Ferrari (EU);2020;3.5;1.3;0.7;0.7;0.5;INDUS
Ferrari (EU);2021;4.3;1.5;1.1;0.8;0.5;INDUS
Ferrari (EU);2022;5.1;1.7;1.2;0.8;0.5;INDUS
Ferrari (EU);2023;6.0;1.9;1.6;0.9;0.5;INDUS
Ferrari (EU);2024;6.5;2.2;1.9;1.0;0.5;INDUS
Final Tech SME;2015;0.0833;0.0286;0.0095;0.0048;0.05;INDUS
Final Tech SME;2016;0.0905;0.0333;0.0119;0.0071;0.06;INDUS
Final Tech SME;2017;0.1071;0.0381;0.0167;0.0095;0.08;INDUS
Final Tech SME;2018;0.1238;0.0429;0.019;0.0119;0.1;INDUS
Final Tech SME;2019;0.131;0.0476;0.0214;0.0143;0.11;INDUS
Final Tech SME;2020;0.1143;0.0524;0.0119;0.0143;0.1;INDUS
Final Tech SME;2021;0.1548;0.0595;0.0286;0.019;0.13;INDUS
Final Tech SME;2022;0.1476;0.0667;0.019;0.0214;0.12;INDUS
Final Tech SME;2023;0.1786;0.0762;0.0357;0.0262;0.15;INDUS
First Solar (US);2015;3.58;1.52;0.52;0.15;0.62;INDUS
First Solar (US);2016;2.85;1.45;0.38;0.14;0.6;INDUS
First Solar (US);2017;2.92;1.38;0.42;0.12;0.58;INDUS
First Solar (US);2018;2.24;1.35;0.15;0.11;0.65;INDUS
First Solar (US);2019;3.06;1.65;0.02;0.12;0.68;INDUS
First Solar (US);2020;2.71;1.85;0.35;0.11;0.65;INDUS
First Solar (US);2021;2.92;2.05;0.52;0.1;0.65;INDUS
First Solar (US);2022;2.62;2.25;0.05;0.09;0.68;INDUS
First Solar (US);2023;3.32;2.45;0.82;0.11;0.72;INDUS
First Solar (US);2024;4.25;2.85;1.15;0.13;0.75;INDUS
Flat Glass;2015;0.6786;0.4405;0.1071;0.019;0.35;INDUS
Flat Glass;2016;0.719;0.5048;0.131;0.0262;0.38;INDUS
Flat Glass;2017;0.7429;0.5833;0.1;0.0286;0.42;INDUS
Flat Glass;2018;0.7286;0.6786;0.0976;0.0286;0.45;INDUS
Flat Glass;2019;1.1476;0.8381;0.2024;0.0429;0.52;INDUS
Flat Glass;2020;1.4905;1.0762;0.4405;0.0595;0.65;INDUS
Flat Glass;2021;2.0738;1.631;0.5048;0.1;0.85;INDUS
Flat Glass;2022;3.681;2.5048;0.5833;0.1548;1.15;INDUS
Flat Glass;2023;5.1238;3.5357;0.6786;0.2024;1.45;INDUS
Flat Glass;2024;5.981;4.3143;0.7738;0.25;1.62;INDUS
Ford (US);2015;149.6;34.5;7.3;6.7;19.9;INDUS
Ford (US);2016;151.8;36.2;6.3;7.3;20.1;INDUS
Ford (US);2017;156.7;37.8;5.4;8.0;20.2;INDUS
Ford (US);2018;160.3;38.5;4.3;8.2;19.9;INDUS
Ford (US);2019;155.9;39.2;0.6;7.4;19.0;INDUS
Ford (US);2020;127.1;40.1;2.5;7.1;18.6;INDUS
Ford (US);2021;136.3;41.5;4.5;7.6;18.3;INDUS
Ford (US);2022;158.1;42.8;6.3;7.8;17.3;INDUS
Ford (US);2023;176.2;44.2;4.9;8.2;17.7;INDUS
Ford (US);2024;181.5;45.5;5.8;8.5;17.5;INDUS
Fortive (US);2015;6.22;0.85;1.25;0.38;2.4;INDUS
Fortive (US);2016;6.23;0.82;1.28;0.41;2.4;INDUS
Fortive (US);2017;6.66;0.88;1.35;0.45;2.6;INDUS
Fortive (US);2018;7.21;0.95;1.52;0.52;2.6;INDUS
Fortive (US);2019;7.33;1.05;1.45;0.58;2.5;INDUS
Fortive (US);2020;4.63;0.65;0.85;0.42;1.7;INDUS
Fortive (US);2021;5.25;0.72;1.15;0.48;1.8;INDUS
Fortive (US);2022;5.83;0.78;1.35;0.52;1.8;INDUS
Fortive (US);2023;6.06;0.82;1.42;0.55;1.8;INDUS
Fortive (US);2024;6.35;0.88;1.55;0.58;1.9;INDUS
Forvia (EU);2015;22.23;7.78;1.11;1.78;12.79;INDUS
Forvia (EU);2016;22.89;8.01;1.14;1.83;13.02;INDUS
Forvia (EU);2017;23.58;8.25;1.18;1.89;13.25;INDUS
Forvia (EU);2018;24.29;8.5;1.21;1.94;13.49;INDUS
Forvia (EU);2019;25.02;8.76;1.25;2.0;13.73;INDUS
Forvia (EU);2020;25.77;9.02;1.29;2.06;13.97;INDUS
Forvia (EU);2021;26.54;9.29;1.33;2.12;14.22;INDUS
Forvia (EU);2022;27.34;9.57;1.37;2.19;14.48;INDUS
Forvia (EU);2023;28.16;9.86;1.41;2.25;14.74;INDUS
Forvia (EU);2024;29.0;10.15;1.45;2.32;15.0;INDUS
Foshan Haitian;2015;2.6881;0.7738;0.7429;0.0833;0.42;INDUS
Foshan Haitian;2016;2.9667;0.8381;0.8214;0.0905;0.45;INDUS
Foshan Haitian;2017;3.4714;0.9167;1.0119;0.1;0.48;INDUS
Foshan Haitian;2018;4.0548;1.0119;1.219;0.1143;0.52;INDUS
Foshan Haitian;2019;4.7143;1.1548;1.4881;0.131;0.55;INDUS
Foshan Haitian;2020;5.4262;1.25;1.7667;0.1548;0.58;INDUS
Foshan Haitian;2021;5.9524;1.3929;1.9333;0.1714;0.62;INDUS
Foshan Haitian;2022;6.0976;1.5357;1.7905;0.1786;0.6;INDUS
Foshan Haitian;2023;5.8476;1.631;1.631;0.169;0.58;INDUS
Foshan Haitian;2024;6.2905;1.7262;1.869;0.1857;0.62;INDUS
Foxconn Industrial;2015;64.7905;5.3452;2.8857;1.1548;22.12;INDUS
Foxconn Industrial;2016;64.7905;5.7429;3.2976;1.3143;23.45;INDUS
Foxconn Industrial;2017;84.4095;6.3929;3.7667;1.8929;25.82;INDUS
Foxconn Industrial;2018;98.9095;6.6952;4.0119;2.1714;28.12;INDUS
Foxconn Industrial;2019;97.1714;7.2667;4.3143;2.25;24.85;INDUS
Foxconn Industrial;2020;102.8048;7.8214;4.1476;2.4095;21.45;INDUS
Foxconn Industrial;2021;104.6571;8.3619;4.4095;2.5833;19.25;INDUS
Foxconn Industrial;2022;121.869;9.7905;5.0286;2.7571;18.85;INDUS
Foxconn Industrial;2023;113.4167;10.8214;4.7262;2.6476;17.52;INDUS
Fuanna Home;2015;0.5048;0.2024;0.1071;0.0119;0.45;INDUS
Fuanna Home;2016;0.5524;0.219;0.1143;0.0143;0.48;INDUS
Fuanna Home;2017;0.6238;0.2667;0.1238;0.0167;0.52;INDUS
Fuanna Home;2018;0.6786;0.2976;0.131;0.019;0.55;INDUS
Fuanna Home;2019;0.6619;0.3214;0.1143;0.0214;0.52;INDUS
Fuanna Home;2020;0.6714;0.3452;0.1214;0.0238;0.54;INDUS
Fuanna Home;2021;0.75;0.369;0.1381;0.0286;0.58;INDUS
Fuanna Home;2023;0.8143;0.4238;0.1548;0.0357;0.64;INDUS
Fuanna Home;2024;0.869;0.4571;0.1714;0.0429;0.68;INDUS
Fujifilm (JP);2015;21.45;4.85;1.52;0.72;7.85;INDUS
Fujifilm (JP);2016;20.85;4.75;1.42;0.75;7.7;INDUS
Fujifilm (JP);2017;21.92;4.95;1.65;0.78;7.82;INDUS
Fujifilm (JP);2018;22.45;5.15;1.85;0.82;7.95;INDUS
Fujifilm (JP);2019;21.15;5.35;1.65;0.85;7.65;INDUS
Fujifilm (JP);2020;19.85;5.45;1.52;0.88;7.35;INDUS
Fujifilm (JP);2021;22.52;5.85;2.15;0.95;7.55;INDUS
Fujifilm (JP);2022;24.15;6.15;2.45;1.05;7.42;INDUS
Fujifilm (JP);2023;23.52;6.25;2.25;1.02;7.3;INDUS
Fujifilm (JP);2024;25.12;6.45;2.65;1.15;7.45;INDUS
GAC Group;2015;7.4405;2.9643;0.981;0.6;3.25;INDUS
GAC Group;2016;11.7667;3.2905;1.631;0.7429;3.85;INDUS
GAC Group;2017;17.0357;3.6952;2.6786;1.0119;4.52;INDUS
GAC Group;2018;17.2333;4.0762;2.7429;1.1548;4.85;INDUS
GAC Group;2019;14.1024;4.4881;1.5357;1.219;4.65;INDUS
GAC Group;2020;15.0357;5.0286;1.4571;1.2905;4.45;INDUS
GAC Group;2021;18.019;5.8452;1.869;1.4571;4.85;INDUS
GAC Group;2022;26.1929;6.6238;2.0286;1.7262;5.25;INDUS
GAC Group;2023;30.8929;7.1714;1.1548;2.0119;5.52;INDUS
GAC Group;2024;33.8381;8.2262;1.4881;2.3452;5.85;INDUS
GEA Group (EU);2015;4.45;0.67;0.45;0.09;1.53;INDUS
GEA Group (EU);2016;4.58;0.69;0.46;0.09;1.56;INDUS
GEA Group (EU);2017;4.72;0.71;0.47;0.09;1.59;INDUS
GEA Group (EU);2018;4.86;0.73;0.49;0.1;1.62;INDUS
GEA Group (EU);2019;5.0;0.75;0.5;0.1;1.65;INDUS
GEA Group (EU);2020;5.15;0.77;0.52;0.1;1.68;INDUS
GEA Group (EU);2021;5.31;0.8;0.53;0.11;1.71;INDUS
GEA Group (EU);2022;5.47;0.82;0.55;0.11;1.74;INDUS
GEA Group (EU);2023;5.63;0.84;0.56;0.11;1.77;INDUS
GEA Group (EU);2024;5.8;0.87;0.58;0.12;1.8;INDUS
GEM Co Ltd;2015;1.219;1.0762;0.1071;0.0357;0.65;INDUS
GEM Co Ltd;2016;1.8619;1.3929;0.1548;0.0595;0.85;INDUS
GEM Co Ltd;2017;2.5595;1.7262;0.2667;0.0833;1.05;INDUS
GEM Co Ltd;2018;3.3048;2.0048;0.219;0.1071;1.15;INDUS
GEM Co Ltd;2019;3.4167;2.3452;0.2024;0.1238;1.12;INDUS
GEM Co Ltd;2020;2.9667;2.6476;0.131;0.1381;1.05;INDUS
GEM Co Ltd;2021;4.5976;3.4571;0.2667;0.2024;1.35;INDUS
GEM Co Ltd;2022;6.9976;4.3143;0.3619;0.2976;1.65;INDUS
GEM Co Ltd;2023;7.2667;5.1071;0.2667;0.3452;1.55;INDUS
GEM Co Ltd;2024;8.2905;5.7429;0.3929;0.4167;1.72;INDUS
Ganfeng Lithium;2015;0.3881;0.2024;0.0595;0.0119;0.12;INDUS
Ganfeng Lithium;2016;0.6762;0.2667;0.131;0.019;0.18;INDUS
Ganfeng Lithium;2017;1.0429;0.5048;0.4405;0.0286;0.25;INDUS
Ganfeng Lithium;2018;1.1905;0.9167;0.3619;0.0357;0.32;INDUS
Ganfeng Lithium;2019;1.2714;1.3143;0.1071;0.0429;0.38;INDUS
Ganfeng Lithium;2020;1.3143;1.9333;0.1548;0.0524;0.45;INDUS
Ganfeng Lithium;2021;2.6571;2.9643;1.4571;0.0833;0.75;INDUS
Ganfeng Lithium;2022;9.9571;4.4881;5.3452;0.2024;1.25;INDUS
Ganfeng Lithium;2023;7.85;5.7429;1.631;0.2667;1.35;INDUS
Ganfeng Lithium;2024;8.6786;6.7905;1.9333;0.3452;1.48;INDUS
Geely Auto;2015;7.1738;1.9405;0.8452;0.1548;1.85;INDUS
Geely Auto;2016;12.7905;2.6786;1.4643;0.1714;2.85;INDUS
Geely Auto;2017;22.0857;3.6786;2.981;0.3619;3.25;INDUS
Geely Auto;2018;25.3786;4.7976;3.5357;0.4571;3.45;INDUS
Geely Auto;2019;23.1905;5.9167;2.4167;0.7262;3.85;INDUS
Geely Auto;2020;21.931;6.2262;1.631;0.8929;3.8;INDUS
Geely Auto;2021;24.1929;6.6952;1.4643;1.3143;4.4;INDUS
Geely Auto;2022;35.2286;7.7262;1.5357;2.0119;4.95;INDUS
Geely Auto;2023;42.6667;9.1714;1.7262;2.4405;6.05;INDUS
Geely Auto;2024;48.8452;10.7738;2.1071;2.8929;6.85;INDUS
Gen. Dynamics (US);2015;31.5;3.5;4.1;0.5;9.9;INDUS
Gen. Dynamics (US);2016;31.4;3.6;4.2;0.5;9.8;INDUS
Gen. Dynamics (US);2017;31.0;3.8;4.1;0.6;9.8;INDUS
Gen. Dynamics (US);2018;36.2;4.2;4.4;0.7;10.5;INDUS
Gen. Dynamics (US);2019;39.4;4.8;4.5;0.8;10.3;INDUS
Gen. Dynamics (US);2020;37.9;5.2;4.1;0.9;10.1;INDUS
Gen. Dynamics (US);2021;38.5;5.5;4.2;1.0;10.3;INDUS
Gen. Dynamics (US);2022;39.4;5.8;4.3;1.1;10.6;INDUS
Gen. Dynamics (US);2023;42.3;6.2;4.5;1.2;11.1;INDUS
Gen. Dynamics (US);2024;44.5;6.6;4.8;1.3;11.4;INDUS
Gen. Motors (US);2015;152.4;38.5;10.8;7.5;21.6;INDUS
Gen. Motors (US);2016;166.4;40.2;12.5;8.1;22.5;INDUS
Gen. Motors (US);2017;145.6;42.1;12.8;7.3;18.0;INDUS
Gen. Motors (US);2018;147.0;44.5;10.8;7.8;17.3;INDUS
Gen. Motors (US);2019;137.2;46.8;8.4;6.8;16.4;INDUS
Gen. Motors (US);2020;122.5;47.2;6.7;6.2;15.5;INDUS
Gen. Motors (US);2021;127.0;48.5;14.3;7.9;15.7;INDUS
Gen. Motors (US);2022;156.7;50.2;14.5;9.8;16.7;INDUS
Gen. Motors (US);2023;171.8;52.5;12.4;10.7;16.3;INDUS
Gen. Motors (US);2024;175.2;54.8;13.1;11.2;16.1;INDUS
General Mills (US);2015;17.6;3.8;2.7;0.2;4.2;INDUS
General Mills (US);2016;16.6;3.7;2.7;0.2;3.9;INDUS
General Mills (US);2017;15.6;3.6;2.5;0.2;3.8;INDUS
General Mills (US);2018;15.7;3.8;2.4;0.2;3.8;INDUS
General Mills (US);2019;16.9;4.0;2.5;0.2;4.0;INDUS
General Mills (US);2020;17.6;4.1;2.9;0.2;3.5;INDUS
General Mills (US);2021;18.1;4.2;3.1;0.2;3.5;INDUS
General Mills (US);2022;19.0;4.3;3.2;0.2;3.4;INDUS
General Mills (US);2023;20.1;4.4;3.4;0.2;3.4;INDUS
General Mills (US);2024;19.8;4.5;3.3;0.2;3.4;INDUS
Gentex (US);2015;1.55;0.38;0.45;0.1;0.48;INDUS
Gentex (US);2016;1.68;0.42;0.51;0.11;0.52;INDUS
Gentex (US);2017;1.79;0.45;0.58;0.12;0.55;INDUS
Gentex (US);2018;1.83;0.48;0.55;0.11;0.58;INDUS
Gentex (US);2019;1.86;0.52;0.54;0.12;0.6;INDUS
Gentex (US);2020;1.69;0.55;0.45;0.11;0.58;INDUS
Gentex (US);2021;1.73;0.58;0.44;0.12;0.55;INDUS
Gentex (US);2022;1.92;0.65;0.41;0.13;0.58;INDUS
Gentex (US);2023;2.3;0.72;0.52;0.15;0.62;INDUS
Gentex (US);2024;2.45;0.78;0.58;0.16;0.65;INDUS
GlobalFoundries (US);2015;4.31;0.74;0.8;1.04;1.2;INDUS
GlobalFoundries (US);2016;4.92;0.86;1.0;0.59;1.26;INDUS
GlobalFoundries (US);2017;5.17;0.59;1.39;0.92;1.32;INDUS
GlobalFoundries (US);2018;5.43;1.14;1.56;0.77;1.39;INDUS
GlobalFoundries (US);2019;6.1;0.95;1.16;1.11;1.46;INDUS
GlobalFoundries (US);2020;6.67;1.66;1.84;0.95;1.53;INDUS
GlobalFoundries (US);2021;6.99;2.01;1.26;1.23;1.61;INDUS
GlobalFoundries (US);2022;7.94;2.06;2.28;1.28;1.69;INDUS
GlobalFoundries (US);2023;8.36;1.78;1.67;1.63;1.77;INDUS
GlobalFoundries (US);2024;8.61;1.98;1.59;1.61;1.86;INDUS
Goertek;2015;3.25;1.219;0.2976;0.2024;4.25;INDUS
Goertek;2016;4.5905;1.5357;0.3929;0.2738;5.12;INDUS
Goertek;2017;6.081;2.0286;0.5048;0.369;6.45;INDUS
Goertek;2018;5.6548;2.4095;0.2024;0.4405;6.12;INDUS
Goertek;2019;7.8714;2.9643;0.2976;0.5833;7.85;INDUS
Goertek;2020;13.7476;3.7738;0.6786;0.8214;9.25;INDUS
Goertek;2021;18.6238;4.3143;1.0119;1.0119;10.52;INDUS
Goertek;2022;24.9738;5.3452;0.5048;1.219;9.85;INDUS
Goertek;2023;23.4619;5.981;0.3452;1.1548;8.52;INDUS
Great Wall Motor;2015;18.1024;5.0286;2.3452;0.6548;6.85;INDUS
Great Wall Motor;2016;23.4786;5.8381;2.8857;0.75;7.15;INDUS
Great Wall Motor;2017;24.0881;6.7738;1.3929;0.7976;6.95;INDUS
Great Wall Motor;2018;23.6262;7.6476;1.5357;0.9405;6.45;INDUS
Great Wall Motor;2019;22.9071;8.3619;1.219;1.0119;5.95;INDUS
Great Wall Motor;2020;24.5976;9.25;1.3929;1.219;6.35;INDUS
Great Wall Motor;2021;32.4762;10.0286;1.869;2.1595;7.82;INDUS
Great Wall Motor;2022;32.7;11.5524;1.9643;2.8857;8.15;INDUS
Great Wall Motor;2023;41.2405;13.1238;1.6786;2.6238;8.25;INDUS
Great Wall Motor;2024;51.2381;14.869;2.2667;3.2024;8.55;INDUS
Gree Electric;2015;23.9429;3.2905;3.5119;1.1119;7.15;INDUS
Gree Electric;2016;26.2167;3.631;4.3929;1.1;7.28;INDUS
Gree Electric;2017;35.719;3.9881;6.1071;1.369;8.52;INDUS
Gree Electric;2018;47.6238;4.4095;7.1714;1.7262;8.85;INDUS
Gree Electric;2019;47.7405;4.5833;7.0119;1.4333;8.88;INDUS
Gree Electric;2020;40.5929;4.7976;5.7738;1.4881;8.35;INDUS
Gree Electric;2021;45.1548;5.1071;6.2262;1.5524;8.15;INDUS
Gree Electric;2022;45.2738;5.4405;6.5286;1.5119;7.25;INDUS
Gree Electric;2023;48.819;5.8381;7.4167;1.631;7.15;INDUS
Gree Electric;2024;50.5952;6.219;7.7381;1.7024;7.25;INDUS
Groupe SEB (EU);2015;4.8;0.8;0.4;0.1;2.6;INDUS
Groupe SEB (EU);2016;5.0;0.9;0.5;0.2;2.7;INDUS
Groupe SEB (EU);2017;6.5;1.2;0.6;0.2;3.3;INDUS
Groupe SEB (EU);2018;6.8;1.3;0.7;0.2;3.4;INDUS
Groupe SEB (EU);2019;7.3;1.5;0.7;0.3;3.4;INDUS
Groupe SEB (EU);2020;6.9;1.6;0.6;0.3;3.3;INDUS
Groupe SEB (EU);2021;8.0;1.7;0.8;0.3;3.3;INDUS
Groupe SEB (EU);2022;7.9;1.8;0.6;0.3;3.2;INDUS
Groupe SEB (EU);2023;8.1;1.9;0.7;0.3;3.1;INDUS
Groupe SEB (EU);2024;8.3;2.0;0.8;0.3;3.2;INDUS
Gujinggong Liquor;2015;1.25;0.2976;0.25;0.0286;0.85;INDUS
Gujinggong Liquor;2016;1.4333;0.3214;0.2976;0.0357;0.88;INDUS
Gujinggong Liquor;2017;1.6595;0.3452;0.369;0.0429;0.92;INDUS
Gujinggong Liquor;2018;2.0667;0.3929;0.5357;0.0524;0.95;INDUS
Gujinggong Liquor;2019;2.481;0.4405;0.6786;0.0595;1.02;INDUS
Gujinggong Liquor;2020;2.45;0.5119;0.6071;0.0667;1.05;INDUS
Gujinggong Liquor;2021;3.1595;0.5833;0.7738;0.0762;1.08;INDUS
Gujinggong Liquor;2022;3.9786;0.6786;0.9881;0.0833;1.12;INDUS
Gujinggong Liquor;2023;4.8214;0.7738;1.25;0.0905;1.15;INDUS
Gujinggong Liquor;2024;5.5952;0.8452;1.4643;0.1071;1.18;INDUS
Guoxuan High-Tech;2015;0.6548;0.2024;0.1548;0.0286;0.35;INDUS
Guoxuan High-Tech;2016;1.131;0.2976;0.2667;0.0595;0.45;INDUS
Guoxuan High-Tech;2017;1.1548;0.4405;0.2024;0.0833;0.65;INDUS
Guoxuan High-Tech;2018;1.219;0.5833;0.131;0.1238;0.85;INDUS
Guoxuan High-Tech;2019;1.1786;0.7429;0.0286;0.1548;0.92;INDUS
Guoxuan High-Tech;2020;1.6;1.0762;0.0429;0.2024;1.12;INDUS
Guoxuan High-Tech;2021;2.4643;1.631;0.0357;0.2976;1.45;INDUS
Guoxuan High-Tech;2022;5.4881;2.5048;0.0833;0.5048;1.85;INDUS
Guoxuan High-Tech;2023;7.5262;3.5357;0.2667;0.6786;2.12;INDUS
HMM (KR);2015;5.1;4.5;-0.2;0.0;0.1;INDUS
HMM (KR);2016;4.2;4.2;-0.7;0.0;0.1;INDUS
HMM (KR);2017;4.5;4.0;-0.4;0.0;0.1;INDUS
HMM (KR);2018;4.8;3.8;-0.5;0.0;0.1;INDUS
HMM (KR);2019;5.1;3.5;-0.3;0.0;0.1;INDUS
HMM (KR);2020;5.8;4.2;0.8;0.0;0.2;INDUS
HMM (KR);2021;11.5;5.8;6.1;0.0;0.2;INDUS
HMM (KR);2022;14.8;7.2;8.5;0.0;0.2;INDUS
HMM (KR);2023;7.2;8.1;0.5;0.0;0.2;INDUS
HMM (KR);2024;8.1;8.5;0.9;0.0;0.2;INDUS
HP Inc (US);2015;40.62;2.03;3.25;1.22;4.94;INDUS
HP Inc (US);2016;41.84;2.09;3.35;1.26;5.03;INDUS
HP Inc (US);2017;43.09;2.15;3.45;1.29;5.12;INDUS
HP Inc (US);2018;44.39;2.22;3.55;1.33;5.21;INDUS
HP Inc (US);2019;45.72;2.29;3.66;1.37;5.31;INDUS
HP Inc (US);2020;47.09;2.35;3.77;1.41;5.4;INDUS
HP Inc (US);2021;48.5;2.43;3.88;1.45;5.5;INDUS
HP Inc (US);2022;49.96;2.5;4.0;1.5;5.6;INDUS
HP Inc (US);2023;51.46;2.57;4.12;1.54;5.7;INDUS
HP Inc (US);2024;53.0;2.65;4.24;1.59;5.8;INDUS
HPE (US);2015;22.23;4.45;2.67;1.56;5.11;INDUS
HPE (US);2016;22.89;4.58;2.75;1.6;5.21;INDUS
HPE (US);2017;23.58;4.72;2.83;1.65;5.3;INDUS
HPE (US);2018;24.29;4.86;2.91;1.7;5.39;INDUS
HPE (US);2019;25.02;5.0;3.0;1.75;5.49;INDUS
HPE (US);2020;25.77;5.15;3.09;1.8;5.59;INDUS
HPE (US);2021;26.54;5.31;3.18;1.86;5.69;INDUS
HPE (US);2022;27.34;5.47;3.28;1.91;5.79;INDUS
HPE (US);2023;28.16;5.63;3.38;1.97;5.89;INDUS
HPE (US);2024;29.0;5.8;3.48;2.03;6.0;INDUS
Haier Smart;2015;21.369;3.3929;1.3929;0.7738;6.25;INDUS
Haier Smart;2016;28.3619;3.8452;1.7024;1.0762;7.52;INDUS
Haier Smart;2017;37.9167;4.4881;2.4405;1.3857;7.85;INDUS
Haier Smart;2018;43.6476;5.0357;2.9643;1.5524;8.52;INDUS
Haier Smart;2019;47.8;5.3452;3.1548;1.7262;9.15;INDUS
Haier Smart;2020;49.9357;5.9167;3.0595;1.9405;9.85;INDUS
Haier Smart;2021;54.181;6.3143;3.869;2.2024;10.45;INDUS
Haier Smart;2022;57.9786;6.7024;4.1714;2.4405;10.85;INDUS
Haier Smart;2023;62.2429;7.481;4.5524;2.6548;11.25;INDUS
Haier Smart;2024;66.7024;8.2976;5.1071;2.9643;11.55;INDUS
Hamamatsu Photonics (JP);2015;0.83;0.25;0.21;0.08;0.37;INDUS
Hamamatsu Photonics (JP);2016;0.88;0.26;0.22;0.09;0.38;INDUS
Hamamatsu Photonics (JP);2017;0.93;0.28;0.23;0.09;0.39;INDUS
Hamamatsu Photonics (JP);2018;0.99;0.3;0.25;0.1;0.41;INDUS
Hamamatsu Photonics (JP);2019;1.05;0.32;0.26;0.11;0.42;INDUS
Hamamatsu Photonics (JP);2020;1.11;0.33;0.28;0.11;0.43;INDUS
Hamamatsu Photonics (JP);2021;1.18;0.35;0.29;0.12;0.45;INDUS
Hamamatsu Photonics (JP);2022;1.25;0.38;0.31;0.12;0.47;INDUS
Hamamatsu Photonics (JP);2023;1.32;0.4;0.33;0.13;0.48;INDUS
Hamamatsu Photonics (JP);2024;1.4;0.42;0.35;0.14;0.5;INDUS
Hangcha Group;2015;1.0762;0.2667;0.0833;0.0429;0.35;INDUS
Hangcha Group;2016;1.2262;0.2976;0.1;0.0524;0.38;INDUS
Hangcha Group;2017;1.6619;0.3452;0.1381;0.0667;0.42;INDUS
Hangcha Group;2018;2.0095;0.4405;0.1714;0.0833;0.45;INDUS
Hangcha Group;2019;2.1071;0.5048;0.2024;0.1;0.48;INDUS
Hangcha Group;2020;2.7262;0.6786;0.2667;0.131;0.52;INDUS
Hangcha Group;2021;3.45;0.8381;0.2976;0.1548;0.55;INDUS
Hangcha Group;2022;3.431;0.981;0.3214;0.1714;0.52;INDUS
Hangcha Group;2023;3.8738;1.1548;0.5048;0.2024;0.55;INDUS
Hangcha Group;2024;4.3143;1.2976;0.5833;0.2262;0.58;INDUS
Hanwha Sol. (KR);2015;7.1;4.5;0.5;0.1;0.5;INDUS
Hanwha Sol. (KR);2016;7.8;4.8;0.7;0.1;0.5;INDUS
Hanwha Sol. (KR);2017;8.1;5.1;0.7;0.1;0.5;INDUS
Hanwha Sol. (KR);2018;7.8;5.3;0.3;0.1;0.6;INDUS
Hanwha Sol. (KR);2019;8.2;5.8;0.3;0.2;0.6;INDUS
Hanwha Sol. (KR);2020;7.9;6.5;0.5;0.2;0.6;INDUS
Hanwha Sol. (KR);2021;9.1;7.2;0.6;0.2;0.7;INDUS
Hanwha Sol. (KR);2022;10.5;8.4;0.8;0.2;0.7;INDUS
Hanwha Sol. (KR);2023;10.1;9.1;0.5;0.2;0.7;INDUS
Hanwha Sol. (KR);2024;9.8;10.2;0.2;0.3;0.8;INDUS
Hengan International;2015;5.8214;2.9762;1.381;0.0833;2.85;INDUS
Hengan International;2016;6.0238;3.1429;1.4524;0.0905;2.75;INDUS
Hengan International;2017;5.9048;3.2143;1.5357;0.1;2.6;INDUS
Hengan International;2018;4.881;3.2857;1.3095;0.1071;2.5;INDUS
Hengan International;2019;5.3452;3.381;1.2381;0.1143;2.45;INDUS
Hengan International;2020;5.3214;3.4524;1.3929;0.1238;2.3;INDUS
Hengan International;2021;4.9524;3.5238;1.0;0.1381;2.25;INDUS
Hengan International;2022;5.381;3.619;0.9167;0.1548;2.35;INDUS
Hengan International;2023;5.6548;3.6905;0.9881;0.1714;2.4;INDUS
Hengan International;2024;5.9762;3.7619;1.1071;0.1857;2.5;INDUS
Hengdian DMEGC;2015;0.9405;0.3452;0.0833;0.0286;0.85;INDUS
Hengdian DMEGC;2016;1.1238;0.4405;0.1071;0.0357;0.92;INDUS
Hengdian DMEGC;2017;1.1952;0.5048;0.1381;0.0429;1.05;INDUS
Hengdian DMEGC;2018;1.5429;0.5833;0.1786;0.0595;1.15;INDUS
Hengdian DMEGC;2019;1.5619;0.6786;0.1952;0.0762;1.22;INDUS
Hengdian DMEGC;2020;1.931;0.8381;0.2667;0.1071;1.45;INDUS
Hengdian DMEGC;2021;3.0024;1.1548;0.3619;0.1548;1.65;INDUS
Hengdian DMEGC;2022;3.6952;1.4571;0.4405;0.2024;1.82;INDUS
Hengdian DMEGC;2023;4.6952;1.7905;0.5048;0.2667;1.95;INDUS
Hengdian DMEGC;2024;5.3452;2.1071;0.6071;0.3452;2.12;INDUS
Henkel (EU);2015;16.86;3.37;2.53;0.51;4.26;INDUS
Henkel (EU);2016;17.37;3.47;2.61;0.52;4.34;INDUS
Henkel (EU);2017;17.89;3.58;2.68;0.54;4.42;INDUS
Henkel (EU);2018;18.42;3.68;2.76;0.55;4.5;INDUS
Henkel (EU);2019;18.98;3.8;2.85;0.57;4.58;INDUS
Henkel (EU);2020;19.55;3.91;2.93;0.59;4.66;INDUS
Henkel (EU);2021;20.13;4.03;3.02;0.6;4.74;INDUS
Henkel (EU);2022;20.74;4.15;3.11;0.62;4.83;INDUS
Henkel (EU);2023;21.36;4.27;3.2;0.64;4.91;INDUS
Henkel (EU);2024;22.0;4.4;3.3;0.66;5.0;INDUS
Hexagon (EU);2015;2.85;0.35;0.65;0.32;1.55;INDUS
Hexagon (EU);2016;3.15;0.38;0.72;0.35;1.65;INDUS
Hexagon (EU);2017;3.45;0.42;0.82;0.38;1.75;INDUS
Hexagon (EU);2018;3.75;0.45;0.92;0.42;1.85;INDUS
Hexagon (EU);2019;3.95;0.48;0.95;0.45;1.95;INDUS
Hexagon (EU);2020;3.85;0.52;0.88;0.48;1.9;INDUS
Hexagon (EU);2021;4.45;0.58;1.15;0.55;2.05;INDUS
Hexagon (EU);2022;4.95;0.62;1.35;0.62;2.15;INDUS
Hexagon (EU);2023;5.25;0.68;1.45;0.68;2.25;INDUS
Hexagon (EU);2024;5.65;0.75;1.65;0.75;2.35;INDUS
Hirose Electric (JP);2015;0.84;0.17;0.21;0.07;0.4;INDUS
Hirose Electric (JP);2016;0.88;0.18;0.22;0.07;0.41;INDUS
Hirose Electric (JP);2017;0.91;0.18;0.23;0.07;0.42;INDUS
Hirose Electric (JP);2018;0.95;0.19;0.24;0.08;0.43;INDUS
Hirose Electric (JP);2019;0.99;0.2;0.25;0.08;0.44;INDUS
Hirose Electric (JP);2020;1.03;0.21;0.26;0.08;0.46;INDUS
Hirose Electric (JP);2021;1.07;0.21;0.27;0.09;0.47;INDUS
Hirose Electric (JP);2022;1.11;0.22;0.28;0.09;0.48;INDUS
Hirose Electric (JP);2023;1.15;0.23;0.29;0.09;0.49;INDUS
Hirose Electric (JP);2024;1.2;0.24;0.3;0.1;0.5;INDUS
Hisense Home Appliances;2015;6.4762;1.0714;0.2857;0.1905;3.2;INDUS
Hisense Home Appliances;2016;6.3571;1.1429;0.3571;0.2143;3.1;INDUS
Hisense Home Appliances;2017;7.9762;1.2381;0.4286;0.2857;3.5;INDUS
Hisense Home Appliances;2018;8.5714;1.381;0.381;0.3571;3.8;INDUS
Hisense Home Appliances;2019;8.9286;1.4762;0.5;0.4286;4.0;INDUS
Hisense Home Appliances;2020;11.5238;1.7857;0.5952;0.5238;4.2;INDUS
Hisense Home Appliances;2021;16.0714;2.1905;0.6667;0.6667;4.5;INDUS
Hisense Home Appliances;2022;17.6429;2.5;0.7619;0.7619;4.8;INDUS
Hisense Home Appliances;2023;20.381;2.8095;0.9762;0.9048;5.1;INDUS
Hisense Home Appliances;2024;22.0238;2.9762;1.1429;1.0;5.3;INDUS
Hitachi (JP);2015;82.1;22.5;5.1;3.1;33.5;INDUS
Hitachi (JP);2016;78.5;21.4;4.8;3.0;32.1;INDUS
Hitachi (JP);2017;80.2;20.5;5.2;3.2;31.8;INDUS
Hitachi (JP);2018;81.5;19.8;5.5;3.3;32.2;INDUS
Hitachi (JP);2019;79.8;18.5;5.1;3.1;31.5;INDUS
Hitachi (JP);2020;75.2;17.4;4.2;3.2;29.8;INDUS
Hitachi (JP);2021;78.5;16.5;5.1;2.8;28.5;INDUS
Hitachi (JP);2022;82.1;16.1;5.8;2.7;27.2;INDUS
Hitachi (JP);2023;70.5;15.5;5.2;2.6;26.5;INDUS
Hitachi (JP);2024;62.5;15.8;4.8;2.5;26.8;INDUS
Hitachi Construction (JP);2015;6.85;2.15;0.45;0.18;2.3;INDUS
Hitachi Construction (JP);2016;6.2;2.1;0.35;0.2;2.25;INDUS
Hitachi Construction (JP);2017;8.45;2.35;0.82;0.22;2.45;INDUS
Hitachi Construction (JP);2018;9.15;2.55;0.95;0.25;2.55;INDUS
Hitachi Construction (JP);2019;8.85;2.65;0.72;0.24;2.5;INDUS
Hitachi Construction (JP);2020;7.55;2.75;0.42;0.22;2.45;INDUS
Hitachi Construction (JP);2021;9.25;2.85;0.85;0.25;2.55;INDUS
Hitachi Construction (JP);2022;9.82;3.15;1.05;0.28;2.6;INDUS
Hitachi Construction (JP);2023;9.45;3.25;1.15;0.32;2.55;INDUS
Hitachi Construction (JP);2024;9.75;3.45;1.25;0.35;2.65;INDUS
Hologic (US);2015;2.71;0.52;0.55;0.21;0.52;INDUS
Hologic (US);2016;2.83;0.55;0.65;0.22;0.55;INDUS
Hologic (US);2017;3.06;0.58;0.75;0.24;0.58;INDUS
Hologic (US);2018;3.22;0.62;0.85;0.25;0.62;INDUS
Hologic (US);2019;3.37;0.65;0.95;0.26;0.65;INDUS
Hologic (US);2020;3.78;0.75;1.15;0.28;0.68;INDUS
Hologic (US);2021;5.63;0.85;2.15;0.35;0.72;INDUS
Hologic (US);2022;4.86;0.92;1.65;0.32;0.7;INDUS
Hologic (US);2023;4.03;0.95;1.25;0.28;0.7;INDUS
Hologic (US);2024;4.25;1.05;1.45;0.32;0.72;INDUS
Honda (JP);2015;130.2;32.5;6.1;6.6;20.8;INDUS
Honda (JP);2016;126.5;31.8;7.6;6.2;21.2;INDUS
Honda (JP);2017;138.2;32.4;7.5;6.5;21.5;INDUS
Honda (JP);2018;143.5;33.5;6.5;7.2;22.0;INDUS
Honda (JP);2019;135.2;34.1;5.7;7.5;21.9;INDUS
Honda (JP);2020;120.4;33.8;6.0;7.1;21.1;INDUS
Honda (JP);2021;132.5;34.5;8.1;6.9;20.4;INDUS
Honda (JP);2022;145.8;35.8;7.8;7.5;19.7;INDUS
Honda (JP);2023;158.2;37.2;10.5;8.4;19.5;INDUS
Honda (JP);2024;165.4;38.5;11.2;9.0;19.8;INDUS
Honeywell (US);2015;38.6;5.5;7.1;1.9;12.9;INDUS
Honeywell (US);2016;39.3;5.8;7.3;1.9;13.1;INDUS
Honeywell (US);2017;40.5;6.1;6.0;1.8;13.1;INDUS
Honeywell (US);2018;41.8;6.0;7.8;1.8;11.4;INDUS
Honeywell (US);2019;36.7;5.8;6.8;1.5;11.3;INDUS
Honeywell (US);2020;32.6;6.0;5.8;1.5;10.3;INDUS
Honeywell (US);2021;34.4;6.3;6.2;1.5;0.9;INDUS
Honeywell (US);2022;35.5;6.6;6.4;1.5;0.9;INDUS
Honeywell (US);2023;36.7;6.9;7.1;1.6;0.9;INDUS
Honeywell (US);2024;38.2;7.2;7.5;1.7;1.0;INDUS
Horiba (JP);2015;1.18;0.24;0.18;0.09;0.58;INDUS
Horiba (JP);2016;1.25;0.25;0.19;0.1;0.6;INDUS
Horiba (JP);2017;1.33;0.27;0.2;0.11;0.63;INDUS
Horiba (JP);2018;1.41;0.28;0.21;0.11;0.65;INDUS
Horiba (JP);2019;1.49;0.3;0.22;0.12;0.67;INDUS
Horiba (JP);2020;1.58;0.32;0.24;0.13;0.7;INDUS
Horiba (JP);2021;1.68;0.34;0.25;0.13;0.72;INDUS
Horiba (JP);2022;1.78;0.36;0.27;0.14;0.75;INDUS
Horiba (JP);2023;1.89;0.38;0.28;0.15;0.77;INDUS
Horiba (JP);2024;2.0;0.4;0.3;0.16;0.8;INDUS
Hoshine Silicon;2015;0.7738;0.5048;0.1071;0.0286;0.45;INDUS
Hoshine Silicon;2016;0.981;0.5833;0.1381;0.0357;0.52;INDUS
Hoshine Silicon;2017;1.6548;0.6786;0.3619;0.0524;0.65;INDUS
Hoshine Silicon;2018;2.5833;0.8381;0.6786;0.0833;0.85;INDUS
Hoshine Silicon;2019;2.131;1.0762;0.2667;0.0667;0.78;INDUS
Hoshine Silicon;2020;2.4643;1.3857;0.3452;0.0833;0.92;INDUS
Hoshine Silicon;2021;5.0833;2.0119;1.9333;0.1548;1.25;INDUS
Hoshine Silicon;2022;5.631;2.8857;1.219;0.2024;1.45;INDUS
Hoshine Silicon;2023;5.7667;3.7738;0.6;0.2262;1.55;INDUS
Hoshine Silicon;2024;6.6952;4.3857;0.75;0.2667;1.75;INDUS
Hoya Corp (JP);2015;4.1;1.15;1.05;0.18;3.45;INDUS
Hoya Corp (JP);2016;4.05;1.12;1.02;0.18;3.52;INDUS
Hoya Corp (JP);2017;4.45;1.18;1.15;0.2;3.58;INDUS
Hoya Corp (JP);2018;4.85;1.22;1.32;0.22;3.65;INDUS
Hoya Corp (JP);2019;5.15;1.28;1.45;0.23;3.72;INDUS
Hoya Corp (JP);2020;5.05;1.3;1.38;0.22;3.68;INDUS
Hoya Corp (JP);2021;5.85;1.42;1.75;0.25;3.75;INDUS
Hoya Corp (JP);2022;6.15;1.48;1.88;0.28;3.82;INDUS
Hoya Corp (JP);2023;6.35;1.55;1.95;0.29;3.88;INDUS
Hoya Corp (JP);2024;6.65;1.62;2.1;0.31;3.95;INDUS
Huafon Chem;2015;1.4571;0.981;0.1071;0.0429;0.42;INDUS
Huafon Chem;2016;1.869;1.1548;0.1548;0.0524;0.48;INDUS
Huafon Chem;2017;2.6476;1.3143;0.4405;0.0833;0.52;INDUS
Huafon Chem;2018;3.1548;1.5357;0.5048;0.1071;0.58;INDUS
Huafon Chem;2019;3.281;1.8619;0.5833;0.1238;0.65;INDUS
Huafon Chem;2020;3.431;2.1714;0.6786;0.1548;0.72;INDUS
Huafon Chem;2021;6.7405;2.9643;2.4095;0.2667;0.85;INDUS
Huafon Chem;2022;6.1548;3.7667;0.7738;0.2262;0.92;INDUS
Huafon Chem;2023;6.219;4.1548;0.7429;0.25;0.98;INDUS
Huafon Chem;2024;6.7738;4.5524;0.9167;0.2976;1.05;INDUS
Huafon Microfibre;2015;0.25;0.2024;0.019;0.0095;0.15;INDUS
Huafon Microfibre;2016;0.3214;0.2738;0.0286;0.0143;0.18;INDUS
Huafon Microfibre;2017;0.5119;0.3619;0.0429;0.0214;0.24;INDUS
Huafon Microfibre;2018;0.75;0.4405;0.0595;0.0286;0.28;INDUS
Huafon Microfibre;2019;0.8381;0.5119;0.0667;0.0357;0.3;INDUS
Huafon Microfibre;2020;0.8214;0.5357;0.0357;0.0381;0.28;INDUS
Huafon Microfibre;2021;0.9167;0.6;0.0286;0.0429;0.32;INDUS
Huafon Microfibre;2022;0.8619;0.6786;0.019;0.0476;0.3;INDUS
Huafon Microfibre;2023;0.9405;0.7262;0.0357;0.0524;0.32;INDUS
Huafon Microfibre;2024;1.0;0.7429;0.0429;0.0595;0.35;INDUS
Huafon Nylon;2015;0.6786;0.3452;0.0833;0.0286;0.45;INDUS
Huafon Nylon;2016;0.7429;0.369;0.1;0.0357;0.48;INDUS
Huafon Nylon;2017;1.0119;0.4405;0.1548;0.0429;0.55;INDUS
Huafon Nylon;2018;1.2262;0.5357;0.1952;0.0595;0.62;INDUS
Huafon Nylon;2019;1.1548;0.6;0.131;0.0524;0.58;INDUS
Huafon Nylon;2020;1.2976;0.75;0.1786;0.0762;0.65;INDUS
Huafon Nylon;2021;2.1714;1.1548;0.4405;0.1071;0.85;INDUS
Huafon Nylon;2022;1.9643;1.3143;0.1548;0.1143;0.82;INDUS
Huafon Nylon;2023;2.25;1.4643;0.2262;0.131;0.88;INDUS
Huafon Nylon;2024;2.5833;1.631;0.2976;0.1548;0.95;INDUS
Huali Industrial;2015;2.4167;0.5119;0.2976;0.0429;12.5;INDUS
Huali Industrial;2016;2.6786;0.5595;0.3452;0.0476;13.2;INDUS
Huali Industrial;2017;2.9762;0.6071;0.4405;0.0524;14.1;INDUS
Huali Industrial;2018;3.2976;0.6786;0.5119;0.0595;14.8;INDUS
Huali Industrial;2019;3.6071;0.75;0.6071;0.0667;15.2;INDUS
Huali Industrial;2020;3.3095;0.8214;0.5595;0.0762;13.8;INDUS
Huali Industrial;2021;4.1548;0.9167;0.7738;0.0833;15.5;INDUS
Huali Industrial;2022;4.8929;0.9881;0.9167;0.1;16.2;INDUS
Huali Industrial;2023;4.7857;1.0833;0.8452;0.1071;15.8;INDUS
Huali Industrial;2024;5.1905;1.1548;0.9881;0.1143;16.5;INDUS
Hyundai Mobis (KR);2015;32.5;6.85;2.65;0.55;2.85;INDUS
Hyundai Mobis (KR);2016;33.15;7.15;2.55;0.62;2.95;INDUS
Hyundai Mobis (KR);2017;31.52;7.5;1.85;0.72;3.15;INDUS
Hyundai Mobis (KR);2018;31.45;7.85;1.82;0.78;3.25;INDUS
Hyundai Mobis (KR);2019;32.6;8.25;2.05;0.85;3.35;INDUS
Hyundai Mobis (KR);2020;30.85;8.5;1.55;0.88;3.42;INDUS
Hyundai Mobis (KR);2021;37.2;8.85;1.75;1.05;3.55;INDUS
Hyundai Mobis (KR);2022;40.15;9.25;1.65;1.25;3.65;INDUS
Hyundai Mobis (KR);2023;44.55;9.85;1.85;1.45;3.85;INDUS
Hyundai Mobis (KR);2024;46.2;10.25;2.15;1.65;4.1;INDUS
Hyundai Motor (KR);2015;82.5;24.2;5.6;1.8;11.2;INDUS
Hyundai Motor (KR);2016;84.1;25.1;5.2;2.1;11.5;INDUS
Hyundai Motor (KR);2017;85.8;26.4;4.1;2.3;11.8;INDUS
Hyundai Motor (KR);2018;86.5;27.8;2.1;2.5;12.0;INDUS
Hyundai Motor (KR);2019;91.2;29.5;3.2;2.7;12.1;INDUS
Hyundai Motor (KR);2020;88.4;31.2;2.1;2.8;12.2;INDUS
Hyundai Motor (KR);2021;105.1;33.5;5.8;3.0;12.3;INDUS
Hyundai Motor (KR);2022;118.5;35.8;8.5;3.3;12.2;INDUS
Hyundai Motor (KR);2023;135.2;38.4;12.5;3.6;12.4;INDUS
Hyundai Motor (KR);2024;142.1;41.2;13.2;4.0;12.5;INDUS
IKD Co Ltd;2015;0.2738;0.1548;0.0524;0.0119;0.25;INDUS
IKD Co Ltd;2016;0.3524;0.1857;0.0667;0.0167;0.28;INDUS
IKD Co Ltd;2017;0.4643;0.2262;0.0833;0.0214;0.31;INDUS
IKD Co Ltd;2018;0.5357;0.2738;0.1;0.0286;0.35;INDUS
IKD Co Ltd;2019;0.519;0.3143;0.0905;0.031;0.36;INDUS
IKD Co Ltd;2020;0.5595;0.369;0.0976;0.0357;0.38;INDUS
IKD Co Ltd;2021;0.7738;0.4405;0.1071;0.0429;0.42;INDUS
IKD Co Ltd;2022;1.0119;0.5357;0.1476;0.0524;0.45;INDUS
IKD Co Ltd;2023;1.219;0.6786;0.1857;0.0667;0.48;INDUS
IKD Co Ltd;2024;1.4405;0.8214;0.2262;0.0833;0.52;INDUS
Ibiden (JP);2015;1.48;0.59;0.22;0.12;1.1;INDUS
Ibiden (JP);2016;1.57;0.63;0.24;0.13;1.13;INDUS
Ibiden (JP);2017;1.66;0.66;0.25;0.13;1.17;INDUS
Ibiden (JP);2018;1.76;0.7;0.26;0.14;1.22;INDUS
Ibiden (JP);2019;1.87;0.75;0.28;0.15;1.26;INDUS
Ibiden (JP);2020;1.98;0.79;0.3;0.16;1.3;INDUS
Ibiden (JP);2021;2.1;0.84;0.32;0.17;1.35;INDUS
Ibiden (JP);2022;2.22;0.89;0.33;0.18;1.4;INDUS
Ibiden (JP);2023;2.36;0.94;0.35;0.19;1.45;INDUS
Ibiden (JP);2024;2.5;1.0;0.38;0.2;1.5;INDUS
Idexx Laboratories (US);2015;2.07;0.31;0.62;0.1;0.76;INDUS
Idexx Laboratories (US);2016;2.21;0.33;0.66;0.11;0.79;INDUS
Idexx Laboratories (US);2017;2.37;0.36;0.71;0.12;0.83;INDUS
Idexx Laboratories (US);2018;2.53;0.38;0.76;0.13;0.86;INDUS
Idexx Laboratories (US);2019;2.71;0.41;0.81;0.14;0.9;INDUS
Idexx Laboratories (US);2020;2.9;0.43;0.87;0.14;0.94;INDUS
Idexx Laboratories (US);2021;3.1;0.46;0.93;0.16;0.97;INDUS
Idexx Laboratories (US);2022;3.32;0.5;1.0;0.17;1.01;INDUS
Idexx Laboratories (US);2023;3.55;0.53;1.06;0.18;1.06;INDUS
Idexx Laboratories (US);2024;3.8;0.57;1.14;0.19;1.1;INDUS
Illinois Tool Works (US);2015;13.41;1.52;3.15;0.42;4.8;INDUS
Illinois Tool Works (US);2016;13.59;1.55;3.25;0.43;5.0;INDUS
Illinois Tool Works (US);2017;14.31;1.62;3.55;0.45;5.0;INDUS
Illinois Tool Works (US);2018;14.77;1.75;3.65;0.48;4.8;INDUS
Illinois Tool Works (US);2019;14.11;1.85;3.45;0.46;4.5;INDUS
Illinois Tool Works (US);2020;12.57;1.82;2.85;0.42;4.3;INDUS
Illinois Tool Works (US);2021;14.45;1.95;3.55;0.48;4.5;INDUS
Illinois Tool Works (US);2022;15.92;2.15;3.85;0.52;4.6;INDUS
Illinois Tool Works (US);2023;16.11;2.25;4.05;0.55;4.5;INDUS
Illinois Tool Works (US);2024;16.52;2.35;4.25;0.58;4.6;INDUS
Illumina (US);2015;2.22;0.85;0.52;0.42;0.46;INDUS
Illumina (US);2016;2.4;0.92;0.58;0.51;0.54;INDUS
Illumina (US);2017;2.75;1.05;0.72;0.55;0.58;INDUS
Illumina (US);2018;3.33;1.25;0.85;0.62;0.73;INDUS
Illumina (US);2019;3.54;1.45;0.95;0.65;0.77;INDUS
Illumina (US);2020;3.24;1.65;0.65;0.68;0.78;INDUS
Illumina (US);2021;4.53;2.15;0.82;1.15;0.91;INDUS
Illumina (US);2022;4.58;2.45;0.52;1.35;1.02;INDUS
Illumina (US);2023;4.5;2.65;-0.15;1.45;0.95;INDUS
Illumina (US);2024;4.85;2.85;0.45;1.52;1.05;INDUS
Inditex (EU);2015;20.9;7.8;3.7;0.1;15.3;INDUS
Inditex (EU);2016;23.3;8.2;4.0;0.1;16.2;INDUS
Inditex (EU);2017;25.3;8.8;4.3;0.1;17.1;INDUS
Inditex (EU);2018;26.1;9.5;4.4;0.1;17.4;INDUS
Inditex (EU);2019;28.3;11.2;4.8;0.1;17.6;INDUS
Inditex (EU);2020;20.4;11.5;1.5;0.1;14.4;INDUS
Inditex (EU);2021;27.7;11.1;4.3;0.1;16.5;INDUS
Inditex (EU);2022;32.6;10.8;5.5;0.2;16.5;INDUS
Inditex (EU);2023;35.9;11.1;6.8;0.2;16.1;INDUS
Inditex (EU);2024;37.8;11.4;7.2;0.2;16.3;INDUS
Infineon (EU);2015;9.52;2.86;2.38;1.24;4.02;INDUS
Infineon (EU);2016;10.19;3.06;2.55;1.32;4.19;INDUS
Infineon (EU);2017;10.9;3.27;2.73;1.42;4.37;INDUS
Infineon (EU);2018;11.66;3.5;2.92;1.52;4.55;INDUS
Infineon (EU);2019;12.48;3.74;3.12;1.62;4.73;INDUS
Infineon (EU);2020;13.35;4.0;3.34;1.74;4.93;INDUS
Infineon (EU);2021;14.29;4.29;3.57;1.86;5.13;INDUS
Infineon (EU);2022;15.29;4.59;3.82;1.99;5.35;INDUS
Infineon (EU);2023;16.36;4.91;4.09;2.13;5.57;INDUS
Infineon (EU);2024;17.5;5.25;4.38;2.27;5.8;INDUS
Ingersoll Rand (US);2015;13.31;2.15;1.85;0.45;4.5;INDUS
Ingersoll Rand (US);2016;13.51;2.05;1.92;0.46;4.5;INDUS
Ingersoll Rand (US);2017;14.2;2.12;2.15;0.48;4.6;INDUS
Ingersoll Rand (US);2018;15.67;2.25;2.45;0.52;4.9;INDUS
Ingersoll Rand (US);2019;16.63;2.45;2.65;0.55;5.1;INDUS
Ingersoll Rand (US);2020;5.41;0.85;0.75;0.22;1.6;INDUS
Ingersoll Rand (US);2021;5.15;0.82;0.85;0.25;1.6;INDUS
Ingersoll Rand (US);2022;5.92;0.88;1.05;0.28;1.7;INDUS
Ingersoll Rand (US);2023;6.88;0.95;1.35;0.32;1.8;INDUS
Ingersoll Rand (US);2024;7.25;1.05;1.45;0.35;1.9;INDUS
Inovance Tech;2015;0.6595;0.2024;0.1548;0.0667;0.45;INDUS
Inovance Tech;2016;0.8714;0.2667;0.2024;0.0905;0.58;INDUS
Inovance Tech;2017;1.1357;0.3452;0.2738;0.131;0.72;INDUS
Inovance Tech;2018;1.3976;0.4405;0.2976;0.1714;0.85;INDUS
Inovance Tech;2019;1.7595;0.5833;0.2667;0.2095;1.12;INDUS
Inovance Tech;2020;2.7405;0.7429;0.5833;0.2976;1.45;INDUS
Inovance Tech;2021;4.2714;1.0119;0.9167;0.4405;1.95;INDUS
Inovance Tech;2022;5.4786;1.3143;1.0762;0.5833;2.25;INDUS
Inovance Tech;2023;7.2429;1.631;1.219;0.7738;2.85;INDUS
Inspur Electronic;2015;2.4095;0.2667;0.1071;0.2024;0.85;INDUS
Inspur Electronic;2016;3.0119;0.3452;0.1238;0.2667;0.95;INDUS
Inspur Electronic;2017;6.0762;0.4405;0.2024;0.3619;1.15;INDUS
Inspur Electronic;2018;11.1786;0.5833;0.2667;0.4405;1.45;INDUS
Inspur Electronic;2019;12.2976;0.7429;0.2976;0.5048;1.52;INDUS
Inspur Electronic;2020;15.0071;0.9167;0.4405;0.5833;1.85;INDUS
Inspur Electronic;2021;15.9571;1.0762;0.5048;0.6786;2.12;INDUS
Inspur Electronic;2022;16.5524;1.219;0.5833;0.7429;2.35;INDUS
Inspur Electronic;2023;15.6786;1.3929;0.5048;0.8214;2.25;INDUS
Intel (US);2015;55.4;31.5;14.0;12.1;10.7;INDUS
Intel (US);2016;59.4;34.2;12.9;12.7;10.6;INDUS
Intel (US);2017;62.8;38.5;17.9;13.1;10.2;INDUS
Intel (US);2018;70.8;43.2;23.3;13.5;10.7;INDUS
Intel (US);2019;72.0;48.5;22.0;13.4;11.1;INDUS
Intel (US);2020;77.9;52.1;20.9;13.6;11.0;INDUS
Intel (US);2021;79.0;56.8;19.5;15.2;12.1;INDUS
Intel (US);2022;63.1;60.2;2.3;17.5;13.1;INDUS
Intel (US);2023;54.2;65.5;0.1;16.0;12.4;INDUS
Intel (US);2024;56.5;72.1;0.8;16.5;12.0;INDUS
Intuitive Surgical (US);2015;2.38;0.45;0.85;0.22;0.32;INDUS
Intuitive Surgical (US);2016;2.7;0.52;1.05;0.25;0.38;INDUS
Intuitive Surgical (US);2017;3.13;0.65;1.25;0.32;0.44;INDUS
Intuitive Surgical (US);2018;3.72;0.85;1.45;0.42;0.55;INDUS
Intuitive Surgical (US);2019;4.48;1.15;1.65;0.55;0.73;INDUS
Intuitive Surgical (US);2020;4.36;1.45;1.25;0.58;0.81;INDUS
Intuitive Surgical (US);2021;5.71;1.85;2.15;0.68;0.98;INDUS
Intuitive Surgical (US);2022;6.22;2.15;2.45;0.85;1.25;INDUS
Intuitive Surgical (US);2023;7.12;2.45;2.85;1.05;1.35;INDUS
Intuitive Surgical (US);2024;8.15;2.85;3.15;1.25;1.45;INDUS
Isuzu Motors (JP);2015;16.2;4.85;1.45;0.75;2.85;INDUS
Isuzu Motors (JP);2016;17.85;5.12;1.55;0.78;2.95;INDUS
Isuzu Motors (JP);2017;18.15;5.25;1.62;0.82;3.15;INDUS
Isuzu Motors (JP);2018;19.5;5.55;1.55;0.85;3.45;INDUS
Isuzu Motors (JP);2019;19.85;5.85;1.42;0.92;3.65;INDUS
Isuzu Motors (JP);2020;16.85;6.15;1.15;0.88;3.55;INDUS
Isuzu Motors (JP);2021;22.5;7.15;1.65;0.95;4.25;INDUS
Isuzu Motors (JP);2022;25.15;7.85;1.85;1.15;4.55;INDUS
Isuzu Motors (JP);2023;22.85;8.15;1.95;1.25;4.45;INDUS
Isuzu Motors (JP);2024;24.25;8.5;2.15;1.35;4.65;INDUS
JA Solar;2015;3.219;1.2905;0.2024;0.1238;1.12;INDUS
JA Solar;2016;3.7476;1.631;0.219;0.1548;1.25;INDUS
JA Solar;2017;4.681;2.0286;0.2667;0.2024;1.45;INDUS
JA Solar;2018;4.6786;2.4095;0.2024;0.2262;1.52;INDUS
JA Solar;2019;5.0357;2.9643;0.3619;0.2976;1.65;INDUS
JA Solar;2020;6.1548;3.7738;0.5048;0.4405;1.85;INDUS
JA Solar;2021;9.8333;5.0286;0.7738;0.6786;2.15;INDUS
JA Solar;2022;17.3786;7.7429;1.7905;0.981;2.85;INDUS
JA Solar;2023;19.4167;10.0357;2.1714;1.1548;3.25;INDUS
JAC Motors;2015;10.9619;2.0286;0.2738;0.4405;3.25;INDUS
JAC Motors;2016;12.5024;2.1714;0.3143;0.5119;3.35;INDUS
JAC Motors;2017;11.7167;2.3452;0.2024;0.4881;3.15;INDUS
JAC Motors;2018;11.9405;2.5048;0.1071;0.5119;3.05;INDUS
JAC Motors;2019;11.2738;2.6667;0.0833;0.481;2.95;INDUS
JAC Motors;2020;10.2333;2.8214;0.0595;0.4405;2.85;INDUS
JAC Motors;2021;9.5976;2.8929;0.0762;0.4333;2.75;INDUS
JAC Motors;2022;8.7095;2.9762;0.0429;0.369;2.55;INDUS
JAC Motors;2023;10.719;3.0595;0.1071;0.5048;2.65;INDUS
JAC Motors;2024;11.5476;3.1548;0.2024;0.5595;2.75;INDUS
JTEKT (JP);2015;11.55;2.55;0.65;0.35;4.4;INDUS
JTEKT (JP);2016;11.1;2.45;0.58;0.32;4.45;INDUS
JTEKT (JP);2017;11.85;2.65;0.72;0.38;4.55;INDUS
JTEKT (JP);2018;12.5;2.85;0.75;0.42;4.85;INDUS
JTEKT (JP);2019;12.15;2.95;0.35;0.38;4.95;INDUS
JTEKT (JP);2020;10.25;3.05;0.12;0.35;4.8;INDUS
JTEKT (JP);2021;11.85;3.15;0.35;0.32;4.75;INDUS
JTEKT (JP);2022;11.25;3.25;0.45;0.35;4.65;INDUS
JTEKT (JP);2023;11.45;3.45;0.55;0.38;4.55;INDUS
JTEKT (JP);2024;12.1;3.65;0.65;0.42;4.65;INDUS
Jereh Oilfield;2015;0.7429;0.5048;0.0357;0.0429;0.45;INDUS
Jereh Oilfield;2016;0.6786;0.5833;0.0119;0.0357;0.42;INDUS
Jereh Oilfield;2017;0.7571;0.6786;0.019;0.0429;0.45;INDUS
Jereh Oilfield;2018;1.0762;0.7738;0.1548;0.0667;0.55;INDUS
Jereh Oilfield;2019;1.6476;0.9167;0.2976;0.1071;0.65;INDUS
Jereh Oilfield;2020;1.9738;1.0762;0.4405;0.1238;0.72;INDUS
Jereh Oilfield;2021;2.0833;1.3143;0.3619;0.131;0.78;INDUS
Jereh Oilfield;2022;2.7167;1.631;0.2976;0.1548;0.85;INDUS
Jereh Oilfield;2023;3.3119;1.869;0.5833;0.2024;0.92;INDUS
Jereh Oilfield;2024;3.6;2.0286;0.6786;0.2262;0.98;INDUS
Jiangling Motors;2015;5.8405;1.3929;0.6071;0.3929;1.45;INDUS
Jiangling Motors;2016;6.3405;1.4881;0.369;0.4405;1.65;INDUS
Jiangling Motors;2017;7.4643;1.7024;0.2024;0.5119;1.85;INDUS
Jiangling Motors;2018;6.7262;1.7976;0.0286;0.4405;1.75;INDUS
Jiangling Motors;2019;6.9452;1.8619;0.0595;0.3929;1.65;INDUS
Jiangling Motors;2020;7.8786;1.9405;0.131;0.4167;1.55;INDUS
Jiangling Motors;2021;8.3857;2.0119;0.0119;0.369;1.45;INDUS
Jiangling Motors;2022;7.1667;1.9643;-0.0833;0.3452;1.35;INDUS
Jiangling Motors;2023;7.8929;2.0595;0.3929;0.369;1.45;INDUS
Jiangling Motors;2024;8.4524;2.131;0.4405;0.3929;1.5;INDUS
Jiangxi Copper;2015;44.1048;5.7429;0.4405;0.1548;3.25;INDUS
Jiangxi Copper;2016;48.169;6.0595;0.5048;0.1714;3.15;INDUS
Jiangxi Copper;2017;48.819;6.3929;0.8381;0.2024;3.05;INDUS
Jiangxi Copper;2018;51.2595;6.6952;0.981;0.2667;2.95;INDUS
Jiangxi Copper;2019;57.2262;7.4095;1.1548;0.3619;2.85;INDUS
Jiangxi Copper;2020;75.8476;8.4405;1.219;0.4405;2.75;INDUS
Jiangxi Copper;2021;105.4214;10.0286;1.631;0.5119;2.65;INDUS
Jiangxi Copper;2022;114.2714;11.5524;1.7905;0.5833;2.55;INDUS
Jiangxi Copper;2023;124.2595;12.4095;1.9333;0.6786;2.45;INDUS
Jiangxi Copper;2024;132.9571;13.4405;2.2024;0.7738;2.42;INDUS
JinJian Rice;2015;0.4405;0.1071;0.0048;0.0024;0.25;INDUS
JinJian Rice;2016;0.4571;0.1143;0.0071;0.0024;0.26;INDUS
JinJian Rice;2017;0.5833;0.1238;0.0095;0.0048;0.27;INDUS
JinJian Rice;2018;0.6786;0.131;0.0119;0.0048;0.28;INDUS
JinJian Rice;2019;0.7738;0.1476;0.0143;0.0071;0.3;INDUS
JinJian Rice;2020;1.1548;0.1619;0.019;0.0071;0.32;INDUS
JinJian Rice;2021;1.4643;0.1786;0.0286;0.0095;0.35;INDUS
JinJian Rice;2022;1.5357;0.1952;0.0333;0.0119;0.36;INDUS
JinJian Rice;2023;1.631;0.2095;0.0381;0.0119;0.37;INDUS
JinJian Rice;2024;1.7143;0.219;0.0429;0.0143;0.38;INDUS
JinkoSolar;2015;3.8286;1.6952;0.2667;0.1238;1.45;INDUS
JinkoSolar;2016;5.0952;2.0286;0.3619;0.1548;1.85;INDUS
JinkoSolar;2017;6.3024;2.4095;0.2976;0.1952;2.15;INDUS
JinkoSolar;2018;5.9619;2.9643;0.2024;0.2262;2.45;INDUS
JinkoSolar;2019;7.0833;3.6;0.3452;0.2976;2.75;INDUS
JinkoSolar;2020;8.3643;4.4095;0.4405;0.3619;3.12;INDUS
JinkoSolar;2021;9.7214;5.8381;0.5048;0.4405;3.65;INDUS
JinkoSolar;2022;19.7714;8.3619;1.0762;0.6786;4.85;INDUS
JinkoSolar;2023;26.2643;10.8381;1.631;0.981;5.45;INDUS
Jiugui Liquor;2015;0.1167;0.1238;0.0286;0.0048;0.18;INDUS
Jiugui Liquor;2016;0.1548;0.131;0.0357;0.0071;0.19;INDUS
Jiugui Liquor;2017;0.2095;0.1381;0.0524;0.0095;0.21;INDUS
Jiugui Liquor;2018;0.281;0.1476;0.0738;0.0119;0.22;INDUS
Jiugui Liquor;2019;0.3595;0.1786;0.1;0.019;0.24;INDUS
Jiugui Liquor;2020;0.4333;0.1952;0.1381;0.0238;0.25;INDUS
Jiugui Liquor;2021;0.8119;0.25;0.2738;0.0357;0.28;INDUS
Jiugui Liquor;2022;0.9643;0.2738;0.3143;0.0429;0.29;INDUS
Jiugui Liquor;2023;0.6738;0.2976;0.2024;0.0333;0.26;INDUS
Jiugui Liquor;2024;0.75;0.3214;0.25;0.0381;0.27;INDUS
John Deere (US);2015;28.8;5.8;3.5;1.4;5.7;INDUS
John Deere (US);2016;26.6;5.6;2.8;1.4;5.6;INDUS
John Deere (US);2017;29.7;5.7;3.4;1.6;6.0;INDUS
John Deere (US);2018;37.4;6.1;4.4;1.7;7.4;INDUS
John Deere (US);2019;39.2;6.4;4.5;1.8;7.3;INDUS
John Deere (US);2020;35.5;6.8;3.8;1.7;7.0;INDUS
John Deere (US);2021;44.0;7.2;7.5;1.9;7.5;INDUS
John Deere (US);2022;52.5;7.8;10.2;2.1;8.2;INDUS
John Deere (US);2023;61.2;8.5;13.5;2.3;8.3;INDUS
John Deere (US);2024;58.5;8.9;11.8;2.4;8.1;INDUS
Joyoung;2015;1.681;0.2667;0.1714;0.0595;0.35;INDUS
Joyoung;2016;1.7262;0.2976;0.1857;0.0667;0.38;INDUS
Joyoung;2017;1.7238;0.3286;0.1952;0.0762;0.42;INDUS
Joyoung;2018;1.9429;0.3619;0.2262;0.0833;0.45;INDUS
Joyoung;2019;2.2262;0.4333;0.2667;0.1;0.48;INDUS
Joyoung;2020;2.6714;0.5048;0.3214;0.1143;0.52;INDUS
Joyoung;2021;2.5095;0.5833;0.219;0.1238;0.55;INDUS
Joyoung;2022;2.4214;0.6548;0.2024;0.131;0.52;INDUS
Joyoung;2023;2.3452;0.7024;0.1857;0.1381;0.5;INDUS
Joyoung;2024;2.5048;0.75;0.2095;0.1548;0.54;INDUS
Juewei Food;2015;0.6952;0.2024;0.1071;0.0048;0.32;INDUS
Juewei Food;2016;0.7786;0.2262;0.131;0.0071;0.35;INDUS
Juewei Food;2017;0.9167;0.2738;0.1714;0.0095;0.42;INDUS
Juewei Food;2018;1.0381;0.3214;0.2095;0.0119;0.48;INDUS
Juewei Food;2019;1.231;0.3929;0.25;0.019;0.55;INDUS
Juewei Food;2020;1.2548;0.4405;0.2262;0.0238;0.58;INDUS
Juewei Food;2021;1.5595;0.5119;0.2976;0.0286;0.65;INDUS
Juewei Food;2022;1.5762;0.5833;0.1071;0.0357;0.68;INDUS
Juewei Food;2023;1.7286;0.6548;0.1548;0.0429;0.72;INDUS
Juewei Food;2024;1.869;0.7262;0.2024;0.0524;0.75;INDUS
Juniper Networks (US);2015;4.86;0.45;0.85;0.95;0.9;INDUS
Juniper Networks (US);2016;4.99;0.48;0.88;0.98;0.92;INDUS
Juniper Networks (US);2017;5.03;0.52;0.92;1.05;0.98;INDUS
Juniper Networks (US);2018;4.65;0.55;0.75;0.98;0.92;INDUS
Juniper Networks (US);2019;4.45;0.58;0.65;0.95;0.88;INDUS
Juniper Networks (US);2020;4.45;0.62;0.62;0.92;0.92;INDUS
Juniper Networks (US);2021;4.74;0.65;0.72;1.02;0.95;INDUS
Juniper Networks (US);2022;5.3;0.72;0.82;1.12;1.02;INDUS
Juniper Networks (US);2023;5.56;0.75;0.85;1.2;1.05;INDUS
Juniper Networks (US);2024;5.6;0.82;0.92;1.25;1.1;INDUS
KLA Corp (US);2015;2.81;0.42;0.85;0.48;0.6;INDUS
KLA Corp (US);2016;2.98;0.45;0.95;0.52;0.6;INDUS
KLA Corp (US);2017;3.48;0.48;1.25;0.55;0.7;INDUS
KLA Corp (US);2018;4.04;0.55;1.52;0.62;0.8;INDUS
KLA Corp (US);2019;4.57;0.85;1.45;0.75;1.0;INDUS
KLA Corp (US);2020;5.81;0.95;2.15;0.85;1.1;INDUS
KLA Corp (US);2021;6.92;1.15;2.85;0.95;1.2;INDUS
KLA Corp (US);2022;9.21;1.45;3.85;1.12;1.4;INDUS
KLA Corp (US);2023;10.5;1.65;4.25;1.25;1.5;INDUS
KLA Corp (US);2024;10.82;1.85;4.55;1.32;1.6;INDUS
Kao Corp (JP);2015;12.15;3.85;1.45;0.45;3.25;INDUS
Kao Corp (JP);2016;12.45;3.95;1.55;0.48;3.35;INDUS
Kao Corp (JP);2017;12.85;4.15;1.75;0.52;3.45;INDUS
Kao Corp (JP);2018;13.15;4.25;1.85;0.55;3.55;INDUS
Kao Corp (JP);2019;13.45;4.35;1.95;0.58;3.65;INDUS
Kao Corp (JP);2020;12.52;4.45;1.52;0.55;3.45;INDUS
Kao Corp (JP);2021;12.85;4.55;1.65;0.58;3.35;INDUS
Kao Corp (JP);2022;13.42;4.75;1.45;0.62;3.42;INDUS
Kao Corp (JP);2023;12.15;4.85;0.85;0.58;3.3;INDUS
Kao Corp (JP);2024;12.85;5.05;1.15;0.65;3.45;INDUS
Kawasaki Heavy (JP);2015;13.15;3.85;0.82;0.38;3.55;INDUS
Kawasaki Heavy (JP);2016;13.52;4.05;0.75;0.41;3.6;INDUS
Kawasaki Heavy (JP);2017;14.2;4.25;0.62;0.42;3.65;INDUS
Kawasaki Heavy (JP);2018;14.55;4.45;0.58;0.45;3.7;INDUS
Kawasaki Heavy (JP);2019;14.85;4.65;0.55;0.48;3.75;INDUS
Kawasaki Heavy (JP);2020;13.92;4.85;0.25;0.45;3.65;INDUS
Kawasaki Heavy (JP);2021;13.15;4.95;0.35;0.42;3.6;INDUS
Kawasaki Heavy (JP);2022;14.25;5.15;0.65;0.48;3.7;INDUS
Kawasaki Heavy (JP);2023;13.8;5.35;0.75;0.52;3.8;INDUS
Kawasaki Heavy (JP);2024;14.45;5.55;0.85;0.55;3.85;INDUS
Keboda;2015;0.2976;0.0595;0.0595;0.019;0.15;INDUS
Keboda;2016;0.3857;0.0762;0.0833;0.0286;0.18;INDUS
Keboda;2017;0.5524;0.1071;0.131;0.0429;0.22;INDUS
Keboda;2018;0.6357;0.131;0.1548;0.0524;0.25;INDUS
Keboda;2019;0.6929;0.1548;0.1476;0.0595;0.28;INDUS
Keboda;2020;0.6929;0.1786;0.1619;0.0667;0.32;INDUS
Keboda;2021;0.669;0.1952;0.131;0.0762;0.3;INDUS
Keboda;2022;0.8048;0.2262;0.1476;0.0905;0.35;INDUS
Keboda;2023;1.0429;0.2738;0.1952;0.1071;0.42;INDUS
Keboda;2024;1.2262;0.3214;0.2262;0.1238;0.48;INDUS
Kering (EU);2015;12.8;2.5;1.8;0.0;3.8;INDUS
Kering (EU);2016;13.5;2.6;2.1;0.0;4.0;INDUS
Kering (EU);2017;17.1;2.8;3.3;0.0;4.4;INDUS
Kering (EU);2018;15.2;2.9;4.4;0.0;3.5;INDUS
Kering (EU);2019;17.5;3.2;5.4;0.0;3.8;INDUS
Kering (EU);2020;14.5;3.5;3.6;0.0;3.8;INDUS
Kering (EU);2021;19.5;3.8;5.5;0.0;4.3;INDUS
Kering (EU);2022;22.5;4.2;6.2;0.1;4.7;INDUS
Kering (EU);2023;21.2;4.5;5.1;0.1;4.9;INDUS
Kering (EU);2024;19.8;4.8;4.2;0.1;4.8;INDUS
Keyence (JP);2015;3.2;0.1;1.7;0.1;0.5;INDUS
Keyence (JP);2016;3.5;0.1;1.8;0.1;0.5;INDUS
Keyence (JP);2017;4.4;0.2;2.4;0.1;0.6;INDUS
Keyence (JP);2018;5.0;0.2;2.8;0.1;0.7;INDUS
Keyence (JP);2019;4.8;0.2;2.4;0.1;0.8;INDUS
Keyence (JP);2020;4.6;0.2;2.2;0.1;0.8;INDUS
Keyence (JP);2021;6.2;0.3;3.4;0.1;0.9;INDUS
Keyence (JP);2022;7.3;0.3;4.0;0.2;1.0;INDUS
Keyence (JP);2023;7.8;0.4;4.2;0.2;1.1;INDUS
Keyence (JP);2024;8.2;0.4;4.4;0.2;1.2;INDUS
Keysight (US);2015;2.85;0.45;0.45;0.38;1.0;INDUS
Keysight (US);2016;2.91;0.48;0.48;0.41;1.1;INDUS
Keysight (US);2017;3.18;0.52;0.52;0.58;1.2;INDUS
Keysight (US);2018;3.88;0.55;0.85;0.62;1.3;INDUS
Keysight (US);2019;4.3;0.58;1.05;0.68;1.4;INDUS
Keysight (US);2020;4.22;0.62;0.95;0.72;1.4;INDUS
Keysight (US);2021;4.94;0.68;1.25;0.85;1.5;INDUS
Keysight (US);2022;5.42;0.72;1.45;0.91;1.5;INDUS
Keysight (US);2023;5.46;0.78;1.52;0.95;1.5;INDUS
Keysight (US);2024;5.65;0.82;1.65;1.02;1.55;INDUS
Kia (KR);2015;43.1;6.8;2.1;1.5;3.4;INDUS
Kia (KR);2016;45.8;7.2;2.1;1.6;3.5;INDUS
Kia (KR);2017;46.5;7.5;0.6;1.5;3.5;INDUS
Kia (KR);2018;47.1;8.1;1.0;1.5;3.6;INDUS
Kia (KR);2019;50.2;8.8;1.7;1.6;3.5;INDUS
Kia (KR);2020;51.5;9.2;1.8;1.5;3.5;INDUS
Kia (KR);2021;61.2;10.5;4.4;1.7;3.5;INDUS
Kia (KR);2022;74.5;11.2;6.3;1.9;3.5;INDUS
Kia (KR);2023;85.1;12.1;9.8;2.1;3.6;INDUS
Kia (KR);2024;88.2;13.2;10.5;2.3;3.6;INDUS
King Long Motor;2015;6.3881;0.9167;0.1786;0.2024;1.85;INDUS
King Long Motor;2016;5.1952;0.981;0.0286;0.1714;1.75;INDUS
King Long Motor;2017;4.2238;1.0119;0.1548;0.1548;1.65;INDUS
King Long Motor;2018;4.3452;1.0833;0.0595;0.131;1.6;INDUS
King Long Motor;2019;4.4214;1.1548;0.0357;0.1381;1.55;INDUS
King Long Motor;2020;3.3238;1.2262;-0.0357;0.1071;1.45;INDUS
King Long Motor;2021;3.6714;1.25;-0.131;0.1;1.35;INDUS
King Long Motor;2022;4.3452;1.3214;0.0286;0.131;1.45;INDUS
King Long Motor;2023;4.631;1.3929;0.0833;0.1548;1.52;INDUS
King Long Motor;2024;4.9643;1.4643;0.131;0.1714;1.58;INDUS
Kion Group (EU);2015;9.2;2.76;0.74;0.18;3.41;INDUS
Kion Group (EU);2016;9.47;2.84;0.76;0.19;3.47;INDUS
Kion Group (EU);2017;9.76;2.93;0.78;0.2;3.53;INDUS
Kion Group (EU);2018;10.05;3.02;0.8;0.2;3.6;INDUS
Kion Group (EU);2019;10.35;3.1;0.83;0.21;3.66;INDUS
Kion Group (EU);2020;10.66;3.2;0.85;0.21;3.73;INDUS
Kion Group (EU);2021;10.98;3.29;0.88;0.22;3.79;INDUS
Kion Group (EU);2022;11.31;3.39;0.9;0.23;3.86;INDUS
Kion Group (EU);2023;11.65;3.5;0.93;0.23;3.93;INDUS
Kion Group (EU);2024;12.0;3.6;0.96;0.24;4.0;INDUS
Knorr-Bremse (EU);2015;6.45;1.25;1.15;0.32;2.45;INDUS
Knorr-Bremse (EU);2016;6.15;1.22;1.05;0.31;2.42;INDUS
Knorr-Bremse (EU);2017;6.95;1.28;1.12;0.35;2.75;INDUS
Knorr-Bremse (EU);2018;7.82;1.35;1.28;0.38;2.85;INDUS
Knorr-Bremse (EU);2019;7.75;1.42;1.18;0.42;2.9;INDUS
Knorr-Bremse (EU);2020;6.85;1.52;0.85;0.45;2.95;INDUS
Knorr-Bremse (EU);2021;7.92;1.65;1.15;0.48;3.05;INDUS
Knorr-Bremse (EU);2022;7.55;1.75;1.02;0.52;3.15;INDUS
Knorr-Bremse (EU);2023;8.55;1.85;1.25;0.58;3.3;INDUS
Knorr-Bremse (EU);2024;8.85;1.95;1.35;0.62;3.45;INDUS
Koito Manufacturing (JP);2015;5.85;1.35;0.65;0.25;2.55;INDUS
Koito Manufacturing (JP);2016;6.15;1.42;0.72;0.28;2.65;INDUS
Koito Manufacturing (JP);2017;6.85;1.55;0.85;0.32;2.82;INDUS
Koito Manufacturing (JP);2018;7.25;1.65;0.95;0.35;2.9;INDUS
Koito Manufacturing (JP);2019;7.15;1.75;0.82;0.38;2.85;INDUS
Koito Manufacturing (JP);2020;6.25;1.82;0.45;0.35;2.75;INDUS
Koito Manufacturing (JP);2021;6.82;1.88;0.55;0.32;2.8;INDUS
Koito Manufacturing (JP);2022;6.15;1.95;0.45;0.35;2.85;INDUS
Koito Manufacturing (JP);2023;6.25;2.05;0.65;0.38;2.92;INDUS
Koito Manufacturing (JP);2024;6.45;2.15;0.75;0.42;3.05;INDUS
Komatsu (JP);2015;18.2;6.5;2.1;0.6;4.7;INDUS
Komatsu (JP);2016;17.5;6.3;1.5;0.6;4.7;INDUS
Komatsu (JP);2017;22.5;7.1;2.5;0.7;5.9;INDUS
Komatsu (JP);2018;24.8;7.5;3.5;0.7;6.2;INDUS
Komatsu (JP);2019;22.4;7.8;2.2;0.7;6.3;INDUS
Komatsu (JP);2020;19.5;8.2;1.5;0.7;6.1;INDUS
Komatsu (JP);2021;23.2;8.5;2.8;0.8;6.3;INDUS
Komatsu (JP);2022;27.5;8.8;3.5;0.8;6.4;INDUS
Komatsu (JP);2023;28.8;9.1;3.8;0.9;6.4;INDUS
Komatsu (JP);2024;30.2;9.5;4.1;0.9;6.5;INDUS
Kraft Heinz (US);2015;18.33;5.82;3.15;0.12;4.2;INDUS
Kraft Heinz (US);2016;26.49;7.52;4.85;0.15;4.1;INDUS
Kraft Heinz (US);2017;26.23;7.85;5.15;0.18;3.9;INDUS
Kraft Heinz (US);2018;26.26;8.15;4.15;0.15;3.8;INDUS
Kraft Heinz (US);2019;24.98;7.85;-0.15;0.12;3.7;INDUS
Kraft Heinz (US);2020;26.19;8.45;4.25;0.14;3.8;INDUS
Kraft Heinz (US);2021;26.04;8.15;4.45;0.15;3.6;INDUS
Kraft Heinz (US);2022;26.48;7.85;4.15;0.12;3.7;INDUS
Kraft Heinz (US);2023;26.64;8.15;5.15;0.15;3.6;INDUS
Kraft Heinz (US);2024;27.25;8.45;5.55;0.18;3.8;INDUS
Kubota (JP);2015;13.5;3.2;1.7;0.3;3.6;INDUS
Kubota (JP);2016;14.1;3.4;1.6;0.4;3.8;INDUS
Kubota (JP);2017;15.8;3.6;1.8;0.4;4.0;INDUS
Kubota (JP);2018;16.5;3.8;1.7;0.4;4.2;INDUS
Kubota (JP);2019;17.2;4.1;1.8;0.5;4.3;INDUS
Kubota (JP);2020;16.8;4.3;1.6;0.5;4.4;INDUS
Kubota (JP);2021;19.8;4.6;2.1;0.6;4.6;INDUS
Kubota (JP);2022;21.5;4.9;2.3;0.6;5.0;INDUS
Kubota (JP);2023;22.4;5.2;2.5;0.7;5.2;INDUS
Kubota (JP);2024;23.5;5.5;2.7;0.8;5.3;INDUS
Kweichow Moutai;2015;7.7762;3.6714;3.6;0.0119;2.12;INDUS
Kweichow Moutai;2016;9.2524;4.0119;4.3929;0.0143;2.25;INDUS
Kweichow Moutai;2017;13.8619;4.3857;6.5524;0.019;2.45;INDUS
Kweichow Moutai;2018;17.5333;4.7905;8.3619;0.0286;2.65;INDUS
Kweichow Moutai;2019;21.1548;5.3452;10.0286;0.0357;2.85;INDUS
Kweichow Moutai;2020;23.331;5.981;11.1548;0.0429;3.12;INDUS
Kweichow Moutai;2021;26.0619;6.7905;12.4881;0.0595;3.35;INDUS
Kweichow Moutai;2022;30.369;7.4095;14.5833;0.0762;3.45;INDUS
Kweichow Moutai;2023;35.8476;8.219;17.7929;0.1071;3.62;INDUS
Kweichow Moutai;2024;40.6905;9.0762;20.531;0.131;3.85;INDUS
Kyocera (JP);2015;12.5;2.8;0.8;0.5;6.9;INDUS
Kyocera (JP);2016;12.2;3.1;0.8;0.5;7.0;INDUS
Kyocera (JP);2017;13.8;3.4;0.9;0.5;7.5;INDUS
Kyocera (JP);2018;14.5;3.6;0.8;0.6;7.7;INDUS
Kyocera (JP);2019;14.2;3.8;0.8;0.7;7.6;INDUS
Kyocera (JP);2020;13.8;4.1;0.6;0.7;7.6;INDUS
Kyocera (JP);2021;16.5;4.5;1.2;0.8;7.8;INDUS
Kyocera (JP);2022;15.2;4.8;1.0;0.8;8.1;INDUS
Kyocera (JP);2023;14.8;5.2;0.8;0.9;8.0;INDUS
Kyocera (JP);2024;15.5;5.5;1.1;1.0;8.1;INDUS
LG Chem (KR);2015;17.5;8.1;1.6;0.5;1.4;INDUS
LG Chem (KR);2016;18.1;8.5;1.7;0.7;1.5;INDUS
LG Chem (KR);2017;22.5;9.2;2.4;0.8;1.7;INDUS
LG Chem (KR);2018;24.1;10.5;1.9;0.9;1.9;INDUS
LG Chem (KR);2019;24.5;13.2;0.8;1.0;2.0;INDUS
LG Chem (KR);2020;26.1;15.8;1.6;1.1;1.9;INDUS
LG Chem (KR);2021;37.5;19.1;4.4;1.2;1.9;INDUS
LG Chem (KR);2022;42.1;21.5;2.3;1.5;2.0;INDUS
LG Chem (KR);2023;45.2;24.8;1.9;1.8;2.1;INDUS
LG Chem (KR);2024;42.8;26.1;1.6;2.0;2.1;INDUS
LG Corp (KR);2015;5.1;0.4;0.9;0.0;0.1;INDUS
LG Corp (KR);2016;5.3;0.4;1.1;0.0;0.1;INDUS
LG Corp (KR);2017;5.8;0.5;1.2;0.0;0.1;INDUS
LG Corp (KR);2018;6.2;0.6;1.4;0.0;0.1;INDUS
LG Corp (KR);2019;6.1;0.8;1.0;0.0;0.1;INDUS
LG Corp (KR);2020;6.5;1.1;1.7;0.0;0.1;INDUS
LG Corp (KR);2021;6.8;1.3;2.1;0.0;0.1;INDUS
LG Corp (KR);2022;6.4;1.5;1.6;0.0;0.1;INDUS
LG Corp (KR);2023;6.2;1.6;1.4;0.0;0.1;INDUS
LG Corp (KR);2024;6.5;1.8;1.8;0.0;0.1;INDUS
LG Display (KR);2015;24.2;15.2;1.4;1.2;3.3;INDUS
LG Display (KR);2016;23.1;16.8;1.1;1.3;3.2;INDUS
LG Display (KR);2017;24.5;18.4;2.1;1.5;3.3;INDUS
LG Display (KR);2018;21.2;20.1;-0.1;1.8;3.1;INDUS
LG Display (KR);2019;20.5;22.4;-1.2;1.9;2.9;INDUS
LG Display (KR);2020;21.8;20.8;-0.1;2.0;2.8;INDUS
LG Display (KR);2021;26.5;19.5;1.9;1.8;2.7;INDUS
LG Display (KR);2022;22.1;18.2;-2.1;1.7;2.6;INDUS
LG Display (KR);2023;18.5;16.5;-1.8;1.6;2.5;INDUS
LG Display (KR);2024;20.2;17.1;0.2;1.7;2.6;INDUS
LG Energy Solution (KR);2015;2.8;1.5;0.1;0.2;0.5;INDUS
LG Energy Solution (KR);2016;3.2;2.1;0.1;0.3;0.6;INDUS
LG Energy Solution (KR);2017;4.1;3.2;0.1;0.4;0.8;INDUS
LG Energy Solution (KR);2018;5.8;4.8;0.2;0.5;1.0;INDUS
LG Energy Solution (KR);2019;7.2;7.5;0.4;0.6;1.2;INDUS
LG Energy Solution (KR);2020;11.1;10.5;0.4;0.8;1.5;INDUS
LG Energy Solution (KR);2021;15.2;14.2;0.6;0.9;2.0;INDUS
LG Energy Solution (KR);2022;20.5;18.8;1.0;1.1;2.5;INDUS
LG Energy Solution (KR);2023;25.8;22.4;1.7;1.3;2.8;INDUS
LG Energy Solution (KR);2024;24.2;25.1;1.2;1.4;2.7;INDUS
LVMH (EU);2015;35.7;11.5;6.6;0.5;12.5;INDUS
LVMH (EU);2016;37.6;12.2;7.0;0.5;13.4;INDUS
LVMH (EU);2017;42.6;13.5;8.2;0.6;14.5;INDUS
LVMH (EU);2018;46.8;14.8;10.0;0.6;15.6;INDUS
LVMH (EU);2019;53.7;18.5;11.5;0.7;16.3;INDUS
LVMH (EU);2020;44.6;19.2;8.3;0.6;15.0;INDUS
LVMH (EU);2021;64.2;21.5;17.1;0.7;17.5;INDUS
LVMH (EU);2022;79.2;24.8;21.1;0.8;19.6;INDUS
LVMH (EU);2023;86.2;26.5;22.8;0.9;21.3;INDUS
LVMH (EU);2024;88.5;28.2;23.5;1.0;21.5;INDUS
Lam Research (US);2015;5.26;0.52;1.05;0.82;0.7;INDUS
Lam Research (US);2016;5.88;0.55;1.25;0.92;0.8;INDUS
Lam Research (US);2017;8.01;0.65;2.15;1.15;0.9;INDUS
Lam Research (US);2018;11.08;0.85;3.25;1.25;1.1;INDUS
Lam Research (US);2019;9.65;0.95;2.55;1.18;1.1;INDUS
Lam Research (US);2020;10.04;1.15;2.85;1.25;1.2;INDUS
Lam Research (US);2021;14.62;1.45;4.52;1.45;1.4;INDUS
Lam Research (US);2022;17.22;1.65;5.15;1.65;1.8;INDUS
Lam Research (US);2023;17.43;1.85;5.45;1.72;1.7;INDUS
Lam Research (US);2024;18.15;2.15;5.85;1.85;1.85;INDUS
Lasertec (JP);2015;0.29;0.03;0.1;0.04;0.04;INDUS
Lasertec (JP);2016;0.35;0.03;0.12;0.05;0.04;INDUS
Lasertec (JP);2017;0.42;0.04;0.15;0.06;0.05;INDUS
Lasertec (JP);2018;0.5;0.05;0.17;0.07;0.05;INDUS
Lasertec (JP);2019;0.6;0.06;0.21;0.09;0.06;INDUS
Lasertec (JP);2020;0.72;0.07;0.25;0.11;0.06;INDUS
Lasertec (JP);2021;0.87;0.09;0.3;0.13;0.07;INDUS
Lasertec (JP);2022;1.04;0.1;0.36;0.16;0.08;INDUS
Lasertec (JP);2023;1.25;0.12;0.44;0.19;0.09;INDUS
Lasertec (JP);2024;1.5;0.15;0.52;0.22;0.1;INDUS
Lear Corp (US);2015;18.21;1.85;1.25;0.55;13.6;INDUS
Lear Corp (US);2016;18.56;1.92;1.45;0.58;15.0;INDUS
Lear Corp (US);2017;20.46;2.05;1.75;0.62;16.5;INDUS
Lear Corp (US);2018;21.15;2.15;1.65;0.65;16.9;INDUS
Lear Corp (US);2019;19.81;2.25;1.25;0.68;16.4;INDUS
Lear Corp (US);2020;17.04;2.35;0.65;0.71;17.4;INDUS
Lear Corp (US);2021;19.26;2.45;0.85;0.75;16.1;INDUS
Lear Corp (US);2022;20.89;2.55;0.95;0.78;16.8;INDUS
Lear Corp (US);2023;23.47;2.75;1.25;0.82;18.2;INDUS
Lear Corp (US);2024;23.8;2.85;1.35;0.85;18.5;INDUS
Legrand (EU);2015;6.9;0.69;1.38;0.35;3.24;INDUS
Legrand (EU);2016;7.1;0.71;1.42;0.35;3.3;INDUS
Legrand (EU);2017;7.32;0.73;1.46;0.37;3.36;INDUS
Legrand (EU);2018;7.54;0.75;1.51;0.38;3.42;INDUS
Legrand (EU);2019;7.76;0.78;1.55;0.39;3.48;INDUS
Legrand (EU);2020;8.0;0.8;1.6;0.4;3.54;INDUS
Legrand (EU);2021;8.24;0.82;1.65;0.41;3.6;INDUS
Legrand (EU);2022;8.48;0.85;1.7;0.42;3.67;INDUS
Legrand (EU);2023;8.74;0.87;1.75;0.44;3.73;INDUS
Legrand (EU);2024;9.0;0.9;1.8;0.45;3.8;INDUS
Lenovo Group;2015;70.2667;2.8857;0.5048;2.2667;6.05;INDUS
Lenovo Group;2016;71.0595;2.9643;0.981;2.3452;5.85;INDUS
Lenovo Group;2017;71.9333;3.1238;0.6786;2.4405;5.45;INDUS
Lenovo Group;2018;82.1714;3.4571;1.631;2.6476;5.85;INDUS
Lenovo Group;2019;84.7262;3.7667;2.0286;2.8214;6.25;INDUS
Lenovo Group;2020;98.0048;4.3143;2.9643;3.1238;6.85;INDUS
Lenovo Group;2021;115.5762;5.1071;4.4095;3.5357;7.52;INDUS
Lenovo Group;2022;100.981;5.4405;3.6;3.631;7.15;INDUS
Lenovo Group;2023;95.6;5.7429;2.6786;3.7738;6.85;INDUS
Lens Tech;2015;4.1;3.3619;0.4405;0.2024;6.52;INDUS
Lens Tech;2016;3.6262;3.9167;0.2976;0.2262;6.85;INDUS
Lens Tech;2017;5.6429;4.4881;0.5048;0.2976;8.12;INDUS
Lens Tech;2018;6.3595;5.0286;0.2024;0.369;9.25;INDUS
Lens Tech;2019;7.2048;5.8381;0.6786;0.4405;11.12;INDUS
Lens Tech;2020;8.7952;6.6952;1.219;0.5833;14.52;INDUS
Lens Tech;2021;10.7786;8.4405;0.5833;0.5048;12.15;INDUS
Lens Tech;2022;11.1167;10.0286;0.6786;0.5357;11.85;INDUS
Lens Tech;2023;12.1071;11.5595;0.8381;0.5833;12.45;INDUS
Leonardo (EU);2015;13.2;2.8;0.9;1.6;4.7;INDUS
Leonardo (EU);2016;12.5;2.7;1.0;1.6;4.6;INDUS
Leonardo (EU);2017;11.7;2.6;0.8;1.5;4.5;INDUS
Leonardo (EU);2018;12.2;2.8;1.1;1.6;4.6;INDUS
Leonardo (EU);2019;13.8;3.1;1.2;1.8;4.9;INDUS
Leonardo (EU);2020;13.4;3.3;0.9;1.6;5.0;INDUS
Leonardo (EU);2021;14.1;3.5;1.1;1.8;5.0;INDUS
Leonardo (EU);2022;14.7;3.8;1.2;2.0;5.1;INDUS
Leonardo (EU);2023;15.3;4.1;1.3;2.2;5.4;INDUS
Leonardo (EU);2024;16.2;4.4;1.5;2.4;5.5;INDUS
Lepu Medical;2015;0.6571;0.2024;0.1548;0.0595;0.35;INDUS
Lepu Medical;2016;0.8238;0.2667;0.2024;0.0762;0.42;INDUS
Lepu Medical;2017;1.0786;0.3452;0.2738;0.1071;0.52;INDUS
Lepu Medical;2018;1.5119;0.4333;0.3619;0.131;0.65;INDUS
Lepu Medical;2019;1.8548;0.5357;0.4405;0.1714;0.78;INDUS
Lepu Medical;2020;1.9167;0.631;0.5119;0.2024;0.85;INDUS
Lepu Medical;2021;2.5357;0.75;0.5833;0.25;0.95;INDUS
Lepu Medical;2022;2.5262;0.8452;0.5357;0.2667;1.02;INDUS
Lepu Medical;2023;2.3452;0.9167;0.4405;0.25;0.98;INDUS
Lepu Medical;2024;2.5762;1.0119;0.5119;0.2905;1.05;INDUS
Li-Ning;2015;1.6881;0.2024;0.0286;0.0357;1.12;INDUS
Li-Ning;2016;1.9095;0.219;0.1071;0.0429;1.05;INDUS
Li-Ning;2017;2.1119;0.25;0.1548;0.0524;1.15;INDUS
Li-Ning;2018;2.5024;0.2976;0.2262;0.0667;1.25;INDUS
Li-Ning;2019;3.3024;0.4405;0.4405;0.0833;1.35;INDUS
Li-Ning;2020;3.4405;0.5048;0.5048;0.1;1.28;INDUS
Li-Ning;2021;5.3738;0.6786;1.219;0.1381;1.52;INDUS
Li-Ning;2022;6.1429;0.8381;1.1548;0.1548;1.65;INDUS
Li-Ning;2023;6.5714;0.981;0.981;0.1714;1.58;INDUS
Li-Ning;2024;7.1714;1.1548;1.1548;0.2024;1.72;INDUS
Linamar (CA);2015;4.25;1.85;0.55;0.08;2.35;INDUS
Linamar (CA);2016;4.55;1.95;0.65;0.1;2.55;INDUS
Linamar (CA);2017;5.15;2.15;0.72;0.12;2.85;INDUS
Linamar (CA);2018;6.12;2.35;0.58;0.15;2.95;INDUS
Linamar (CA);2019;5.85;2.55;0.45;0.14;2.85;INDUS
Linamar (CA);2020;4.55;2.65;0.32;0.12;2.65;INDUS
Linamar (CA);2021;5.25;2.75;0.48;0.15;2.75;INDUS
Linamar (CA);2022;6.15;2.85;0.55;0.18;2.85;INDUS
Linamar (CA);2023;7.25;3.15;0.65;0.22;3.15;INDUS
Linamar (CA);2024;7.85;3.45;0.78;0.25;3.25;INDUS
Linde (EU);2015;17.5;15.8;3.1;0.4;6.5;INDUS
Linde (EU);2016;16.7;16.1;2.9;0.4;6.4;INDUS
Linde (EU);2017;17.1;16.5;3.2;0.4;5.8;INDUS
Linde (EU);2018;14.9;15.2;2.8;0.4;5.1;INDUS
Linde (EU);2019;28.2;24.2;4.1;0.5;8.0;INDUS
Linde (EU);2020;27.2;24.5;4.5;0.5;7.4;INDUS
Linde (EU);2021;30.8;24.8;5.5;0.5;7.2;INDUS
Linde (EU);2022;33.4;25.1;7.2;0.6;6.5;INDUS
Linde (EU);2023;32.8;24.9;7.8;0.6;6.6;INDUS
Linde (EU);2024;33.1;25.2;6.2;0.6;6.5;INDUS
Logitech (EU);2015;2.01;0.12;0.15;0.12;0.7;INDUS
Logitech (EU);2016;2.11;0.13;0.18;0.13;0.72;INDUS
Logitech (EU);2017;2.33;0.15;0.22;0.15;0.75;INDUS
Logitech (EU);2018;2.57;0.18;0.28;0.18;0.82;INDUS
Logitech (EU);2019;2.79;0.2;0.35;0.2;0.88;INDUS
Logitech (EU);2020;2.98;0.22;0.38;0.22;0.92;INDUS
Logitech (EU);2021;5.25;0.28;1.15;0.28;1.05;INDUS
Logitech (EU);2022;5.48;0.32;0.82;0.32;1.12;INDUS
Logitech (EU);2023;4.53;0.35;0.58;0.35;1.05;INDUS
Logitech (EU);2024;4.3;0.38;0.65;0.38;1.02;INDUS
Longi Green;2015;1.4167;0.7429;0.1548;0.0833;0.85;INDUS
Longi Green;2016;2.7452;1.219;0.4405;0.1238;1.25;INDUS
Longi Green;2017;3.8952;2.0286;0.7738;0.2667;1.85;INDUS
Longi Green;2018;5.2333;2.9643;0.6786;0.3452;2.45;INDUS
Longi Green;2019;7.831;4.3143;1.4571;0.4405;3.12;INDUS
Longi Green;2020;12.9952;6.1548;2.4095;0.6071;4.55;INDUS
Longi Green;2021;19.269;8.3619;2.6786;0.981;6.25;INDUS
Longi Green;2022;30.7119;11.5524;4.3929;1.6952;7.85;INDUS
Longi Green;2023;30.8143;13.9167;3.1548;1.869;7.52;INDUS
Lopal Tech;2015;0.2024;0.0595;0.019;0.0095;0.08;INDUS
Lopal Tech;2016;0.25;0.0833;0.0286;0.0143;0.12;INDUS
Lopal Tech;2017;0.2976;0.1071;0.0357;0.019;0.15;INDUS
Lopal Tech;2018;0.3286;0.131;0.0429;0.0262;0.18;INDUS
Lopal Tech;2019;0.3857;0.1548;0.0524;0.0357;0.22;INDUS
Lopal Tech;2020;0.4548;0.2024;0.0595;0.0429;0.25;INDUS
Lopal Tech;2021;0.9643;0.5048;0.1071;0.0595;0.45;INDUS
Lopal Tech;2022;3.35;1.0762;0.2667;0.131;0.75;INDUS
Luxshare;2015;2.4143;1.0762;0.2024;0.1786;4.52;INDUS
Luxshare;2016;3.2762;1.3929;0.2667;0.219;5.12;INDUS
Luxshare;2017;5.4333;1.9333;0.4405;0.3619;6.85;INDUS
Luxshare;2018;8.5357;2.9643;0.6786;0.6;8.25;INDUS
Luxshare;2019;14.8833;4.4095;1.219;1.0762;11.45;INDUS
Luxshare;2020;22.0262;5.981;1.9333;1.4571;14.52;INDUS
Luxshare;2021;36.6524;8.3619;2.2024;2.0119;18.85;INDUS
Luxshare;2022;50.9571;11.5595;2.7429;2.4405;22.12;INDUS
Luxshare;2023;55.2167;13.9095;3.0595;2.7429;23.55;INDUS
Luzhou Laojiao;2015;1.6476;0.5833;0.5119;0.0286;0.32;INDUS
Luzhou Laojiao;2016;1.9881;0.7262;0.6786;0.0357;0.33;INDUS
Luzhou Laojiao;2017;2.481;0.8929;0.9762;0.0429;0.35;INDUS
Luzhou Laojiao;2018;3.1238;1.0595;1.3095;0.0524;0.36;INDUS
Luzhou Laojiao;2019;3.7738;1.2262;1.631;0.0667;0.37;INDUS
Luzhou Laojiao;2020;3.9714;1.4405;1.7143;0.0833;0.38;INDUS
Luzhou Laojiao;2021;4.9167;1.7024;2.2619;0.1;0.39;INDUS
Luzhou Laojiao;2022;5.981;2.0119;2.9048;0.1143;0.41;INDUS
Luzhou Laojiao;2023;7.2024;2.3214;3.6905;0.131;0.43;INDUS
Luzhou Laojiao;2024;8.4524;2.5;4.4762;0.1476;0.45;INDUS
MKS Instruments (US);2015;2.32;0.46;0.46;0.19;0.77;INDUS
MKS Instruments (US);2016;2.44;0.49;0.49;0.2;0.79;INDUS
MKS Instruments (US);2017;2.56;0.51;0.51;0.2;0.81;INDUS
MKS Instruments (US);2018;2.69;0.54;0.54;0.22;0.84;INDUS
MKS Instruments (US);2019;2.82;0.56;0.56;0.23;0.86;INDUS
MKS Instruments (US);2020;2.96;0.59;0.59;0.24;0.89;INDUS
MKS Instruments (US);2021;3.11;0.62;0.62;0.25;0.92;INDUS
MKS Instruments (US);2022;3.27;0.65;0.65;0.26;0.94;INDUS
MKS Instruments (US);2023;3.43;0.69;0.69;0.27;0.97;INDUS
MKS Instruments (US);2024;3.6;0.72;0.72;0.29;1.0;INDUS
Magna International (CA);2015;32.13;8.52;2.15;0.62;13.9;INDUS
Magna International (CA);2016;36.45;9.15;2.45;0.65;15.2;INDUS
Magna International (CA);2017;38.95;9.85;2.85;0.72;16.1;INDUS
Magna International (CA);2018;40.82;10.52;3.15;0.78;17.4;INDUS
Magna International (CA);2019;39.42;11.15;2.52;0.82;16.5;INDUS
Magna International (CA);2020;32.65;10.85;0.85;0.75;15.8;INDUS
Magna International (CA);2021;36.25;11.45;2.15;0.85;16.2;INDUS
Magna International (CA);2022;37.85;11.85;1.85;0.92;16.8;INDUS
Magna International (CA);2023;42.85;12.45;2.15;1.15;17.9;INDUS
Magna International (CA);2024;44.15;13.15;2.45;1.25;18.2;INDUS
Mazda (JP);2015;28.5;10.2;1.8;1.1;4.4;INDUS
Mazda (JP);2016;29.4;10.5;1.5;1.1;4.5;INDUS
Mazda (JP);2017;31.2;10.8;1.3;1.2;4.8;INDUS
Mazda (JP);2018;32.5;11.2;0.7;1.2;5.0;INDUS
Mazda (JP);2019;31.1;11.5;0.4;1.3;5.1;INDUS
Mazda (JP);2020;26.4;10.8;0.1;1.2;5.0;INDUS
Mazda (JP);2021;28.2;10.5;0.9;1.1;4.9;INDUS
Mazda (JP);2022;34.5;10.2;1.3;1.1;4.9;INDUS
Mazda (JP);2023;43.1;10.8;2.3;1.2;5.0;INDUS
Mazda (JP);2024;45.8;11.2;2.5;1.3;5.1;INDUS
Medtronic (US);2015;20.2;4.8;4.2;2.0;8.5;INDUS
Medtronic (US);2016;28.8;5.2;5.1;2.1;9.1;INDUS
Medtronic (US);2017;29.7;5.5;5.4;2.2;9.3;INDUS
Medtronic (US);2018;29.9;5.8;5.8;2.3;9.4;INDUS
Medtronic (US);2019;30.5;6.1;6.2;2.3;9.5;INDUS
Medtronic (US);2020;28.9;6.2;5.1;2.3;9.1;INDUS
Medtronic (US);2021;30.1;6.4;5.8;2.5;9.2;INDUS
Medtronic (US);2022;31.7;6.6;6.2;2.6;9.4;INDUS
Medtronic (US);2023;31.2;6.8;6.0;2.6;9.5;INDUS
Medtronic (US);2024;32.4;6.5;6.1;2.7;9.5;INDUS
Mengniu Dairy;2015;11.6738;2.9643;0.8214;0.0595;4.15;INDUS
Mengniu Dairy;2016;12.8048;3.1238;0.2976;0.0667;4.25;INDUS
Mengniu Dairy;2017;14.3214;3.4643;0.7262;0.0762;4.3;INDUS
Mengniu Dairy;2018;16.4167;3.869;0.9881;0.0833;4.45;INDUS
Mengniu Dairy;2019;18.8167;4.3929;1.1548;0.1;4.6;INDUS
Mengniu Dairy;2020;18.1024;4.7976;1.0762;0.1071;4.55;INDUS
Mengniu Dairy;2021;20.9881;5.3452;1.4643;0.1238;4.7;INDUS
Mengniu Dairy;2022;22.0452;5.9167;1.5286;0.1381;4.75;INDUS
Mengniu Dairy;2023;23.481;6.3143;1.7024;0.1476;4.8;INDUS
Mengniu Dairy;2024;25.0476;6.7857;1.869;0.1619;4.85;INDUS
Mercedes-Benz (EU);2015;149.5;22.4;13.2;6.6;28.4;INDUS
Mercedes-Benz (EU);2016;153.3;23.5;12.9;7.1;28.2;INDUS
Mercedes-Benz (EU);2017;164.2;24.8;14.7;8.1;28.9;INDUS
Mercedes-Benz (EU);2018;167.4;26.1;11.1;9.1;29.8;INDUS
Mercedes-Benz (EU);2019;172.7;28.2;4.3;9.7;29.9;INDUS
Mercedes-Benz (EU);2020;154.3;30.5;6.6;8.6;28.8;INDUS
Mercedes-Benz (EU);2021;133.9;22.1;16.0;7.7;17.2;INDUS
Mercedes-Benz (EU);2022;150.0;24.2;20.5;8.5;17.0;INDUS
Mercedes-Benz (EU);2023;153.2;26.4;19.7;9.5;16.6;INDUS
Mercedes-Benz (EU);2024;151.8;28.5;17.5;10.2;16.5;INDUS
Metso (EU);2015;3.25;0.45;0.38;0.05;1.25;INDUS
Metso (EU);2016;2.85;0.42;0.28;0.04;1.15;INDUS
Metso (EU);2017;3.05;0.48;0.32;0.05;1.22;INDUS
Metso (EU);2018;3.72;0.55;0.42;0.06;1.3;INDUS
Metso (EU);2019;4.05;0.62;0.55;0.08;1.55;INDUS
Metso (EU);2020;3.45;1.05;0.35;0.12;1.54;INDUS
Metso (EU);2021;4.55;1.15;0.55;0.15;1.56;INDUS
Metso (EU);2022;5.45;1.25;0.75;0.18;1.62;INDUS
Metso (EU);2023;5.85;1.35;0.85;0.22;1.68;INDUS
Metso (EU);2024;6.15;1.45;0.92;0.25;1.72;INDUS
Mettler-Toledo (US);2015;2.4;0.32;0.55;0.12;1.3;INDUS
Mettler-Toledo (US);2016;2.51;0.35;0.58;0.13;1.3;INDUS
Mettler-Toledo (US);2017;2.67;0.38;0.65;0.14;1.5;INDUS
Mettler-Toledo (US);2018;2.94;0.41;0.75;0.16;1.6;INDUS
Mettler-Toledo (US);2019;3.01;0.44;0.78;0.17;1.6;INDUS
Mettler-Toledo (US);2020;3.08;0.48;0.82;0.18;1.6;INDUS
Mettler-Toledo (US);2021;3.72;0.52;1.05;0.21;1.7;INDUS
Mettler-Toledo (US);2022;3.92;0.55;1.15;0.23;1.8;INDUS
Mettler-Toledo (US);2023;3.79;0.58;1.08;0.24;1.7;INDUS
Mettler-Toledo (US);2024;3.95;0.62;1.18;0.26;1.75;INDUS
Michelin (EU);2015;21.84;9.83;2.84;0.66;10.66;INDUS
Michelin (EU);2016;22.5;10.12;2.93;0.67;10.85;INDUS
Michelin (EU);2017;23.17;10.43;3.01;0.7;11.04;INDUS
Michelin (EU);2018;23.87;10.74;3.1;0.72;11.24;INDUS
Michelin (EU);2019;24.58;11.06;3.2;0.74;11.44;INDUS
Michelin (EU);2020;25.32;11.39;3.29;0.76;11.64;INDUS
Michelin (EU);2021;26.08;11.74;3.39;0.78;11.85;INDUS
Michelin (EU);2022;26.86;12.09;3.49;0.81;12.06;INDUS
Michelin (EU);2023;27.67;12.45;3.6;0.83;12.28;INDUS
Michelin (EU);2024;28.5;12.83;3.71;0.85;12.5;INDUS
Microchip Technology (US);2015;2.16;0.62;0.45;0.32;1.1;INDUS
Microchip Technology (US);2016;2.32;0.65;0.48;0.35;1.15;INDUS
Microchip Technology (US);2017;3.45;1.15;0.75;0.52;1.4;INDUS
Microchip Technology (US);2018;4.1;1.25;0.95;0.65;1.45;INDUS
Microchip Technology (US);2019;5.35;1.85;1.25;0.85;1.85;INDUS
Microchip Technology (US);2020;5.25;1.88;1.15;0.88;1.8;INDUS
Microchip Technology (US);2021;5.44;1.92;1.25;0.92;1.95;INDUS
Microchip Technology (US);2022;6.82;2.15;1.85;1.05;2.1;INDUS
Microchip Technology (US);2023;8.44;2.45;2.65;1.25;2.25;INDUS
Microchip Technology (US);2024;8.2;2.55;2.45;1.35;2.2;INDUS
Micron (US);2015;16.2;12.5;2.5;1.5;3.1;INDUS
Micron (US);2016;12.4;13.2;1.2;1.6;3.2;INDUS
Micron (US);2017;20.3;15.8;5.8;1.8;3.4;INDUS
Micron (US);2018;30.4;19.1;14.5;2.1;3.4;INDUS
Micron (US);2019;23.4;22.5;6.2;2.3;3.7;INDUS
Micron (US);2020;21.4;25.8;3.1;2.5;4.0;INDUS
Micron (US);2021;27.7;28.5;6.8;2.6;4.3;INDUS
Micron (US);2022;30.8;34.1;8.5;2.8;4.8;INDUS
Micron (US);2023;15.5;36.4;-1.2;3.0;4.3;INDUS
Micron (US);2024;25.1;38.4;4.2;3.2;4.3;INDUS
Midea Group;2015;32.9619;5.1071;3.3929;1.25;9.25;INDUS
Midea Group;2016;37.8667;5.4405;3.8381;1.4405;9.65;INDUS
Midea Group;2017;57.6;5.8381;4.8214;2.0286;13.52;INDUS
Midea Group;2018;62.3381;6.2262;5.7738;2.3452;14.15;INDUS
Midea Group;2019;66.519;6.7905;6.631;2.5119;13.85;INDUS
Midea Group;2020;68.0262;7.1786;6.7024;2.4167;14.85;INDUS
Midea Group;2021;81.7524;7.6548;7.7429;2.869;16.55;INDUS
Midea Group;2022;82.3119;8.3619;8.2976;3.0119;16.65;INDUS
Midea Group;2023;88.9786;9.1548;9.0762;3.4571;19.15;INDUS
Midea Group;2024;98.2143;10.2024;10.131;3.8452;19.85;INDUS
Mindray Bio-Med;2015;1.9071;0.5119;0.4643;0.2262;0.75;INDUS
Mindray Bio-Med;2016;2.15;0.5833;0.5119;0.25;0.82;INDUS
Mindray Bio-Med;2017;2.6595;0.75;0.7738;0.2976;0.92;INDUS
Mindray Bio-Med;2018;3.2738;1.0119;1.0119;0.3619;1.05;INDUS
Mindray Bio-Med;2019;3.9429;1.2262;1.3143;0.4405;1.15;INDUS
Mindray Bio-Med;2020;5.0071;1.4881;1.869;0.5119;1.25;INDUS
Mindray Bio-Med;2021;6.0167;1.869;2.0286;0.6548;1.45;INDUS
Mindray Bio-Med;2022;7.231;2.1786;2.4405;0.75;1.6;INDUS
Mindray Bio-Med;2023;8.3167;2.6786;2.8214;0.8214;1.72;INDUS
Minth Group;2015;1.8214;1.0762;0.3143;0.0833;1.2;INDUS
Minth Group;2016;2.2381;1.25;0.4786;0.1;1.4;INDUS
Minth Group;2017;2.7095;1.4643;0.5595;0.131;1.6;INDUS
Minth Group;2018;2.9881;1.7905;0.5429;0.1548;1.82;INDUS
Minth Group;2019;3.1429;2.1071;0.5119;0.1714;1.95;INDUS
Minth Group;2020;2.9667;2.2619;0.4405;0.1857;1.85;INDUS
Minth Group;2021;3.3119;2.4405;0.4571;0.2024;1.92;INDUS
Minth Group;2022;4.1214;2.7381;0.4881;0.2738;2.15;INDUS
Minth Group;2023;4.8857;3.0595;0.5762;0.3214;2.35;INDUS
Minth Group;2024;5.4405;3.2143;0.6548;0.369;2.55;INDUS
Mitsubishi Electric (JP);2015;36.5;5.8;2.4;1.7;12.9;INDUS
Mitsubishi Electric (JP);2016;35.8;6.1;2.2;1.8;13.5;INDUS
Mitsubishi Electric (JP);2017;38.2;6.4;2.6;1.9;13.9;INDUS
Mitsubishi Electric (JP);2018;40.1;6.8;2.8;1.9;14.2;INDUS
Mitsubishi Electric (JP);2019;40.5;7.1;2.2;1.9;14.6;INDUS
Mitsubishi Electric (JP);2020;37.8;7.5;2.0;1.8;14.6;INDUS
Mitsubishi Electric (JP);2021;38.5;7.8;1.9;1.8;14.5;INDUS
Mitsubishi Electric (JP);2022;42.4;8.1;2.2;1.9;14.6;INDUS
Mitsubishi Electric (JP);2023;44.8;8.5;2.6;2.1;14.9;INDUS
Mitsubishi Electric (JP);2024;46.2;8.9;2.9;2.2;15.1;INDUS
Modine (US);2015;1.47;0.35;0.08;0.05;0.65;INDUS
Modine (US);2016;1.35;0.32;0.07;0.05;0.62;INDUS
Modine (US);2017;1.5;0.45;0.08;0.06;0.75;INDUS
Modine (US);2018;2.1;0.55;0.12;0.08;1.15;INDUS
Modine (US);2019;2.21;0.58;0.15;0.09;1.2;INDUS
Modine (US);2020;1.99;0.62;0.05;0.08;1.1;INDUS
Modine (US);2021;1.81;0.58;0.12;0.09;1.05;INDUS
Modine (US);2022;2.05;0.55;0.15;0.1;1.1;INDUS
Modine (US);2023;2.3;0.58;0.21;0.12;1.15;INDUS
Modine (US);2024;2.45;0.62;0.28;0.14;1.2;INDUS
Mondelez (US);2015;29.64;9.15;3.45;0.42;9.5;INDUS
Mondelez (US);2016;25.92;8.85;2.85;0.45;9.0;INDUS
Mondelez (US);2017;25.89;8.52;3.15;0.48;8.3;INDUS
Mondelez (US);2018;25.94;8.65;3.55;0.51;8.0;INDUS
Mondelez (US);2019;25.87;8.85;3.85;0.52;8.0;INDUS
Mondelez (US);2020;26.58;9.15;3.45;0.55;7.9;INDUS
Mondelez (US);2021;28.72;9.52;4.15;0.58;7.9;INDUS
Mondelez (US);2022;31.5;9.85;4.52;0.62;9.1;INDUS
Mondelez (US);2023;36.02;11.15;5.15;0.65;9.1;INDUS
Mondelez (US);2024;37.85;11.85;5.45;0.68;9.2;INDUS
Murata (JP);2015;10.2;3.1;2.4;0.7;0.5;INDUS
Murata (JP);2016;9.8;3.5;1.8;0.8;0.6;INDUS
Murata (JP);2017;12.1;3.8;1.5;0.9;0.6;INDUS
Murata (JP);2018;13.8;4.2;2.3;1.0;0.7;INDUS
Murata (JP);2019;13.5;4.5;2.2;1.1;0.7;INDUS
Murata (JP);2020;14.8;4.9;2.7;1.2;0.8;INDUS
Murata (JP);2021;16.2;5.2;3.6;1.3;0.8;INDUS
Murata (JP);2022;14.5;5.8;2.5;1.3;0.8;INDUS
Murata (JP);2023;12.8;6.2;1.8;1.4;0.7;INDUS
Murata (JP);2024;13.5;6.5;2.1;1.5;0.8;INDUS
Muyuan Foods;2015;0.7143;1.0762;0.1548;0.0048;1.25;INDUS
Muyuan Foods;2016;1.3381;1.631;0.5833;0.0119;2.12;INDUS
Muyuan Foods;2017;2.3881;2.4095;0.6786;0.019;3.52;INDUS
Muyuan Foods;2018;3.1738;3.6786;0.2667;0.0286;4.85;INDUS
Muyuan Foods;2019;4.8143;6.6952;1.4571;0.0595;6.45;INDUS
Muyuan Foods;2020;13.4;13.2905;6.6952;0.1238;12.12;INDUS
Muyuan Foods;2021;18.781;20.2667;2.9643;0.2024;14.52;INDUS
Muyuan Foods;2022;29.7048;25.1071;4.4095;0.2667;15.85;INDUS
Muyuan Foods;2023;26.3952;26.7667;0.7738;0.3452;14.12;INDUS
Muyuan Foods;2024;31.4643;28.8381;3.7738;0.4405;15.12;INDUS
NARI Technology;2015;3.9333;0.6786;0.5833;0.2667;1.25;INDUS
NARI Technology;2016;4.3929;0.7429;0.6786;0.2976;1.35;INDUS
NARI Technology;2017;5.7667;0.8381;0.7738;0.369;1.85;INDUS
NARI Technology;2018;6.7905;0.981;0.981;0.4405;2.12;INDUS
NARI Technology;2019;7.719;1.1548;1.1548;0.5048;2.45;INDUS
NARI Technology;2020;9.1786;1.3143;1.3929;0.6786;2.85;INDUS
NARI Technology;2021;10.1024;1.5357;1.5524;0.7738;3.12;INDUS
NARI Technology;2022;11.1548;1.6952;1.7905;0.9167;3.35;INDUS
NARI Technology;2023;12.2738;1.9333;2.0286;1.0119;3.52;INDUS
NGK Spark Plug (JP);2015;3.25;1.15;0.65;0.18;1.42;INDUS
NGK Spark Plug (JP);2016;3.38;1.22;0.58;0.2;1.45;INDUS
NGK Spark Plug (JP);2017;3.75;1.28;0.62;0.22;1.48;INDUS
NGK Spark Plug (JP);2018;4.15;1.35;0.68;0.25;1.52;INDUS
NGK Spark Plug (JP);2019;4.05;1.42;0.58;0.24;1.55;INDUS
NGK Spark Plug (JP);2020;3.95;1.48;0.42;0.22;1.61;INDUS
NGK Spark Plug (JP);2021;4.45;1.55;0.75;0.25;1.64;INDUS
NGK Spark Plug (JP);2022;4.25;1.62;0.78;0.28;1.62;INDUS
NGK Spark Plug (JP);2023;4.15;1.68;0.82;0.32;1.6;INDUS
NGK Spark Plug (JP);2024;4.35;1.75;0.92;0.35;1.63;INDUS
Naura Tech;2015;0.2024;0.2667;0.0119;0.1;0.22;INDUS
Naura Tech;2016;0.3857;0.3452;0.0286;0.1548;0.35;INDUS
Naura Tech;2017;0.5286;0.4405;0.0429;0.2024;0.45;INDUS
Naura Tech;2018;0.7905;0.5833;0.0595;0.2976;0.58;INDUS
Naura Tech;2019;0.9643;0.7429;0.1071;0.3619;0.65;INDUS
Naura Tech;2020;1.4405;1.0762;0.1548;0.4405;0.85;INDUS
Naura Tech;2021;2.2881;1.6238;0.2667;0.6786;1.15;INDUS
Naura Tech;2022;3.4952;2.3452;0.5048;0.9167;1.52;INDUS
Naura Tech;2023;5.2548;2.9643;0.9167;1.219;1.95;INDUS
Navistar (US);2015;10.15;0.85;0.12;0.25;1.3;INDUS
Navistar (US);2016;8.15;0.82;0.25;0.22;1.25;INDUS
Navistar (US);2017;8.6;0.78;0.35;0.21;1.2;INDUS
Navistar (US);2018;10.25;0.85;0.45;0.25;1.3;INDUS
Navistar (US);2019;11.25;0.92;0.55;0.28;1.35;INDUS
Navistar (US);2020;7.5;0.95;0.15;0.24;1.25;INDUS
Navistar (US);2021;10.15;1.05;0.45;0.32;1.4;INDUS
Navistar (US);2022;11.35;1.15;0.55;0.35;1.45;INDUS
Navistar (US);2023;12.15;1.25;0.65;0.38;1.5;INDUS
Navistar (US);2024;12.85;1.35;0.75;0.42;1.55;INDUS
Nestlé (EU);2015;88.8;28.5;13.4;1.7;33.5;INDUS
Nestlé (EU);2016;89.5;27.8;13.7;1.7;32.8;INDUS
Nestlé (EU);2017;89.8;27.2;13.3;1.7;32.3;INDUS
Nestlé (EU);2018;91.4;27.5;13.8;1.7;30.8;INDUS
Nestlé (EU);2019;92.6;28.2;14.8;1.7;29.1;INDUS
Nestlé (EU);2020;84.3;27.8;14.2;1.6;27.3;INDUS
Nestlé (EU);2021;87.1;28.1;15.1;1.7;27.6;INDUS
Nestlé (EU);2022;94.4;28.8;16.1;1.8;27.5;INDUS
Nestlé (EU);2023;93.0;28.5;15.9;1.8;27.0;INDUS
Nestlé (EU);2024;91.5;28.2;15.7;1.8;26.8;INDUS
NetApp (US);2015;6.12;0.85;0.95;0.82;1.25;INDUS
NetApp (US);2016;5.55;0.82;0.75;0.8;1.2;INDUS
NetApp (US);2017;5.52;0.8;0.72;0.82;1.15;INDUS
NetApp (US);2018;5.91;0.85;0.85;0.85;1.1;INDUS
NetApp (US);2019;6.15;0.88;0.95;0.88;1.05;INDUS
NetApp (US);2020;5.41;0.92;0.75;0.85;1.08;INDUS
NetApp (US);2021;5.74;0.95;0.85;0.88;1.1;INDUS
NetApp (US);2022;6.32;1.02;1.05;0.95;1.2;INDUS
NetApp (US);2023;6.36;1.05;1.1;1.05;1.25;INDUS
NetApp (US);2024;6.27;1.15;1.15;1.15;1.2;INDUS
Neway Valve;2015;0.5357;0.2667;0.0833;0.019;0.32;INDUS
Neway Valve;2016;0.4881;0.2571;0.0667;0.0167;0.3;INDUS
Neway Valve;2017;0.5667;0.25;0.0905;0.0214;0.35;INDUS
Neway Valve;2018;0.6619;0.2667;0.1;0.0262;0.38;INDUS
Neway Valve;2019;0.7429;0.2976;0.131;0.031;0.42;INDUS
Neway Valve;2020;0.8214;0.3214;0.1476;0.0357;0.45;INDUS
Neway Valve;2021;0.9405;0.3619;0.1381;0.0429;0.48;INDUS
Neway Valve;2022;0.981;0.3929;0.1548;0.05;0.52;INDUS
Neway Valve;2023;1.1548;0.4405;0.2024;0.0595;0.55;INDUS
Neway Valve;2024;1.2905;0.5048;0.2667;0.0667;0.58;INDUS
Nexans (EU);2015;6.51;0.98;0.46;0.13;2.39;INDUS
Nexans (EU);2016;6.71;1.01;0.47;0.13;2.43;INDUS
Nexans (EU);2017;6.91;1.04;0.48;0.14;2.47;INDUS
Nexans (EU);2018;7.12;1.07;0.5;0.14;2.52;INDUS
Nexans (EU);2019;7.33;1.1;0.51;0.15;2.56;INDUS
Nexans (EU);2020;7.55;1.13;0.53;0.15;2.61;INDUS
Nexans (EU);2021;7.78;1.17;0.54;0.16;2.65;INDUS
Nexans (EU);2022;8.01;1.2;0.56;0.16;2.7;INDUS
Nexans (EU);2023;8.25;1.24;0.58;0.17;2.75;INDUS
Nexans (EU);2024;8.5;1.27;0.6;0.17;2.8;INDUS
Nexperia (EU);2015;1.05;0.45;0.15;0.08;1.05;INDUS
Nexperia (EU);2016;1.15;0.48;0.18;0.09;1.08;INDUS
Nexperia (EU);2017;1.35;0.52;0.22;0.11;1.1;INDUS
Nexperia (EU);2018;1.52;0.58;0.25;0.13;1.15;INDUS
Nexperia (EU);2019;1.42;0.61;0.21;0.12;1.2;INDUS
Nexperia (EU);2020;1.45;0.65;0.24;0.13;1.25;INDUS
Nexperia (EU);2021;2.1;0.85;0.55;0.18;1.4;INDUS
Nexperia (EU);2022;2.35;0.95;0.62;0.21;1.45;INDUS
Nexperia (EU);2023;2.15;1.15;0.45;0.23;1.5;INDUS
Nexperia (EU);2024;2.45;1.35;0.65;0.25;1.55;INDUS
Nidec Corp (JP);2015;9.85;2.45;1.05;0.38;9.8;INDUS
Nidec Corp (JP);2016;10.12;2.62;1.15;0.42;10.5;INDUS
Nidec Corp (JP);2017;11.55;2.85;1.35;0.48;10.8;INDUS
Nidec Corp (JP);2018;12.85;3.15;1.45;0.52;11.2;INDUS
Nidec Corp (JP);2019;13.25;3.42;1.38;0.55;11.5;INDUS
Nidec Corp (JP);2020;14.25;3.65;1.52;0.58;11.8;INDUS
Nidec Corp (JP);2021;16.55;4.12;1.75;0.62;12.2;INDUS
Nidec Corp (JP);2022;15.85;4.45;1.55;0.68;12.5;INDUS
Nidec Corp (JP);2023;14.95;4.82;1.42;0.72;12.8;INDUS
Nidec Corp (JP);2024;15.42;5.12;1.55;0.75;13.2;INDUS
Nikon (JP);2015;7.15;1.85;0.45;0.55;2.5;INDUS
Nikon (JP);2016;6.85;1.75;0.35;0.52;2.5;INDUS
Nikon (JP);2017;6.35;1.65;0.32;0.51;2.4;INDUS
Nikon (JP);2018;6.15;1.55;0.55;0.58;2.3;INDUS
Nikon (JP);2019;6.25;1.52;0.65;0.62;2.1;INDUS
Nikon (JP);2020;5.42;1.45;0.12;0.58;2.0;INDUS
Nikon (JP);2021;4.15;1.35;-0.45;0.55;1.9;INDUS
Nikon (JP);2022;4.85;1.42;0.35;0.58;1.8;INDUS
Nikon (JP);2023;5.45;1.48;0.45;0.62;1.9;INDUS
Nikon (JP);2024;5.85;1.55;0.52;0.65;1.95;INDUS
Nine Dragons;2015;6.7905;10.7429;0.5833;0.131;1.85;INDUS
Nine Dragons;2016;7.6548;11.1548;0.75;0.1476;1.92;INDUS
Nine Dragons;2017;9.3214;11.5524;1.3857;0.1857;1.95;INDUS
Nine Dragons;2018;12.5667;12.4167;1.869;0.2262;2.05;INDUS
Nine Dragons;2019;13.0119;13.2976;0.9167;0.25;2.15;INDUS
Nine Dragons;2020;14.1762;13.9167;1.0119;0.2976;2.25;INDUS
Nine Dragons;2021;17.0381;14.7976;1.1548;0.369;2.45;INDUS
Nine Dragons;2022;15.3619;15.5048;-0.1548;0.3381;2.35;INDUS
Nine Dragons;2023;13.5357;16.2976;0.1786;0.2976;2.25;INDUS
Nine Dragons;2024;15.6119;11.4571;0.5119;0.4643;1.95;INDUS
Ningbo Huaxiang;2015;2.0357;0.5048;0.1548;0.0595;1.25;INDUS
Ningbo Huaxiang;2016;2.9881;0.5833;0.2024;0.0833;1.45;INDUS
Ningbo Huaxiang;2017;3.5357;0.7429;0.2667;0.1;1.52;INDUS
Ningbo Huaxiang;2018;3.7667;0.9167;0.2024;0.1071;1.55;INDUS
Ningbo Huaxiang;2019;4.0833;1.0762;0.2738;0.1238;1.65;INDUS
Ningbo Huaxiang;2020;4.1619;1.219;0.2976;0.1381;1.62;INDUS
Ningbo Huaxiang;2021;4.1857;1.3929;0.3452;0.1548;1.55;INDUS
Ningbo Huaxiang;2022;4.6548;1.5357;0.2976;0.1714;1.65;INDUS
Ningbo Huaxiang;2023;5.5286;1.6952;0.2667;0.2024;1.85;INDUS
Ningbo Huaxiang;2024;5.981;1.869;0.3452;0.2262;1.95;INDUS
Ningbo Ronbay;2015;0.2024;0.1071;0.0119;0.0095;0.08;INDUS
Ningbo Ronbay;2016;0.2976;0.2024;0.0286;0.019;0.12;INDUS
Ningbo Ronbay;2017;0.5048;0.3452;0.0595;0.0357;0.25;INDUS
Ningbo Ronbay;2018;0.7238;0.5048;0.1;0.0524;0.38;INDUS
Ningbo Ronbay;2019;0.9976;0.6786;0.0357;0.0667;0.45;INDUS
Ningbo Ronbay;2020;0.9024;0.8381;0.0595;0.0833;0.42;INDUS
Ningbo Ronbay;2021;2.4429;1.3857;0.2667;0.1548;0.85;INDUS
Ningbo Ronbay;2022;7.1714;2.0119;0.4405;0.2976;1.25;INDUS
Ningbo Ronbay;2023;5.3976;2.4095;0.2024;0.2738;1.15;INDUS
Ningbo Ronbay;2024;6.0524;2.8857;0.2976;0.3452;1.32;INDUS
Ningbo Tuopu;2015;0.7167;0.3452;0.1238;0.0286;0.52;INDUS
Ningbo Tuopu;2016;0.9381;0.4405;0.1786;0.0357;0.65;INDUS
Ningbo Tuopu;2017;1.2095;0.5833;0.219;0.0524;0.78;INDUS
Ningbo Tuopu;2018;1.4238;0.7429;0.2024;0.0667;0.85;INDUS
Ningbo Tuopu;2019;1.2762;0.9167;0.131;0.0762;0.82;INDUS
Ningbo Tuopu;2020;1.55;1.0762;0.1714;0.1071;0.95;INDUS
Ningbo Tuopu;2021;2.7286;1.4571;0.2976;0.1786;1.15;INDUS
Ningbo Tuopu;2022;3.8071;2.0286;0.5048;0.2667;1.45;INDUS
Ningbo Tuopu;2023;4.6905;2.5833;0.6786;0.3452;1.75;INDUS
Ningbo Tuopu;2024;5.8381;3.1238;0.8381;0.4405;2.05;INDUS
Nitto Denko (JP);2015;6.85;1.85;0.85;0.28;2.85;INDUS
Nitto Denko (JP);2016;6.45;1.75;0.75;0.27;2.8;INDUS
Nitto Denko (JP);2017;7.15;1.95;1.05;0.32;2.95;INDUS
Nitto Denko (JP);2018;7.52;2.15;1.15;0.35;3.15;INDUS
Nitto Denko (JP);2019;6.85;2.25;0.85;0.32;3.05;INDUS
Nitto Denko (JP);2020;6.52;2.35;0.75;0.31;2.85;INDUS
Nitto Denko (JP);2021;7.45;2.55;1.15;0.35;3.15;INDUS
Nitto Denko (JP);2022;8.15;2.85;1.35;0.38;3.25;INDUS
Nitto Denko (JP);2023;7.25;2.95;0.95;0.35;3.05;INDUS
Nitto Denko (JP);2024;7.85;3.15;1.25;0.42;3.25;INDUS
Nongfu Spring;2015;2.5048;0.981;0.5048;0.0286;1.25;INDUS
Nongfu Spring;2016;2.9643;1.1548;0.6786;0.0357;1.35;INDUS
Nongfu Spring;2017;3.5286;1.3143;0.8381;0.0429;1.52;INDUS
Nongfu Spring;2018;4.1714;1.4881;0.981;0.0524;1.75;INDUS
Nongfu Spring;2019;5.719;2.0119;1.4571;0.0833;2.12;INDUS
Nongfu Spring;2020;5.4333;2.2667;1.5524;0.0905;2.05;INDUS
Nongfu Spring;2021;7.0833;2.6476;2.1071;0.1071;2.45;INDUS
Nongfu Spring;2022;7.9095;3.2024;2.4095;0.1238;2.65;INDUS
Nongfu Spring;2023;10.1595;3.8381;3.4571;0.1548;2.85;INDUS
Nongfu Spring;2024;11.4571;4.4881;3.869;0.1857;3.12;INDUS
Nordson (US);2015;1.74;0.26;0.43;0.05;0.61;INDUS
Nordson (US);2016;1.83;0.27;0.46;0.05;0.63;INDUS
Nordson (US);2017;1.92;0.29;0.48;0.06;0.65;INDUS
Nordson (US);2018;2.01;0.3;0.5;0.06;0.67;INDUS
Nordson (US);2019;2.12;0.32;0.53;0.06;0.69;INDUS
Nordson (US);2020;2.22;0.33;0.56;0.07;0.71;INDUS
Nordson (US);2021;2.33;0.35;0.58;0.07;0.73;INDUS
Nordson (US);2022;2.45;0.37;0.61;0.07;0.75;INDUS
Nordson (US);2023;2.57;0.39;0.64;0.08;0.78;INDUS
Nordson (US);2024;2.7;0.41;0.68;0.08;0.8;INDUS
ON Semiconductor (US);2015;3.48;1.39;1.04;0.28;1.97;INDUS
ON Semiconductor (US);2016;3.83;1.53;1.15;0.31;2.09;INDUS
ON Semiconductor (US);2017;4.21;1.68;1.26;0.34;2.21;INDUS
ON Semiconductor (US);2018;4.63;1.85;1.39;0.37;2.34;INDUS
ON Semiconductor (US);2019;5.09;2.04;1.53;0.41;2.48;INDUS
ON Semiconductor (US);2020;5.6;2.24;1.68;0.45;2.63;INDUS
ON Semiconductor (US);2021;6.16;2.46;1.85;0.49;2.78;INDUS
ON Semiconductor (US);2022;6.78;2.71;2.03;0.54;2.94;INDUS
ON Semiconductor (US);2023;7.45;2.98;2.23;0.6;3.12;INDUS
ON Semiconductor (US);2024;8.2;3.28;2.46;0.66;3.3;INDUS
Olympus (JP);2015;6.8;1.5;0.8;0.6;3.3;INDUS
Olympus (JP);2016;6.2;1.4;0.6;0.6;3.3;INDUS
Olympus (JP);2017;6.8;1.5;0.7;0.7;3.5;INDUS
Olympus (JP);2018;7.1;1.6;0.7;0.7;3.5;INDUS
Olympus (JP);2019;6.5;1.7;0.8;0.7;3.5;INDUS
Olympus (JP);2020;6.3;1.8;0.8;0.6;3.4;INDUS
Olympus (JP);2021;6.8;1.9;1.1;0.5;3.1;INDUS
Olympus (JP);2022;6.2;1.6;1.2;0.4;3.1;INDUS
Olympus (JP);2023;6.0;1.5;1.3;0.4;3.2;INDUS
Olympus (JP);2024;6.4;1.7;1.4;0.5;3.3;INDUS
Omron (JP);2015;6.85;1.15;0.75;0.42;3.7;INDUS
Omron (JP);2016;6.52;1.12;0.65;0.41;3.6;INDUS
Omron (JP);2017;7.15;1.18;0.82;0.45;3.6;INDUS
Omron (JP);2018;7.85;1.22;0.85;0.48;3.5;INDUS
Omron (JP);2019;6.32;1.25;0.52;0.46;2.8;INDUS
Omron (JP);2020;6.15;1.28;0.55;0.48;2.8;INDUS
Omron (JP);2021;6.95;1.32;0.85;0.52;2.9;INDUS
Omron (JP);2022;7.82;1.38;0.95;0.55;2.9;INDUS
Omron (JP);2023;7.52;1.42;0.85;0.58;2.85;INDUS
Omron (JP);2024;7.85;1.45;0.92;0.62;2.9;INDUS
Oshkosh (US);2015;6.1;0.55;0.42;0.12;1.33;INDUS
Oshkosh (US);2016;6.28;0.58;0.48;0.14;1.35;INDUS
Oshkosh (US);2017;6.83;0.62;0.52;0.18;1.47;INDUS
Oshkosh (US);2018;7.71;0.65;0.65;0.22;1.52;INDUS
Oshkosh (US);2019;8.38;0.72;0.82;0.25;1.55;INDUS
Oshkosh (US);2020;6.86;0.75;0.45;0.28;1.43;INDUS
Oshkosh (US);2021;7.95;0.82;0.62;0.32;1.51;INDUS
Oshkosh (US);2022;8.28;0.88;0.51;0.35;1.55;INDUS
Oshkosh (US);2023;9.66;0.95;0.85;0.38;1.68;INDUS
Oshkosh (US);2024;10.45;1.05;0.95;0.42;1.75;INDUS
POSCO (KR);2015;51.2;28.5;2.1;0.4;3.4;INDUS
POSCO (KR);2016;48.5;26.8;2.5;0.4;3.3;INDUS
POSCO (KR);2017;53.2;25.5;4.1;0.5;3.2;INDUS
POSCO (KR);2018;58.4;24.1;4.8;0.5;3.2;INDUS
POSCO (KR);2019;57.1;24.5;3.4;0.5;3.3;INDUS
POSCO (KR);2020;48.2;23.8;2.1;0.5;3.2;INDUS
POSCO (KR);2021;68.5;25.1;8.5;0.6;3.2;INDUS
POSCO (KR);2022;75.2;26.4;4.3;0.6;3.3;INDUS
POSCO (KR);2023;65.8;28.2;3.2;0.7;3.4;INDUS
POSCO (KR);2024;62.5;29.5;3.8;0.7;3.4;INDUS
Paccar (US);2015;19.12;2.85;2.25;0.24;2.3;INDUS
Paccar (US);2016;17.03;2.75;1.85;0.25;2.3;INDUS
Paccar (US);2017;19.46;2.95;2.45;0.26;2.5;INDUS
Paccar (US);2018;23.5;3.25;3.15;0.31;2.8;INDUS
Paccar (US);2019;25.6;3.55;3.45;0.33;2.7;INDUS
Paccar (US);2020;18.73;3.65;1.85;0.28;2.6;INDUS
Paccar (US);2021;23.52;3.85;2.55;0.32;2.8;INDUS
Paccar (US);2022;28.82;4.15;3.85;0.34;3.1;INDUS
Paccar (US);2023;35.13;4.85;5.25;0.41;3.2;INDUS
Paccar (US);2024;36.25;5.15;5.45;0.45;3.3;INDUS
Pacific Precision Forging;2015;0.1786;0.1071;0.0429;0.0095;0.12;INDUS
Pacific Precision Forging;2016;0.2095;0.1238;0.05;0.0119;0.13;INDUS
Pacific Precision Forging;2017;0.2738;0.1548;0.0667;0.0143;0.15;INDUS
Pacific Precision Forging;2018;0.3048;0.1952;0.0762;0.019;0.16;INDUS
Pacific Precision Forging;2019;0.281;0.2262;0.0595;0.0167;0.16;INDUS
Pacific Precision Forging;2020;0.2738;0.25;0.0524;0.019;0.15;INDUS
Pacific Precision Forging;2021;0.3452;0.3214;0.0667;0.0238;0.18;INDUS
Pacific Precision Forging;2022;0.4333;0.3929;0.0762;0.0286;0.2;INDUS
Pacific Precision Forging;2023;0.5119;0.4643;0.1071;0.0357;0.21;INDUS
Pacific Precision Forging;2024;0.519;0.5119;0.1214;0.0381;0.22;INDUS
Panasonic (JP);2015;65.2;14.1;3.1;4.1;25.4;INDUS
Panasonic (JP);2016;63.5;13.8;2.8;4.0;24.8;INDUS
Panasonic (JP);2017;67.1;13.5;3.5;4.2;25.1;INDUS
Panasonic (JP);2018;68.2;13.2;3.8;4.3;25.5;INDUS
Panasonic (JP);2019;65.8;12.9;3.2;4.2;25.1;INDUS
Panasonic (JP);2020;56.2;12.1;2.1;4.0;24.2;INDUS
Panasonic (JP);2021;60.5;12.4;2.5;4.1;24.5;INDUS
Panasonic (JP);2022;65.2;12.8;3.2;4.2;24.8;INDUS
Panasonic (JP);2023;62.5;13.1;3.4;4.1;23.5;INDUS
Panasonic (JP);2024;58.5;12.5;3.5;3.8;23.2;INDUS
Parker-Hannifin (US);2015;12.72;1.85;1.52;0.34;5.5;INDUS
Parker-Hannifin (US);2016;11.35;1.75;1.35;0.33;5.2;INDUS
Parker-Hannifin (US);2017;12.03;1.95;1.65;0.35;5.7;INDUS
Parker-Hannifin (US);2018;14.3;2.15;2.05;0.42;5.8;INDUS
Parker-Hannifin (US);2019;14.32;2.35;2.12;0.45;5.9;INDUS
Parker-Hannifin (US);2020;13.7;2.45;1.85;0.48;5.7;INDUS
Parker-Hannifin (US);2021;14.35;2.55;2.25;0.52;5.5;INDUS
Parker-Hannifin (US);2022;15.86;2.85;2.45;0.58;5.5;INDUS
Parker-Hannifin (US);2023;19.07;3.45;3.15;0.72;6.2;INDUS
Parker-Hannifin (US);2024;20.15;3.65;3.45;0.78;6.4;INDUS
PepsiCo (US);2015;63.1;13.2;9.7;0.7;26.3;INDUS
PepsiCo (US);2016;62.8;13.5;9.8;0.7;26.4;INDUS
PepsiCo (US);2017;63.5;13.8;10.5;0.7;26.3;INDUS
PepsiCo (US);2018;64.7;14.2;10.1;0.7;26.7;INDUS
PepsiCo (US);2019;67.2;14.8;10.3;0.8;26.7;INDUS
PepsiCo (US);2020;70.4;15.5;10.1;0.8;29.1;INDUS
PepsiCo (US);2021;79.5;16.2;11.1;0.9;30.9;INDUS
PepsiCo (US);2022;86.4;16.8;11.5;1.0;31.5;INDUS
PepsiCo (US);2023;91.5;17.5;12.5;1.1;31.8;INDUS
PepsiCo (US);2024;93.8;18.1;13.2;1.2;32.0;INDUS
Philips (EU);2015;24.2;3.2;1.5;1.9;11.3;INDUS
Philips (EU);2016;24.5;3.1;2.0;1.8;11.4;INDUS
Philips (EU);2017;17.8;2.2;1.5;1.8;7.4;INDUS
Philips (EU);2018;18.1;2.3;1.7;1.8;7.7;INDUS
Philips (EU);2019;19.5;2.5;1.6;1.9;8.1;INDUS
Philips (EU);2020;19.5;2.8;1.5;1.9;8.2;INDUS
Philips (EU);2021;17.2;2.6;0.6;1.8;7.8;INDUS
Philips (EU);2022;17.8;2.7;-1.5;1.7;7.7;INDUS
Philips (EU);2023;18.2;2.9;1.6;1.7;7.1;INDUS
Philips (EU);2024;18.5;3.1;1.8;1.7;7.0;INDUS
Pinggao Electric;2015;1.1548;0.5048;0.2024;0.0595;0.45;INDUS
Pinggao Electric;2016;1.3929;0.5833;0.2667;0.0833;0.52;INDUS
Pinggao Electric;2017;1.7667;0.6786;0.1548;0.1071;0.58;INDUS
Pinggao Electric;2018;1.5524;0.7429;0.0762;0.0905;0.55;INDUS
Pinggao Electric;2019;1.9333;0.8214;0.0595;0.1071;0.58;INDUS
Pinggao Electric;2020;2.3214;0.9167;0.0357;0.1238;0.62;INDUS
Pinggao Electric;2021;2.2048;0.981;0.019;0.1143;0.6;INDUS
Pinggao Electric;2022;2.2071;1.0762;0.0524;0.131;0.58;INDUS
Pinggao Electric;2023;2.631;1.219;0.2667;0.1548;0.65;INDUS
Pinggao Electric;2024;3.1238;1.3929;0.3452;0.2024;0.72;INDUS
Procter & Gamble (US);2015;70.75;19.65;14.25;1.95;11.0;INDUS
Procter & Gamble (US);2016;65.3;19.25;13.45;1.92;10.5;INDUS
Procter & Gamble (US);2017;65.1;19.85;13.95;1.95;9.5;INDUS
Procter & Gamble (US);2018;66.83;20.15;14.25;2.01;9.2;INDUS
Procter & Gamble (US);2019;67.68;20.52;14.85;2.05;9.7;INDUS
Procter & Gamble (US);2020;70.95;21.15;15.82;2.15;10.1;INDUS
Procter & Gamble (US);2021;76.12;22.45;17.85;2.25;10.1;INDUS
Procter & Gamble (US);2022;80.19;22.85;18.15;2.35;10.6;INDUS
Procter & Gamble (US);2023;82.01;23.45;18.45;2.45;10.7;INDUS
Procter & Gamble (US);2024;84.15;24.15;19.15;2.55;10.8;INDUS
Prysmian (EU);2015;13.41;3.35;1.34;0.13;2.56;INDUS
Prysmian (EU);2016;13.81;3.45;1.38;0.14;2.6;INDUS
Prysmian (EU);2017;14.23;3.56;1.42;0.14;2.65;INDUS
Prysmian (EU);2018;14.66;3.67;1.47;0.15;2.7;INDUS
Prysmian (EU);2019;15.1;3.77;1.51;0.15;2.75;INDUS
Prysmian (EU);2020;15.55;3.89;1.56;0.16;2.79;INDUS
Prysmian (EU);2021;16.01;4.0;1.6;0.16;2.84;INDUS
Prysmian (EU);2022;16.5;4.12;1.65;0.17;2.9;INDUS
Prysmian (EU);2023;16.99;4.25;1.7;0.17;2.95;INDUS
Prysmian (EU);2024;17.5;4.38;1.75;0.18;3.0;INDUS
Puma (EU);2015;3.4;0.3;0.1;0.1;1.1;INDUS
Puma (EU);2016;3.6;0.4;0.1;0.1;1.1;INDUS
Puma (EU);2017;4.1;0.4;0.3;0.1;1.1;INDUS
Puma (EU);2018;4.6;0.5;0.4;0.1;1.3;INDUS
Puma (EU);2019;5.5;0.7;0.5;0.1;1.4;INDUS
Puma (EU);2020;5.2;0.9;0.2;0.1;1.4;INDUS
Puma (EU);2021;6.8;1.0;0.6;0.1;1.6;INDUS
Puma (EU);2022;8.5;1.2;0.6;0.1;1.8;INDUS
Puma (EU);2023;8.6;1.3;0.6;0.1;1.9;INDUS
Puma (EU);2024;8.8;1.4;0.7;0.1;2.0;INDUS
Qorvo (US);2015;2.65;0.75;0.55;0.35;0.6;INDUS
Qorvo (US);2016;2.95;0.78;0.62;0.38;0.65;INDUS
Qorvo (US);2017;3.05;0.82;0.65;0.42;0.72;INDUS
Qorvo (US);2018;2.98;0.85;0.58;0.45;0.75;INDUS
Qorvo (US);2019;3.25;0.88;0.68;0.48;0.82;INDUS
Qorvo (US);2020;3.24;0.92;0.65;0.52;0.85;INDUS
Qorvo (US);2021;4.02;1.05;1.15;0.65;0.92;INDUS
Qorvo (US);2022;4.65;1.12;1.25;0.72;0.95;INDUS
Qorvo (US);2023;3.55;1.18;0.55;0.75;0.9;INDUS
Qorvo (US);2024;3.75;1.25;0.65;0.78;0.88;INDUS
Renesas (JP);2015;6.15;1.52;0.85;0.82;1.9;INDUS
Renesas (JP);2016;5.85;1.45;0.75;0.78;1.9;INDUS
Renesas (JP);2017;7.12;1.85;1.15;0.92;2.0;INDUS
Renesas (JP);2018;7.25;2.15;1.05;1.15;2.1;INDUS
Renesas (JP);2019;6.52;2.45;0.65;1.05;1.9;INDUS
Renesas (JP);2020;6.85;2.85;0.85;1.12;1.9;INDUS
Renesas (JP);2021;8.85;3.25;1.85;1.25;2.1;INDUS
Renesas (JP);2022;11.45;3.85;3.25;1.45;2.1;INDUS
Renesas (JP);2023;10.52;4.15;2.85;1.35;2.05;INDUS
Renesas (JP);2024;11.12;4.45;3.15;1.42;2.15;INDUS
Renishaw (EU);2015;0.69;0.14;0.14;0.1;0.43;INDUS
Renishaw (EU);2016;0.71;0.14;0.14;0.11;0.43;INDUS
Renishaw (EU);2017;0.73;0.15;0.15;0.11;0.44;INDUS
Renishaw (EU);2018;0.75;0.15;0.15;0.11;0.45;INDUS
Renishaw (EU);2019;0.78;0.16;0.16;0.12;0.46;INDUS
Renishaw (EU);2020;0.8;0.16;0.16;0.12;0.47;INDUS
Renishaw (EU);2021;0.82;0.16;0.16;0.12;0.47;INDUS
Renishaw (EU);2022;0.85;0.17;0.17;0.13;0.48;INDUS
Renishaw (EU);2023;0.87;0.17;0.17;0.13;0.49;INDUS
Renishaw (EU);2024;0.9;0.18;0.18;0.14;0.5;INDUS
ResMed (US);2015;1.68;0.45;0.35;0.12;0.48;INDUS
ResMed (US);2016;1.84;0.48;0.41;0.13;0.52;INDUS
ResMed (US);2017;2.06;0.52;0.48;0.15;0.61;INDUS
ResMed (US);2018;2.34;0.55;0.55;0.16;0.65;INDUS
ResMed (US);2019;2.61;0.62;0.65;0.18;0.75;INDUS
ResMed (US);2020;2.96;0.75;0.78;0.21;0.76;INDUS
ResMed (US);2021;3.2;0.82;0.85;0.23;0.82;INDUS
ResMed (US);2022;3.58;0.95;1.05;0.25;1.02;INDUS
ResMed (US);2023;4.22;1.15;1.25;0.31;1.05;INDUS
ResMed (US);2024;4.85;1.45;1.55;0.42;1.15;INDUS
Ricoh (JP);2015;18.5;2.5;0.9;1.0;10.9;INDUS
Ricoh (JP);2016;18.2;2.3;0.8;1.0;10.6;INDUS
Ricoh (JP);2017;18.1;2.2;-1.1;0.9;9.8;INDUS
Ricoh (JP);2018;18.5;2.1;0.8;0.8;9.3;INDUS
Ricoh (JP);2019;18.1;2.0;0.7;0.7;9.0;INDUS
Ricoh (JP);2020;15.2;2.1;-0.4;0.7;8.1;INDUS
Ricoh (JP);2021;15.8;2.2;0.3;0.7;7.8;INDUS
Ricoh (JP);2022;14.9;2.1;0.6;0.7;8.0;INDUS
Ricoh (JP);2023;14.5;2.1;0.5;0.7;8.1;INDUS
Ricoh (JP);2024;15.1;2.2;0.6;0.7;8.2;INDUS
Robam Appliances;2015;1.0714;0.1905;0.2619;0.0357;0.4;INDUS
Robam Appliances;2016;1.381;0.2143;0.3333;0.0429;0.4;INDUS
Robam Appliances;2017;1.6667;0.2619;0.4286;0.0524;0.5;INDUS
Robam Appliances;2018;1.7619;0.3095;0.4048;0.0595;0.5;INDUS
Robam Appliances;2019;1.8571;0.3571;0.4524;0.0667;0.5;INDUS
Robam Appliances;2020;1.9286;0.4286;0.4762;0.0762;0.6;INDUS
Robam Appliances;2021;2.4048;0.5;0.381;0.0905;0.6;INDUS
Robam Appliances;2022;2.4286;0.5476;0.4524;0.1;0.6;INDUS
Robam Appliances;2023;2.6667;0.5952;0.5238;0.1071;0.7;INDUS
Robam Appliances;2024;2.8095;0.6667;0.5714;0.1143;0.7;INDUS
Rockwell Automation (US);2015;6.31;0.65;1.15;0.35;2.2;INDUS
Rockwell Automation (US);2016;5.88;0.62;1.05;0.34;2.2;INDUS
Rockwell Automation (US);2017;6.31;0.68;1.18;0.36;2.2;INDUS
Rockwell Automation (US);2018;6.67;0.72;1.25;0.38;2.3;INDUS
Rockwell Automation (US);2019;6.69;0.78;1.22;0.39;2.3;INDUS
Rockwell Automation (US);2020;6.33;0.82;1.05;0.41;2.4;INDUS
Rockwell Automation (US);2021;6.99;0.88;1.25;0.45;2.5;INDUS
Rockwell Automation (US);2022;7.76;0.95;1.45;0.48;2.6;INDUS
Rockwell Automation (US);2023;9.06;1.15;1.85;0.52;2.9;INDUS
Rockwell Automation (US);2024;9.45;1.25;1.95;0.55;3.1;INDUS
Rohm Semiconductor (JP);2015;3.15;1.25;0.35;0.32;2.1;INDUS
Rohm Semiconductor (JP);2016;2.98;1.22;0.28;0.31;2.08;INDUS
Rohm Semiconductor (JP);2017;3.45;1.35;0.45;0.34;2.12;INDUS
Rohm Semiconductor (JP);2018;3.58;1.42;0.48;0.35;2.15;INDUS
Rohm Semiconductor (JP);2019;3.32;1.45;0.28;0.34;2.2;INDUS
Rohm Semiconductor (JP);2020;3.1;1.48;0.22;0.35;2.15;INDUS
Rohm Semiconductor (JP);2021;3.95;1.65;0.65;0.38;2.2;INDUS
Rohm Semiconductor (JP);2022;4.15;1.85;0.72;0.42;2.25;INDUS
Rohm Semiconductor (JP);2023;3.85;2.15;0.45;0.45;2.3;INDUS
Rohm Semiconductor (JP);2024;4.2;2.35;0.65;0.48;2.35;INDUS
Rolls-Royce (EU);2015;19.5;5.8;2.2;1.2;5.1;INDUS
Rolls-Royce (EU);2016;18.8;5.5;1.4;1.2;5.0;INDUS
Rolls-Royce (EU);2017;20.1;5.4;1.6;1.3;5.0;INDUS
Rolls-Royce (EU);2018;21.5;5.6;1.1;1.4;5.2;INDUS
Rolls-Royce (EU);2019;22.4;5.8;1.0;1.5;5.2;INDUS
Rolls-Royce (EU);2020;15.2;5.2;-2.5;1.4;4.8;INDUS
Rolls-Royce (EU);2021;14.8;5.0;0.5;1.3;4.4;INDUS
Rolls-Royce (EU);2022;16.5;5.3;0.8;1.3;4.2;INDUS
Rolls-Royce (EU);2023;19.8;5.5;1.9;1.4;4.2;INDUS
Rolls-Royce (EU);2024;21.2;5.8;2.8;1.5;4.3;INDUS
SAIC Motor;2015;159.6286;17.1786;9.1548;2.4405;14.25;INDUS
SAIC Motor;2016;180.0976;18.6952;10.0286;2.75;15.12;INDUS
SAIC Motor;2017;207.2929;20.2667;11.5595;3.1548;16.45;INDUS
SAIC Motor;2018;214.8071;22.0119;12.4095;3.7667;17.25;INDUS
SAIC Motor;2019;200.7905;23.5357;8.3619;3.4571;16.85;INDUS
SAIC Motor;2020;176.6929;25.0286;6.7738;3.2976;16.12;INDUS
SAIC Motor;2021;185.6762;26.7738;7.4405;3.6952;15.85;INDUS
SAIC Motor;2022;177.1571;28.8381;5.981;3.869;15.25;INDUS
SAIC Motor;2023;177.3119;30.5833;5.5833;4.0762;14.85;INDUS
SAIC Motor;2024;149.4262;32.2667;6.219;4.4881;15.42;INDUS
SCREEN Holdings (JP);2015;2.07;0.21;0.41;0.12;0.44;INDUS
SCREEN Holdings (JP);2016;2.2;0.22;0.44;0.13;0.45;INDUS
SCREEN Holdings (JP);2017;2.33;0.23;0.47;0.14;0.47;INDUS
SCREEN Holdings (JP);2018;2.47;0.25;0.49;0.15;0.49;INDUS
SCREEN Holdings (JP);2019;2.62;0.26;0.52;0.16;0.5;INDUS
SCREEN Holdings (JP);2020;2.77;0.28;0.55;0.17;0.52;INDUS
SCREEN Holdings (JP);2021;2.94;0.29;0.59;0.18;0.54;INDUS
SCREEN Holdings (JP);2022;3.11;0.31;0.62;0.19;0.56;INDUS
SCREEN Holdings (JP);2023;3.3;0.33;0.66;0.2;0.58;INDUS
SCREEN Holdings (JP);2024;3.5;0.35;0.7;0.21;0.6;INDUS
SK Hynix (KR);2015;16.8;11.5;4.5;1.5;2.2;INDUS
SK Hynix (KR);2016;15.2;13.4;2.8;1.7;2.3;INDUS
SK Hynix (KR);2017;26.5;18.2;11.8;2.1;2.4;INDUS
SK Hynix (KR);2018;35.8;22.5;18.5;2.4;2.6;INDUS
SK Hynix (KR);2019;22.8;26.8;2.3;2.7;2.8;INDUS
SK Hynix (KR);2020;26.5;31.2;4.2;3.0;2.9;INDUS
SK Hynix (KR);2021;37.8;38.5;10.5;3.4;3.0;INDUS
SK Hynix (KR);2022;34.2;44.2;5.8;3.8;3.2;INDUS
SK Hynix (KR);2023;25.1;48.5;-6.2;4.2;3.1;INDUS
SK Hynix (KR);2024;38.5;52.1;11.2;4.8;3.3;INDUS
SK Innovation (KR);2015;42.5;14.5;1.7;0.2;0.3;INDUS
SK Innovation (KR);2016;33.8;14.8;2.7;0.2;0.3;INDUS
SK Innovation (KR);2017;40.2;15.2;2.8;0.2;0.3;INDUS
SK Innovation (KR);2018;48.5;15.8;1.8;0.2;0.3;INDUS
SK Innovation (KR);2019;43.2;17.5;1.1;0.2;0.3;INDUS
SK Innovation (KR);2020;30.1;19.2;-2.1;0.2;0.3;INDUS
SK Innovation (KR);2021;41.5;22.4;1.5;0.3;0.4;INDUS
SK Innovation (KR);2022;65.8;26.5;3.2;0.4;0.6;INDUS
SK Innovation (KR);2023;62.5;28.2;1.6;0.5;0.6;INDUS
SK Innovation (KR);2024;60.1;30.5;1.8;0.6;0.7;INDUS
SK Telecom (KR);2015;15.5;10.5;1.5;0.3;0.4;INDUS
SK Telecom (KR);2016;15.1;10.2;1.3;0.3;0.4;INDUS
SK Telecom (KR);2017;15.8;9.8;1.4;0.3;0.4;INDUS
SK Telecom (KR);2018;15.2;9.5;1.1;0.3;0.4;INDUS
SK Telecom (KR);2019;15.6;9.8;1.0;0.3;0.5;INDUS
SK Telecom (KR);2020;16.1;10.5;1.1;0.3;0.5;INDUS
SK Telecom (KR);2021;14.2;8.5;1.2;0.3;0.5;INDUS
SK Telecom (KR);2022;13.5;7.8;1.3;0.4;0.5;INDUS
SK Telecom (KR);2023;13.8;7.5;1.4;0.4;0.5;INDUS
SK Telecom (KR);2024;14.2;7.2;1.6;0.4;0.5;INDUS
SKF (EU);2015;7.6;1.25;0.92;0.21;4.6;INDUS
SKF (EU);2016;7.1;1.17;0.86;0.2;4.55;INDUS
SKF (EU);2017;7.7;1.26;0.99;0.22;4.65;INDUS
SKF (EU);2018;8.6;1.39;1.19;0.24;4.75;INDUS
SKF (EU);2019;8.7;1.42;1.25;0.25;4.85;INDUS
SKF (EU);2020;8.2;1.35;1.0;0.23;4.75;INDUS
SKF (EU);2021;9.6;1.6;1.3;0.28;4.9;INDUS
SKF (EU);2022;10.0;1.6;1.3;0.29;5.05;INDUS
SKF (EU);2023;10.4;1.6;1.4;0.3;5.25;INDUS
SKF (EU);2024;11.0;1.6;1.5;0.32;5.45;INDUS
SMC Corp (JP);2015;4.6;1.5;1.38;0.2;1.8;INDUS
SMC Corp (JP);2016;4.6;1.52;1.39;0.2;1.85;INDUS
SMC Corp (JP);2017;5.1;1.7;1.53;0.22;1.95;INDUS
SMC Corp (JP);2018;5.65;1.9;1.7;0.25;2.05;INDUS
SMC Corp (JP);2019;5.7;1.92;1.71;0.25;2.15;INDUS
SMC Corp (JP);2020;5.75;1.98;1.67;0.26;2.1;INDUS
SMC Corp (JP);2021;6.6;2.27;2.0;0.3;2.25;INDUS
SMC Corp (JP);2022;6.7;2.2;2.01;0.31;2.35;INDUS
SMC Corp (JP);2023;7.0;2.16;2.1;0.32;2.45;INDUS
SMC Corp (JP);2024;7.4;2.2;2.22;0.34;2.55;INDUS
SMIC;2015;3.4095;7.7262;0.3619;0.3452;1.12;INDUS
SMIC;2016;4.6476;9.0762;0.5048;0.5119;1.25;INDUS
SMIC;2017;5.1071;10.8452;0.4405;0.6786;1.45;INDUS
SMIC;2018;5.4786;12.4095;0.1071;0.869;1.62;INDUS
SMIC;2020;6.5405;18.6;1.1476;1.1548;1.75;INDUS
SMIC;2021;8.4786;24.3143;2.7429;0.981;1.92;INDUS
SMIC;2022;11.7905;32.2667;4.4095;1.1548;2.12;INDUS
SMIC;2023;10.7429;37.719;2.8857;1.219;2.05;INDUS
STMicroelectronics (EU);2015;7.23;3.25;1.08;1.3;3.54;INDUS
STMicroelectronics (EU);2016;7.74;3.48;1.16;1.39;3.69;INDUS
STMicroelectronics (EU);2017;8.28;3.73;1.24;1.49;3.84;INDUS
STMicroelectronics (EU);2018;8.86;3.99;1.33;1.59;4.0;INDUS
STMicroelectronics (EU);2019;9.48;4.27;1.42;1.71;4.16;INDUS
STMicroelectronics (EU);2020;10.15;4.57;1.52;1.83;4.34;INDUS
STMicroelectronics (EU);2021;10.86;4.89;1.63;1.95;4.52;INDUS
STMicroelectronics (EU);2022;11.62;5.23;1.74;2.09;4.7;INDUS
STMicroelectronics (EU);2023;12.43;5.59;1.86;2.24;4.9;INDUS
STMicroelectronics (EU);2024;13.3;5.99;2.0;2.39;5.1;INDUS
Safran (EU);2015;17.4;4.2;2.4;1.1;7.0;INDUS
Safran (EU);2016;15.8;4.5;2.4;1.1;6.6;INDUS
Safran (EU);2017;16.5;4.8;2.2;1.2;5.8;INDUS
Safran (EU);2018;21.1;5.5;3.0;1.5;9.2;INDUS
Safran (EU);2019;24.6;6.2;3.8;1.7;9.5;INDUS
Safran (EU);2020;16.5;6.0;1.2;1.2;7.9;INDUS
Safran (EU);2021;15.3;5.8;1.8;1.1;7.7;INDUS
Safran (EU);2022;19.0;6.2;2.4;1.2;8.3;INDUS
Safran (EU);2023;23.2;6.8;3.1;1.3;9.2;INDUS
Safran (EU);2024;25.5;7.4;3.8;1.5;9.8;INDUS
Saint-Gobain (EU);2015;43.5;12.1;2.9;0.4;18.0;INDUS
Saint-Gobain (EU);2016;42.8;11.8;3.0;0.4;17.8;INDUS
Saint-Gobain (EU);2017;45.2;12.2;3.2;0.5;18.2;INDUS
Saint-Gobain (EU);2018;46.1;12.5;3.3;0.5;18.5;INDUS
Saint-Gobain (EU);2019;47.2;13.5;3.6;0.5;18.8;INDUS
Saint-Gobain (EU);2020;42.5;12.8;3.1;0.4;17.2;INDUS
Saint-Gobain (EU);2021;49.5;13.2;4.5;0.5;17.5;INDUS
Saint-Gobain (EU);2022;55.1;14.1;5.6;0.6;17.8;INDUS
Saint-Gobain (EU);2023;51.8;13.8;5.3;0.6;16.8;INDUS
Saint-Gobain (EU);2024;52.5;13.5;5.5;0.6;16.5;INDUS
Samsung C&T (KR);2015;11.5;1.8;0.1;0.1;1.2;INDUS
Samsung C&T (KR);2016;25.1;4.2;0.1;0.1;1.2;INDUS
Samsung C&T (KR);2017;26.4;4.5;0.8;0.1;1.3;INDUS
Samsung C&T (KR);2018;28.5;4.8;1.0;0.1;1.4;INDUS
Samsung C&T (KR);2019;27.1;5.1;0.8;0.1;1.3;INDUS
Samsung C&T (KR);2020;26.8;5.4;0.7;0.2;1.4;INDUS
Samsung C&T (KR);2021;31.2;5.8;1.1;0.2;1.5;INDUS
Samsung C&T (KR);2022;33.1;6.2;2.1;0.2;1.6;INDUS
Samsung C&T (KR);2023;32.5;6.5;2.3;0.2;1.6;INDUS
Samsung C&T (KR);2024;31.8;6.8;2.2;0.2;1.6;INDUS
Samsung Ele-Mech (KR);2015;5.5;2.5;0.3;0.4;2.6;INDUS
Samsung Ele-Mech (KR);2016;5.2;2.4;0.1;0.4;2.5;INDUS
Samsung Ele-Mech (KR);2017;6.1;2.8;0.3;0.5;2.6;INDUS
Samsung Ele-Mech (KR);2018;7.3;3.2;1.0;0.5;2.8;INDUS
Samsung Ele-Mech (KR);2019;6.9;3.5;0.6;0.5;2.9;INDUS
Samsung Ele-Mech (KR);2020;7.1;3.8;0.7;0.5;3.1;INDUS
Samsung Ele-Mech (KR);2021;8.6;4.2;1.3;0.5;3.3;INDUS
Samsung Ele-Mech (KR);2022;7.3;4.5;0.9;0.5;3.4;INDUS
Samsung Ele-Mech (KR);2023;6.8;4.8;0.5;0.6;3.5;INDUS
Samsung Ele-Mech (KR);2024;7.8;5.2;0.8;0.6;3.6;INDUS
Samsung SDI (KR);2015;6.8;4.2;-0.2;0.5;0.9;INDUS
Samsung SDI (KR);2016;4.5;4.5;-0.8;0.5;0.9;INDUS
Samsung SDI (KR);2017;5.6;5.1;0.1;0.5;1.0;INDUS
Samsung SDI (KR);2018;8.1;5.8;0.6;0.6;1.0;INDUS
Samsung SDI (KR);2019;8.8;6.5;0.4;0.7;1.1;INDUS
Samsung SDI (KR);2020;10.2;7.8;0.6;0.8;1.2;INDUS
Samsung SDI (KR);2021;12.1;9.2;0.9;0.9;1.1;INDUS
Samsung SDI (KR);2022;16.5;11.5;1.5;1.0;1.2;INDUS
Samsung SDI (KR);2023;18.2;14.2;1.4;1.1;1.3;INDUS
Samsung SDI (KR);2024;17.5;16.8;1.1;1.2;1.2;INDUS
Sanan Opto;2015;1.1571;1.4571;0.4333;0.0833;0.85;INDUS
Sanan Opto;2016;1.4929;1.7738;0.5833;0.1;0.92;INDUS
Sanan Opto;2017;1.9976;2.1714;0.869;0.1381;1.05;INDUS
Sanan Opto;2018;1.9905;2.5833;0.7667;0.1786;1.12;INDUS
Sanan Opto;2019;1.7762;2.9643;0.3619;0.2024;1.08;INDUS
Sanan Opto;2020;2.0119;3.7667;0.2976;0.2667;1.15;INDUS
Sanan Opto;2021;2.9929;4.3929;0.4405;0.3619;1.35;INDUS
Sanan Opto;2022;3.1476;5.0286;0.2024;0.4405;1.42;INDUS
Sanan Opto;2023;3.3452;5.6071;0.1071;0.4571;1.38;INDUS
Sandvik (EU);2015;8.45;1.3;1.25;0.3;4.1;INDUS
Sandvik (EU);2016;7.9;1.22;1.15;0.28;4.05;INDUS
Sandvik (EU);2017;8.5;1.3;1.32;0.31;4.15;INDUS
Sandvik (EU);2018;9.5;1.45;1.6;0.33;4.28;INDUS
Sandvik (EU);2019;9.7;1.5;1.65;0.34;4.42;INDUS
Sandvik (EU);2020;9.2;1.43;1.35;0.33;4.35;INDUS
Sandvik (EU);2021;10.8;1.7;1.9;0.38;4.55;INDUS
Sandvik (EU);2022;11.2;1.7;1.9;0.4;4.75;INDUS
Sandvik (EU);2023;11.5;1.7;2.0;0.41;4.95;INDUS
Sandvik (EU);2024;12.0;1.7;2.1;0.43;5.15;INDUS
Sanhua Intelligent;2015;1.4333;0.5048;0.1548;0.0595;0.85;INDUS
Sanhua Intelligent;2016;1.631;0.5833;0.2024;0.0762;0.92;INDUS
Sanhua Intelligent;2017;2.281;0.7429;0.3452;0.1071;1.12;INDUS
Sanhua Intelligent;2018;2.5786;0.9167;0.3929;0.1238;1.25;INDUS
Sanhua Intelligent;2019;2.6881;1.0762;0.4405;0.1381;1.35;INDUS
Sanhua Intelligent;2020;2.8833;1.219;0.4643;0.1548;1.45;INDUS
Sanhua Intelligent;2021;3.8143;1.5357;0.5048;0.2024;1.85;INDUS
Sanhua Intelligent;2022;5.0833;1.9333;0.6786;0.2667;2.12;INDUS
Sanhua Intelligent;2023;5.8381;2.5119;0.7738;0.3452;2.45;INDUS
Sany Heavy Industry;2015;5.5619;3.6;0.2024;0.2976;1.85;INDUS
Sany Heavy Industry;2016;5.5429;3.5357;0.1;0.2738;1.72;INDUS
Sany Heavy Industry;2017;9.1262;3.4571;0.8381;0.369;2.15;INDUS
Sany Heavy Industry;2018;13.2905;3.6;2.0048;0.5048;2.85;INDUS
Sany Heavy Industry;2019;18.0143;4.0119;3.0595;0.8381;3.25;INDUS
Sany Heavy Industry;2020;23.8214;4.4095;4.4095;1.1548;3.85;INDUS
Sany Heavy Industry;2021;25.45;5.3452;3.6;1.3857;4.12;INDUS
Sany Heavy Industry;2022;19.2429;5.981;1.219;1.219;3.85;INDUS
Sany Heavy Industry;2023;17.6714;6.7905;1.3929;1.3143;3.65;INDUS
Sany Heavy Industry;2024;19.631;7.4095;1.7905;1.4571;3.92;INDUS
Schaeffler (EU);2015;14.65;5.25;1.85;0.75;8.4;INDUS
Schaeffler (EU);2016;14.82;5.45;1.75;0.78;8.65;INDUS
Schaeffler (EU);2017;15.85;5.82;1.82;0.85;8.95;INDUS
Schaeffler (EU);2018;16.75;6.15;1.55;0.92;9.25;INDUS
Schaeffler (EU);2019;16.15;6.5;0.85;0.95;8.8;INDUS
Schaeffler (EU);2020;14.35;6.85;0.92;0.88;8.3;INDUS
Schaeffler (EU);2021;16.42;7.15;1.45;1.05;8.35;INDUS
Schaeffler (EU);2022;16.65;7.35;1.25;1.15;8.25;INDUS
Schaeffler (EU);2023;17.15;7.65;1.35;1.25;8.35;INDUS
Schaeffler (EU);2024;17.85;8.15;1.42;1.35;8.5;INDUS
Schneider Electric (EU);2015;26.6;3.2;3.4;1.3;14.4;INDUS
Schneider Electric (EU);2016;24.7;3.1;3.2;1.2;14.1;INDUS
Schneider Electric (EU);2017;24.7;3.4;3.5;1.2;14.2;INDUS
Schneider Electric (EU);2018;25.7;3.6;3.8;1.3;13.7;INDUS
Schneider Electric (EU);2019;27.2;3.8;4.2;1.4;13.5;INDUS
Schneider Electric (EU);2020;25.2;4.1;3.4;1.5;12.8;INDUS
Schneider Electric (EU);2021;28.9;4.5;4.8;1.6;14.7;INDUS
Schneider Electric (EU);2022;34.1;4.8;5.5;1.7;14.9;INDUS
Schneider Electric (EU);2023;36.1;5.1;6.0;1.8;15.3;INDUS
Schneider Electric (EU);2024;36.5;5.1;6.1;1.8;15.5;INDUS
Seagate Technology (US);2015;13.7;2.25;1.65;1.15;5.2;INDUS
Seagate Technology (US);2016;11.2;2.15;0.95;1.05;4.8;INDUS
Seagate Technology (US);2017;10.8;2.05;1.05;0.98;4.5;INDUS
Seagate Technology (US);2018;11.2;2.1;1.25;1.02;4.3;INDUS
Seagate Technology (US);2019;10.4;2.15;1.15;1.05;4.1;INDUS
Seagate Technology (US);2020;10.5;2.18;1.1;1.08;4.05;INDUS
Seagate Technology (US);2021;10.7;2.25;1.45;1.1;4.0;INDUS
Seagate Technology (US);2022;11.7;2.35;1.65;1.15;4.15;INDUS
Seagate Technology (US);2023;7.4;2.05;0.25;0.95;3.35;INDUS
Seagate Technology (US);2024;6.6;1.95;0.15;0.85;3.05;INDUS
Shantui;2015;0.8452;0.4405;0.019;0.0286;0.55;INDUS
Shantui;2016;1.0119;0.4167;0.0357;0.0357;0.52;INDUS
Shantui;2017;1.5357;0.4643;0.0833;0.0524;0.58;INDUS
Shantui;2018;1.7976;0.5119;0.1071;0.0667;0.62;INDUS
Shantui;2019;1.631;0.5595;0.131;0.0762;0.6;INDUS
Shantui;2020;1.7024;0.6071;0.1548;0.0905;0.58;INDUS
Shantui;2021;2.1786;0.6786;0.2024;0.1071;0.62;INDUS
Shantui;2022;2.369;0.75;0.2976;0.1238;0.65;INDUS
Shantui;2023;2.5119;0.8214;0.369;0.1548;0.72;INDUS
Shantui;2024;3.0595;0.9167;0.4405;0.1857;0.78;INDUS
Sharp Corp (JP);2015;22.5;5.8;-1.4;1.1;4.4;INDUS
Sharp Corp (JP);2016;17.8;5.2;-0.4;1.0;4.2;INDUS
Sharp Corp (JP);2017;21.2;4.8;0.6;1.0;4.5;INDUS
Sharp Corp (JP);2018;21.5;4.5;0.7;1.0;4.6;INDUS
Sharp Corp (JP);2019;20.8;4.2;0.4;1.0;4.8;INDUS
Sharp Corp (JP);2020;21.2;4.5;0.5;0.9;5.1;INDUS
Sharp Corp (JP);2021;22.5;4.8;0.7;0.9;5.2;INDUS
Sharp Corp (JP);2022;21.4;5.1;-0.2;0.8;5.0;INDUS
Sharp Corp (JP);2023;19.5;5.3;0.1;0.8;4.8;INDUS
Sharp Corp (JP);2024;20.2;5.5;0.3;0.8;4.6;INDUS
Shenzhou Intl;2015;3.0119;0.981;0.7429;0.0595;7.52;INDUS
Shenzhou Intl;2016;3.6;1.1548;0.9167;0.0762;7.85;INDUS
Shenzhou Intl;2017;4.3048;1.3143;1.0762;0.0905;8.25;INDUS
Shenzhou Intl;2018;4.9881;1.5357;1.219;0.1071;8.85;INDUS
Shenzhou Intl;2019;5.3952;1.8619;1.3929;0.1238;9.12;INDUS
Shenzhou Intl;2020;5.4833;2.1714;1.219;0.1381;9.45;INDUS
Shenzhou Intl;2021;5.6786;2.5119;0.981;0.1548;9.25;INDUS
Shenzhou Intl;2022;6.6143;2.8857;1.2976;0.1786;9.55;INDUS
Shenzhou Intl;2023;5.9452;3.2976;1.219;0.1714;9.15;INDUS
Shenzhou Intl;2024;6.4571;3.6714;1.4571;0.2024;9.45;INDUS
Shimadzu (JP);2015;2.75;0.52;0.32;0.08;1.1;INDUS
Shimadzu (JP);2016;2.85;0.55;0.35;0.09;1.15;INDUS
Shimadzu (JP);2017;3.12;0.58;0.39;0.1;1.18;INDUS
Shimadzu (JP);2018;3.45;0.62;0.42;0.11;1.22;INDUS
Shimadzu (JP);2019;3.55;0.65;0.41;0.12;1.25;INDUS
Shimadzu (JP);2020;3.42;0.68;0.45;0.13;1.3;INDUS
Shimadzu (JP);2021;3.75;0.72;0.55;0.14;1.32;INDUS
Shimadzu (JP);2022;3.65;0.75;0.52;0.15;1.35;INDUS
Shimadzu (JP);2023;3.48;0.78;0.48;0.16;1.38;INDUS
Shimadzu (JP);2024;3.52;0.82;0.5;0.17;1.4;INDUS
Shin-Etsu (JP);2015;10.5;4.8;1.8;0.4;1.8;INDUS
Shin-Etsu (JP);2016;10.2;5.1;2.1;0.4;1.8;INDUS
Shin-Etsu (JP);2017;12.4;5.4;2.8;0.4;1.9;INDUS
Shin-Etsu (JP);2018;13.5;5.8;3.5;0.5;2.0;INDUS
Shin-Etsu (JP);2019;12.8;6.2;3.2;0.5;2.1;INDUS
Shin-Etsu (JP);2020;12.5;6.8;3.1;0.5;2.2;INDUS
Shin-Etsu (JP);2021;16.8;7.5;5.8;0.5;2.3;INDUS
Shin-Etsu (JP);2022;21.5;8.2;8.2;0.6;2.4;INDUS
Shin-Etsu (JP);2023;19.5;8.8;6.5;0.6;2.5;INDUS
Shin-Etsu (JP);2024;20.2;9.2;6.8;0.7;2.5;INDUS
Shiseido (JP);2015;6.52;1.15;0.35;0.18;4.5;INDUS
Shiseido (JP);2016;7.15;1.25;0.42;0.21;4.65;INDUS
Shiseido (JP);2017;8.85;1.45;0.65;0.25;4.85;INDUS
Shiseido (JP);2018;9.15;1.55;0.85;0.28;5.05;INDUS
Shiseido (JP);2019;9.85;1.65;0.95;0.32;5.25;INDUS
Shiseido (JP);2020;7.85;1.72;0.15;0.28;4.95;INDUS
Shiseido (JP);2021;8.52;1.85;0.35;0.32;4.85;INDUS
Shiseido (JP);2022;8.15;1.95;0.42;0.35;4.72;INDUS
Shiseido (JP);2023;7.45;2.05;0.25;0.31;4.55;INDUS
Shiseido (JP);2024;7.85;2.15;0.45;0.38;4.75;INDUS
Shuanghuan Gear;2015;0.4095;0.2738;0.0429;0.019;0.35;INDUS
Shuanghuan Gear;2016;0.4143;0.2976;0.0452;0.0214;0.38;INDUS
Shuanghuan Gear;2017;0.6024;0.4405;0.0524;0.0286;0.42;INDUS
Shuanghuan Gear;2018;0.75;0.5048;0.0595;0.0357;0.45;INDUS
Shuanghuan Gear;2019;0.769;0.5833;0.0571;0.0429;0.48;INDUS
Shuanghuan Gear;2020;0.8714;0.6786;0.0762;0.0524;0.52;INDUS
Shuanghuan Gear;2021;1.2833;0.9167;0.1238;0.0667;0.55;INDUS
Shuanghuan Gear;2022;1.6286;1.0762;0.1548;0.0833;0.58;INDUS
Shuanghuan Gear;2023;1.9214;1.1548;0.1952;0.1;0.6;INDUS
Shuanghuan Gear;2024;1.9643;1.2262;0.2262;0.1071;0.62;INDUS
Siasun Robot;2015;0.4;0.2024;0.0833;0.0357;0.25;INDUS
Siasun Robot;2016;0.4833;0.25;0.0905;0.0524;0.28;INDUS
Siasun Robot;2017;0.5833;0.2976;0.1;0.0667;0.32;INDUS
Siasun Robot;2018;0.7357;0.3452;0.1071;0.0762;0.38;INDUS
Siasun Robot;2019;0.6524;0.3929;0.0762;0.0833;0.35;INDUS
Siasun Robot;2020;0.6333;0.4405;0.0429;0.0905;0.32;INDUS
Siasun Robot;2021;0.7833;0.5119;0.0286;0.1071;0.42;INDUS
Siasun Robot;2022;0.85;0.5595;0.019;0.1238;0.45;INDUS
Siasun Robot;2023;0.931;0.631;0.0357;0.1381;0.48;INDUS
Siemens (EU);2015;82.5;12.1;7.8;5.1;34.8;INDUS
Siemens (EU);2016;86.1;12.4;8.2;5.3;35.1;INDUS
Siemens (EU);2017;91.2;12.8;8.5;5.6;37.2;INDUS
Siemens (EU);2018;92.5;13.1;8.8;5.8;37.9;INDUS
Siemens (EU);2019;94.8;13.5;9.1;6.1;38.5;INDUS
Siemens (EU);2020;65.4;11.8;6.8;5.4;29.3;INDUS
Siemens (EU);2021;71.5;13.2;8.2;5.9;30.3;INDUS
Siemens (EU);2022;75.8;14.5;8.8;6.2;31.1;INDUS
Siemens (EU);2023;82.1;15.1;9.5;6.4;32.0;INDUS
Siemens (EU);2024;78.5;15.4;9.2;6.5;32.0;INDUS
Siemens Health. (EU);2015;13.5;3.1;2.2;1.2;4.5;INDUS
Siemens Health. (EU);2016;14.1;3.2;2.3;1.3;4.6;INDUS
Siemens Health. (EU);2017;14.5;3.4;2.5;1.3;4.8;INDUS
Siemens Health. (EU);2018;14.2;3.6;2.3;1.4;5.0;INDUS
Siemens Health. (EU);2019;15.3;3.8;2.5;1.5;5.2;INDUS
Siemens Health. (EU);2020;15.4;4.1;2.3;1.5;5.4;INDUS
Siemens Health. (EU);2021;19.8;4.8;3.1;1.8;6.6;INDUS
Siemens Health. (EU);2022;21.1;5.2;3.2;2.0;6.9;INDUS
Siemens Health. (EU);2023;22.5;5.5;3.4;2.1;7.1;INDUS
Siemens Health. (EU);2024;23.8;5.9;3.7;2.2;7.2;INDUS
Sinochem Holdings;2015;91.7738;50.5119;2.0119;2.4405;21.5;INDUS
Sinochem Holdings;2016;99.0048;52.0119;2.1714;2.6548;21.15;INDUS
Sinochem Holdings;2017;124.0762;53.6;2.9643;3.219;20.85;INDUS
Sinochem Holdings;2018;141.75;56.0595;3.7738;3.6;20.15;INDUS
Sinochem Holdings;2019;148.8381;58.5357;3.3929;3.9167;19.85;INDUS
Sinochem Holdings;2020;154.869;62.4167;2.4167;4.1714;19.5;INDUS
Sinochem Holdings;2021;263.1429;83.9167;7.6548;5.9881;22.45;INDUS
Sinochem Holdings;2022;274.0119;91.6952;6.7738;6.7024;22.15;INDUS
Sinochem Holdings;2023;266.7619;96.4643;5.2738;7.0119;21.85;INDUS
Sinochem Holdings;2024;282.2619;101.381;6.0595;7.4405;22.1;INDUS
Sinomine Resource;2015;0.1071;0.0286;0.0119;0.0048;0.08;INDUS
Sinomine Resource;2016;0.1238;0.0357;0.019;0.0071;0.12;INDUS
Sinomine Resource;2017;0.2024;0.0595;0.0357;0.0119;0.15;INDUS
Sinomine Resource;2018;0.2667;0.1071;0.0524;0.019;0.22;INDUS
Sinomine Resource;2019;0.2738;0.2024;0.0286;0.0214;0.25;INDUS
Sinomine Resource;2020;0.3024;0.2667;0.0429;0.0286;0.28;INDUS
Sinomine Resource;2021;0.569;0.4405;0.1548;0.0429;0.35;INDUS
Sinomine Resource;2022;1.9143;0.6786;0.981;0.0833;0.52;INDUS
Sinomine Resource;2023;1.431;0.8381;0.5048;0.1;0.45;INDUS
Sinomine Resource;2024;1.6952;0.981;0.6786;0.131;0.52;INDUS
Sinotruk;2015;6.7429;2.0357;0.2976;0.131;2.55;INDUS
Sinotruk;2016;7.8476;1.9643;0.2024;0.1476;2.45;INDUS
Sinotruk;2017;13.2024;2.1071;0.9881;0.2024;2.65;INDUS
Sinotruk;2018;14.9095;2.2024;1.3857;0.2976;2.85;INDUS
Sinotruk;2019;14.8143;2.2667;1.2262;0.369;2.95;INDUS
Sinotruk;2020;14.2714;2.4405;2.0357;0.5119;3.25;INDUS
Sinotruk;2021;22.2429;2.7381;1.5357;0.6786;3.15;INDUS
Sinotruk;2022;14.131;2.6667;0.7738;0.5833;2.85;INDUS
Sinotruk;2023;20.3571;2.8214;1.7262;0.7738;3.05;INDUS
Sinotruk;2024;23.0595;2.9167;2.0119;0.9167;3.25;INDUS
Skyworks Solutions (US);2015;3.25;0.85;1.05;0.28;0.65;INDUS
Skyworks Solutions (US);2016;3.28;0.88;1.02;0.31;0.72;INDUS
Skyworks Solutions (US);2017;3.65;0.95;1.25;0.35;0.85;INDUS
Skyworks Solutions (US);2018;3.85;1.05;1.35;0.42;0.92;INDUS
Skyworks Solutions (US);2019;3.38;1.08;0.95;0.45;0.95;INDUS
Skyworks Solutions (US);2020;3.35;1.15;0.92;0.48;0.98;INDUS
Skyworks Solutions (US);2021;5.1;1.42;1.85;0.55;1.05;INDUS
Skyworks Solutions (US);2022;5.48;1.48;1.95;0.62;1.12;INDUS
Skyworks Solutions (US);2023;4.77;1.55;1.45;0.65;1.15;INDUS
Skyworks Solutions (US);2024;4.65;1.62;1.35;0.68;1.1;INDUS
Skyworth Group;2015;9.0762;1.4571;0.5833;0.2667;3.52;INDUS
Skyworth Group;2016;9.0119;1.631;0.5048;0.2976;3.45;INDUS
Skyworth Group;2017;8.369;1.7905;0.2024;0.3214;3.25;INDUS
Skyworth Group;2018;9.3143;1.9333;0.2667;0.3619;3.55;INDUS
Skyworth Group;2019;8.869;2.1071;0.2976;0.3929;3.15;INDUS
Skyworth Group;2020;9.5524;2.2667;0.4405;0.4405;3.25;INDUS
Skyworth Group;2021;12.1262;2.6476;0.5048;0.5119;3.85;INDUS
Skyworth Group;2022;12.7357;3.0595;0.3452;0.5357;3.65;INDUS
Skyworth Group;2023;16.4357;3.4571;0.4405;0.5833;4.12;INDUS
Skyworth Group;2024;17.8857;3.8381;0.5357;0.6786;4.45;INDUS
Spirax Group (EU);2015;1.69;0.34;0.42;0.03;0.85;INDUS
Spirax Group (EU);2016;1.74;0.35;0.43;0.03;0.87;INDUS
Spirax Group (EU);2017;1.79;0.36;0.45;0.04;0.88;INDUS
Spirax Group (EU);2018;1.84;0.37;0.46;0.04;0.9;INDUS
Spirax Group (EU);2019;1.9;0.38;0.47;0.04;0.92;INDUS
Spirax Group (EU);2020;1.95;0.39;0.49;0.04;0.93;INDUS
Spirax Group (EU);2021;2.01;0.4;0.5;0.04;0.95;INDUS
Spirax Group (EU);2022;2.07;0.41;0.52;0.04;0.97;INDUS
Spirax Group (EU);2023;2.14;0.43;0.54;0.04;0.98;INDUS
Spirax Group (EU);2024;2.2;0.44;0.55;0.04;1.0;INDUS
Stellantis (EU);2015;102.5;15.8;4.5;3.2;22.5;INDUS
Stellantis (EU);2016;105.8;16.2;5.8;3.4;22.8;INDUS
Stellantis (EU);2017;110.9;16.8;7.1;3.6;23.4;INDUS
Stellantis (EU);2018;115.2;17.5;8.2;3.8;23.6;INDUS
Stellantis (EU);2019;108.7;18.4;6.3;3.7;23.2;INDUS
Stellantis (EU);2020;86.6;19.1;3.7;3.5;22.1;INDUS
Stellantis (EU);2021;152.1;22.5;18.0;4.8;28.1;INDUS
Stellantis (EU);2022;179.6;24.2;20.1;5.5;27.2;INDUS
Stellantis (EU);2023;189.5;25.8;24.3;6.2;26.8;INDUS
Stellantis (EU);2024;182.1;26.4;19.5;6.5;25.5;INDUS
Stryker (US);2015;9.9;1.8;1.8;0.6;2.7;INDUS
Stryker (US);2016;11.3;2.0;2.1;0.7;3.0;INDUS
Stryker (US);2017;12.4;2.1;2.4;0.8;3.3;INDUS
Stryker (US);2018;13.6;2.3;2.8;1.0;3.6;INDUS
Stryker (US);2019;14.8;2.5;3.1;1.1;4.0;INDUS
Stryker (US);2020;14.3;2.8;2.4;1.1;4.3;INDUS
Stryker (US);2021;17.1;3.0;3.4;1.2;4.6;INDUS
Stryker (US);2022;18.4;3.1;3.8;1.3;5.1;INDUS
Stryker (US);2023;20.5;3.2;4.1;1.4;5.2;INDUS
Stryker (US);2024;20.5;3.2;4.2;1.4;5.1;INDUS
Sumco (JP);2015;1.78;1.07;0.36;0.09;0.66;INDUS
Sumco (JP);2016;1.88;1.13;0.38;0.09;0.68;INDUS
Sumco (JP);2017;2.0;1.2;0.4;0.1;0.7;INDUS
Sumco (JP);2018;2.11;1.27;0.42;0.11;0.73;INDUS
Sumco (JP);2019;2.24;1.34;0.45;0.11;0.76;INDUS
Sumco (JP);2020;2.38;1.43;0.48;0.12;0.78;INDUS
Sumco (JP);2021;2.52;1.51;0.5;0.13;0.81;INDUS
Sumco (JP);2022;2.67;1.6;0.53;0.13;0.84;INDUS
Sumco (JP);2023;2.83;1.7;0.57;0.14;0.87;INDUS
Sumco (JP);2024;3.0;1.8;0.6;0.15;0.9;INDUS
Sumitomo Chemical (JP);2015;17.85;7.15;1.15;1.25;3.15;INDUS
Sumitomo Chemical (JP);2016;16.45;6.85;0.95;1.22;3.05;INDUS
Sumitomo Chemical (JP);2017;18.15;7.25;1.45;1.35;3.25;INDUS
Sumitomo Chemical (JP);2018;19.45;7.55;1.55;1.42;3.35;INDUS
Sumitomo Chemical (JP);2019;18.15;7.85;1.15;1.45;3.15;INDUS
Sumitomo Chemical (JP);2020;18.85;8.15;1.25;1.48;3.25;INDUS
Sumitomo Chemical (JP);2021;22.45;8.45;1.85;1.55;3.45;INDUS
Sumitomo Chemical (JP);2022;23.52;8.85;1.15;1.65;3.55;INDUS
Sumitomo Chemical (JP);2023;18.45;9.15;-0.85;1.52;3.35;INDUS
Sumitomo Chemical (JP);2024;19.85;9.45;0.52;1.65;3.45;INDUS
Sumitomo Electric (JP);2015;26.15;6.85;1.25;0.95;24.2;INDUS
Sumitomo Electric (JP);2016;25.8;7.15;1.32;0.98;24.8;INDUS
Sumitomo Electric (JP);2017;28.15;7.45;1.55;1.12;25.5;INDUS
Sumitomo Electric (JP);2018;28.95;7.85;1.65;1.22;27.2;INDUS
Sumitomo Electric (JP);2019;28.5;8.15;1.25;1.18;28.5;INDUS
Sumitomo Electric (JP);2020;27.15;8.45;1.05;1.12;28.2;INDUS
Sumitomo Electric (JP);2021;30.5;8.85;1.45;1.08;28.8;INDUS
Sumitomo Electric (JP);2022;30.85;9.25;1.25;1.15;28.9;INDUS
Sumitomo Electric (JP);2023;30.25;9.55;1.52;1.22;29.2;INDUS
Sumitomo Electric (JP);2024;31.45;9.85;1.75;1.35;29.8;INDUS
Sungrow Power;2015;1.0857;0.2976;0.1071;0.0524;0.35;INDUS
Sungrow Power;2016;1.4333;0.3619;0.1548;0.0762;0.45;INDUS
Sungrow Power;2017;2.1143;0.5119;0.2738;0.1;0.55;INDUS
Sungrow Power;2018;2.4667;0.6786;0.2262;0.1238;0.65;INDUS
Sungrow Power;2019;3.0952;0.8452;0.2976;0.1786;0.85;INDUS
Sungrow Power;2020;4.5929;1.0762;0.5119;0.25;1.05;INDUS
Sungrow Power;2021;5.7452;1.2262;0.5119;0.2976;1.25;INDUS
Sungrow Power;2022;9.5833;1.869;0.9167;0.4405;1.65;INDUS
Sungrow Power;2023;17.2024;2.4167;2.0357;0.5833;1.95;INDUS
Sunny Optical;2015;2.5452;0.6786;0.369;0.131;1.52;INDUS
Sunny Optical;2016;3.4786;0.8214;0.5119;0.2024;1.85;INDUS
Sunny Optical;2017;5.3262;0.9881;0.9167;0.2976;2.15;INDUS
Sunny Optical;2018;6.1738;1.2262;0.7738;0.4405;2.45;INDUS
Sunny Optical;2019;9.0119;1.7262;1.4643;0.5357;2.85;INDUS
Sunny Optical;2020;9.0476;2.0357;1.3929;0.5833;3.05;INDUS
Sunny Optical;2021;8.9262;2.4405;1.3929;0.631;3.15;INDUS
Sunny Optical;2022;7.9048;2.8929;0.8452;0.6786;3.0;INDUS
Sunny Optical;2023;7.5429;3.2024;0.6786;0.7024;2.9;INDUS
Suzuki Motor (JP);2015;26.5;8.5;1.6;1.2;6.0;INDUS
Suzuki Motor (JP);2016;27.2;8.8;1.7;1.2;6.2;INDUS
Suzuki Motor (JP);2017;31.5;9.2;3.0;1.3;6.5;INDUS
Suzuki Motor (JP);2018;34.8;9.8;3.4;1.4;6.7;INDUS
Suzuki Motor (JP);2019;31.2;10.2;1.9;1.3;6.8;INDUS
Suzuki Motor (JP);2020;29.4;10.5;1.8;1.2;6.8;INDUS
Suzuki Motor (JP);2021;32.5;10.8;1.7;1.4;6.9;INDUS
Suzuki Motor (JP);2022;41.2;11.5;3.2;1.6;7.0;INDUS
Suzuki Motor (JP);2023;45.5;12.1;4.2;1.8;7.2;INDUS
Suzuki Motor (JP);2024;48.1;12.8;4.5;2.0;7.4;INDUS
Symrise (EU);2015;2.96;1.18;0.53;0.15;0.88;INDUS
Symrise (EU);2016;3.14;1.26;0.57;0.16;0.91;INDUS
Symrise (EU);2017;3.33;1.33;0.6;0.17;0.94;INDUS
Symrise (EU);2018;3.52;1.41;0.63;0.18;0.97;INDUS
Symrise (EU);2019;3.74;1.5;0.67;0.19;1.01;INDUS
Symrise (EU);2020;3.96;1.58;0.71;0.2;1.04;INDUS
Symrise (EU);2021;4.2;1.68;0.76;0.21;1.08;INDUS
Symrise (EU);2022;4.45;1.78;0.8;0.22;1.12;INDUS
Symrise (EU);2023;4.72;1.89;0.85;0.24;1.16;INDUS
Symrise (EU);2024;5.0;2.0;0.9;0.25;1.2;INDUS
Sysmex (JP);2015;2.05;0.35;0.38;0.12;0.75;INDUS
Sysmex (JP);2016;2.22;0.38;0.42;0.13;0.78;INDUS
Sysmex (JP);2017;2.35;0.42;0.45;0.14;0.82;INDUS
Sysmex (JP);2018;2.48;0.45;0.48;0.15;0.85;INDUS
Sysmex (JP);2019;2.55;0.48;0.5;0.16;0.9;INDUS
Sysmex (JP);2020;2.62;0.51;0.48;0.17;0.92;INDUS
Sysmex (JP);2021;2.95;0.55;0.58;0.19;0.95;INDUS
Sysmex (JP);2022;2.85;0.58;0.52;0.21;0.98;INDUS
Sysmex (JP);2023;2.72;0.62;0.45;0.22;1.02;INDUS
Sysmex (JP);2024;2.81;0.65;0.48;0.23;1.05;INDUS
TCL Technology;2015;24.9095;10.7429;0.7738;0.9167;7.52;INDUS
TCL Technology;2016;25.3833;12.5833;0.5048;0.981;7.85;INDUS
TCL Technology;2017;26.6024;14.869;1.1548;1.1548;8.12;INDUS
TCL Technology;2018;27.0119;18.0524;1.0119;1.3143;7.85;INDUS
TCL Technology;2019;17.8738;20.981;0.7429;1.219;4.12;INDUS
TCL Technology;2020;18.2929;26.7738;0.981;1.5357;4.52;INDUS
TCL Technology;2021;38.9381;32.2667;3.5357;2.0762;6.12;INDUS
TCL Technology;2022;39.6548;37.7262;0.6;2.5119;6.45;INDUS
TCL Technology;2023;41.5357;40.981;0.9167;2.6786;6.62;INDUS
TDK Corp (JP);2015;9.5;3.8;0.8;0.7;9.1;INDUS
TDK Corp (JP);2016;10.2;4.1;0.8;0.8;9.3;INDUS
TDK Corp (JP);2017;11.5;4.5;0.8;0.9;10.3;INDUS
TDK Corp (JP);2018;12.4;4.8;1.0;1.0;10.5;INDUS
TDK Corp (JP);2019;12.1;5.1;0.9;1.1;10.7;INDUS
TDK Corp (JP);2020;12.5;5.5;1.0;1.2;12.9;INDUS
TDK Corp (JP);2021;16.5;6.1;1.4;1.3;11.7;INDUS
TDK Corp (JP);2022;14.8;6.5;1.2;1.2;11.5;INDUS
TDK Corp (JP);2023;14.2;6.8;1.1;1.2;11.0;INDUS
TDK Corp (JP);2024;15.3;7.2;1.4;1.3;11.2;INDUS
TE Connectivity (US);2015;12.26;3.06;2.21;0.61;7.25;INDUS
TE Connectivity (US);2016;12.63;3.16;2.27;0.63;7.38;INDUS
TE Connectivity (US);2017;13.01;3.25;2.34;0.65;7.51;INDUS
TE Connectivity (US);2018;13.4;3.35;2.41;0.67;7.64;INDUS
TE Connectivity (US);2019;13.8;3.45;2.48;0.69;7.78;INDUS
TE Connectivity (US);2020;14.22;3.56;2.56;0.71;7.92;INDUS
TE Connectivity (US);2021;14.64;3.66;2.64;0.73;8.06;INDUS
TE Connectivity (US);2022;15.08;3.77;2.71;0.75;8.2;INDUS
TE Connectivity (US);2023;15.53;3.88;2.8;0.78;8.35;INDUS
TE Connectivity (US);2024;16.0;4.0;2.88;0.8;8.5;INDUS
Taiyo Yuden (JP);2015;1.62;0.65;0.16;0.13;1.78;INDUS
Taiyo Yuden (JP);2016;1.68;0.67;0.17;0.13;1.82;INDUS
Taiyo Yuden (JP);2017;1.75;0.7;0.18;0.14;1.87;INDUS
Taiyo Yuden (JP);2018;1.82;0.73;0.18;0.15;1.91;INDUS
Taiyo Yuden (JP);2019;1.89;0.76;0.19;0.15;1.96;INDUS
Taiyo Yuden (JP);2020;1.97;0.79;0.2;0.16;2.0;INDUS
Taiyo Yuden (JP);2021;2.04;0.82;0.2;0.16;2.05;INDUS
Taiyo Yuden (JP);2022;2.13;0.85;0.21;0.17;2.1;INDUS
Taiyo Yuden (JP);2023;2.21;0.88;0.22;0.18;2.15;INDUS
Taiyo Yuden (JP);2024;2.3;0.92;0.23;0.18;2.2;INDUS
Teradyne (US);2015;1.64;0.25;0.35;0.28;0.4;INDUS
Teradyne (US);2016;1.75;0.28;0.42;0.31;0.4;INDUS
Teradyne (US);2017;2.14;0.32;0.58;0.35;0.45;INDUS
Teradyne (US);2018;2.1;0.35;0.52;0.38;0.5;INDUS
Teradyne (US);2019;2.3;0.38;0.55;0.42;0.55;INDUS
Teradyne (US);2020;3.12;0.45;0.85;0.48;0.55;INDUS
Teradyne (US);2021;3.7;0.52;1.05;0.52;0.6;INDUS
Teradyne (US);2022;3.15;0.55;0.82;0.55;0.65;INDUS
Teradyne (US);2023;2.67;0.58;0.65;0.52;0.62;INDUS
Teradyne (US);2024;2.85;0.62;0.72;0.58;0.65;INDUS
Terex (US);2015;4.39;0.52;0.28;0.08;2.04;INDUS
Terex (US);2016;4.44;0.48;0.25;0.08;1.82;INDUS
Terex (US);2017;4.36;0.45;0.32;0.09;1.65;INDUS
Terex (US);2018;4.52;0.42;0.35;0.1;1.55;INDUS
Terex (US);2019;4.35;0.4;0.38;0.11;1.45;INDUS
Terex (US);2020;3.08;0.38;0.12;0.09;1.2;INDUS
Terex (US);2021;3.89;0.42;0.35;0.1;1.15;INDUS
Terex (US);2022;4.42;0.45;0.45;0.12;1.25;INDUS
Terex (US);2023;5.15;0.52;0.72;0.15;1.35;INDUS
Terex (US);2024;5.25;0.58;0.75;0.16;1.42;INDUS
Terumo (JP);2015;4.15;1.25;0.65;0.25;2.1;INDUS
Terumo (JP);2016;4.35;1.32;0.68;0.28;2.2;INDUS
Terumo (JP);2017;4.85;1.45;0.75;0.32;2.4;INDUS
Terumo (JP);2018;5.25;1.55;0.85;0.35;2.5;INDUS
Terumo (JP);2019;5.45;1.65;0.92;0.38;2.6;INDUS
Terumo (JP);2020;5.21;1.72;0.78;0.35;2.65;INDUS
Terumo (JP);2021;5.85;1.85;1.05;0.42;2.75;INDUS
Terumo (JP);2022;6.42;2.05;1.15;0.45;2.85;INDUS
Terumo (JP);2023;6.55;2.15;1.12;0.48;2.8;INDUS
Terumo (JP);2024;6.85;2.25;1.25;0.52;2.95;INDUS
Texas Instruments (US);2015;13.0;3.1;4.2;1.3;3.0;INDUS
Texas Instruments (US);2016;13.3;3.2;4.5;1.4;3.0;INDUS
Texas Instruments (US);2017;14.9;3.5;5.8;1.5;3.0;INDUS
Texas Instruments (US);2018;15.8;3.8;6.5;1.6;3.0;INDUS
Texas Instruments (US);2019;14.3;4.1;5.2;1.6;3.0;INDUS
Texas Instruments (US);2020;14.5;4.5;5.8;1.6;3.0;INDUS
Texas Instruments (US);2021;18.3;5.2;8.4;1.7;3.1;INDUS
Texas Instruments (US);2022;20.0;5.8;10.1;1.8;3.3;INDUS
Texas Instruments (US);2023;17.5;6.5;7.5;1.8;3.4;INDUS
Texas Instruments (US);2024;17.5;6.8;7.2;1.8;3.3;INDUS
Thales (EU);2015;14.5;2.1;1.2;0.8;6.2;INDUS
Thales (EU);2016;15.2;2.2;1.3;0.8;6.4;INDUS
Thales (EU);2017;16.1;2.4;1.5;0.9;6.5;INDUS
Thales (EU);2018;16.2;2.5;1.7;1.0;6.6;INDUS
Thales (EU);2019;18.8;2.8;2.0;1.1;8.2;INDUS
Thales (EU);2020;17.5;3.1;1.3;1.1;8.1;INDUS
Thales (EU);2021;16.5;3.2;1.6;1.1;8.1;INDUS
Thales (EU);2022;17.8;3.5;1.9;1.2;7.7;INDUS
Thales (EU);2023;19.1;3.8;2.1;1.3;8.0;INDUS
Thales (EU);2024;20.5;4.2;2.3;1.4;8.2;INDUS
Thermo Fisher (US);2015;17.0;4.5;2.5;0.7;5.2;INDUS
Thermo Fisher (US);2016;18.2;4.8;2.8;0.8;5.5;INDUS
Thermo Fisher (US);2017;20.9;5.2;3.4;0.9;6.1;INDUS
Thermo Fisher (US);2018;24.3;6.5;4.1;1.0;7.5;INDUS
Thermo Fisher (US);2019;25.5;7.1;4.5;1.1;8.2;INDUS
Thermo Fisher (US);2020;32.2;8.2;7.5;1.2;10.5;INDUS
Thermo Fisher (US);2021;39.2;8.8;9.1;1.4;11.5;INDUS
Thermo Fisher (US);2022;44.9;9.2;9.8;1.5;12.0;INDUS
Thermo Fisher (US);2023;42.8;9.4;8.5;1.4;12.2;INDUS
Thermo Fisher (US);2024;42.8;9.1;7.8;1.5;12.2;INDUS
Tianshan Aluminum;2015;2.4095;2.9643;0.2667;0.0286;0.52;INDUS
Tianshan Aluminum;2016;2.9643;3.2905;0.3452;0.0357;0.55;INDUS
Tianshan Aluminum;2017;3.7667;3.6952;0.4405;0.0429;0.58;INDUS
Tianshan Aluminum;2018;4.3143;4.1548;0.5048;0.0524;0.62;INDUS
Tianshan Aluminum;2019;4.631;4.4881;0.5833;0.0595;0.65;INDUS
Tianshan Aluminum;2020;6.5286;5.0286;0.7738;0.0833;0.72;INDUS
Tianshan Aluminum;2021;6.8452;5.8452;0.981;0.1071;0.75;INDUS
Tianshan Aluminum;2022;7.8595;6.631;0.9167;0.131;0.82;INDUS
Tianshan Aluminum;2023;6.9024;7.1714;0.5048;0.1143;0.78;INDUS
Tianshan Aluminum;2024;7.7262;7.981;0.6786;0.131;0.85;INDUS
Tingyi;2015;14.0952;5.3571;0.9167;0.1071;6.5;INDUS
Tingyi;2016;13.131;5.6786;0.6786;0.1143;6.2;INDUS
Tingyi;2017;14.0357;5.8333;0.9881;0.1238;6.05;INDUS
Tingyi;2018;14.4405;6.0;1.0833;0.131;5.8;INDUS
Tingyi;2019;14.7619;6.3929;1.25;0.1476;5.95;INDUS
Tingyi;2020;16.0952;6.7857;1.4643;0.1619;6.15;INDUS
Tingyi;2021;17.631;7.1905;1.1548;0.1714;6.45;INDUS
Tingyi;2022;18.75;7.6548;0.9405;0.1857;6.65;INDUS
Tingyi;2023;19.1548;7.9762;1.2262;0.1952;6.55;INDUS
Tingyi;2024;19.881;8.2857;1.3929;0.2095;6.45;INDUS
Titan Wind;2015;0.4405;0.2667;0.0595;0.019;0.25;INDUS
Titan Wind;2016;0.5048;0.3452;0.0833;0.0262;0.28;INDUS
Titan Wind;2017;0.6786;0.4405;0.1071;0.0357;0.35;INDUS
Titan Wind;2018;0.7976;0.5048;0.1238;0.0429;0.38;INDUS
Titan Wind;2019;1.4167;0.6786;0.2024;0.0595;0.45;INDUS
Titan Wind;2020;2.2429;0.8381;0.2976;0.0833;0.52;INDUS
Titan Wind;2021;2.4167;1.0762;0.2667;0.1;0.58;INDUS
Titan Wind;2022;1.9643;1.3929;0.1548;0.1071;0.52;INDUS
Titan Wind;2023;2.2429;1.6238;0.2024;0.1238;0.55;INDUS
Titan Wind;2024;2.6476;1.7905;0.2667;0.1548;0.58;INDUS
Tokyo Electron (JP);2015;5.1;0.6;0.8;0.6;1.1;INDUS
Tokyo Electron (JP);2016;5.6;0.6;1.0;0.7;1.1;INDUS
Tokyo Electron (JP);2017;7.1;0.7;1.4;0.8;1.1;INDUS
Tokyo Electron (JP);2018;10.2;0.8;2.5;1.0;1.2;INDUS
Tokyo Electron (JP);2019;11.5;0.9;2.8;1.1;1.3;INDUS
Tokyo Electron (JP);2020;10.5;1.1;2.2;1.2;1.4;INDUS
Tokyo Electron (JP);2021;12.8;1.3;3.0;1.3;1.5;INDUS
Tokyo Electron (JP);2022;18.5;1.5;5.4;1.5;1.6;INDUS
Tokyo Electron (JP);2023;20.1;1.7;5.6;1.6;1.7;INDUS
Tokyo Electron (JP);2024;16.5;1.8;3.9;1.7;1.7;INDUS
Tokyo Seimitsu (JP);2015;0.59;0.06;0.15;0.06;0.22;INDUS
Tokyo Seimitsu (JP);2016;0.63;0.06;0.16;0.06;0.23;INDUS
Tokyo Seimitsu (JP);2017;0.67;0.07;0.17;0.07;0.23;INDUS
Tokyo Seimitsu (JP);2018;0.7;0.07;0.17;0.07;0.24;INDUS
Tokyo Seimitsu (JP);2019;0.75;0.08;0.19;0.08;0.25;INDUS
Tokyo Seimitsu (JP);2020;0.79;0.08;0.2;0.08;0.26;INDUS
Tokyo Seimitsu (JP);2021;0.84;0.08;0.21;0.08;0.27;INDUS
Tokyo Seimitsu (JP);2022;0.89;0.09;0.22;0.09;0.28;INDUS
Tokyo Seimitsu (JP);2023;0.94;0.09;0.23;0.09;0.29;INDUS
Tokyo Seimitsu (JP);2024;1.0;0.1;0.25;0.1;0.3;INDUS
Tongling Nonferrous;2015;20.3381;3.6;0.1071;0.0524;2.15;INDUS
Tongling Nonferrous;2016;19.5595;3.5357;0.0833;0.0595;2.05;INDUS
Tongling Nonferrous;2017;19.6238;3.4571;0.2024;0.0762;1.95;INDUS
Tongling Nonferrous;2018;20.1238;3.3929;0.2667;0.1071;1.85;INDUS
Tongling Nonferrous;2019;22.1071;3.2976;0.3452;0.1381;1.75;INDUS
Tongling Nonferrous;2020;23.6952;3.1952;0.3619;0.1548;1.65;INDUS
Tongling Nonferrous;2021;31.25;3.1238;0.9167;0.2024;1.55;INDUS
Tongling Nonferrous;2022;29.0095;3.0595;0.7429;0.2667;1.45;INDUS
Tongling Nonferrous;2023;32.7262;2.981;0.8381;0.3452;1.35;INDUS
Tongling Nonferrous;2024;35.3619;2.8857;1.0119;0.4167;1.25;INDUS
Tongwei;2015;3.2905;1.4571;0.2024;0.0524;1.25;INDUS
Tongwei;2016;4.9714;2.0119;0.2976;0.0833;1.52;INDUS
Tongwei;2017;6.2119;2.6786;0.6;0.1238;1.85;INDUS
Tongwei;2018;6.5548;3.6;0.6786;0.1548;2.15;INDUS
Tongwei;2019;8.9405;4.9643;0.8452;0.2262;2.45;INDUS
Tongwei;2020;10.5238;6.7738;1.0119;0.2976;2.85;INDUS
Tongwei;2021;15.1167;9.0762;2.3452;0.5119;3.25;INDUS
Tongwei;2022;33.9095;14.869;7.75;0.981;4.15;INDUS
Tongwei;2023;33.119;18.6;4.3929;1.1548;4.45;INDUS
Toray Industries (JP);2015;16.85;6.85;1.25;0.52;4.55;INDUS
Toray Industries (JP);2016;17.15;7.05;1.35;0.55;4.65;INDUS
Toray Industries (JP);2017;18.45;7.25;1.45;0.58;4.85;INDUS
Toray Industries (JP);2018;19.15;7.55;1.55;0.62;4.95;INDUS
Toray Industries (JP);2019;18.85;7.85;1.25;0.65;4.85;INDUS
Toray Industries (JP);2020;16.52;8.15;0.85;0.62;4.65;INDUS
Toray Industries (JP);2021;18.25;8.45;1.15;0.65;4.75;INDUS
Toray Industries (JP);2022;19.85;8.85;1.35;0.68;4.85;INDUS
Toray Industries (JP);2023;18.45;9.15;0.95;0.65;4.72;INDUS
Toray Industries (JP);2024;19.52;9.45;1.25;0.72;4.85;INDUS
Toshiba (JP);2015;55.4;7.2;-3.8;2.8;19.8;INDUS
Toshiba (JP);2016;44.2;6.8;2.4;2.6;18.8;INDUS
Toshiba (JP);2017;35.1;5.5;0.6;1.7;14.1;INDUS
Toshiba (JP);2018;33.5;4.8;0.3;1.6;12.9;INDUS
Toshiba (JP);2019;31.2;4.5;1.2;1.5;12.6;INDUS
Toshiba (JP);2020;28.5;4.2;0.9;1.4;11.8;INDUS
Toshiba (JP);2021;29.4;4.3;1.4;1.5;11.6;INDUS
Toshiba (JP);2022;25.1;4.0;0.8;1.3;11.1;INDUS
Toshiba (JP);2023;22.8;3.8;0.5;1.2;10.6;INDUS
Toshiba (JP);2024;21.5;3.6;0.4;1.1;10.2;INDUS
Toyoda Gosei (JP);2015;6.25;1.85;0.35;0.22;3.25;INDUS
Toyoda Gosei (JP);2016;6.55;1.95;0.38;0.25;3.45;INDUS
Toyoda Gosei (JP);2017;6.85;2.15;0.42;0.28;3.65;INDUS
Toyoda Gosei (JP);2018;7.15;2.35;0.45;0.32;3.85;INDUS
Toyoda Gosei (JP);2019;7.25;2.55;0.32;0.35;3.95;INDUS
Toyoda Gosei (JP);2020;6.15;2.65;0.15;0.31;3.85;INDUS
Toyoda Gosei (JP);2021;6.82;2.85;0.28;0.35;3.92;INDUS
Toyoda Gosei (JP);2022;6.45;2.95;0.35;0.38;3.98;INDUS
Toyoda Gosei (JP);2023;6.55;3.15;0.45;0.42;4.05;INDUS
Toyoda Gosei (JP);2024;6.85;3.35;0.55;0.45;4.15;INDUS
Toyota (JP);2015;235.8;75.4;20.5;8.5;34.8;INDUS
Toyota (JP);2016;245.2;78.1;16.5;8.8;36.4;INDUS
Toyota (JP);2017;252.1;82.5;21.5;9.2;36.9;INDUS
Toyota (JP);2018;263.2;85.1;21.8;9.5;37.1;INDUS
Toyota (JP);2019;272.5;88.4;21.9;9.8;35.9;INDUS
Toyota (JP);2020;250.2;92.1;18.5;9.5;36.6;INDUS
Toyota (JP);2021;245.5;94.2;19.1;9.6;37.2;INDUS
Toyota (JP);2022;270.2;98.5;22.5;10.2;37.5;INDUS
Toyota (JP);2023;305.1;105.2;24.8;10.8;37.5;INDUS
Toyota (JP);2024;315.2;110.4;28.5;11.5;38.0;INDUS
Toyota Industries (JP);2015;18.25;3.85;1.15;0.38;5.1;INDUS
Toyota Industries (JP);2016;19.1;4.05;1.22;0.41;5.25;INDUS
Toyota Industries (JP);2017;17.85;4.15;1.35;0.45;5.5;INDUS
Toyota Industries (JP);2018;19.85;4.45;1.52;0.48;6.2;INDUS
Toyota Industries (JP);2019;19.5;4.65;1.25;0.42;6.45;INDUS
Toyota Industries (JP);2020;18.85;4.85;0.95;0.45;6.65;INDUS
Toyota Industries (JP);2021;22.45;5.15;1.45;0.52;6.85;INDUS
Toyota Industries (JP);2022;25.1;5.55;1.35;0.55;7.15;INDUS
Toyota Industries (JP);2023;23.5;5.85;1.45;0.58;7.45;INDUS
Toyota Industries (JP);2024;24.85;6.15;1.65;0.65;7.65;INDUS
Triangle Tyre;2015;1.7024;0.9167;0.2024;0.0667;0.95;INDUS
Triangle Tyre;2016;1.5976;0.9643;0.219;0.0762;0.92;INDUS
Triangle Tyre;2017;1.8786;1.0119;0.1548;0.0833;0.88;INDUS
Triangle Tyre;2018;1.7881;1.0762;0.1714;0.0905;0.85;INDUS
Triangle Tyre;2019;1.8929;1.131;0.2024;0.1;0.82;INDUS
Triangle Tyre;2020;2.0333;1.2262;0.25;0.1071;0.8;INDUS
Triangle Tyre;2021;2.131;1.2738;0.1548;0.1143;0.82;INDUS
Triangle Tyre;2022;2.1952;1.3214;0.1786;0.1238;0.84;INDUS
Triangle Tyre;2023;2.481;1.3929;0.3452;0.131;0.85;INDUS
Triangle Tyre;2024;2.3452;1.4643;0.2976;0.1381;0.86;INDUS
Trimble (US);2015;2.45;0.25;0.49;0.37;0.85;INDUS
Trimble (US);2016;2.57;0.26;0.51;0.39;0.87;INDUS
Trimble (US);2017;2.7;0.27;0.54;0.41;0.9;INDUS
Trimble (US);2018;2.84;0.28;0.57;0.43;0.92;INDUS
Trimble (US);2019;2.98;0.3;0.6;0.45;0.95;INDUS
Trimble (US);2020;3.13;0.31;0.63;0.47;0.98;INDUS
Trimble (US);2021;3.28;0.33;0.66;0.49;1.01;INDUS
Trimble (US);2022;3.45;0.35;0.69;0.52;1.04;INDUS
Trimble (US);2023;3.62;0.36;0.72;0.54;1.07;INDUS
Trimble (US);2024;3.8;0.38;0.76;0.57;1.1;INDUS
Trina Solar;2015;4.4095;2.1786;0.2667;0.1071;1.15;INDUS
Trina Solar;2016;5.369;2.5833;0.3452;0.1238;1.25;INDUS
Trina Solar;2017;6.2262;2.8929;0.4405;0.1476;1.35;INDUS
Trina Solar;2018;5.9643;3.219;0.2976;0.1786;1.3;INDUS
Trina Solar;2019;5.5524;3.5357;0.25;0.1952;1.22;INDUS
Trina Solar;2020;7.0048;4.1714;0.369;0.2738;1.45;INDUS
Trina Solar;2021;10.5905;5.1071;0.5119;0.3929;1.85;INDUS
Trina Solar;2022;20.25;6.7024;1.1548;0.5119;2.15;INDUS
Trina Solar;2023;27.0286;8.3619;1.631;0.75;2.55;INDUS
Tsingshan Holding;2015;24.3929;6.7024;1.0119;0.2738;4.25;INDUS
Tsingshan Holding;2016;29.7905;7.7262;1.2262;0.3381;4.55;INDUS
Tsingshan Holding;2017;38.4405;9.0762;1.9643;0.4405;4.85;INDUS
Tsingshan Holding;2018;53.9286;10.7429;2.9881;0.6071;5.15;INDUS
Tsingshan Holding;2019;62.4762;12.4881;3.6;0.7429;5.45;INDUS
Tsingshan Holding;2020;69.5595;13.8381;2.6786;0.8452;5.25;INDUS
Tsingshan Holding;2021;83.9048;15.5833;4.3857;1.0833;5.85;INDUS
Tsingshan Holding;2022;87.6548;17.1714;3.3929;1.2262;5.65;INDUS
Tsingshan Holding;2023;90.5238;19.3143;3.9405;1.4643;5.95;INDUS
Tsingshan Holding;2024;98.8381;20.981;4.631;1.7024;6.25;INDUS
Uni-President China;2015;5.2619;2.0238;0.2738;0.0595;3.12;INDUS
Uni-President China;2016;4.9952;1.9524;0.25;0.0667;2.95;INDUS
Uni-President China;2017;5.0714;1.869;0.2976;0.0762;2.85;INDUS
Uni-President China;2018;5.1857;1.7857;0.3452;0.0833;2.75;INDUS
Uni-President China;2019;5.2429;1.7262;0.4405;0.0905;2.65;INDUS
Uni-President China;2020;5.419;1.7024;0.5119;0.1;2.75;INDUS
Uni-President China;2021;6.0071;1.7738;0.4881;0.1143;2.85;INDUS
Uni-President China;2022;6.7286;1.869;0.369;0.1238;3.05;INDUS
Uni-President China;2023;6.8095;1.9405;0.5119;0.131;3.15;INDUS
Uni-President China;2024;7.1071;2.0119;0.5833;0.1476;3.25;INDUS
Unilever (EU);2015;53.27;10.45;7.52;0.92;16.8;INDUS
Unilever (EU);2016;52.71;10.15;7.15;0.95;16.4;INDUS
Unilever (EU);2017;53.71;10.85;8.85;0.98;16.1;INDUS
Unilever (EU);2018;50.98;11.15;9.12;1.05;15.5;INDUS
Unilever (EU);2019;51.98;11.45;8.75;1.12;15.0;INDUS
Unilever (EU);2020;50.72;11.85;8.32;1.05;14.9;INDUS
Unilever (EU);2021;52.44;12.25;9.15;1.15;14.8;INDUS
Unilever (EU);2022;60.07;12.85;10.25;1.22;14.8;INDUS
Unilever (EU);2023;59.6;13.15;9.85;1.25;12.8;INDUS
Unilever (EU);2024;61.25;13.52;10.45;1.35;13.1;INDUS
Valeo (EU);2015;17.63;7.05;0.88;1.76;9.38;INDUS
Valeo (EU);2016;18.16;7.26;0.91;1.82;9.54;INDUS
Valeo (EU);2017;18.7;7.48;0.94;1.87;9.72;INDUS
Valeo (EU);2018;19.26;7.7;0.96;1.93;9.89;INDUS
Valeo (EU);2019;19.84;7.94;0.99;1.98;10.07;INDUS
Valeo (EU);2020;20.44;8.18;1.02;2.04;10.25;INDUS
Valeo (EU);2021;21.05;8.42;1.05;2.1;10.43;INDUS
Valeo (EU);2022;21.68;8.67;1.08;2.17;10.62;INDUS
Valeo (EU);2023;22.33;8.93;1.12;2.23;10.81;INDUS
Valeo (EU);2024;23.0;9.2;1.15;2.3;11.0;INDUS
Vatti Corp;2015;0.8857;0.1071;0.1;0.0286;0.55;INDUS
Vatti Corp;2016;1.0452;0.1238;0.1548;0.0357;0.58;INDUS
Vatti Corp;2017;1.3643;0.1452;0.1952;0.0429;0.62;INDUS
Vatti Corp;2018;1.45;0.1714;0.1857;0.0524;0.65;INDUS
Vatti Corp;2019;1.3381;0.1857;0.1548;0.0595;0.6;INDUS
Vatti Corp;2020;1.1143;0.1952;0.1143;0.0524;0.58;INDUS
Vatti Corp;2021;1.2976;0.2095;0.1238;0.0667;0.62;INDUS
Vatti Corp;2022;1.3857;0.219;0.1452;0.0738;0.64;INDUS
Vatti Corp;2023;1.4643;0.2333;0.1786;0.0833;0.66;INDUS
Vatti Corp;2024;1.5476;0.25;0.2024;0.0905;0.68;INDUS
Venustech;2015;0.3643;0.0286;0.0595;0.0595;0.25;INDUS
Venustech;2016;0.4595;0.0357;0.0833;0.0762;0.28;INDUS
Venustech;2017;0.5405;0.0429;0.1071;0.0905;0.32;INDUS
Venustech;2018;0.6095;0.0524;0.131;0.1071;0.38;INDUS
Venustech;2019;0.7119;0.0595;0.1619;0.1238;0.45;INDUS
Venustech;2020;0.7976;0.0833;0.1786;0.1548;0.55;INDUS
Venustech;2021;1.0429;0.1071;0.2024;0.2024;0.65;INDUS
Venustech;2022;1.0548;0.131;0.1714;0.25;0.72;INDUS
Venustech;2023;1.0833;0.1548;0.1857;0.2738;0.75;INDUS
Victrex (EU);2015;0.31;0.09;0.09;0.03;0.09;INDUS
Victrex (EU);2016;0.32;0.1;0.1;0.03;0.09;INDUS
Victrex (EU);2017;0.33;0.1;0.1;0.03;0.09;INDUS
Victrex (EU);2018;0.33;0.1;0.1;0.03;0.09;INDUS
Victrex (EU);2019;0.35;0.1;0.1;0.03;0.09;INDUS
Victrex (EU);2020;0.36;0.11;0.11;0.04;0.09;INDUS
Victrex (EU);2021;0.37;0.11;0.11;0.04;0.09;INDUS
Victrex (EU);2022;0.38;0.11;0.11;0.04;0.1;INDUS
Victrex (EU);2023;0.39;0.12;0.12;0.04;0.1;INDUS
Victrex (EU);2024;0.4;0.12;0.12;0.04;0.1;INDUS
Vinda International;2015;2.3095;1.1548;0.2738;0.0595;1.85;INDUS
Vinda International;2016;2.869;1.3095;0.2976;0.0667;1.92;INDUS
Vinda International;2017;3.2143;1.4762;0.3333;0.0762;1.95;INDUS
Vinda International;2018;3.5357;1.631;0.3214;0.0833;2.05;INDUS
Vinda International;2019;3.8214;1.7262;0.3929;0.1;2.1;INDUS
Vinda International;2020;3.9286;1.7857;0.5833;0.1071;2.05;INDUS
Vinda International;2021;4.4405;1.9405;0.4405;0.1238;2.15;INDUS
Vinda International;2022;4.619;2.0238;0.2976;0.131;2.12;INDUS
Vinda International;2023;4.7571;2.1071;0.3214;0.1476;2.2;INDUS
Vinda International;2024;5.0476;2.2024;0.381;0.1619;2.25;INDUS
Visteon (US);2015;3.25;0.65;0.18;0.32;1.1;INDUS
Visteon (US);2016;3.16;0.68;0.22;0.31;1.05;INDUS
Visteon (US);2017;3.15;0.72;0.28;0.3;1.0;INDUS
Visteon (US);2018;2.98;0.75;0.21;0.32;0.98;INDUS
Visteon (US);2019;2.95;0.78;0.15;0.33;0.95;INDUS
Visteon (US);2020;2.49;0.82;0.05;0.31;0.92;INDUS
Visteon (US);2021;2.77;0.85;0.12;0.32;0.95;INDUS
Visteon (US);2022;3.76;0.92;0.25;0.35;1.05;INDUS
Visteon (US);2023;3.93;0.98;0.32;0.38;1.12;INDUS
Visteon (US);2024;4.05;1.05;0.38;0.41;1.15;INDUS
Volkswagen (EU);2015;213.3;45.2;-4.1;13.6;61.0;INDUS
Volkswagen (EU);2016;217.3;46.8;7.1;13.7;62.6;INDUS
Volkswagen (EU);2017;230.7;48.5;13.8;13.1;64.2;INDUS
Volkswagen (EU);2018;235.8;50.2;13.9;13.6;66.4;INDUS
Volkswagen (EU);2019;252.6;54.1;17.0;14.3;67.1;INDUS
Volkswagen (EU);2020;222.9;56.2;9.7;13.9;66.3;INDUS
Volkswagen (EU);2021;250.2;58.5;19.3;15.6;67.3;INDUS
Volkswagen (EU);2022;279.2;62.4;22.5;18.9;67.6;INDUS
Volkswagen (EU);2023;322.3;68.1;22.6;20.1;68.4;INDUS
Volkswagen (EU);2024;335.5;72.4;21.5;21.5;68.0;INDUS
Volvo Group (EU);2015;35.5;6.8;2.5;1.8;9.5;INDUS
Volvo Group (EU);2016;34.2;6.5;2.3;1.9;9.5;INDUS
Volvo Group (EU);2017;38.4;6.4;3.4;2.0;9.8;INDUS
Volvo Group (EU);2018;43.5;6.8;4.5;2.1;10.4;INDUS
Volvo Group (EU);2019;48.2;7.5;5.1;2.2;10.2;INDUS
Volvo Group (EU);2020;37.5;8.1;2.8;2.0;9.7;INDUS
Volvo Group (EU);2021;41.2;8.5;4.8;2.2;10.5;INDUS
Volvo Group (EU);2022;43.8;8.8;5.2;2.3;10.5;INDUS
Volvo Group (EU);2023;52.1;9.2;7.8;2.5;10.4;INDUS
Volvo Group (EU);2024;53.5;9.5;8.1;2.6;10.2;INDUS
Wabtec (US);2015;3.31;0.65;0.55;0.12;1.3;INDUS
Wabtec (US);2016;2.93;0.62;0.45;0.11;1.25;INDUS
Wabtec (US);2017;3.88;0.75;0.52;0.14;1.8;INDUS
Wabtec (US);2018;4.37;0.85;0.62;0.16;1.85;INDUS
Wabtec (US);2019;8.2;1.85;1.15;0.35;2.7;INDUS
Wabtec (US);2020;7.56;1.95;0.85;0.32;2.55;INDUS
Wabtec (US);2021;7.82;1.85;1.05;0.35;2.5;INDUS
Wabtec (US);2022;8.36;1.75;1.25;0.38;2.6;INDUS
Wabtec (US);2023;9.68;1.82;1.52;0.42;2.85;INDUS
Wabtec (US);2024;10.15;1.95;1.65;0.45;2.95;INDUS
Wafangdian Bearing;2015;0.5119;0.4405;0.0119;0.019;1.15;INDUS
Wafangdian Bearing;2016;0.5048;0.4167;0.0048;0.0167;1.1;INDUS
Wafangdian Bearing;2017;0.4952;0.4;-0.0119;0.0143;1.05;INDUS
Wafangdian Bearing;2018;0.4881;0.3929;-0.0286;0.0143;0.95;INDUS
Wafangdian Bearing;2019;0.4643;0.3762;-0.019;0.0119;0.9;INDUS
Wafangdian Bearing;2020;0.481;0.369;0.0048;0.0167;0.88;INDUS
Wafangdian Bearing;2021;0.5357;0.3619;0.019;0.0214;0.85;INDUS
Wafangdian Bearing;2022;0.5595;0.3524;0.0238;0.0238;0.84;INDUS
Wafangdian Bearing;2023;0.6;0.3476;0.0286;0.0262;0.83;INDUS
Wafangdian Bearing;2024;0.631;0.3452;0.0357;0.0286;0.82;INDUS
Wanfeng Auto Wheels;2015;2.1548;0.981;0.2976;0.1071;0.85;INDUS
Wanfeng Auto Wheels;2016;2.3452;1.0357;0.3214;0.1143;0.88;INDUS
Wanfeng Auto Wheels;2017;2.431;1.0833;0.3452;0.1238;0.92;INDUS
Wanfeng Auto Wheels;2018;2.631;1.1476;0.2738;0.131;0.95;INDUS
Wanfeng Auto Wheels;2019;2.569;1.2262;0.2262;0.1381;0.98;INDUS
Wanfeng Auto Wheels;2020;2.5476;1.2976;0.2024;0.1476;0.95;INDUS
Wanfeng Auto Wheels;2021;2.9619;1.4881;0.131;0.1786;1.02;INDUS
Wanfeng Auto Wheels;2022;3.9;1.7976;0.2738;0.2024;1.05;INDUS
Wanfeng Auto Wheels;2023;3.8595;1.869;0.2976;0.1952;1.03;INDUS
Wanfeng Auto Wheels;2024;3.8714;1.9405;0.3214;0.2024;1.02;INDUS
Wanhua Chemical;2015;4.6405;4.4095;0.5048;0.2024;0.85;INDUS
Wanhua Chemical;2016;7.1667;5.0286;1.0762;0.2667;0.95;INDUS
Wanhua Chemical;2017;12.6476;5.8214;3.7667;0.3452;1.12;INDUS
Wanhua Chemical;2018;14.4333;6.7905;3.1548;0.4167;1.25;INDUS
Wanhua Chemical;2019;16.2024;8.3619;2.8857;0.4881;1.35;INDUS
Wanhua Chemical;2020;17.4833;11.5595;3.0595;0.5833;1.52;INDUS
Wanhua Chemical;2021;34.6524;14.869;7.6476;0.8381;1.85;INDUS
Wanhua Chemical;2022;39.419;18.0595;5.1071;0.981;2.12;INDUS
Wanhua Chemical;2023;41.7571;20.981;5.3619;1.1548;2.35;INDUS
Wanhua Chemical;2024;43.35;23.4405;6.1476;1.3143;2.55;INDUS
Want Want China;2015;4.7262;2.0238;1.0714;0.0286;4.5;INDUS
Want Want China;2016;4.6905;2.1071;1.1071;0.031;4.35;INDUS
Want Want China;2017;4.8214;2.1905;0.9881;0.0357;4.2;INDUS
Want Want China;2018;4.8571;2.2619;1.0357;0.0381;4.15;INDUS
Want Want China;2019;4.7857;2.3452;1.1548;0.0429;4.05;INDUS
Want Want China;2020;5.25;2.4286;1.3929;0.0476;4.1;INDUS
Want Want China;2021;5.7143;2.5833;1.4643;0.0524;4.15;INDUS
Want Want China;2022;5.4643;2.6667;1.25;0.0595;4.0;INDUS
Want Want China;2023;5.619;2.75;1.3929;0.0667;4.05;INDUS
Want Want China;2024;5.9048;2.881;1.4762;0.0762;4.12;INDUS
Wanxiang Qianchao;2015;2.4095;0.981;0.2024;0.0833;1.12;INDUS
Wanxiang Qianchao;2016;2.6786;1.0762;0.2667;0.0905;1.15;INDUS
Wanxiang Qianchao;2017;2.9643;1.1548;0.2976;0.1071;1.18;INDUS
Wanxiang Qianchao;2018;2.8857;1.219;0.2024;0.1143;1.12;INDUS
Wanxiang Qianchao;2019;2.5119;1.3143;0.1548;0.1;1.05;INDUS
Wanxiang Qianchao;2020;2.5833;1.3929;0.131;0.1071;1.08;INDUS
Wanxiang Qianchao;2021;3.4167;1.5357;0.2024;0.1238;1.15;INDUS
Wanxiang Qianchao;2022;3.6952;1.6952;0.219;0.1381;1.22;INDUS
Wanxiang Qianchao;2023;3.5357;1.869;0.2024;0.1548;1.15;INDUS
Wanxiang Qianchao;2024;3.9095;2.0286;0.2667;0.1786;1.25;INDUS
Wartsila (EU);2015;5.58;0.55;0.68;0.21;1.88;INDUS
Wartsila (EU);2016;5.32;0.58;0.62;0.19;1.8;INDUS
Wartsila (EU);2017;5.55;0.62;0.58;0.18;1.81;INDUS
Wartsila (EU);2018;6.15;0.68;0.65;0.2;1.92;INDUS
Wartsila (EU);2019;5.78;0.72;0.52;0.18;1.87;INDUS
Wartsila (EU);2020;5.25;0.75;0.28;0.17;1.78;INDUS
Wartsila (EU);2021;5.65;0.82;0.38;0.19;1.74;INDUS
Wartsila (EU);2022;6.15;0.85;0.45;0.22;1.76;INDUS
Wartsila (EU);2023;6.55;0.92;0.58;0.25;1.78;INDUS
Wartsila (EU);2024;6.85;0.98;0.65;0.28;1.82;INDUS
Waters Corp (US);2015;2.04;0.35;0.65;0.12;0.6;INDUS
Waters Corp (US);2016;2.17;0.38;0.72;0.13;0.6;INDUS
Waters Corp (US);2017;2.31;0.42;0.78;0.14;0.7;INDUS
Waters Corp (US);2018;2.42;0.45;0.85;0.15;0.7;INDUS
Waters Corp (US);2019;2.41;0.48;0.82;0.15;0.7;INDUS
Waters Corp (US);2020;2.36;0.52;0.78;0.16;0.7;INDUS
Waters Corp (US);2021;2.79;0.55;0.95;0.18;0.8;INDUS
Waters Corp (US);2022;2.97;0.58;1.05;0.21;0.8;INDUS
Waters Corp (US);2023;2.96;0.62;0.98;0.22;0.8;INDUS
Waters Corp (US);2024;3.15;0.65;1.12;0.25;0.85;INDUS
Weichai Power;2015;17.4238;4.3857;1.0762;0.6786;4.25;INDUS
Weichai Power;2016;22.1857;4.7905;1.4881;0.7738;4.52;INDUS
Weichai Power;2017;36.0833;5.5833;2.8214;1.0762;5.12;INDUS
Weichai Power;2018;37.9167;6.3929;3.1548;1.219;5.45;INDUS
Weichai Power;2019;41.5143;7.1714;3.5357;1.4643;5.85;INDUS
Weichai Power;2020;47.0214;8.4405;3.9333;1.869;6.12;INDUS
Weichai Power;2021;48.4643;9.7905;3.3619;2.0286;6.45;INDUS
Weichai Power;2022;41.7024;11.5595;1.4571;1.7262;5.85;INDUS
Weichai Power;2023;50.9405;13.1238;3.0595;2.0119;6.25;INDUS
Weichai Power;2024;55.981;14.869;3.6714;2.2667;6.65;INDUS
Weifu High-Tech;2015;1.4571;0.6786;0.2667;0.0595;0.65;INDUS
Weifu High-Tech;2016;1.5357;0.7429;0.3452;0.0667;0.68;INDUS
Weifu High-Tech;2017;2.1452;0.8381;0.5833;0.0833;0.72;INDUS
Weifu High-Tech;2018;2.0762;0.981;0.5048;0.0905;0.75;INDUS
Weifu High-Tech;2019;2.0905;1.0762;0.5357;0.1;0.72;INDUS
Weifu High-Tech;2020;3.0667;1.219;0.4405;0.131;0.75;INDUS
Weifu High-Tech;2021;3.8167;1.3929;0.6786;0.1548;0.78;INDUS
Weifu High-Tech;2022;3.031;1.5357;0.0286;0.1476;0.72;INDUS
Weifu High-Tech;2023;2.6476;1.631;0.5048;0.1548;0.68;INDUS
Weifu High-Tech;2024;2.9643;1.6952;0.5833;0.1714;0.7;INDUS
Wens Foodstuff Group;2015;11.4762;2.9762;1.7857;0.119;4.2;INDUS
Wens Foodstuff Group;2016;14.0714;3.3571;3.1429;0.1429;4.5;INDUS
Wens Foodstuff Group;2017;13.2381;4.0;1.7143;0.1905;4.8;INDUS
Wens Foodstuff Group;2018;13.619;4.6429;1.0714;0.2143;5.1;INDUS
Wens Foodstuff Group;2019;17.4048;5.4286;3.5238;0.2857;5.5;INDUS
Wens Foodstuff Group;2020;17.8333;7.7381;1.9524;0.3571;5.8;INDUS
Wens Foodstuff Group;2021;15.4762;8.3571;0.3571;0.2857;5.2;INDUS
Wens Foodstuff Group;2022;19.9286;9.0952;1.4524;0.3333;5.4;INDUS
Wens Foodstuff Group;2023;21.4048;9.6429;2.0238;0.381;5.6;INDUS
Wens Foodstuff Group;2024;23.4524;10.1905;2.4286;0.4286;5.8;INDUS
Western Digital (US);2015;14.5;2.85;1.45;1.85;7.5;INDUS
Western Digital (US);2016;12.9;2.75;1.15;1.75;7.2;INDUS
Western Digital (US);2017;19.1;3.25;2.55;2.25;7.25;INDUS
Western Digital (US);2018;20.6;3.45;3.65;2.45;7.15;INDUS
Western Digital (US);2019;16.5;3.55;0.25;2.35;6.45;INDUS
Western Digital (US);2020;16.7;3.65;0.35;2.25;6.35;INDUS
Western Digital (US);2021;16.9;3.75;1.25;2.25;6.55;INDUS
Western Digital (US);2022;18.8;3.85;2.45;2.45;6.55;INDUS
Western Digital (US);2023;12.3;3.55;-0.85;2.15;5.35;INDUS
Western Digital (US);2024;13.5;3.45;0.45;2.05;5.25;INDUS
Whirlpool (US);2015;20.9;3.2;1.3;0.6;9.7;INDUS
Whirlpool (US);2016;20.7;3.1;1.4;0.6;9.3;INDUS
Whirlpool (US);2017;21.3;3.2;1.3;0.6;9.2;INDUS
Whirlpool (US);2018;21.0;3.3;0.2;0.6;9.2;INDUS
Whirlpool (US);2019;20.5;3.3;1.2;0.6;7.7;INDUS
Whirlpool (US);2020;19.5;3.4;1.5;0.6;7.8;INDUS
Whirlpool (US);2021;22.0;3.4;2.3;0.7;6.9;INDUS
Whirlpool (US);2022;19.7;3.5;1.4;0.7;6.1;INDUS
Whirlpool (US);2023;19.4;3.6;0.9;0.7;5.9;INDUS
Whirlpool (US);2024;18.8;3.5;0.8;0.7;5.8;INDUS
Wingtech;2015;0.5048;0.1071;0.019;0.0286;0.52;INDUS
Wingtech;2016;0.7738;0.1548;0.0286;0.0429;0.85;INDUS
Wingtech;2017;4.0119;0.2667;0.0833;0.1071;1.45;INDUS
Wingtech;2018;4.1262;0.3452;0.0357;0.1238;1.52;INDUS
Wingtech;2019;9.9;2.0286;0.2976;0.4405;2.85;INDUS
Wingtech;2020;12.3119;2.8857;0.5833;0.5833;3.12;INDUS
Wingtech;2021;12.5548;3.4571;0.631;0.6786;3.45;INDUS
Wingtech;2022;13.8286;4.0119;0.5833;0.7738;3.25;INDUS
Wingtech;2023;14.5738;4.3857;0.2738;0.7429;3.05;INDUS
Wolfspeed (US);2015;0.2;0.05;0.06;0.04;0.25;INDUS
Wolfspeed (US);2016;0.24;0.05;0.07;0.04;0.26;INDUS
Wolfspeed (US);2017;0.29;0.03;0.08;0.05;0.28;INDUS
Wolfspeed (US);2018;0.35;0.06;0.1;0.05;0.29;INDUS
Wolfspeed (US);2019;0.45;0.12;0.08;0.09;0.3;INDUS
Wolfspeed (US);2020;0.54;0.06;0.09;0.08;0.32;INDUS
Wolfspeed (US);2021;0.69;0.09;0.11;0.1;0.34;INDUS
Wolfspeed (US);2022;0.83;0.22;0.19;0.12;0.35;INDUS
Wolfspeed (US);2023;1.0;0.23;0.21;0.17;0.37;INDUS
Wolfspeed (US);2024;1.24;0.14;0.36;0.31;0.39;INDUS
Woodward (US);2015;2.02;0.58;0.28;0.14;0.72;INDUS
Woodward (US);2016;2.05;0.62;0.31;0.15;0.75;INDUS
Woodward (US);2017;2.1;0.65;0.25;0.16;0.78;INDUS
Woodward (US);2018;2.32;0.72;0.35;0.18;0.85;INDUS
Woodward (US);2019;2.9;0.85;0.45;0.22;0.92;INDUS
Woodward (US);2020;2.49;0.88;0.22;0.18;0.88;INDUS
Woodward (US);2021;2.24;0.82;0.25;0.16;0.78;INDUS
Woodward (US);2022;2.38;0.78;0.21;0.18;0.82;INDUS
Woodward (US);2023;2.91;0.85;0.42;0.22;0.88;INDUS
Woodward (US);2024;3.25;0.95;0.55;0.25;0.95;INDUS
Wuliangye Yibin;2015;5.1571;2.0286;1.9333;0.0095;2.45;INDUS
Wuliangye Yibin;2016;5.8429;2.1714;2.2667;0.0119;2.52;INDUS
Wuliangye Yibin;2017;7.1881;2.3452;2.9643;0.0143;2.55;INDUS
Wuliangye Yibin;2018;9.531;2.5048;4.0119;0.019;2.65;INDUS
Wuliangye Yibin;2019;11.9333;2.6786;5.1071;0.0286;2.85;INDUS
Wuliangye Yibin;2020;13.6476;2.9643;5.8381;0.0357;2.92;INDUS
Wuliangye Yibin;2021;15.7643;3.219;6.869;0.0429;3.12;INDUS
Wuliangye Yibin;2022;17.6119;3.5357;7.6476;0.0524;3.25;INDUS
Wuliangye Yibin;2023;19.8262;3.8381;8.6071;0.0667;3.42;INDUS
Wuliangye Yibin;2024;21.9405;4.1548;9.7905;0.0833;3.65;INDUS
XCMG Const;2015;3.9786;2.0286;0.0119;0.1548;1.42;INDUS
XCMG Const;2016;4.0214;2.0119;0.0524;0.1619;1.35;INDUS
XCMG Const;2017;6.9357;1.981;0.369;0.2667;1.55;INDUS
XCMG Const;2018;10.5738;2.0357;0.6786;0.4405;1.82;INDUS
XCMG Const;2019;14.0881;2.1714;1.0762;0.5833;2.15;INDUS
XCMG Const;2020;17.6119;2.5048;1.2262;0.9167;2.45;INDUS
XCMG Const;2021;27.8095;3.6;1.9643;1.0762;2.85;INDUS
XCMG Const;2022;22.3381;4.0119;1.219;0.9881;2.72;INDUS
XCMG Const;2023;22.1071;4.3143;1.5524;1.1548;2.65;INDUS
XCMG Const;2024;23.4524;4.6476;1.7667;1.25;2.8;INDUS
Xiamen Tungsten;2015;1.869;0.981;0.0357;0.0595;1.12;INDUS
Xiamen Tungsten;2016;2.0286;1.0595;0.0595;0.0762;1.25;INDUS
Xiamen Tungsten;2017;3.3619;1.1476;0.2024;0.1071;1.45;INDUS
Xiamen Tungsten;2018;4.6476;1.25;0.2667;0.1381;1.52;INDUS
Xiamen Tungsten;2019;4.1452;1.3929;0.1071;0.1548;1.48;INDUS
Xiamen Tungsten;2020;4.5143;1.5524;0.2024;0.1786;1.52;INDUS
Xiamen Tungsten;2021;7.5833;1.9333;0.4405;0.2667;1.85;INDUS
Xiamen Tungsten;2022;11.481;2.5119;0.6;0.3452;2.12;INDUS
Xiamen Tungsten;2023;9.3857;2.8857;0.4643;0.3214;1.95;INDUS
Xiamen Tungsten;2024;10.2667;3.2905;0.5357;0.369;2.12;INDUS
Xingyuan Textile;2015;0.2024;0.1071;0.0119;0.0048;0.12;INDUS
Xingyuan Textile;2016;0.219;0.1143;0.0143;0.0048;0.14;INDUS
Xingyuan Textile;2017;0.2667;0.1238;0.019;0.0071;0.18;INDUS
Xingyuan Textile;2018;0.25;0.1381;0.0095;0.0095;0.16;INDUS
Xingyuan Textile;2019;0.2738;0.1548;0.0167;0.0119;0.18;INDUS
Xingyuan Textile;2020;0.2262;0.1714;-0.0119;0.0119;0.15;INDUS
Xingyuan Textile;2021;0.2976;0.1952;0.019;0.0143;0.2;INDUS
Xingyuan Textile;2022;0.281;0.219;0.0048;0.0167;0.18;INDUS
Xingyuan Textile;2023;0.2619;0.25;-0.0119;0.0143;0.16;INDUS
Xingyuan Textile;2024;0.2905;0.2667;0.0119;0.019;0.18;INDUS
Xinyi Solar;2015;1.131;1.4571;0.2976;0.0286;0.85;INDUS
Xinyi Solar;2016;1.431;1.7905;0.4405;0.0357;0.95;INDUS
Xinyi Solar;2017;2.2667;2.1714;0.5833;0.0524;1.12;INDUS
Xinyi Solar;2018;1.8214;2.5833;0.4405;0.0429;1.05;INDUS
Xinyi Solar;2019;2.1714;2.9643;0.6786;0.0595;1.15;INDUS
Xinyi Solar;2020;2.9333;3.7667;1.0762;0.0833;1.25;INDUS
Xinyi Solar;2021;3.8238;4.3929;1.1548;0.1071;1.45;INDUS
Xinyi Solar;2022;4.8929;5.2667;0.981;0.1238;1.65;INDUS
Xinyi Solar;2023;6.3452;6.0833;1.219;0.1548;1.85;INDUS
Xusheng Group;2015;0.0833;0.0286;0.019;0.0048;0.05;INDUS
Xusheng Group;2016;0.1333;0.0429;0.0357;0.0071;0.08;INDUS
Xusheng Group;2017;0.1738;0.0595;0.0524;0.0095;0.12;INDUS
Xusheng Group;2018;0.2595;0.1;0.0833;0.0143;0.15;INDUS
Xusheng Group;2019;0.2619;0.1548;0.0762;0.019;0.18;INDUS
Xusheng Group;2020;0.3881;0.2738;0.1071;0.0286;0.22;INDUS
Xusheng Group;2021;0.719;0.5119;0.131;0.0429;0.32;INDUS
Xusheng Group;2022;1.0595;0.7738;0.2024;0.0595;0.42;INDUS
Xusheng Group;2023;1.15;0.9167;0.219;0.0762;0.45;INDUS
Xusheng Group;2024;1.0381;1.0119;0.2024;0.0833;0.4;INDUS
YTO Group;2015;2.1714;1.3929;0.0357;0.0833;1.25;INDUS
YTO Group;2016;2.1071;1.4643;0.0286;0.0762;1.22;INDUS
YTO Group;2017;1.7738;1.5357;-0.0119;0.0714;1.18;INDUS
YTO Group;2018;1.631;1.4571;-0.0286;0.0762;1.15;INDUS
YTO Group;2019;1.9405;1.3929;0.0119;0.0833;1.1;INDUS
YTO Group;2020;2.1;1.3214;0.0524;0.0833;1.08;INDUS
YTO Group;2021;2.2262;1.2976;0.1071;0.0905;1.05;INDUS
YTO Group;2022;2.5048;1.3857;0.1476;0.1;1.08;INDUS
YTO Group;2023;2.8214;1.4405;0.1857;0.1071;1.12;INDUS
YTO Group;2024;2.9762;1.4643;0.2024;0.1071;1.15;INDUS
Yanghe Brewery;2015;3.8333;1.2381;1.7857;0.0833;2.8;INDUS
Yanghe Brewery;2016;4.0952;1.3095;1.9286;0.0905;2.9;INDUS
Yanghe Brewery;2017;4.7381;1.381;2.1905;0.1;3.1;INDUS
Yanghe Brewery;2018;5.7619;1.4524;2.7381;0.1143;3.2;INDUS
Yanghe Brewery;2019;5.5;1.5476;2.4286;0.1238;3.0;INDUS
Yanghe Brewery;2020;5.0238;1.619;2.2619;0.1381;2.8;INDUS
Yanghe Brewery;2021;6.0476;1.7143;2.6667;0.1548;2.9;INDUS
Yanghe Brewery;2022;7.1667;1.8571;3.0476;0.1714;3.0;INDUS
Yanghe Brewery;2023;7.881;1.9524;3.3571;0.1857;3.1;INDUS
Yanghe Brewery;2024;8.381;2.0238;3.619;0.2024;3.2;INDUS
Yaskawa (JP);2015;3.8;0.8;0.3;0.1;0.8;INDUS
Yaskawa (JP);2016;3.6;0.8;0.3;0.1;0.8;INDUS
Yaskawa (JP);2017;4.1;0.8;0.5;0.1;0.9;INDUS
Yaskawa (JP);2018;4.3;0.9;0.5;0.1;0.9;INDUS
Yaskawa (JP);2019;3.8;0.9;0.2;0.1;0.9;INDUS
Yaskawa (JP);2020;3.5;1.0;0.2;0.1;1.0;INDUS
Yaskawa (JP);2021;4.4;1.1;0.5;0.1;1.1;INDUS
Yaskawa (JP);2022;4.2;1.1;0.6;0.1;1.1;INDUS
Yaskawa (JP);2023;3.9;1.2;0.5;0.1;1.1;INDUS
Yaskawa (JP);2024;4.1;1.3;0.6;0.2;1.1;INDUS
Yili Group;2015;14.369;3.6;1.219;0.0357;4.52;INDUS
Yili Group;2016;14.4357;3.9167;1.4571;0.0429;4.85;INDUS
Yili Group;2017;16.2048;4.3143;1.7262;0.0524;5.12;INDUS
Yili Group;2018;18.9405;5.0286;1.9405;0.0667;5.45;INDUS
Yili Group;2019;21.481;5.8381;2.1714;0.0833;5.85;INDUS
Yili Group;2020;23.069;6.7905;2.4095;0.1;6.12;INDUS
Yili Group;2021;26.3333;7.6476;2.9643;0.1238;6.45;INDUS
Yili Group;2022;29.3262;8.3619;2.8214;0.1548;6.25;INDUS
Yili Group;2023;30.0405;9.25;3.1548;0.1857;6.05;INDUS
Yili Group;2024;32.25;10.0286;3.7667;0.2024;6.15;INDUS
Yongxing Materials;2015;0.7738;0.2667;0.0833;0.0286;0.25;INDUS
Yongxing Materials;2016;0.8381;0.3452;0.1;0.0357;0.28;INDUS
Yongxing Materials;2017;0.981;0.4405;0.1071;0.0429;0.32;INDUS
Yongxing Materials;2018;1.1548;0.5048;0.1238;0.0524;0.35;INDUS
Yongxing Materials;2019;1.169;0.6786;0.0976;0.0595;0.38;INDUS
Yongxing Materials;2020;1.1833;0.8381;0.1071;0.0667;0.42;INDUS
Yongxing Materials;2021;1.7119;1.1548;0.2667;0.0833;0.48;INDUS
Yongxing Materials;2022;3.6952;1.631;1.9333;0.1548;0.65;INDUS
Yongxing Materials;2023;2.8857;1.9333;0.7738;0.131;0.58;INDUS
Yongxing Materials;2024;3.4405;2.1714;0.981;0.1714;0.62;INDUS
Youngsun Pack;2015;0.281;0.1071;0.0357;0.019;0.25;INDUS
Youngsun Pack;2016;0.3381;0.1238;0.0524;0.0238;0.28;INDUS
Youngsun Pack;2017;0.4405;0.1548;0.0762;0.0357;0.35;INDUS
Youngsun Pack;2018;0.5833;0.2024;0.1071;0.0524;0.48;INDUS
Youngsun Pack;2019;0.6143;0.25;0.1;0.0667;0.52;INDUS
Youngsun Pack;2020;0.75;0.3214;0.131;0.0833;0.58;INDUS
Youngsun Pack;2021;0.981;0.4167;0.1714;0.1071;0.65;INDUS
Youngsun Pack;2022;1.0595;0.5119;0.1548;0.131;0.68;INDUS
Youngsun Pack;2023;1.25;0.631;0.2024;0.1714;0.75;INDUS
Youngsun Pack;2024;1.4643;0.7429;0.25;0.2024;0.82;INDUS
Yuan Longping;2015;0.5119;0.1238;0.0286;0.0357;0.18;INDUS
Yuan Longping;2016;0.5833;0.1548;0.0429;0.0429;0.22;INDUS
Yuan Longping;2017;0.7571;0.2024;0.0595;0.0524;0.25;INDUS
Yuan Longping;2018;0.8452;0.2667;0.0357;0.0762;0.28;INDUS
Yuan Longping;2019;0.7429;0.3452;-0.0286;0.0905;0.32;INDUS
Yuan Longping;2020;0.7833;0.4333;0.0262;0.1;0.35;INDUS
Yuan Longping;2021;0.8381;0.5048;0.0357;0.1071;0.32;INDUS
Yuan Longping;2022;0.8762;0.5833;-0.0524;0.1238;0.3;INDUS
Yuan Longping;2023;0.9405;0.6786;0.0429;0.1381;0.35;INDUS
Yuan Longping;2024;1.0762;0.7667;0.1;0.1548;0.38;INDUS
ZF Friedrichshafen (EU);2015;32.5;7.15;1.55;1.65;13.8;INDUS
ZF Friedrichshafen (EU);2016;35.2;7.45;2.15;2.15;13.7;INDUS
ZF Friedrichshafen (EU);2017;36.4;7.85;2.35;2.25;14.6;INDUS
ZF Friedrichshafen (EU);2018;36.9;8.25;2.15;2.55;14.9;INDUS
ZF Friedrichshafen (EU);2019;36.5;8.55;1.55;2.65;14.8;INDUS
ZF Friedrichshafen (EU);2020;32.6;8.85;0.65;2.45;15.3;INDUS
ZF Friedrichshafen (EU);2021;38.3;10.25;1.95;3.15;15.7;INDUS
ZF Friedrichshafen (EU);2022;43.8;11.15;2.05;3.45;16.5;INDUS
ZF Friedrichshafen (EU);2023;46.6;11.85;2.45;3.55;16.8;INDUS
ZF Friedrichshafen (EU);2024;45.2;12.25;2.35;3.65;16.9;INDUS
ZMJ;2015;1.0595;0.5357;0.0119;0.0429;0.85;INDUS
ZMJ;2016;0.8667;0.5119;-0.0095;0.0381;0.81;INDUS
ZMJ;2017;1.7976;0.6071;0.1071;0.0833;0.92;INDUS
ZMJ;2018;6.1929;1.631;0.2976;0.2119;1.85;INDUS
ZMJ;2019;6.1238;1.7262;0.4643;0.2262;1.78;INDUS
ZMJ;2020;6.3119;1.7976;0.5357;0.25;1.72;INDUS
ZMJ;2021;6.9738;1.9643;0.6786;0.2976;1.68;INDUS
ZMJ;2022;7.6286;1.4476;0.7357;0.331;1.75;INDUS
ZMJ;2023;8.6714;1.5;0.981;0.3738;1.82;INDUS
ZMJ;2024;8.8214;1.7595;1.1071;0.4405;1.88;INDUS
ZPMC Heavy;2015;5.5405;3.7667;0.1071;0.1548;3.25;INDUS
ZPMC Heavy;2016;5.7976;3.6786;0.1238;0.1619;3.15;INDUS
ZPMC Heavy;2017;5.2024;3.6;0.0833;0.1714;2.95;INDUS
ZPMC Heavy;2018;5.1714;3.5357;0.1;0.1786;2.85;INDUS
ZPMC Heavy;2019;5.3929;3.631;0.1381;0.1952;2.82;INDUS
ZPMC Heavy;2020;5.3833;3.7738;0.1476;0.2024;2.75;INDUS
ZPMC Heavy;2021;6.181;3.8381;0.1786;0.219;2.88;INDUS
ZPMC Heavy;2022;7.2667;4.1548;0.2024;0.2738;3.05;INDUS
ZPMC Heavy;2023;7.8214;4.4881;0.219;0.2976;3.12;INDUS
ZPMC Heavy;2024;8.3619;4.6476;0.2738;0.3381;3.25;INDUS
Zebra Technologies (US);2015;1.62;0.13;0.24;0.18;0.54;INDUS
Zebra Technologies (US);2016;1.82;0.15;0.27;0.2;0.58;INDUS
Zebra Technologies (US);2017;2.04;0.16;0.31;0.22;0.62;INDUS
Zebra Technologies (US);2018;2.28;0.18;0.34;0.25;0.66;INDUS
Zebra Technologies (US);2019;2.55;0.2;0.38;0.28;0.71;INDUS
Zebra Technologies (US);2020;2.86;0.23;0.43;0.31;0.76;INDUS
Zebra Technologies (US);2021;3.2;0.26;0.48;0.35;0.82;INDUS
Zebra Technologies (US);2022;3.59;0.29;0.54;0.39;0.87;INDUS
Zebra Technologies (US);2023;4.02;0.32;0.6;0.44;0.93;INDUS
Zebra Technologies (US);2024;4.5;0.36;0.67;0.49;1.0;INDUS
Zhejiang Supor;2015;2.5976;0.25;0.2738;0.0762;1.15;INDUS
Zhejiang Supor;2016;2.8452;0.2667;0.3214;0.0833;1.2;INDUS
Zhejiang Supor;2017;3.4643;0.2976;0.3929;0.1;1.25;INDUS
Zhejiang Supor;2018;4.25;0.3286;0.4881;0.1143;1.32;INDUS
Zhejiang Supor;2019;4.7262;0.3619;0.5595;0.131;1.35;INDUS
Zhejiang Supor;2020;4.4286;0.3929;0.5119;0.1476;1.28;INDUS
Zhejiang Supor;2021;5.1381;0.4238;0.5833;0.1714;1.32;INDUS
Zhejiang Supor;2022;4.8024;0.4405;0.5524;0.1786;1.25;INDUS
Zhejiang Supor;2023;5.0714;0.4643;0.6143;0.1952;1.28;INDUS
Zhejiang Supor;2024;5.3571;0.4881;0.6786;0.2167;1.31;INDUS
Zhengzhou Yutong Bus;2015;7.431;1.2262;0.9881;0.2976;1.55;INDUS
Zhengzhou Yutong Bus;2016;8.5357;1.3095;1.1548;0.3452;1.62;INDUS
Zhengzhou Yutong Bus;2017;7.9095;1.3929;0.8452;0.369;1.6;INDUS
Zhengzhou Yutong Bus;2018;7.5595;1.4762;0.6786;0.3929;1.58;INDUS
Zhengzhou Yutong Bus;2019;7.25;1.5476;0.5119;0.4167;1.52;INDUS
Zhengzhou Yutong Bus;2020;5.1786;1.631;0.1548;0.369;1.35;INDUS
Zhengzhou Yutong Bus;2021;5.5357;1.7024;0.2024;0.3857;1.38;INDUS
Zhengzhou Yutong Bus;2022;5.1905;1.7857;0.131;0.3929;1.3;INDUS
Zhengzhou Yutong Bus;2023;6.4405;1.869;0.5357;0.4167;1.42;INDUS
Zhengzhou Yutong Bus;2024;7.7381;1.9524;0.75;0.4643;1.5;INDUS
Zijin Mining;2015;17.6905;7.6476;0.7738;0.1071;3.25;INDUS
Zijin Mining;2016;18.7738;8.3619;0.6786;0.1238;3.15;INDUS
Zijin Mining;2017;22.5119;9.2429;1.219;0.1548;3.35;INDUS
Zijin Mining;2018;25.2357;10.0357;1.631;0.2024;3.52;INDUS
Zijin Mining;2019;31.4619;11.5524;1.7905;0.2667;3.85;INDUS
Zijin Mining;2020;40.8357;13.1238;2.4095;0.3452;4.12;INDUS
Zijin Mining;2021;53.5952;16.2976;5.8381;0.5048;4.55;INDUS
Zijin Mining;2022;64.3643;19.5524;7.6476;0.6786;4.85;INDUS
Zijin Mining;2023;69.8571;22.7262;9.1714;0.8381;5.12;INDUS
Zijin Mining;2024;75.1;25.7429;10.9167;0.981;5.35;INDUS
Zimmer Biomet (US);2015;5.99;1.85;0.85;0.35;1.75;INDUS
Zimmer Biomet (US);2016;7.68;2.15;1.15;0.42;1.85;INDUS
Zimmer Biomet (US);2017;7.82;2.35;1.25;0.45;1.8;INDUS
Zimmer Biomet (US);2018;7.93;2.45;1.35;0.48;1.95;INDUS
Zimmer Biomet (US);2019;7.98;2.65;1.42;0.52;1.9;INDUS
Zimmer Biomet (US);2020;7.02;2.85;0.85;0.52;1.8;INDUS
Zimmer Biomet (US);2021;7.84;3.05;1.25;0.55;1.95;INDUS
Zimmer Biomet (US);2022;6.94;2.15;1.05;0.51;1.8;INDUS
Zimmer Biomet (US);2023;7.39;2.35;1.25;0.55;1.85;INDUS
Zimmer Biomet (US);2024;7.85;2.55;1.45;0.62;1.95;INDUS
Zongshen Power;2015;1.1548;0.5119;0.0833;0.0357;0.85;INDUS
Zongshen Power;2016;1.219;0.5357;0.0905;0.0381;0.88;INDUS
Zongshen Power;2017;1.3214;0.5833;0.1;0.0429;0.92;INDUS
Zongshen Power;2018;1.4881;0.631;0.1143;0.0524;0.95;INDUS
Zongshen Power;2019;1.631;0.6786;0.1238;0.0595;0.98;INDUS
Zongshen Power;2020;1.7905;0.7738;0.1381;0.0762;1.05;INDUS
Zongshen Power;2021;2.1786;0.9167;0.1548;0.1071;1.15;INDUS
Zongshen Power;2022;1.9643;0.9881;0.1;0.1143;1.08;INDUS
Zongshen Power;2023;1.869;1.0595;0.0833;0.1238;1.02;INDUS
Zongshen Power;2024;2.0238;1.1548;0.1143;0.1381;1.1;INDUS
Zoomlion;2015;4.9405;3.0595;-0.0357;0.1952;1.85;INDUS
Zoomlion;2016;4.7667;2.981;0.0286;0.1786;1.62;INDUS
Zoomlion;2017;5.5357;2.8929;0.4405;0.2024;1.45;INDUS
Zoomlion;2018;6.831;2.8214;0.6071;0.2738;1.52;INDUS
Zoomlion;2019;10.3119;2.7429;1.3929;0.5119;1.85;INDUS
Zoomlion;2020;15.5024;2.9643;2.2024;0.8452;2.15;INDUS
Zoomlion;2021;15.9833;3.2976;1.4643;1.0119;2.45;INDUS
Zoomlion;2022;9.9119;3.4571;0.6786;0.8381;2.25;INDUS
Zoomlion;2023;11.2071;3.6;0.8452;0.9167;2.32;INDUS
Zoomlion;2024;12.4405;3.7738;0.9881;0.981;2.45;INDUS
Abbott Laboratories;2015;20.4;6.1;3.1;1.4;7.4;PHARMA
Abbott Laboratories;2016;20.85;6.25;2.1;1.42;7.5;PHARMA
Abbott Laboratories;2017;27.39;8.4;2.3;2.24;9.9;PHARMA
Abbott Laboratories;2018;30.58;8.8;3.65;2.3;10.3;PHARMA
Abbott Laboratories;2019;31.9;9.1;4.25;2.44;10.7;PHARMA
Abbott Laboratories;2020;34.61;9.5;5.3;2.42;10.9;PHARMA
Abbott Laboratories;2021;43.08;10.1;8.4;2.74;11.3;PHARMA
Abbott Laboratories;2022;43.65;10.3;8.35;2.89;11.5;PHARMA
Abbott Laboratories;2023;40.11;10.6;6.8;2.74;11.4;PHARMA
Abbott Laboratories;2024;41.9;10.9;7.2;2.85;11.5;PHARMA
Viatris;2015;9.43;2.1;1.25;0.68;3.5;PHARMA
Viatris;2016;11.08;2.4;1.1;0.78;3.8;PHARMA
Viatris;2017;11.91;2.65;1.35;0.78;3.8;PHARMA
Viatris;2018;11.43;2.8;1.28;0.7;3.5;PHARMA
Viatris;2019;11.5;2.9;1.15;0.67;3.5;PHARMA
Viatris;2020;11.95;3.1;0.85;0.62;3.7;PHARMA
Viatris;2021;17.81;4.2;1.95;0.75;3.8;PHARMA
Viatris;2022;16.26;3.9;2.1;0.68;3.7;PHARMA
Viatris;2023;15.43;3.6;1.8;0.61;3.4;PHARMA
Viatris;2024;15.1;3.5;1.85;0.6;3.3;PHARMA
Merck KGaA;2015;14.2;4.8;2.1;1.88;4.96;PHARMA
Merck KGaA;2016;16.6;5.2;2.8;2.19;5.04;PHARMA
Merck KGaA;2017;17.3;5.5;2.95;2.37;5.29;PHARMA
Merck KGaA;2018;17.5;5.8;2.5;2.62;5.3;PHARMA
Merck KGaA;2019;18.1;6.1;2.4;2.54;5.7;PHARMA
Merck KGaA;2020;19.9;6.4;3.2;2.61;5.8;PHARMA
Merck KGaA;2021;23.3;6.8;4.3;2.85;6.03;PHARMA
Merck KGaA;2022;23.4;7.1;4.7;2.92;6.29;PHARMA
Merck KGaA;2023;22.7;7.3;3.7;2.8;6.2;PHARMA
Merck KGaA;2024;23.8;7.6;4.1;2.9;6.25;PHARMA
Ipsen;2015;1.6;0.35;0.38;0.23;0.46;PHARMA
Ipsen;2016;1.75;0.38;0.42;0.25;0.49;PHARMA
Ipsen;2017;2.15;0.42;0.55;0.31;0.51;PHARMA
Ipsen;2018;2.52;0.45;0.68;0.35;0.57;PHARMA
Ipsen;2019;2.89;0.48;0.75;0.43;0.58;PHARMA
Ipsen;2020;2.95;0.5;0.78;0.44;0.57;PHARMA
Ipsen;2021;3.38;0.54;0.95;0.48;0.57;PHARMA
Ipsen;2022;3.18;0.56;0.88;0.45;0.54;PHARMA
Ipsen;2023;3.35;0.58;0.92;0.52;0.54;PHARMA
Ipsen;2024;3.6;0.62;1.02;0.56;0.55;PHARMA
Shionogi;2015;2.6;0.82;0.68;0.42;0.55;PHARMA
Shionogi;2016;2.85;0.85;0.82;0.45;0.54;PHARMA
Shionogi;2017;3.1;0.88;0.98;0.48;0.53;PHARMA
Shionogi;2018;3.25;0.91;1.15;0.5;0.52;PHARMA
Shionogi;2019;3.15;0.94;1.08;0.52;0.51;PHARMA
Shionogi;2020;2.82;0.96;0.88;0.55;0.52;PHARMA
Shionogi;2021;2.78;0.98;0.85;0.62;0.53;PHARMA
Shionogi;2022;3.15;1.02;1.1;0.75;0.54;PHARMA
Shionogi;2023;3.05;1.05;1.02;0.72;0.55;PHARMA
Shionogi;2024;3.28;1.1;1.15;0.78;0.56;PHARMA
Kyowa Kirin;2015;2.8;0.92;0.35;0.45;0.72;PHARMA
Kyowa Kirin;2016;2.9;0.95;0.38;0.46;0.73;PHARMA
Kyowa Kirin;2017;3.15;0.98;0.48;0.48;0.73;PHARMA
Kyowa Kirin;2018;3.12;1.01;0.52;0.49;0.73;PHARMA
Kyowa Kirin;2019;2.8;0.95;0.45;0.46;0.53;PHARMA
Kyowa Kirin;2020;2.98;0.98;0.51;0.48;0.54;PHARMA
Kyowa Kirin;2021;3.12;1.02;0.58;0.52;0.55;PHARMA
Kyowa Kirin;2022;2.95;1.05;0.48;0.54;0.56;PHARMA
Kyowa Kirin;2023;3.1;1.08;0.55;0.58;0.58;PHARMA
Kyowa Kirin;2024;3.35;1.12;0.62;0.62;0.6;PHARMA
Sinopharm;2015;36.8;3.2;1.45;0.12;5.8;PHARMA
Sinopharm;2016;40.2;3.5;1.62;0.15;6.1;PHARMA
Sinopharm;2017;42.1;3.8;1.78;0.18;6.4;PHARMA
Sinopharm;2018;45.6;4.2;1.95;0.22;6.8;PHARMA
Sinopharm;2019;50.8;4.6;2.2;0.28;7.2;PHARMA
Sinopharm;2020;56.2;5.1;2.45;0.32;7.6;PHARMA
Sinopharm;2021;68.5;5.8;3.1;0.42;8.2;PHARMA
Sinopharm;2022;72.1;6.2;3.25;0.48;8.5;PHARMA
Sinopharm;2023;78.4;6.7;3.4;0.52;8.9;PHARMA
Sinopharm;2024;82.1;7.1;3.65;0.58;9.2;PHARMA
Yunnan Baiyao;2015;3.3;0.65;0.48;0.02;0.82;PHARMA
Yunnan Baiyao;2016;3.45;0.7;0.51;0.02;0.84;PHARMA
Yunnan Baiyao;2017;3.75;0.75;0.55;0.03;0.85;PHARMA
Yunnan Baiyao;2018;4.05;0.8;0.58;0.03;0.86;PHARMA
Yunnan Baiyao;2019;4.3;0.85;0.62;0.04;0.88;PHARMA
Yunnan Baiyao;2020;5.25;0.92;0.85;0.05;0.9;PHARMA
Yunnan Baiyao;2021;5.62;0.98;0.45;0.05;0.92;PHARMA
Yunnan Baiyao;2022;5.42;1.02;0.58;0.05;0.91;PHARMA
Yunnan Baiyao;2023;5.52;1.05;0.61;0.06;0.93;PHARMA
Yunnan Baiyao;2024;5.8;1.1;0.68;0.07;0.95;PHARMA
Hanmi Pharma;2015;1.15;0.35;0.18;0.16;0.22;PHARMA
Hanmi Pharma;2016;0.78;0.38;0.03;0.14;0.23;PHARMA
Hanmi Pharma;2017;0.85;0.41;0.07;0.15;0.23;PHARMA
Hanmi Pharma;2018;0.92;0.43;0.08;0.17;0.24;PHARMA
Hanmi Pharma;2019;0.95;0.45;0.09;0.18;0.24;PHARMA
Hanmi Pharma;2020;0.91;0.46;0.04;0.19;0.24;PHARMA
Hanmi Pharma;2021;1.05;0.48;0.11;0.14;0.25;PHARMA
Hanmi Pharma;2022;1.02;0.5;0.12;0.13;0.25;PHARMA
Hanmi Pharma;2023;1.12;0.52;0.16;0.16;0.26;PHARMA
Hanmi Pharma;2024;1.22;0.55;0.18;0.17;0.27;PHARMA
Pfizer;2015;48.85;14.2;8.94;7.69;7.8;PHARMA
Pfizer;2016;52.82;14.5;11.13;7.87;9.65;PHARMA
Pfizer;2017;52.55;15.1;12.26;7.66;9.02;PHARMA
Pfizer;2018;53.65;15.8;13.75;8.0;9.24;PHARMA
Pfizer;2019;51.75;16.3;13.98;8.65;8.83;PHARMA
Pfizer;2020;41.91;17.1;10.08;9.4;7.85;PHARMA
Pfizer;2021;81.29;22.4;24.08;13.83;7.9;PHARMA
Pfizer;2022;100.33;23.8;34.8;11.43;8.3;PHARMA
Pfizer;2023;58.5;24.5;3.47;10.68;8.8;PHARMA
Pfizer;2024;63.63;24.8;8.9;10.9;8.6;PHARMA
Eli Lilly;2015;19.96;7.8;3.12;4.8;4.1;PHARMA
Eli Lilly;2016;21.22;8.1;3.86;5.24;4.2;PHARMA
Eli Lilly;2017;22.87;8.5;3.48;5.28;4.1;PHARMA
Eli Lilly;2018;21.49;8.9;4.9;5.31;3.8;PHARMA
Eli Lilly;2019;22.32;9.1;4.7;5.6;3.36;PHARMA
Eli Lilly;2020;24.54;9.4;6.22;6.08;3.5;PHARMA
Eli Lilly;2021;28.32;9.8;7.62;6.93;3.5;PHARMA
Eli Lilly;2022;28.54;10.5;7.15;7.19;3.9;PHARMA
Eli Lilly;2023;34.12;12.4;6.5;9.31;4.3;PHARMA
Eli Lilly;2024;45.03;16.2;12.8;10.9;4.8;PHARMA
Merck;2015;39.5;11.2;7.5;6.7;6.8;PHARMA
Merck;2016;39.8;11.5;6.2;6.8;6.8;PHARMA
Merck;2017;40.1;11.8;6.5;7.3;6.9;PHARMA
Merck;2018;42.3;12.1;8.8;7.9;6.9;PHARMA
Merck;2019;46.8;12.5;11.6;8.7;7.1;PHARMA
Merck;2020;48.0;13.0;9.2;9.2;7.4;PHARMA
Merck;2021;48.7;13.5;15.3;12.2;6.8;PHARMA
Merck;2022;59.28;14.2;18.0;13.5;6.9;PHARMA
Merck;2023;60.12;15.1;3.6;30.5;7.2;PHARMA
Merck;2024;64.1;16.2;14.8;14.1;7.5;PHARMA
Amgen;2015;21.66;5.8;8.6;4.07;1.79;PHARMA
Amgen;2016;22.99;5.7;9.4;3.84;1.92;PHARMA
Amgen;2017;22.85;5.6;9.5;3.56;1.98;PHARMA
Amgen;2018;23.75;5.5;9.7;3.74;2.15;PHARMA
Amgen;2019;23.36;5.4;9.1;4.01;2.34;PHARMA
Amgen;2020;25.42;5.5;9.3;4.4;2.43;PHARMA
Amgen;2021;25.98;5.6;9.45;4.82;2.42;PHARMA
Amgen;2022;26.32;5.4;9.58;4.43;2.52;PHARMA
Amgen;2023;28.19;6.1;8.76;4.8;2.67;PHARMA
Amgen;2024;33.4;7.8;9.2;5.4;2.75;PHARMA
Gilead;2015;32.64;2.9;21.66;3.01;0.8;PHARMA
Gilead;2016;30.39;3.4;18.4;5.1;0.9;PHARMA
Gilead;2017;25.71;3.8;11.9;3.73;1.0;PHARMA
Gilead;2018;22.13;4.1;8.3;5.02;1.1;PHARMA
Gilead;2019;22.45;4.5;4.6;9.1;1.18;PHARMA
Gilead;2020;24.69;4.9;4.1;5.04;1.35;PHARMA
Gilead;2021;27.31;5.2;10.89;5.73;1.44;PHARMA
Gilead;2022;27.28;5.1;9.7;4.98;1.65;PHARMA
Gilead;2023;26.94;5.4;7.64;5.68;1.7;PHARMA
Gilead;2024;27.8;5.3;7.9;5.8;1.8;PHARMA
Regeneron;2015;4.1;0.95;1.25;1.61;0.43;PHARMA
Regeneron;2016;4.86;1.15;1.4;2.05;0.54;PHARMA
Regeneron;2017;5.87;1.35;1.75;2.11;0.65;PHARMA
Regeneron;2018;6.71;1.6;2.2;2.19;0.74;PHARMA
Regeneron;2019;7.86;1.85;2.45;2.73;0.81;PHARMA
Regeneron;2020;8.5;2.1;2.8;2.82;0.91;PHARMA
Regeneron;2021;16.07;2.4;7.3;3.1;1.04;PHARMA
Regeneron;2022;12.17;2.8;4.3;3.59;1.18;PHARMA
Regeneron;2023;13.12;3.2;4.25;4.43;1.34;PHARMA
Regeneron;2024;14.2;3.65;4.6;4.85;1.54;PHARMA
Vertex;2015;1.03;0.28;-0.48;0.99;0.18;PHARMA
Vertex;2016;1.7;0.32;-0.08;1.05;0.21;PHARMA
Vertex;2017;2.49;0.38;0.35;1.32;0.23;PHARMA
Vertex;2018;3.05;0.45;1.0;1.41;0.25;PHARMA
Vertex;2019;4.16;0.55;1.45;1.62;0.3;PHARMA
Vertex;2020;6.2;0.68;3.05;1.7;0.34;PHARMA
Vertex;2021;7.57;0.82;3.2;2.25;0.4;PHARMA
Vertex;2022;8.93;0.98;4.2;2.5;0.48;PHARMA
Vertex;2023;9.87;1.15;4.4;3.16;0.54;PHARMA
Vertex;2024;11.02;1.35;4.8;3.63;0.59;PHARMA
Biogen;2015;10.76;2.1;4.75;2.01;0.73;PHARMA
Biogen;2016;11.45;2.25;4.9;1.97;0.74;PHARMA
Biogen;2017;12.27;2.3;4.2;2.25;0.73;PHARMA
Biogen;2018;13.45;2.4;5.8;2.58;0.78;PHARMA
Biogen;2019;14.38;2.5;7.15;2.28;0.75;PHARMA
Biogen;2020;13.44;2.35;5.25;3.99;0.91;PHARMA
Biogen;2021;10.98;2.1;2.1;2.5;0.96;PHARMA
Biogen;2022;10.17;1.95;2.8;2.23;0.87;PHARMA
Biogen;2023;9.84;1.8;1.85;2.41;0.75;PHARMA
Biogen;2024;9.68;1.65;2.1;2.2;0.75;PHARMA
Sanofi;2015;38.2;10.2;8.4;5.8;11.0;PHARMA
Sanofi;2016;37.8;10.5;8.2;5.7;10.7;PHARMA
Sanofi;2017;40.1;11.0;8.9;6.1;10.0;PHARMA
Sanofi;2018;40.8;11.2;8.6;6.3;10.0;PHARMA
Sanofi;2019;40.4;11.5;8.5;6.4;10.0;PHARMA
Sanofi;2020;41.1;11.6;9.5;6.3;9.9;PHARMA
Sanofi;2021;44.6;11.8;10.4;6.7;9.5;PHARMA
Sanofi;2022;45.2;12.1;11.1;7.0;9.1;PHARMA
Sanofi;2023;46.5;12.4;10.9;7.3;8.78;PHARMA
Sanofi;2024;47.8;12.9;11.4;7.8;8.6;PHARMA
AstraZeneca;2015;24.71;6.8;4.11;5.99;6.15;PHARMA
AstraZeneca;2016;23.0;7.1;3.42;5.89;6.47;PHARMA
AstraZeneca;2017;22.47;7.4;3.67;5.41;6.11;PHARMA
AstraZeneca;2018;22.09;7.8;3.38;5.93;6.4;PHARMA
AstraZeneca;2019;24.38;8.1;2.92;6.06;7.06;PHARMA
AstraZeneca;2020;26.62;8.5;5.16;5.99;7.61;PHARMA
AstraZeneca;2021;37.42;9.3;1.05;9.74;8.31;PHARMA
AstraZeneca;2022;44.35;9.8;3.83;9.76;8.35;PHARMA
AstraZeneca;2023;45.81;10.6;8.19;10.93;8.99;PHARMA
AstraZeneca;2024;51.2;11.9;9.8;11.5;9.4;PHARMA
Novo Nordisk;2015;16.1;4.1;7.2;2.0;4.0;PHARMA
Novo Nordisk;2016;16.3;4.5;7.3;2.1;4.2;PHARMA
Novo Nordisk;2017;17.2;4.9;7.7;2.2;4.3;PHARMA
Novo Nordisk;2018;17.7;5.1;7.5;2.3;4.3;PHARMA
Novo Nordisk;2019;18.3;5.4;7.9;2.4;4.3;PHARMA
Novo Nordisk;2020;19.7;5.8;8.4;2.5;4.5;PHARMA
Novo Nordisk;2021;22.3;6.4;9.2;2.8;4.84;PHARMA
Novo Nordisk;2022;25.0;7.1;10.7;3.4;5.5;PHARMA
Novo Nordisk;2023;33.7;9.8;14.9;4.7;6.4;PHARMA
Novo Nordisk;2024;41.5;13.2;18.6;5.8;7.2;PHARMA
Takeda;2015;14.8;7.2;1.1;2.7;3.1;PHARMA
Takeda;2016;15.2;7.4;1.3;2.8;3.0;PHARMA
Takeda;2017;16.1;7.8;2.1;2.9;3.0;PHARMA
Takeda;2018;16.9;8.1;2.2;3.0;2.7;PHARMA
Takeda;2019;30.1;14.5;1.4;4.5;4.9;PHARMA
Takeda;2020;30.6;13.8;4.7;4.3;4.7;PHARMA
Takeda;2021;31.5;12.8;4.1;4.2;4.7;PHARMA
Takeda;2022;30.3;12.1;3.7;3.9;5.0;PHARMA
Takeda;2023;29.4;11.6;3.4;4.1;4.9;PHARMA
Takeda;2024;28.9;11.2;3.1;4.0;4.8;PHARMA
Daiichi Sankyo;2015;8.1;2.5;0.9;1.6;1.5;PHARMA
Daiichi Sankyo;2016;8.0;2.6;0.8;1.7;1.5;PHARMA
Daiichi Sankyo;2017;8.4;2.7;0.7;1.8;1.5;PHARMA
Daiichi Sankyo;2018;8.3;2.8;0.8;1.8;1.5;PHARMA
Daiichi Sankyo;2019;8.8;2.9;0.9;1.8;1.5;PHARMA
Daiichi Sankyo;2020;8.9;3.0;0.7;1.85;1.6;PHARMA
Daiichi Sankyo;2021;9.4;3.2;0.75;1.9;1.64;PHARMA
Daiichi Sankyo;2022;9.3;3.3;0.9;2.1;1.7;PHARMA
Daiichi Sankyo;2023;10.2;3.6;1.2;2.4;1.74;PHARMA
Daiichi Sankyo;2024;11.5;4.1;1.6;2.7;1.8;PHARMA
Johnson & Johnson;2015;70.07;16.2;19.2;9.05;12.71;PHARMA
Johnson & Johnson;2016;71.89;16.8;19.8;9.1;12.64;PHARMA
Johnson & Johnson;2017;76.45;17.5;20.1;10.59;13.4;PHARMA
Johnson & Johnson;2018;81.58;17.1;21.2;10.78;13.4;PHARMA
Johnson & Johnson;2019;82.06;17.7;21.0;11.36;13.22;PHARMA
Johnson & Johnson;2020;82.58;18.5;20.1;12.16;13.45;PHARMA
Johnson & Johnson;2021;93.78;18.2;24.8;14.74;14.17;PHARMA
Johnson & Johnson;2022;94.94;17.9;23.4;14.6;15.27;PHARMA
Johnson & Johnson;2023;85.16;17.2;22.8;15.09;13.19;PHARMA
Johnson & Johnson;2024;88.8;18.1;23.5;15.8;13.4;PHARMA
AbbVie;2015;22.86;3.2;7.54;3.58;2.8;PHARMA
AbbVie;2016;25.64;3.6;9.47;4.37;3.0;PHARMA
AbbVie;2017;28.22;4.1;10.71;4.98;3.0;PHARMA
AbbVie;2018;32.75;4.5;12.65;5.06;3.0;PHARMA
AbbVie;2019;33.27;4.8;12.9;5.41;3.0;PHARMA
AbbVie;2020;45.8;6.2;11.45;6.56;4.7;PHARMA
AbbVie;2021;56.2;6.8;18.21;7.08;5.0;PHARMA
AbbVie;2022;58.05;7.1;19.78;6.51;5.0;PHARMA
AbbVie;2023;54.32;7.5;12.75;7.68;5.0;PHARMA
AbbVie;2024;55.8;7.9;14.2;7.9;5.0;PHARMA
Bristol Myers Squibb;2015;16.56;2.8;2.8;4.04;2.5;PHARMA
Bristol Myers Squibb;2016;19.43;2.9;5.38;4.94;2.5;PHARMA
Bristol Myers Squibb;2017;20.78;3.1;5.86;4.82;2.37;PHARMA
Bristol Myers Squibb;2018;22.56;3.3;6.45;5.13;2.33;PHARMA
Bristol Myers Squibb;2019;26.15;4.2;5.4;6.15;3.0;PHARMA
Bristol Myers Squibb;2020;42.52;5.1;1.45;11.15;3.0;PHARMA
Bristol Myers Squibb;2021;46.39;5.3;11.85;10.2;3.22;PHARMA
Bristol Myers Squibb;2022;46.16;5.2;11.32;9.51;3.43;PHARMA
Bristol Myers Squibb;2023;45.01;5.4;10.12;9.29;3.41;PHARMA
Bristol Myers Squibb;2024;46.5;5.6;9.8;9.6;3.4;PHARMA
Novartis;2015;49.41;15.8;10.78;8.94;11.9;PHARMA
Novartis;2016;48.52;16.1;10.25;9.04;11.8;PHARMA
Novartis;2017;49.11;16.4;10.42;8.97;12.1;PHARMA
Novartis;2018;51.9;16.8;11.2;9.07;12.5;PHARMA
Novartis;2019;47.45;15.2;10.5;9.4;10.4;PHARMA
Novartis;2020;48.66;15.5;11.7;8.98;10.6;PHARMA
Novartis;2021;51.63;15.8;13.0;9.54;10.8;PHARMA
Novartis;2022;50.54;15.1;12.0;10.0;10.2;PHARMA
Novartis;2023;45.44;14.2;11.4;8.6;7.6;PHARMA
Novartis;2024;47.8;14.8;13.1;9.1;7.8;PHARMA
Roche;2015;48.3;18.2;14.1;9.7;9.17;PHARMA
Roche;2016;50.5;18.8;14.8;9.9;9.4;PHARMA
Roche;2017;53.3;19.5;15.6;10.4;9.37;PHARMA
Roche;2018;56.8;20.1;17.2;11.0;9.44;PHARMA
Roche;2019;61.5;21.0;19.1;11.7;9.77;PHARMA
Roche;2020;62.1;21.8;19.5;12.2;10.14;PHARMA
Roche;2021;68.7;22.4;21.2;13.7;10.09;PHARMA
Roche;2022;66.3;21.9;19.8;14.1;10.36;PHARMA
Roche;2023;65.2;21.5;18.9;14.5;10.36;PHARMA
Roche;2024;68.5;22.3;20.1;15.2;10.4;PHARMA
Bayer;2015;51.2;12.4;7.1;4.7;11.7;PHARMA
Bayer;2016;51.8;12.8;7.4;4.8;11.5;PHARMA
Bayer;2017;39.6;11.5;6.8;4.5;9.98;PHARMA
Bayer;2018;46.7;18.2;5.9;5.2;11.7;PHARMA
Bayer;2019;48.7;18.9;6.4;5.3;10.4;PHARMA
Bayer;2020;47.2;17.8;-18.2;5.1;10.0;PHARMA
Bayer;2021;52.1;17.2;6.2;5.4;9.96;PHARMA
Bayer;2022;53.4;16.8;7.0;6.2;10.1;PHARMA
Bayer;2023;51.6;16.1;0.6;5.8;9.97;PHARMA
Bayer;2024;52.5;16.5;4.5;6.0;9.8;PHARMA
UCB;2015;4.3;1.1;0.85;1.1;0.77;PHARMA
UCB;2016;4.6;1.2;0.98;1.15;0.76;PHARMA
UCB;2017;5.0;1.3;1.12;1.2;0.75;PHARMA
UCB;2018;5.2;1.3;1.21;1.25;0.75;PHARMA
UCB;2019;5.5;1.4;1.28;1.34;0.76;PHARMA
UCB;2020;6.1;1.5;1.42;1.56;0.84;PHARMA
UCB;2021;6.8;1.6;1.65;1.8;0.86;PHARMA
UCB;2022;5.8;1.6;1.35;1.7;0.87;PHARMA
UCB;2023;5.7;1.7;1.2;1.68;0.9;PHARMA
UCB;2024;6.4;1.8;1.45;1.85;0.92;PHARMA
Astellas;2015;11.4;2.8;1.9;1.8;1.7;PHARMA
Astellas;2016;11.8;2.9;2.1;1.85;1.72;PHARMA
Astellas;2017;11.7;3.0;1.95;1.9;1.72;PHARMA
Astellas;2018;11.8;3.1;2.05;1.95;1.65;PHARMA
Astellas;2019;11.9;3.2;2.15;2.0;1.6;PHARMA
Astellas;2020;11.5;3.1;1.8;2.05;1.5;PHARMA
Astellas;2021;11.3;3.0;1.75;2.1;1.45;PHARMA
Astellas;2022;11.6;3.2;1.65;2.2;1.45;PHARMA
Astellas;2023;10.8;3.3;0.45;2.25;1.44;PHARMA
Astellas;2024;11.2;3.5;0.85;2.3;1.45;PHARMA
Otsuka;2015;10.2;3.8;1.2;1.5;4.3;PHARMA
Otsuka;2016;10.5;3.9;1.25;1.55;4.4;PHARMA
Otsuka;2017;11.1;4.0;1.35;1.6;4.5;PHARMA
Otsuka;2018;11.7;4.1;1.45;1.7;4.6;PHARMA
Otsuka;2019;12.8;4.3;1.6;1.8;4.7;PHARMA
Otsuka;2020;13.4;4.4;1.7;1.9;4.7;PHARMA
Otsuka;2021;13.1;4.5;1.65;1.95;4.7;PHARMA
Otsuka;2022;13.3;4.6;1.75;2.05;4.7;PHARMA
Otsuka;2023;14.1;4.8;1.9;2.2;4.8;PHARMA
Otsuka;2024;15.0;5.1;2.1;2.35;4.9;PHARMA
Sino Biopharm;2015;2.05;0.45;0.42;0.21;1.8;PHARMA
Sino Biopharm;2016;2.22;0.5;0.45;0.24;1.9;PHARMA
Sino Biopharm;2017;2.48;0.58;0.51;0.31;2.0;PHARMA
Sino Biopharm;2018;3.15;0.72;0.65;0.45;2.2;PHARMA
Sino Biopharm;2019;3.51;0.85;0.72;0.52;2.35;PHARMA
Sino Biopharm;2020;3.45;0.92;0.68;0.55;2.4;PHARMA
Sino Biopharm;2021;4.15;1.05;2.1;0.62;2.5;PHARMA
Sino Biopharm;2022;4.12;1.1;0.75;0.65;2.55;PHARMA
Sino Biopharm;2023;3.68;1.15;0.62;0.61;2.5;PHARMA
Sino Biopharm;2024;3.95;1.22;0.78;0.68;2.6;PHARMA
GSK;2015;36.5;14.8;4.2;5.4;10.1;PHARMA
GSK;2016;37.8;15.1;3.8;5.5;9.93;PHARMA
GSK;2017;39.1;15.6;5.2;5.7;9.86;PHARMA
GSK;2018;40.8;16.0;6.4;5.2;9.55;PHARMA
GSK;2019;43.2;16.5;6.9;5.8;9.94;PHARMA
GSK;2020;43.7;16.8;9.8;6.5;9.4;PHARMA
GSK;2021;47.1;17.2;8.5;6.9;9.0;PHARMA
GSK;2022;36.2;12.5;7.8;6.7;6.9;PHARMA
GSK;2023;38.1;13.1;8.4;7.8;7.0;PHARMA
GSK;2024;40.5;13.8;9.1;8.2;7.1;PHARMA
Eisai;2015;4.8;1.3;0.42;1.1;1.0;PHARMA
Eisai;2016;4.95;1.35;0.45;1.12;1.0;PHARMA
Eisai;2017;5.1;1.4;0.52;1.18;1.01;PHARMA
Eisai;2018;5.5;1.45;0.61;1.25;1.0;PHARMA
Eisai;2019;5.9;1.5;0.7;1.32;1.0;PHARMA
Eisai;2020;5.8;1.52;0.58;1.35;1.02;PHARMA
Eisai;2021;5.7;1.55;0.5;1.38;1.02;PHARMA
Eisai;2022;5.5;1.6;0.38;1.42;1.0;PHARMA
Eisai;2023;5.2;1.62;0.35;1.45;1.0;PHARMA
Eisai;2024;5.6;1.68;0.48;1.5;1.01;PHARMA
Chugai;2015;4.1;1.1;0.65;0.7;0.72;PHARMA
Chugai;2016;4.3;1.15;0.7;0.72;0.73;PHARMA
Chugai;2017;4.8;1.2;0.85;0.78;0.74;PHARMA
Chugai;2018;5.2;1.28;1.05;0.82;0.75;PHARMA
Chugai;2019;6.3;1.38;1.48;0.95;0.75;PHARMA
Chugai;2020;7.1;1.5;1.95;1.05;0.76;PHARMA
Chugai;2021;8.5;1.65;2.5;1.2;0.77;PHARMA
Chugai;2022;8.9;1.78;2.7;1.3;0.78;PHARMA
Chugai;2023;7.8;1.85;2.3;1.25;0.78;PHARMA
Chugai;2024;8.2;1.95;2.45;1.32;0.79;PHARMA
WuXi AppTec;2015;0.4635;0.32;0.08652;0.02472;0.95;PHARMA
WuXi AppTec;2016;0.5685600000000001;0.4;0.1112399999999999;0.0309;1.15;PHARMA
WuXi AppTec;2017;0.7106999999999999;0.52;0.14214;0.04326;1.4;PHARMA
WuXi AppTec;2018;0.8961;0.7;0.19158;0.0556199999999999;1.8;PHARMA
WuXi AppTec;2019;1.1433;0.95;0.23484;0.0741599999999999;2.2;PHARMA
WuXi AppTec;2020;1.47702;1.25;0.2966399999999999;0.0926999999999999;2.64;PHARMA
WuXi AppTec;2021;2.1939;1.8;0.48204;0.1236;3.5;PHARMA
WuXi AppTec;2022;3.6153;2.45;0.81576;0.1483199999999999;4.4;PHARMA
WuXi AppTec;2023;3.51024;2.85;0.8652;0.1545;4.3;PHARMA
WuXi AppTec;2024;3.53496;3.1;0.8775599999999999;0.16068;4.35;PHARMA
Yuhan;2015;0.98;0.25;0.07;0.06;0.16;PHARMA
Yuhan;2016;1.12;0.27;0.08;0.07;0.16;PHARMA
Yuhan;2017;1.28;0.29;0.08;0.09;0.17;PHARMA
Yuhan;2018;1.34;0.31;0.05;0.1;0.17;PHARMA
Yuhan;2019;1.27;0.33;0.01;0.12;0.18;PHARMA
Yuhan;2020;1.38;0.35;0.07;0.14;0.18;PHARMA
Yuhan;2021;1.46;0.38;0.04;0.15;0.19;PHARMA
Yuhan;2022;1.4;0.4;0.03;0.14;0.19;PHARMA
Yuhan;2023;1.42;0.42;0.04;0.16;0.19;PHARMA
Yuhan;2024;1.55;0.45;0.06;0.18;0.2;PHARMA
CGI Inc (CA);2015;7.709999999999999;1.15;1.0875;0.1124999999999999;6.5;SERVICES
CGI Inc (CA);2016;8.01;1.18;1.14;0.12;6.8;SERVICES
CGI Inc (CA);2017;8.1375;1.22;1.185;0.1275;7.25;SERVICES
CGI Inc (CA);2018;8.64;1.25;1.2374999999999998;0.135;7.75;SERVICES
CGI Inc (CA);2019;9.0825;1.35;1.29;0.1575;7.8;SERVICES
CGI Inc (CA);2020;9.12;1.42;1.2374999999999998;0.165;7.6;SERVICES
CGI Inc (CA);2021;9.0975;1.45;1.335;0.18;8.0;SERVICES
CGI Inc (CA);2022;9.6375;1.52;1.3875000000000002;0.195;9.0;SERVICES
CGI Inc (CA);2023;10.725;1.65;1.5375;0.21;9.15;SERVICES
CGI Inc (CA);2024;11.3625;1.75;1.6124999999999998;0.24;9.5;SERVICES
ThunderSoft;2015;0.0897336;0.0119;0.0220626;0.0117419999999999;0.22;SERVICES
ThunderSoft;2016;0.1250832;0.019;0.0265122;0.0176748;0.28;SERVICES
ThunderSoft;2017;0.1706916;0.0286;0.0323832;0.0265122;0.35;SERVICES
ThunderSoft;2018;0.2148168;0.0429;0.0412205999999999;0.036771;0.42;SERVICES
ThunderSoft;2019;0.2692625999999999;0.0595;0.0514794;0.0470916;0.51;SERVICES
ThunderSoft;2020;0.3869916;0.0833;0.0765083999999999;0.0706374;0.65;SERVICES
ThunderSoft;2021;0.6076794;0.1143;0.1103748;0.1206336;0.85;SERVICES
ThunderSoft;2022;0.8019168000000001;0.1548;0.1397916;0.1839168;1.12;SERVICES
ThunderSoft;2023;0.7710168000000001;0.2024;0.0956664;0.2133336;1.05;SERVICES
WuXi AppTec;2015;0.7180542;0.5048;0.1250832;0.0323832;0.92;SERVICES
WuXi AppTec;2016;0.9004878000000001;0.6786;0.1648205999999999;0.0514794;1.15;SERVICES
WuXi AppTec;2017;1.1433;0.8381;0.2236542;0.0661878;1.45;SERVICES
WuXi AppTec;2018;1.4140458;1.1548;0.3310626;0.0956664;1.75;SERVICES
WuXi AppTec;2019;1.8937374;1.4881;0.4193748;0.1250832;2.15;SERVICES
WuXi AppTec;2020;2.4337458;1.9333;0.5179458;0.1648205999999999;2.65;SERVICES
WuXi AppTec;2021;3.3695832;2.5119;0.8608122;0.2236542;3.52;SERVICES
WuXi AppTec;2022;5.790042;3.5286;1.489071;0.272229;4.45;SERVICES
WuXi AppTec;2023;5.935766399999999;3.8381;1.6553748;0.3119664;4.12;SERVICES
WuXi AppTec;2024;6.5508;4.3452;1.890771;0.3604794;4.35;SERVICES
360 Security Technology;2015;2.1905;0.2857;0.5;0.4286;0.5;TECH
360 Security Technology;2016;2.3571;0.3571;0.5952;0.5;0.6;TECH
360 Security Technology;2017;2.9048;0.4286;0.7619;0.5952;0.7;TECH
360 Security Technology;2018;3.119;0.5;0.8333;0.6667;0.8;TECH
360 Security Technology;2019;3.0476;0.5714;0.6667;0.7381;0.8;TECH
360 Security Technology;2020;2.7619;0.6667;0.3571;0.6905;0.7;TECH
360 Security Technology;2021;2.5952;0.7619;0.1905;0.7619;0.7;TECH
360 Security Technology;2022;2.2619;0.8333;0.0476;0.8333;0.6;TECH
360 Security Technology;2023;2.1429;0.9048;0.119;0.9048;0.6;TECH
AMD (US);2015;4.0;0.4;-0.5;0.9;0.9;TECH
AMD (US);2016;4.3;0.4;-0.4;1.0;0.9;TECH
AMD (US);2017;5.3;0.4;0.2;1.2;0.9;TECH
AMD (US);2018;6.5;0.5;0.5;1.4;1.0;TECH
AMD (US);2019;6.7;0.7;0.6;1.5;1.1;TECH
AMD (US);2020;9.8;0.9;1.4;2.0;1.3;TECH
AMD (US);2021;16.4;1.2;3.6;2.8;1.6;TECH
AMD (US);2022;23.6;1.5;1.3;5.0;2.5;TECH
AMD (US);2023;22.7;1.7;0.4;5.9;2.6;TECH
AMD (US);2024;25.5;1.9;1.2;6.5;2.7;TECH
ANSYS (US);2015;0.98;0.05;0.34;0.2;0.36;TECH
ANSYS (US);2016;1.07;0.05;0.37;0.21;0.38;TECH
ANSYS (US);2017;1.18;0.06;0.41;0.24;0.4;TECH
ANSYS (US);2018;1.3;0.07;0.45;0.26;0.43;TECH
ANSYS (US);2019;1.43;0.07;0.5;0.29;0.45;TECH
ANSYS (US);2020;1.57;0.08;0.55;0.31;0.48;TECH
ANSYS (US);2021;1.73;0.09;0.61;0.35;0.51;TECH
ANSYS (US);2022;1.9;0.1;0.66;0.38;0.54;TECH
ANSYS (US);2023;2.09;0.1;0.73;0.42;0.57;TECH
ANSYS (US);2024;2.3;0.11;0.8;0.46;0.6;TECH
Adobe (US);2015;4.8;0.8;0.9;0.9;1.4;TECH
Adobe (US);2016;5.9;0.9;1.5;1.0;1.6;TECH
Adobe (US);2017;7.3;1.1;2.1;1.2;1.8;TECH
Adobe (US);2018;9.0;1.2;2.8;1.5;2.1;TECH
Adobe (US);2019;11.2;1.4;3.3;1.9;2.3;TECH
Adobe (US);2020;12.9;1.6;4.2;2.2;2.3;TECH
Adobe (US);2021;15.8;1.8;5.8;2.5;2.6;TECH
Adobe (US);2022;17.6;2.0;6.1;3.0;3.0;TECH
Adobe (US);2023;19.4;2.2;6.7;3.4;3.0;TECH
Adobe (US);2024;21.1;2.3;7.3;3.8;3.1;TECH
Aisino Corp;2015;5.3381;0.2667;0.4405;0.2024;1.45;TECH
Aisino Corp;2016;6.0286;0.2976;0.5048;0.2262;1.52;TECH
Aisino Corp;2017;7.1071;0.3452;0.6;0.2667;1.65;TECH
Aisino Corp;2018;6.6952;0.4405;0.4405;0.2976;1.55;TECH
Aisino Corp;2019;5.7738;0.5048;0.2667;0.3452;1.42;TECH
Aisino Corp;2020;5.2667;0.5833;0.2024;0.3214;1.35;TECH
Aisino Corp;2021;5.8381;0.6786;0.2976;0.369;1.48;TECH
Aisino Corp;2022;4.719;0.7429;0.1548;0.3381;1.25;TECH
Aisino Corp;2023;4.4095;0.8214;0.1238;0.2976;1.15;TECH
Akamai (US);2015;2.51;0.5;0.55;0.3;0.77;TECH
Akamai (US);2016;2.64;0.53;0.58;0.32;0.79;TECH
Akamai (US);2017;2.77;0.55;0.61;0.33;0.81;TECH
Akamai (US);2018;2.91;0.58;0.64;0.35;0.84;TECH
Akamai (US);2019;3.06;0.61;0.67;0.37;0.86;TECH
Akamai (US);2020;3.21;0.64;0.71;0.39;0.89;TECH
Akamai (US);2021;3.37;0.67;0.74;0.4;0.92;TECH
Akamai (US);2022;3.54;0.71;0.78;0.42;0.94;TECH
Akamai (US);2023;3.71;0.74;0.82;0.45;0.97;TECH
Akamai (US);2024;3.9;0.78;0.86;0.47;1.0;TECH
Alibaba;2015;18.1429;3.5119;5.5048;2.5357;3.49;TECH
Alibaba;2016;24.081;4.7262;6.9333;3.2738;3.64;TECH
Alibaba;2017;37.6833;7.1714;11.4571;4.0619;5.01;TECH
Alibaba;2018;59.5881;10.9167;16.5048;5.4167;6.64;TECH
Alibaba;2019;89.7238;17.8857;19.1952;8.9167;10.19;TECH
Alibaba;2020;121.3595;25.1071;21.7667;10.25;11.76;TECH
Alibaba;2021;170.7833;34.5524;21.3452;13.631;25.15;TECH
Alibaba;2022;203.1095;40.9167;16.5833;13.2024;25.49;TECH
Alibaba;2023;206.831;41.9333;23.8857;13.5119;23.52;TECH
Alphabet (US);2015;75.0;29.0;19.4;12.3;6.1;TECH
Alphabet (US);2016;90.3;34.2;23.7;13.9;7.2;TECH
Alphabet (US);2017;110.9;42.3;26.1;16.6;8.0;TECH
Alphabet (US);2018;136.8;59.7;26.3;21.4;9.8;TECH
Alphabet (US);2019;161.9;71.3;34.2;26.0;11.8;TECH
Alphabet (US);2020;182.5;81.5;41.2;27.6;13.5;TECH
Alphabet (US);2021;257.6;97.4;78.7;31.5;15.6;TECH
Alphabet (US);2022;282.8;103.2;74.8;39.5;19.0;TECH
Alphabet (US);2023;307.4;110.5;84.3;45.4;18.2;TECH
Alphabet (US);2024;328.0;122.1;95.6;48.5;18.0;TECH
Amazon (US);2015;107.0;21.8;2.2;12.5;23.0;TECH
Amazon (US);2016;136.0;29.1;4.2;16.1;34.1;TECH
Amazon (US);2017;177.9;48.8;4.1;22.6;56.6;TECH
Amazon (US);2018;232.9;61.7;12.4;28.8;64.7;TECH
Amazon (US);2019;280.5;97.8;14.5;35.9;79.8;TECH
Amazon (US);2020;386.1;113.1;22.9;42.7;129.8;TECH
Amazon (US);2021;469.8;160.3;24.9;56.1;160.8;TECH
Amazon (US);2022;514.0;186.7;12.2;73.2;154.1;TECH
Amazon (US);2023;574.8;195.4;36.9;85.2;152.5;TECH
Amazon (US);2024;615.2;210.5;48.5;92.0;155.0;TECH
Apple (US);2015;233.7;22.5;71.2;8.1;11.0;TECH
Apple (US);2016;215.6;27.0;60.0;10.0;11.6;TECH
Apple (US);2017;229.2;33.8;61.3;11.6;12.3;TECH
Apple (US);2018;265.6;41.3;70.9;14.2;13.2;TECH
Apple (US);2019;260.2;37.4;63.9;16.2;13.7;TECH
Apple (US);2020;274.5;36.8;66.3;18.8;14.7;TECH
Apple (US);2021;365.8;39.4;108.9;21.9;15.4;TECH
Apple (US);2022;394.3;42.1;119.4;26.3;16.4;TECH
Apple (US);2023;383.3;43.7;114.3;29.9;16.1;TECH
Apple (US);2024;391.0;44.5;123.0;31.5;16.3;TECH
Arm Holdings (EU);2015;1.15;0.06;0.34;0.52;0.38;TECH
Arm Holdings (EU);2016;1.29;0.06;0.39;0.58;0.41;TECH
Arm Holdings (EU);2017;1.45;0.07;0.43;0.65;0.43;TECH
Arm Holdings (EU);2018;1.62;0.08;0.49;0.73;0.47;TECH
Arm Holdings (EU);2019;1.82;0.09;0.55;0.82;0.5;TECH
Arm Holdings (EU);2020;2.03;0.1;0.61;0.91;0.53;TECH
Arm Holdings (EU);2021;2.28;0.11;0.68;1.03;0.57;TECH
Arm Holdings (EU);2022;2.55;0.13;0.76;1.15;0.61;TECH
Arm Holdings (EU);2023;2.86;0.14;0.86;1.29;0.65;TECH
Arm Holdings (EU);2024;3.2;0.16;0.96;1.44;0.7;TECH
Atlassian (US);2015;0.6;0.04;0.08;0.12;0.25;TECH
Atlassian (US);2016;0.76;0.08;0.12;0.13;0.28;TECH
Atlassian (US);2017;0.94;0.06;0.18;0.19;0.3;TECH
Atlassian (US);2018;1.19;0.08;0.14;0.25;0.33;TECH
Atlassian (US);2019;1.48;0.11;0.22;0.34;0.37;TECH
Atlassian (US);2020;1.8;0.2;0.35;0.32;0.4;TECH
Atlassian (US);2021;2.33;0.24;0.27;0.53;0.44;TECH
Atlassian (US);2022;2.85;0.23;0.4;0.6;0.49;TECH
Atlassian (US);2023;3.58;0.32;0.43;0.89;0.54;TECH
Atlassian (US);2024;4.41;0.29;0.65;0.89;0.59;TECH
Autodesk (US);2015;2.5;0.2;0.3;0.8;0.9;TECH
Autodesk (US);2016;2.4;0.2;-0.4;0.8;0.9;TECH
Autodesk (US);2017;2.0;0.3;-0.5;0.8;0.9;TECH
Autodesk (US);2018;2.1;0.3;-0.1;0.8;1.0;TECH
Autodesk (US);2019;2.6;0.4;0.0;0.9;1.0;TECH
Autodesk (US);2020;3.3;0.5;0.3;1.1;1.1;TECH
Autodesk (US);2021;3.8;0.6;0.6;1.2;1.2;TECH
Autodesk (US);2022;4.4;0.6;0.9;1.5;1.3;TECH
Autodesk (US);2023;5.0;0.7;1.0;1.7;1.4;TECH
Autodesk (US);2024;5.5;0.8;1.2;1.8;1.4;TECH
Baidu;2015;15.8048;2.4095;2.7738;2.4095;4.12;TECH
Baidu;2016;16.7976;2.9643;2.3929;2.4167;4.55;TECH
Baidu;2017;20.1929;3.7667;3.7429;3.0762;4.05;TECH
Baidu;2018;24.3524;4.3143;3.6952;3.7548;4.25;TECH
Baidu;2019;25.5738;5.3452;1.5048;4.369;3.85;TECH
Baidu;2020;25.4929;5.981;3.4167;4.6476;4.12;TECH
Baidu;2021;29.6405;7.4405;2.5048;5.9405;4.55;TECH
Baidu;2022;29.4452;8.3619;3.7976;5.5524;4.12;TECH
Baidu;2023;32.05;9.25;5.2024;5.7429;3.95;TECH
Broadcom (US);2015;6.8;0.8;1.8;1.1;0.8;TECH
Broadcom (US);2016;13.2;1.5;0.1;2.7;1.5;TECH
Broadcom (US);2017;17.6;1.8;2.8;3.3;1.6;TECH
Broadcom (US);2018;20.8;1.9;5.2;3.8;1.5;TECH
Broadcom (US);2019;22.6;2.1;4.4;4.7;1.9;TECH
Broadcom (US);2020;23.9;2.3;4.1;5.0;2.0;TECH
Broadcom (US);2021;27.5;2.5;8.3;4.9;2.0;TECH
Broadcom (US);2022;33.2;2.8;14.2;4.9;2.0;TECH
Broadcom (US);2023;35.8;3.1;16.5;5.3;2.0;TECH
Broadcom (US);2024;51.2;4.5;22.5;7.2;2.8;TECH
Cadence Design Systems (US);2015;1.66;0.25;0.5;0.58;0.6;TECH
Cadence Design Systems (US);2016;1.86;0.28;0.56;0.65;0.64;TECH
Cadence Design Systems (US);2017;2.08;0.31;0.62;0.73;0.68;TECH
Cadence Design Systems (US);2018;2.33;0.35;0.7;0.82;0.73;TECH
Cadence Design Systems (US);2019;2.61;0.39;0.78;0.91;0.78;TECH
Cadence Design Systems (US);2020;2.92;0.44;0.88;1.02;0.84;TECH
Cadence Design Systems (US);2021;3.27;0.49;0.98;1.14;0.9;TECH
Cadence Design Systems (US);2022;3.67;0.55;1.1;1.28;0.96;TECH
Cadence Design Systems (US);2023;4.11;0.62;1.23;1.44;1.03;TECH
Cadence Design Systems (US);2024;4.6;0.69;1.38;1.61;1.1;TECH
Constellation Software (CA);2015;1.85;0.15;0.45;0.12;0.85;TECH
Constellation Software (CA);2016;2.15;0.18;0.52;0.15;1.05;TECH
Constellation Software (CA);2017;2.48;0.22;0.62;0.18;1.25;TECH
Constellation Software (CA);2018;3.05;0.25;0.75;0.22;1.5;TECH
Constellation Software (CA);2019;3.48;0.28;0.85;0.25;1.8;TECH
Constellation Software (CA);2020;3.95;0.32;0.92;0.28;2.1;TECH
Constellation Software (CA);2021;5.12;0.45;1.25;0.35;2.5;TECH
Constellation Software (CA);2022;6.65;0.65;1.65;0.45;3.2;TECH
Constellation Software (CA);2023;8.42;0.85;1.85;0.55;4.5;TECH
Constellation Software (CA);2024;9.15;0.95;2.15;0.65;5.15;TECH
CrowdStrike (US);2015;0.49;0.04;0.07;0.11;0.15;TECH
CrowdStrike (US);2016;0.66;0.04;0.12;0.17;0.17;TECH
CrowdStrike (US);2017;0.93;0.07;0.13;0.17;0.18;TECH
CrowdStrike (US);2018;1.24;0.08;0.25;0.24;0.2;TECH
CrowdStrike (US);2019;1.66;0.18;0.32;0.29;0.22;TECH
CrowdStrike (US);2020;2.26;0.15;0.4;0.47;0.24;TECH
CrowdStrike (US);2021;3.06;0.36;0.42;0.54;0.27;TECH
CrowdStrike (US);2022;4.11;0.49;0.82;0.93;0.29;TECH
CrowdStrike (US);2023;5.51;0.43;1.0;1.03;0.32;TECH
CrowdStrike (US);2024;7.49;0.87;1.15;1.34;0.35;TECH
Dassault Syst. (EU);2015;3.1;0.6;0.7;0.5;1.4;TECH
Dassault Syst. (EU);2016;3.4;0.7;0.8;0.5;1.5;TECH
Dassault Syst. (EU);2017;3.6;0.7;0.9;0.6;1.6;TECH
Dassault Syst. (EU);2018;3.9;0.8;1.0;0.7;1.7;TECH
Dassault Syst. (EU);2019;4.5;1.1;1.0;0.8;1.9;TECH
Dassault Syst. (EU);2020;5.0;1.2;1.0;0.9;2.0;TECH
Dassault Syst. (EU);2021;5.6;1.3;1.3;1.0;2.1;TECH
Dassault Syst. (EU);2022;5.9;1.4;1.4;1.1;2.3;TECH
Dassault Syst. (EU);2023;6.4;1.5;1.5;1.2;2.4;TECH
Dassault Syst. (EU);2024;6.8;1.6;1.7;1.3;2.5;TECH
Datadog (US);2015;0.74;0.04;0.07;0.3;0.28;TECH
Datadog (US);2016;0.85;0.04;0.09;0.34;0.31;TECH
Datadog (US);2017;0.98;0.05;0.1;0.39;0.33;TECH
Datadog (US);2018;1.12;0.06;0.11;0.45;0.36;TECH
Datadog (US);2019;1.29;0.06;0.13;0.52;0.39;TECH
Datadog (US);2020;1.49;0.07;0.15;0.6;0.43;TECH
Datadog (US);2021;1.71;0.09;0.17;0.68;0.47;TECH
Datadog (US);2022;1.97;0.1;0.2;0.79;0.51;TECH
Datadog (US);2023;2.26;0.11;0.23;0.9;0.55;TECH
Datadog (US);2024;2.6;0.13;0.26;1.04;0.6;TECH
Descartes Systems (CA);2015;0.22;0.0;0.08;0.04;0.11;TECH
Descartes Systems (CA);2016;0.24;0.0;0.08;0.04;0.12;TECH
Descartes Systems (CA);2017;0.27;0.01;0.09;0.05;0.12;TECH
Descartes Systems (CA);2018;0.3;0.01;0.1;0.05;0.13;TECH
Descartes Systems (CA);2019;0.34;0.01;0.12;0.06;0.14;TECH
Descartes Systems (CA);2020;0.38;0.01;0.13;0.07;0.15;TECH
Descartes Systems (CA);2021;0.43;0.01;0.15;0.08;0.16;TECH
Descartes Systems (CA);2022;0.48;0.01;0.17;0.09;0.17;TECH
Descartes Systems (CA);2023;0.54;0.01;0.19;0.1;0.19;TECH
Descartes Systems (CA);2024;0.6;0.01;0.21;0.11;0.2;TECH
Fortinet (US);2015;1.0;0.1;0.0;0.1;0.4;TECH
Fortinet (US);2016;1.3;0.2;0.0;0.2;0.5;TECH
Fortinet (US);2017;1.5;0.3;0.1;0.2;0.5;TECH
Fortinet (US);2018;1.8;0.4;0.2;0.3;0.6;TECH
Fortinet (US);2019;2.2;0.5;0.3;0.4;0.7;TECH
Fortinet (US);2020;2.6;0.6;0.4;0.5;0.8;TECH
Fortinet (US);2021;3.3;0.8;0.6;0.6;1.0;TECH
Fortinet (US);2022;4.4;1.1;1.0;0.8;1.3;TECH
Fortinet (US);2023;5.3;1.3;1.2;0.9;1.4;TECH
Fortinet (US);2024;6.1;1.4;1.5;1.1;1.5;TECH
Fujitsu (JP);2015;42.1;6.8;1.1;1.9;15.9;TECH
Fujitsu (JP);2016;41.5;6.5;1.1;1.8;15.6;TECH
Fujitsu (JP);2017;37.5;6.1;1.6;1.6;14.0;TECH
Fujitsu (JP);2018;35.8;5.8;1.2;1.5;13.2;TECH
Fujitsu (JP);2019;35.5;5.9;1.9;1.4;12.9;TECH
Fujitsu (JP);2020;33.1;6.1;1.5;1.1;12.6;TECH
Fujitsu (JP);2021;32.5;6.0;2.0;1.1;12.4;TECH
Fujitsu (JP);2022;27.8;5.8;2.5;0.9;12.4;TECH
Fujitsu (JP);2023;25.6;5.7;1.8;0.8;12.4;TECH
Fujitsu (JP);2024;26.5;5.8;2.1;0.9;12.5;TECH
Glodon;2015;0.3667;0.0524;0.0833;0.1071;0.35;TECH
Glodon;2016;0.4833;0.0667;0.1;0.1381;0.42;TECH
Glodon;2017;0.5595;0.0833;0.1143;0.1714;0.48;TECH
Glodon;2018;0.6881;0.1071;0.1238;0.2024;0.55;TECH
Glodon;2019;0.8381;0.1548;0.1548;0.2667;0.62;TECH
Glodon;2020;0.9571;0.1952;0.1714;0.3214;0.68;TECH
Glodon;2021;1.3381;0.2667;0.2667;0.4405;0.85;TECH
Glodon;2022;1.569;0.3452;0.2976;0.5119;0.92;TECH
Glodon;2023;1.7024;0.4405;0.3381;0.5833;1.05;TECH
Goodix Tech;2015;0.2667;0.0286;0.1071;0.0429;0.05;TECH
Goodix Tech;2016;0.7333;0.0429;0.2262;0.1071;0.08;TECH
Goodix Tech;2017;0.8762;0.0595;0.2024;0.1548;0.12;TECH
Goodix Tech;2018;0.8857;0.0833;0.1714;0.2024;0.15;TECH
Goodix Tech;2019;1.5405;0.1238;0.5595;0.2667;0.22;TECH
Goodix Tech;2020;1.5905;0.2024;0.3929;0.4167;0.25;TECH
Goodix Tech;2021;1.3595;0.2667;0.2024;0.4405;0.28;TECH
Goodix Tech;2023;1.0524;0.2738;0.0357;0.2976;0.22;TECH
Huawei (Group);2015;94.05;29.869;10.9167;14.1905;17.5;TECH
Huawei (Group);2016;124.1833;32.8857;11.3143;18.1905;18.0;TECH
Huawei (Group);2017;143.719;34.631;13.4167;21.3571;18.5;TECH
Huawei (Group);2018;171.7143;40.0286;17.4405;24.1667;18.8;TECH
Huawei (Group);2019;204.4833;43.4405;14.9333;31.3571;19.4;TECH
Huawei (Group);2020;212.231;45.75;15.3857;33.7857;19.7;TECH
Huawei (Group);2021;151.631;46.5357;28.9167;33.9762;19.5;TECH
Huawei (Group);2022;152.9357;48.8452;14.8214;38.4524;20.1;TECH
Huawei (Group);2023;167.6667;50.6786;24.4048;39.0;20.5;TECH
HubSpot (US);2015;0.41;0.05;0.07;0.09;0.2;TECH
HubSpot (US);2016;0.51;0.04;0.05;0.11;0.22;TECH
HubSpot (US);2017;0.65;0.05;0.12;0.11;0.24;TECH
HubSpot (US);2018;0.82;0.05;0.16;0.15;0.27;TECH
HubSpot (US);2019;1.06;0.12;0.18;0.18;0.29;TECH
HubSpot (US);2020;1.36;0.08;0.17;0.24;0.32;TECH
HubSpot (US);2021;1.77;0.18;0.2;0.37;0.35;TECH
HubSpot (US);2022;2.27;0.23;0.36;0.42;0.39;TECH
HubSpot (US);2023;2.86;0.17;0.45;0.52;0.43;TECH
HubSpot (US);2024;3.74;0.3;0.69;0.84;0.47;TECH
Hundsun Technologies;2015;0.531;0.1548;0.1238;0.2024;0.62;TECH
Hundsun Technologies;2016;0.5167;0.1619;0.0833;0.219;0.65;TECH
Hundsun Technologies;2017;0.6262;0.1714;0.1;0.2738;0.71;TECH
Hundsun Technologies;2018;0.7762;0.1857;0.131;0.3214;0.78;TECH
Hundsun Technologies;2019;0.9143;0.2024;0.181;0.3619;0.85;TECH
Hundsun Technologies;2020;0.9929;0.219;0.1738;0.3571;0.92;TECH
Hundsun Technologies;2021;1.3095;0.25;0.2262;0.5095;1.05;TECH
Hundsun Technologies;2022;1.5476;0.281;0.2714;0.5857;1.15;TECH
Hundsun Technologies;2023;1.7333;0.2976;0.3381;0.631;1.08;TECH
IBM (US);2015;81.7;10.7;15.9;5.2;37.8;TECH
IBM (US);2016;79.9;10.8;13.0;5.4;38.0;TECH
IBM (US);2017;79.1;11.1;11.4;5.6;36.7;TECH
IBM (US);2018;79.6;10.8;11.3;5.4;35.1;TECH
IBM (US);2019;77.1;10.1;10.2;6.0;35.3;TECH
IBM (US);2020;55.2;8.5;3.9;6.3;29.0;TECH
IBM (US);2021;57.4;8.3;4.7;6.5;28.2;TECH
IBM (US);2022;60.5;8.1;5.4;6.6;28.8;TECH
IBM (US);2023;61.9;8.0;7.6;6.7;28.2;TECH
IBM (US);2024;63.2;8.2;8.4;7.1;28.5;TECH
Intuit (US);2015;4.2;0.6;1.2;0.8;0.8;TECH
Intuit (US);2016;4.7;0.7;1.3;0.9;0.8;TECH
Intuit (US);2017;5.2;0.7;1.4;1.0;0.8;TECH
Intuit (US);2018;6.0;0.7;1.6;1.2;0.9;TECH
Intuit (US);2019;6.8;0.8;1.9;1.4;0.9;TECH
Intuit (US);2020;7.7;0.8;2.2;1.7;1.1;TECH
Intuit (US);2021;9.6;1.1;2.5;2.1;1.4;TECH
Intuit (US);2022;12.7;1.2;2.6;2.5;1.7;TECH
Intuit (US);2023;14.4;1.3;3.1;2.8;1.8;TECH
Intuit (US);2024;16.3;1.4;3.8;3.2;1.9;TECH
Kakao (KR);2015;0.8;0.2;0.1;0.1;0.3;TECH
Kakao (KR);2016;1.3;0.3;0.1;0.2;0.5;TECH
Kakao (KR);2017;1.7;0.4;0.1;0.3;0.6;TECH
Kakao (KR);2018;2.1;0.5;0.1;0.4;0.7;TECH
Kakao (KR);2019;2.6;0.8;0.2;0.5;0.9;TECH
Kakao (KR);2020;3.6;1.2;0.4;0.6;1.1;TECH
Kakao (KR);2021;5.2;1.5;0.5;0.8;1.3;TECH
Kakao (KR);2022;5.5;1.8;0.4;0.8;1.4;TECH
Kakao (KR);2023;6.8;2.1;0.4;1.0;1.4;TECH
Kakao (KR);2024;7.2;2.3;0.5;1.2;1.5;TECH
Kinaxis (CA);2015;0.18;0.0;0.03;0.04;0.05;TECH
Kinaxis (CA);2016;0.2;0.0;0.03;0.05;0.06;TECH
Kinaxis (CA);2017;0.23;0.0;0.03;0.06;0.06;TECH
Kinaxis (CA);2018;0.25;0.01;0.04;0.06;0.07;TECH
Kinaxis (CA);2019;0.28;0.01;0.04;0.07;0.07;TECH
Kinaxis (CA);2020;0.32;0.01;0.05;0.08;0.08;TECH
Kinaxis (CA);2021;0.36;0.01;0.05;0.09;0.08;TECH
Kinaxis (CA);2022;0.4;0.01;0.06;0.1;0.09;TECH
Kinaxis (CA);2023;0.45;0.01;0.07;0.11;0.09;TECH
Kinaxis (CA);2024;0.5;0.01;0.07;0.12;0.1;TECH
Kingdee Intl;2015;0.3762;0.1071;0.0286;0.0595;0.45;TECH
Kingdee Intl;2016;0.4429;0.1238;0.0595;0.0762;0.48;TECH
Kingdee Intl;2017;0.5476;0.1381;0.0833;0.0905;0.52;TECH
Kingdee Intl;2018;0.669;0.1548;0.1071;0.1071;0.58;TECH
Kingdee Intl;2019;0.7905;0.1714;0.1;0.1238;0.65;TECH
Marvell Technology (US);2015;2.56;0.32;0.46;0.61;0.5;TECH
Marvell Technology (US);2016;2.69;0.54;0.76;0.41;0.53;TECH
Marvell Technology (US);2017;3.13;0.79;0.66;0.72;0.55;TECH
Marvell Technology (US);2018;3.34;0.9;0.91;0.54;0.58;TECH
Marvell Technology (US);2019;3.98;0.78;1.09;0.66;0.61;TECH
Marvell Technology (US);2020;4.56;0.84;0.69;0.55;0.64;TECH
Marvell Technology (US);2021;4.7;0.96;0.81;1.0;0.67;TECH
Marvell Technology (US);2022;5.56;1.09;1.63;1.33;0.7;TECH
Marvell Technology (US);2023;6.33;0.74;1.55;1.34;0.74;TECH
Marvell Technology (US);2024;7.27;2.18;1.21;1.46;0.78;TECH
Maxscend Micro;2017;0.1405;0.0119;0.0429;0.019;0.05;TECH
Maxscend Micro;2018;0.1333;0.019;0.0357;0.0262;0.08;TECH
Maxscend Micro;2019;0.3595;0.0286;0.1238;0.0429;0.12;TECH
Maxscend Micro;2020;0.6643;0.0595;0.2667;0.0833;0.18;TECH
Maxscend Micro;2021;1.1024;0.1238;0.5048;0.131;0.25;TECH
Maxscend Micro;2022;0.8762;0.2024;0.2667;0.1476;0.28;TECH
Maxscend Micro;2023;1.0405;0.2667;0.2976;0.1786;0.32;TECH
Meta (US);2015;17.9;3.0;6.2;4.8;1.3;TECH
Meta (US);2016;27.6;4.3;12.4;5.9;1.7;TECH
Meta (US);2017;40.7;8.2;20.2;7.8;2.5;TECH
Meta (US);2018;55.8;14.7;24.9;10.3;3.6;TECH
Meta (US);2019;70.7;21.8;24.0;13.6;4.5;TECH
Meta (US);2020;86.0;30.1;32.7;18.5;5.9;TECH
Meta (US);2021;117.9;45.2;46.8;24.7;7.2;TECH
Meta (US);2022;116.6;60.5;28.9;35.3;8.6;TECH
Meta (US);2023;134.9;65.1;46.7;38.5;6.7;TECH
Meta (US);2024;150.2;72.4;58.0;42.1;6.9;TECH
Microsoft (US);2015;93.6;14.7;18.2;12.0;11.8;TECH
Microsoft (US);2016;85.3;18.3;20.2;12.0;11.4;TECH
Microsoft (US);2017;89.9;23.7;22.3;13.0;12.4;TECH
Microsoft (US);2018;110.4;30.3;35.1;14.7;13.1;TECH
Microsoft (US);2019;125.8;36.5;43.0;16.9;14.4;TECH
Microsoft (US);2020;143.0;44.2;53.0;19.3;16.3;TECH
Microsoft (US);2021;168.1;59.7;69.9;20.7;18.1;TECH
Microsoft (US);2022;198.3;74.4;83.4;24.5;22.1;TECH
Microsoft (US);2023;211.9;85.5;88.5;27.2;22.1;TECH
Microsoft (US);2024;245.1;112.5;109.4;30.5;22.8;TECH
MongoDB (US);2015;0.57;0.03;0.03;0.23;0.24;TECH
MongoDB (US);2016;0.65;0.03;0.03;0.26;0.26;TECH
MongoDB (US);2017;0.75;0.04;0.04;0.3;0.28;TECH
MongoDB (US);2018;0.86;0.04;0.04;0.34;0.3;TECH
MongoDB (US);2019;0.99;0.05;0.05;0.4;0.33;TECH
MongoDB (US);2020;1.14;0.06;0.06;0.46;0.36;TECH
MongoDB (US);2021;1.32;0.07;0.07;0.53;0.39;TECH
MongoDB (US);2022;1.51;0.08;0.08;0.6;0.42;TECH
MongoDB (US);2023;1.74;0.09;0.09;0.7;0.46;TECH
MongoDB (US);2024;2.0;0.1;0.1;0.8;0.5;TECH
Monolithic Power Systems (US);2015;0.35;0.09;0.06;0.07;0.15;TECH
Monolithic Power Systems (US);2016;0.42;0.08;0.06;0.08;0.16;TECH
Monolithic Power Systems (US);2017;0.55;0.13;0.14;0.09;0.17;TECH
Monolithic Power Systems (US);2018;0.67;0.14;0.19;0.1;0.17;TECH
Monolithic Power Systems (US);2019;0.82;0.21;0.18;0.17;0.18;TECH
Monolithic Power Systems (US);2020;1.06;0.27;0.16;0.24;0.19;TECH
Monolithic Power Systems (US);2021;1.38;0.3;0.31;0.31;0.2;TECH
Monolithic Power Systems (US);2022;1.68;0.37;0.45;0.29;0.21;TECH
Monolithic Power Systems (US);2023;2.18;0.32;0.6;0.53;0.22;TECH
Monolithic Power Systems (US);2024;2.74;0.36;0.78;0.45;0.23;TECH
Montage Tech;2017;0.2905;0.0357;0.0833;0.0429;0.05;TECH
Montage Tech;2018;0.4167;0.0429;0.1786;0.0524;0.08;TECH
Montage Tech;2019;0.4476;0.0595;0.2262;0.0667;0.12;TECH
Montage Tech;2020;0.4333;0.0762;0.2667;0.0833;0.15;TECH
Montage Tech;2021;0.6095;0.1238;0.2024;0.1143;0.22;TECH
Montage Tech;2022;0.8738;0.2024;0.2976;0.1476;0.28;TECH
Montage Tech;2023;0.5429;0.2262;0.1071;0.1381;0.25;TECH
NCSoft (KR);2015;0.7;0.2;0.2;0.2;0.2;TECH
NCSoft (KR);2016;0.8;0.3;0.3;0.2;0.3;TECH
NCSoft (KR);2017;1.5;0.3;0.5;0.4;0.3;TECH
NCSoft (KR);2018;1.6;0.4;0.5;0.4;0.3;TECH
NCSoft (KR);2019;1.4;0.4;0.4;0.4;0.4;TECH
NCSoft (KR);2020;2.1;0.5;0.7;0.4;0.4;TECH
NCSoft (KR);2021;1.9;0.5;0.3;0.4;0.5;TECH
NCSoft (KR);2022;1.9;0.6;0.4;0.5;0.5;TECH
NCSoft (KR);2023;1.3;0.6;0.1;0.4;0.5;TECH
NCSoft (KR);2024;1.2;0.6;0.1;0.4;0.5;TECH
NEC Corp (JP);2015;23.5;4.1;0.9;1.2;9.9;TECH
NEC Corp (JP);2016;22.1;3.8;0.4;1.1;9.8;TECH
NEC Corp (JP);2017;24.2;3.6;0.6;1.0;10.8;TECH
NEC Corp (JP);2018;25.3;3.7;0.5;1.0;11.0;TECH
NEC Corp (JP);2019;27.8;3.8;1.2;1.0;11.2;TECH
NEC Corp (JP);2020;26.5;4.1;1.4;1.0;11.5;TECH
NEC Corp (JP);2021;27.2;4.3;1.5;1.1;11.7;TECH
NEC Corp (JP);2022;23.5;4.2;1.1;0.9;11.9;TECH
NEC Corp (JP);2023;22.4;4.1;1.3;1.0;11.8;TECH
NEC Corp (JP);2024;23.8;4.2;1.5;1.1;12.0;TECH
Naver (KR);2015;2.8;0.5;0.7;0.8;0.2;TECH
Naver (KR);2016;3.4;0.6;0.9;0.9;0.3;TECH
Naver (KR);2017;4.1;0.8;1.0;1.1;0.3;TECH
Naver (KR);2018;4.8;1.1;0.8;1.4;0.4;TECH
Naver (KR);2019;5.6;1.5;0.6;1.5;0.4;TECH
Naver (KR);2020;4.5;1.8;1.0;1.6;0.4;TECH
Naver (KR);2021;5.8;2.1;1.1;1.4;0.4;TECH
Naver (KR);2022;6.4;2.4;1.0;1.5;0.5;TECH
Naver (KR);2023;7.2;2.8;1.1;1.6;0.5;TECH
Naver (KR);2024;7.8;3.2;1.4;1.8;0.5;TECH
Netmarble (KR);2015;0.9;0.1;0.2;0.2;0.3;TECH
Netmarble (KR);2016;1.3;0.1;0.2;0.3;0.4;TECH
Netmarble (KR);2017;2.2;0.2;0.5;0.4;0.5;TECH
Netmarble (KR);2018;1.8;0.2;0.2;0.5;0.6;TECH
Netmarble (KR);2019;1.9;0.3;0.2;0.5;0.7;TECH
Netmarble (KR);2020;2.1;0.4;0.2;0.5;0.7;TECH
Netmarble (KR);2021;2.2;0.5;0.1;0.5;0.8;TECH
Netmarble (KR);2022;2.1;0.6;-0.1;0.7;0.8;TECH
Netmarble (KR);2023;1.9;0.6;0.0;0.6;0.8;TECH
Netmarble (KR);2024;2.1;0.7;0.1;0.6;0.8;TECH
Nintendo (JP);2015;4.6;0.3;0.3;0.4;0.5;TECH
Nintendo (JP);2016;4.1;0.3;0.3;0.5;0.5;TECH
Nintendo (JP);2017;4.4;0.4;0.3;0.6;0.5;TECH
Nintendo (JP);2018;9.5;0.5;1.6;0.6;0.6;TECH
Nintendo (JP);2019;10.8;0.6;2.3;0.7;0.6;TECH
Nintendo (JP);2020;12.1;0.8;3.3;0.8;0.6;TECH
Nintendo (JP);2021;16.5;0.9;6.1;0.9;0.7;TECH
Nintendo (JP);2022;15.3;1.1;5.5;1.0;0.7;TECH
Nintendo (JP);2023;14.2;1.2;4.5;1.1;0.7;TECH
Nintendo (JP);2024;12.5;1.3;3.8;1.2;0.8;TECH
Nvidia (US);2015;5.0;0.5;0.7;1.3;0.9;TECH
Nvidia (US);2016;6.9;0.5;1.9;1.5;1.0;TECH
Nvidia (US);2017;9.7;0.6;3.2;1.8;1.1;TECH
Nvidia (US);2018;11.7;0.6;3.8;2.4;1.3;TECH
Nvidia (US);2019;10.9;0.7;2.8;2.8;1.4;TECH
Nvidia (US);2020;16.7;1.1;4.5;3.9;1.9;TECH
Nvidia (US);2021;26.9;1.4;10.0;5.3;2.2;TECH
Nvidia (US);2022;27.0;1.5;5.6;7.3;2.6;TECH
Nvidia (US);2023;60.9;1.6;33.0;8.6;3.0;TECH
Nvidia (US);2024;96.0;1.8;55.0;10.5;3.2;TECH
Okta (US);2015;0.12;0.02;-0.08;0.05;0.08;TECH
Okta (US);2016;0.18;0.02;-0.1;0.07;0.12;TECH
Okta (US);2017;0.26;0.03;-0.12;0.11;0.16;TECH
Okta (US);2018;0.34;0.04;-0.15;0.15;0.18;TECH
Okta (US);2019;0.45;0.05;-0.18;0.18;0.22;TECH
Okta (US);2020;0.58;0.06;-0.2;0.22;0.26;TECH
Okta (US);2021;0.82;0.08;-0.25;0.32;0.35;TECH
Okta (US);2022;1.3;0.12;-0.45;0.52;0.5;TECH
Okta (US);2023;1.86;0.15;-0.58;0.74;0.58;TECH
Okta (US);2024;2.45;0.18;-0.65;0.85;0.62;TECH
OpenText (CA);2015;1.85;0.12;0.45;0.25;0.85;TECH
OpenText (CA);2016;1.92;0.13;0.48;0.28;0.92;TECH
OpenText (CA);2017;2.25;0.15;0.55;0.32;1.15;TECH
OpenText (CA);2018;2.85;0.18;0.68;0.38;1.22;TECH
OpenText (CA);2019;2.95;0.22;0.72;0.42;1.25;TECH
OpenText (CA);2020;3.15;0.25;0.78;0.48;1.32;TECH
OpenText (CA);2021;3.42;0.28;0.85;0.52;1.45;TECH
OpenText (CA);2022;3.55;0.32;0.92;0.58;1.48;TECH
OpenText (CA);2023;4.48;0.35;1.12;0.72;2.45;TECH
OpenText (CA);2024;5.85;0.42;1.35;0.85;2.55;TECH
Oracle (US);2015;38.2;2.8;13.8;5.5;13.5;TECH
Oracle (US);2016;37.0;2.6;12.6;5.8;13.6;TECH
Oracle (US);2017;37.8;2.4;12.7;6.2;13.8;TECH
Oracle (US);2018;39.8;2.2;13.7;6.0;13.7;TECH
Oracle (US);2019;39.5;2.1;13.5;6.0;13.6;TECH
Oracle (US);2020;39.1;1.9;13.9;6.1;13.5;TECH
Oracle (US);2021;40.5;2.1;15.2;6.5;13.2;TECH
Oracle (US);2022;42.4;3.5;11.0;7.2;14.3;TECH
Oracle (US);2023;50.0;4.8;13.1;8.6;16.4;TECH
Oracle (US);2024;53.0;5.5;15.4;9.2;15.9;TECH
PTC Inc (US);2015;0.79;0.04;0.2;0.14;0.38;TECH
PTC Inc (US);2016;0.89;0.04;0.22;0.16;0.41;TECH
PTC Inc (US);2017;1.0;0.05;0.25;0.18;0.43;TECH
PTC Inc (US);2018;1.11;0.06;0.28;0.2;0.47;TECH
PTC Inc (US);2019;1.25;0.06;0.31;0.22;0.5;TECH
PTC Inc (US);2020;1.4;0.07;0.35;0.25;0.53;TECH
PTC Inc (US);2021;1.57;0.08;0.39;0.28;0.57;TECH
PTC Inc (US);2022;1.75;0.09;0.44;0.32;0.61;TECH
PTC Inc (US);2023;1.96;0.1;0.49;0.35;0.65;TECH
PTC Inc (US);2024;2.2;0.11;0.55;0.4;0.7;TECH
Palo Alto (US);2015;0.9;0.1;-0.1;0.2;0.3;TECH
Palo Alto (US);2016;1.4;0.2;-0.2;0.3;0.4;TECH
Palo Alto (US);2017;1.8;0.3;-0.2;0.4;0.5;TECH
Palo Alto (US);2018;2.3;0.4;-0.1;0.6;0.6;TECH
Palo Alto (US);2019;2.9;0.6;-0.1;0.8;0.7;TECH
Palo Alto (US);2020;3.4;0.8;-0.2;1.1;0.8;TECH
Palo Alto (US);2021;4.3;0.9;-0.2;1.3;1.0;TECH
Palo Alto (US);2022;5.5;1.1;-0.2;1.6;1.3;TECH
Palo Alto (US);2023;6.9;1.3;0.6;1.8;1.4;TECH
Palo Alto (US);2024;8.0;1.5;1.1;2.1;1.5;TECH
Qualcomm (US);2015;25.2;2.8;5.8;5.5;3.3;TECH
Qualcomm (US);2016;23.5;3.0;6.5;5.2;3.1;TECH
Qualcomm (US);2017;22.3;3.2;5.4;5.5;3.4;TECH
Qualcomm (US);2018;22.7;3.4;4.8;5.6;3.5;TECH
Qualcomm (US);2019;24.3;3.5;5.1;6.0;3.7;TECH
Qualcomm (US);2020;23.5;3.6;6.2;6.0;4.1;TECH
Qualcomm (US);2021;33.6;3.8;9.8;7.2;4.5;TECH
Qualcomm (US);2022;44.2;4.1;12.5;8.2;5.1;TECH
Qualcomm (US);2023;35.8;4.3;9.4;8.5;5.0;TECH
Qualcomm (US);2024;38.5;4.2;10.5;8.8;5.1;TECH
SAP (EU);2015;20.8;3.5;4.3;2.8;7.7;TECH
SAP (EU);2016;22.1;3.7;4.6;3.0;8.4;TECH
SAP (EU);2017;23.5;3.8;4.9;3.3;8.8;TECH
SAP (EU);2018;24.7;4.1;5.2;3.6;9.6;TECH
SAP (EU);2019;27.6;4.5;4.5;4.3;10.0;TECH
SAP (EU);2020;27.3;5.2;6.6;4.5;10.2;TECH
SAP (EU);2021;27.8;5.0;4.7;4.8;10.7;TECH
SAP (EU);2022;30.9;4.8;4.3;6.2;11.2;TECH
SAP (EU);2023;31.2;5.1;5.8;6.5;10.8;TECH
SAP (EU);2024;33.5;5.5;6.4;7.1;10.5;TECH
SG Micro;2015;0.0833;0.0119;0.019;0.0119;0.02;TECH
SG Micro;2016;0.1071;0.019;0.0286;0.0167;0.03;TECH
SG Micro;2017;0.1476;0.0286;0.0429;0.0262;0.05;TECH
SG Micro;2018;0.1857;0.0429;0.0524;0.0357;0.08;TECH
SG Micro;2019;0.2429;0.0595;0.0667;0.0429;0.12;TECH
SG Micro;2020;0.4333;0.0833;0.1071;0.0905;0.18;TECH
SG Micro;2021;0.531;0.1238;0.1548;0.131;0.22;TECH
SG Micro;2022;0.75;0.1786;0.2024;0.1952;0.28;TECH
SG Micro;2023;0.6;0.2024;0.0429;0.1786;0.25;TECH
Sage Group (EU);2015;1.01;0.02;0.2;0.15;0.6;TECH
Sage Group (EU);2016;1.13;0.02;0.23;0.17;0.64;TECH
Sage Group (EU);2017;1.27;0.03;0.25;0.19;0.68;TECH
Sage Group (EU);2018;1.42;0.03;0.28;0.21;0.73;TECH
Sage Group (EU);2019;1.59;0.03;0.32;0.24;0.78;TECH
Sage Group (EU);2020;1.78;0.04;0.36;0.27;0.84;TECH
Sage Group (EU);2021;1.99;0.04;0.4;0.3;0.9;TECH
Sage Group (EU);2022;2.23;0.04;0.45;0.33;0.96;TECH
Sage Group (EU);2023;2.5;0.05;0.5;0.38;1.03;TECH
Sage Group (EU);2024;2.8;0.06;0.56;0.42;1.1;TECH
Salesforce (US);2015;5.37;1.55;0.05;0.79;1.6;TECH
Salesforce (US);2016;6.67;1.82;0.11;0.97;1.9;TECH
Salesforce (US);2017;8.39;2.15;0.04;1.2;2.5;TECH
Salesforce (US);2018;10.48;2.45;0.45;1.5;2.9;TECH
Salesforce (US);2019;13.28;2.95;0.54;1.89;3.5;TECH
Salesforce (US);2020;17.1;3.45;0.3;2.57;4.9;TECH
Salesforce (US);2021;21.25;3.95;0.45;3.61;5.66;TECH
Salesforce (US);2022;26.49;4.65;0.55;4.47;7.35;TECH
Salesforce (US);2023;31.35;4.85;1.05;5.05;7.94;TECH
Salesforce (US);2024;34.86;5.12;5.02;5.02;7.26;TECH
Samsung Electronics (KR);2015;170.5;82.1;22.4;12.5;32.5;TECH
Samsung Electronics (KR);2016;172.1;85.4;25.1;12.8;30.8;TECH
Samsung Electronics (KR);2017;210.5;98.2;48.2;14.5;32.0;TECH
Samsung Electronics (KR);2018;212.5;102.5;52.1;16.2;31.0;TECH
Samsung Electronics (KR);2019;198.2;105.8;23.5;17.5;28.7;TECH
Samsung Electronics (KR);2020;205.1;112.4;30.2;18.1;26.8;TECH
Samsung Electronics (KR);2021;240.2;125.1;44.5;19.2;26.6;TECH
Samsung Electronics (KR);2022;245.2;138.5;36.1;21.1;27.0;TECH
Samsung Electronics (KR);2023;202.5;145.2;5.5;22.5;26.8;TECH
Samsung Electronics (KR);2024;235.1;152.8;12.5;24.2;27.2;TECH
Sangfor Technologies;2015;0.3143;0.0357;0.0952;0.0667;0.25;TECH
Sangfor Technologies;2016;0.4167;0.0429;0.1238;0.0905;0.31;TECH
Sangfor Technologies;2017;0.5881;0.0524;0.1619;0.131;0.38;TECH
Sangfor Technologies;2018;0.7667;0.0833;0.1786;0.1857;0.45;TECH
Sangfor Technologies;2019;1.0929;0.1143;0.2262;0.2738;0.58;TECH
Sangfor Technologies;2020;1.3;0.1548;0.25;0.3595;0.75;TECH
Sangfor Technologies;2021;1.6214;0.2024;0.1548;0.4976;0.92;TECH
Sangfor Technologies;2022;1.7643;0.25;0.131;0.5833;0.95;TECH
Sangfor Technologies;2023;1.8238;0.2976;0.1071;0.5357;0.88;TECH
ServiceNow (US);2015;1.0;0.2;-0.2;0.2;0.4;TECH
ServiceNow (US);2016;1.4;0.3;-0.4;0.3;0.5;TECH
ServiceNow (US);2017;1.9;0.4;-0.1;0.4;0.6;TECH
ServiceNow (US);2018;2.6;0.5;0.0;0.6;0.8;TECH
ServiceNow (US);2019;3.5;0.7;0.2;0.8;1.0;TECH
ServiceNow (US);2020;4.5;0.8;0.3;1.1;1.3;TECH
ServiceNow (US);2021;5.9;0.9;0.3;1.5;1.7;TECH
ServiceNow (US);2022;7.2;1.1;0.4;1.9;2.0;TECH
ServiceNow (US);2023;9.0;1.3;0.8;2.4;2.3;TECH
ServiceNow (US);2024;11.0;1.5;1.2;3.0;2.5;TECH
Shopify (CA);2015;0.21;0.05;-0.05;0.08;0.1;TECH
Shopify (CA);2016;0.39;0.08;-0.08;0.15;0.15;TECH
Shopify (CA);2017;0.67;0.12;-0.12;0.25;0.3;TECH
Shopify (CA);2018;1.07;0.18;-0.15;0.42;0.4;TECH
Shopify (CA);2019;1.58;0.25;-0.18;0.65;0.5;TECH
Shopify (CA);2020;2.93;0.35;0.12;0.85;0.7;TECH
Shopify (CA);2021;4.61;0.45;0.45;1.25;1.0;TECH
Shopify (CA);2022;5.6;0.55;-0.85;1.52;1.1;TECH
Shopify (CA);2023;7.06;0.42;0.15;1.75;1.15;TECH
Shopify (CA);2024;8.25;0.45;0.65;1.95;1.25;TECH
Snowflake (US);2015;0.3;0.04;0.03;0.07;0.12;TECH
Snowflake (US);2016;0.43;0.02;0.08;0.09;0.13;TECH
Snowflake (US);2017;0.6;0.07;0.07;0.12;0.15;TECH
Snowflake (US);2018;0.84;0.05;0.09;0.17;0.16;TECH
Snowflake (US);2019;1.13;0.1;0.2;0.24;0.18;TECH
Snowflake (US);2020;1.6;0.12;0.17;0.35;0.19;TECH
Snowflake (US);2021;2.26;0.24;0.29;0.49;0.21;TECH
Snowflake (US);2022;3.12;0.34;0.41;0.63;0.23;TECH
Snowflake (US);2023;4.34;0.51;0.62;1.06;0.26;TECH
Snowflake (US);2024;6.13;0.51;0.7;0.94;0.28;TECH
Sony (JP);2015;68.5;12.5;2.5;4.1;12.5;TECH
Sony (JP);2016;65.1;12.8;2.4;4.0;12.8;TECH
Sony (JP);2017;77.2;13.5;6.5;4.2;11.7;TECH
Sony (JP);2018;78.5;14.1;8.1;4.4;11.4;TECH
Sony (JP);2019;76.2;14.8;8.0;4.5;11.1;TECH
Sony (JP);2020;82.5;15.6;8.9;4.8;10.9;TECH
Sony (JP);2021;85.1;16.2;10.8;5.2;10.9;TECH
Sony (JP);2022;88.4;17.5;10.5;5.8;11.3;TECH
Sony (JP);2023;92.1;18.8;10.2;6.2;11.0;TECH
Sony (JP);2024;95.8;20.1;11.5;6.8;11.2;TECH
Splunk (US);2015;0.69;0.07;0.1;0.13;0.35;TECH
Splunk (US);2016;0.87;0.07;0.17;0.2;0.39;TECH
Splunk (US);2017;1.05;0.08;0.18;0.23;0.42;TECH
Splunk (US);2018;1.27;0.06;0.2;0.23;0.47;TECH
Splunk (US);2019;1.53;0.14;0.23;0.31;0.51;TECH
Splunk (US);2020;1.91;0.21;0.37;0.4;0.56;TECH
Splunk (US);2021;2.27;0.24;0.32;0.43;0.62;TECH
Splunk (US);2022;2.81;0.16;0.4;0.62;0.68;TECH
Splunk (US);2023;3.42;0.2;0.56;0.54;0.75;TECH
Splunk (US);2024;4.11;0.42;0.63;0.67;0.83;TECH
Synopsys (US);2015;2.2;0.26;0.48;0.73;1.08;TECH
Synopsys (US);2016;2.46;0.3;0.54;0.81;1.16;TECH
Synopsys (US);2017;2.76;0.33;0.61;0.91;1.24;TECH
Synopsys (US);2018;3.09;0.37;0.68;1.02;1.33;TECH
Synopsys (US);2019;3.46;0.42;0.76;1.14;1.42;TECH
Synopsys (US);2020;3.88;0.47;0.85;1.28;1.52;TECH
Synopsys (US);2021;4.34;0.52;0.95;1.43;1.63;TECH
Synopsys (US);2022;4.86;0.58;1.07;1.6;1.75;TECH
Synopsys (US);2023;5.45;0.65;1.2;1.8;1.87;TECH
Synopsys (US);2024;6.1;0.73;1.34;2.01;2.0;TECH
TeamViewer (EU);2015;0.35;0.01;0.14;0.03;0.1;TECH
TeamViewer (EU);2016;0.38;0.01;0.15;0.04;0.1;TECH
TeamViewer (EU);2017;0.41;0.01;0.16;0.04;0.11;TECH
TeamViewer (EU);2018;0.44;0.01;0.18;0.04;0.11;TECH
TeamViewer (EU);2019;0.48;0.01;0.19;0.05;0.12;TECH
TeamViewer (EU);2020;0.51;0.01;0.2;0.05;0.12;TECH
TeamViewer (EU);2021;0.56;0.01;0.22;0.06;0.13;TECH
TeamViewer (EU);2022;0.6;0.01;0.24;0.06;0.14;TECH
TeamViewer (EU);2023;0.65;0.01;0.26;0.07;0.14;TECH
TeamViewer (EU);2024;0.7;0.01;0.28;0.07;0.15;TECH
Tencent;2015;24.4905;2.0286;9.6738;2.1524;3.06;TECH
Tencent;2016;36.1762;2.8857;13.3619;2.8214;3.87;TECH
Tencent;2017;56.6095;3.7667;21.5048;4.1833;4.48;TECH
Tencent;2018;74.45;5.3452;27.481;5.4714;5.43;TECH
Tencent;2019;89.831;6.7905;32.1714;7.2357;6.28;TECH
Tencent;2020;114.7762;8.3619;43.8643;9.2786;8.58;TECH
Tencent;2021;133.3619;10.7667;53.5286;12.3524;11.27;TECH
Tencent;2022;132.0357;13.2024;44.819;14.619;10.84;TECH
Tencent;2023;145.0048;14.7905;36.4762;15.2571;10.54;TECH
Thomson Reuters (CA);2015;12.21;1.45;1.85;0.85;5.2;TECH
Thomson Reuters (CA);2016;11.16;1.32;1.65;0.82;4.8;TECH
Thomson Reuters (CA);2017;11.32;1.25;1.72;0.78;4.5;TECH
Thomson Reuters (CA);2018;5.52;0.85;0.85;0.52;2.4;TECH
Thomson Reuters (CA);2019;5.91;0.92;1.15;0.55;2.5;TECH
Thomson Reuters (CA);2020;5.98;0.95;1.25;0.58;2.4;TECH
Thomson Reuters (CA);2021;6.35;1.05;1.45;0.62;2.5;TECH
Thomson Reuters (CA);2022;6.62;1.15;1.55;0.65;2.5;TECH
Thomson Reuters (CA);2023;6.79;1.18;1.65;0.68;2.55;TECH
Thomson Reuters (CA);2024;7.15;1.25;1.85;0.75;2.65;TECH
Tyler Tech (US);2015;0.72;0.04;0.11;0.06;0.38;TECH
Tyler Tech (US);2016;0.81;0.04;0.12;0.06;0.41;TECH
Tyler Tech (US);2017;0.9;0.05;0.14;0.07;0.43;TECH
Tyler Tech (US);2018;1.01;0.05;0.15;0.08;0.47;TECH
Tyler Tech (US);2019;1.13;0.06;0.17;0.09;0.5;TECH
Tyler Tech (US);2020;1.27;0.06;0.19;0.1;0.53;TECH
Tyler Tech (US);2021;1.42;0.07;0.21;0.11;0.57;TECH
Tyler Tech (US);2022;1.59;0.08;0.24;0.13;0.61;TECH
Tyler Tech (US);2023;1.79;0.09;0.27;0.14;0.65;TECH
Tyler Tech (US);2024;2.0;0.1;0.3;0.16;0.7;TECH
Veeva Systems (US);2015;0.71;0.01;0.25;0.14;0.33;TECH
Veeva Systems (US);2016;0.82;0.02;0.29;0.16;0.36;TECH
Veeva Systems (US);2017;0.94;0.02;0.33;0.19;0.39;TECH
Veeva Systems (US);2018;1.08;0.02;0.38;0.22;0.42;TECH
Veeva Systems (US);2019;1.24;0.02;0.43;0.25;0.46;TECH
Veeva Systems (US);2020;1.43;0.03;0.5;0.29;0.5;TECH
Veeva Systems (US);2021;1.64;0.03;0.57;0.33;0.54;TECH
Veeva Systems (US);2022;1.89;0.04;0.66;0.38;0.59;TECH
Veeva Systems (US);2023;2.17;0.04;0.76;0.43;0.64;TECH
Veeva Systems (US);2024;2.5;0.05;0.88;0.5;0.7;TECH
Will Semiconductor;2015;0.2024;0.0286;0.0286;0.019;0.05;TECH
Will Semiconductor;2016;0.25;0.0357;0.0357;0.0286;0.06;TECH
Will Semiconductor;2017;0.5833;0.0524;0.0524;0.0429;0.08;TECH
Will Semiconductor;2018;0.9429;0.1071;0.1;0.0833;0.12;TECH
Will Semiconductor;2019;3.2429;0.2667;0.1548;0.3929;0.25;TECH
Will Semiconductor;2020;4.719;0.4405;0.6786;0.5048;0.35;TECH
Will Semiconductor;2021;5.7429;0.6786;1.1548;0.6786;0.48;TECH
Will Semiconductor;2022;4.781;0.8381;0.2667;0.6;0.42;TECH
Will Semiconductor;2023;5.0357;0.981;0.3619;0.6786;0.45;TECH
Workday (US);2015;1.2;0.3;-0.2;0.5;0.5;TECH
Workday (US);2016;1.6;0.4;-0.3;0.6;0.6;TECH
Workday (US);2017;2.1;0.6;-0.3;0.8;0.8;TECH
Workday (US);2018;2.8;0.8;-0.4;1.1;1.0;TECH
Workday (US);2019;3.6;1.1;-0.5;1.4;1.2;TECH
Workday (US);2020;4.3;1.3;-0.2;1.7;1.3;TECH
Workday (US);2021;5.1;1.4;0.0;1.9;1.5;TECH
Workday (US);2022;6.2;1.5;0.1;2.3;1.8;TECH
Workday (US);2023;7.3;1.6;0.5;2.6;1.9;TECH
Workday (US);2024;8.2;1.8;1.1;2.9;1.9;TECH
Xiaomi Corp;2015;15.9071;0.5048;0.2667;0.7738;1.25;TECH
Xiaomi Corp;2016;16.2905;0.5833;0.3619;0.9167;1.35;TECH
Xiaomi Corp;2017;27.2905;0.7429;1.2905;1.0762;1.52;TECH
Xiaomi Corp;2018;41.6452;1.1548;2.8857;1.3857;1.85;TECH
Xiaomi Corp;2019;49.0071;1.7262;2.6786;1.7905;2.12;TECH
Xiaomi Corp;2020;58.5381;2.4095;3.7667;2.2024;2.45;TECH
Xiaomi Corp;2021;78.169;3.4571;5.3452;3.1238;3.25;TECH
Xiaomi Corp;2022;66.6762;4.4881;3.619;3.8167;3.15;TECH
Xiaomi Corp;2023;64.5167;5.3452;4.7643;4.5524;3.35;TECH
Yonyou Network;2015;1.0595;0.1548;0.0833;0.2024;1.45;TECH
Yonyou Network;2016;1.2167;0.1619;0.1;0.2262;1.55;TECH
Yonyou Network;2017;1.5095;0.1714;0.1381;0.2738;1.65;TECH
Yonyou Network;2018;1.8333;0.1857;0.2024;0.3214;1.75;TECH
Yonyou Network;2019;2.0262;0.1952;0.2667;0.3619;1.85;TECH
Yonyou Network;2020;2.031;0.2024;0.25;0.3929;1.95;TECH
Yonyou Network;2021;2.1262;0.2667;0.2262;0.4881;2.15;TECH
Yonyou Network;2022;2.2048;0.2976;0.1548;0.5833;2.35;TECH
Yonyou Network;2023;2.331;0.3214;0.1071;0.6786;2.55;TECH
iFLYTEK;2015;0.5952;0.1238;0.1071;0.131;0.58;TECH
iFLYTEK;2016;0.7905;0.1548;0.1381;0.169;0.75;TECH
iFLYTEK;2017;1.2952;0.1952;0.1238;0.2738;0.86;TECH
iFLYTEK;2018;1.8857;0.2667;0.1548;0.4214;1.05;TECH
iFLYTEK;2019;2.4;0.3452;0.219;0.5095;1.15;TECH
iFLYTEK;2020;3.1;0.4405;0.3452;0.5762;1.22;TECH
iFLYTEK;2021;4.4952;0.5833;0.4405;0.7;1.45;TECH
iFLYTEK;2022;4.481;0.7429;0.1071;0.7976;1.52;TECH
iFLYTEK;2023;4.6786;0.9167;0.1714;0.9143;1.48;TECH
Accenture;2015;31.0;1.1;4.4;;35.8;SERVICES
Accenture;2016;32.9;1.2;4.8;;39.4;SERVICES
Accenture;2017;34.9;1.3;4.6;;42.5;SERVICES
Accenture;2018;39.6;1.4;5.6;;45.9;SERVICES
Accenture;2019;43.2;1.5;6.3;;49.2;SERVICES
Accenture;2020;44.3;1.6;6.5;;50.6;SERVICES
Accenture;2021;50.5;1.8;7.6;;62.4;SERVICES
Accenture;2022;61.6;2.1;9.4;;72.1;SERVICES
Accenture;2023;64.1;2.2;8.8;;73.3;SERVICES
Accenture;2024;64.9;2.3;9.6;;75.0;SERVICES
Cognizant;2015;12.4;1.0;2.2;;22.2;SERVICES
Cognizant;2016;13.5;1.1;2.3;;26.0;SERVICES
Cognizant;2017;14.8;1.1;2.5;;26.0;SERVICES
Cognizant;2018;16.1;1.2;2.8;;28.2;SERVICES
Cognizant;2019;16.8;1.3;2.5;;29.2;SERVICES
Cognizant;2020;16.7;1.2;2.1;;28.9;SERVICES
Cognizant;2021;18.5;1.3;2.8;;33.0;SERVICES
Cognizant;2022;19.4;1.4;2.9;;35.5;SERVICES
Cognizant;2023;19.4;1.3;2.8;;34.7;SERVICES
Cognizant;2024;19.7;1.3;2.9;;33.6;SERVICES
TCS;2015;15.5;1.3;4.1;;32.0;SERVICES
TCS;2016;16.5;1.4;4.3;;35.3;SERVICES
TCS;2017;17.6;1.4;4.5;;38.7;SERVICES
TCS;2018;19.1;1.5;4.8;;39.5;SERVICES
TCS;2019;20.9;1.6;5.3;;42.0;SERVICES
TCS;2020;22.0;1.6;5.4;;44.8;SERVICES
TCS;2021;22.2;1.7;5.8;;48.8;SERVICES
TCS;2022;25.7;1.8;6.5;;59.2;SERVICES
TCS;2023;27.9;1.8;6.7;;61.5;SERVICES
TCS;2024;29.1;1.9;7.1;;60.1;SERVICES
Infosys;2015;8.7;1.1;2.2;;17.6;SERVICES
Infosys;2016;9.5;1.2;2.4;;19.4;SERVICES
Infosys;2017;10.2;1.3;2.5;;20.0;SERVICES
Infosys;2018;10.9;1.3;2.6;;20.4;SERVICES
Infosys;2019;11.8;1.4;2.7;;22.8;SERVICES
Infosys;2020;12.8;1.5;2.7;;24.2;SERVICES
Infosys;2021;13.6;1.5;3.3;;26.0;SERVICES
Infosys;2022;16.3;1.6;3.8;;31.4;SERVICES
Infosys;2023;18.2;1.7;3.8;;34.3;SERVICES
Infosys;2024;18.6;1.7;3.9;;31.7;SERVICES
Capgemini (EU);2015;12.276;0.4;1.116;;17.8;SERVICES
Capgemini (EU);2016;12.927;0.5;1.302;;19.3;SERVICES
Capgemini (EU);2017;13.392;0.5;1.395;;20.0;SERVICES
Capgemini (EU);2018;14.508;0.6;1.581;;21.1;SERVICES
Capgemini (EU);2019;14.694;0.6;1.581;;21.9;SERVICES
Capgemini (EU);2020;16.833000000000002;0.8;1.581;;27.0;SERVICES
Capgemini (EU);2021;19.995;0.8;2.232;;32.5;SERVICES
Capgemini (EU);2022;21.483000000000004;0.9;2.325;;36.0;SERVICES
Capgemini (EU);2023;22.692;0.9;2.325;;34.0;SERVICES
Capgemini (EU);2024;22.599;0.9;2.325;;33.7;SERVICES
EPAM;2015;0.9;0.1;0.1;;1.8;SERVICES
EPAM;2016;1.2;0.1;0.2;;2.2;SERVICES
EPAM;2017;1.5;0.1;0.2;;2.6;SERVICES
EPAM;2018;1.8;0.2;0.3;;3.0;SERVICES
EPAM;2019;2.3;0.2;0.3;;3.7;SERVICES
EPAM;2020;2.7;0.2;0.4;;4.1;SERVICES
EPAM;2021;3.8;0.2;0.5;;5.9;SERVICES
EPAM;2022;4.8;0.2;0.6;;5.9;SERVICES
EPAM;2023;4.7;0.2;0.7;;5.2;SERVICES
EPAM;2024;4.7;0.2;0.6;;5.3;SERVICES
Leidos;2015;5.1;0.1;0.4;;1.9;SERVICES
Leidos;2016;7.0;0.2;0.5;;3.2;SERVICES
Leidos;2017;10.2;0.3;0.7;;3.1;SERVICES
Leidos;2018;10.2;0.3;0.8;;3.2;SERVICES
Leidos;2019;11.1;0.3;0.9;;3.7;SERVICES
Leidos;2020;12.3;0.4;1.0;;3.7;SERVICES
Leidos;2021;13.7;0.4;1.1;;4.3;SERVICES
Leidos;2022;14.4;0.4;1.1;;4.5;SERVICES
Leidos;2023;15.4;0.4;1.3;;4.7;SERVICES
Leidos;2024;16.7;0.5;1.5;;4.8;SERVICES
Booz Allen;2015;5.3;0.1;0.4;;2.2;SERVICES
Booz Allen;2016;5.4;0.1;0.5;;2.3;SERVICES
Booz Allen;2017;5.8;0.1;0.5;;2.3;SERVICES
Booz Allen;2018;6.2;0.1;0.6;;2.5;SERVICES
Booz Allen;2019;6.7;0.2;0.6;;2.6;SERVICES
Booz Allen;2020;7.5;0.2;0.7;;2.7;SERVICES
Booz Allen;2021;7.9;0.2;0.7;;2.8;SERVICES
Booz Allen;2022;8.4;0.2;0.8;;2.9;SERVICES
Booz Allen;2023;10.7;0.2;1.0;;3.5;SERVICES
Booz Allen;2024;12.0;0.3;1.2;;3.6;SERVICES
Sopra Steria;2015;3.5;0.1;0.2;;3.8;SERVICES
Sopra Steria;2016;4.1;0.1;0.3;;4.0;SERVICES
Sopra Steria;2017;4.3;0.1;0.3;;4.2;SERVICES
Sopra Steria;2018;4.8;0.1;0.4;;4.4;SERVICES
Sopra Steria;2019;4.9;0.1;0.4;;4.6;SERVICES
Sopra Steria;2020;4.9;0.2;0.3;;4.6;SERVICES
Sopra Steria;2021;5.5;0.2;0.4;;4.7;SERVICES
Sopra Steria;2022;5.4;0.2;0.5;;5.0;SERVICES
Sopra Steria;2023;11.4;0.3;0.9;;4.7;SERVICES
Sopra Steria;2024;6.2;0.3;0.6;;5.1;SERVICES
Wipro;2015;7.6;0.7;1.6;;15.8;SERVICES
Wipro;2016;7.7;0.8;1.5;;17.3;SERVICES
Wipro;2017;7.7;0.8;1.4;;16.1;SERVICES
Wipro;2018;8.1;0.8;1.3;;16.3;SERVICES
Wipro;2019;8.5;0.8;1.4;;17.5;SERVICES
Wipro;2020;8.3;0.8;1.4;;18.8;SERVICES
Wipro;2021;8.1;0.8;1.6;;19.8;SERVICES
Wipro;2022;10.4;1.0;1.8;;24.3;SERVICES
Wipro;2023;11.0;1.0;1.8;;24.8;SERVICES
Wipro;2024;10.8;0.9;1.7;;23.4;SERVICES
HCL;2015;6.0;0.6;1.2;;10.6;SERVICES
HCL;2016;6.4;0.6;1.3;;11.1;SERVICES
HCL;2017;7.0;0.7;1.4;;12.0;SERVICES
HCL;2018;7.8;0.7;1.5;;12.8;SERVICES
HCL;2019;8.6;0.8;1.7;;13.8;SERVICES
HCL;2020;9.9;0.9;2.0;;15.0;SERVICES
HCL;2021;10.2;0.9;2.1;;16.9;SERVICES
HCL;2022;11.5;0.9;2.1;;20.9;SERVICES
HCL;2023;13.1;1.0;2.4;;22.5;SERVICES
HCL;2024;13.3;1.0;2.4;;22.7;SERVICES
